           6
  0.9254363960207939  0.9886435995863284  0.0303377488426752
  0.1494442389588376  0.0190468194501799  0.9489206791203304
  0.9141127424774058  0.8773299983442469  0.9503442858907509
  0.0326853630715912  0.9466746401032737  0.9483360230795869
  0.9407328392970615  0.1011276984759961  0.1079269712663658
  0.0465801848801996  0.0615878322752651  0.0296195859179437
           1           1  -1.0745636039792061       -1.0113564004136717       -1.9696622511573247     
           2           2  -1.8505557610411625       -1.9809531805498202       -1.0510793208796696     
           3           3  -1.0858872575225942       -1.1226700016557531       -1.0496557141092491     
           4           4  -1.9673146369284087       -1.0533253598967263       -1.0516639769204130     
           5           5  -1.0592671607029385       -1.8988723015240039       -1.8920730287336343     
           6           6  -1.9534198151198003       -1.9384121677247350       -1.9703804140820562     
           7           1  -1.0745636039792061       -1.0113564004136717      -0.96966225115732485     
           8           2  -1.8505557610411625       -1.9809531805498202       -5.1079320879669599E-002
           9           3  -1.0858872575225942       -1.1226700016557531       -4.9655714109249072E-002
          10           4  -1.9673146369284087       -1.0533253598967263       -5.1663976920413135E-002
          11           5  -1.0592671607029385       -1.8988723015240039      -0.89207302873363425     
          12           6  -1.9534198151198003       -1.9384121677247350      -0.97038041408205633     
          13           1  -1.0745636039792061       -1.0113564004136717        3.0337748842675202E-002
          14           2  -1.8505557610411625       -1.9809531805498202       0.94892067912033040     
          15           3  -1.0858872575225942       -1.1226700016557531       0.95034428589075093     
          16           4  -1.9673146369284087       -1.0533253598967263       0.94833602307958687     
          17           5  -1.0592671607029385       -1.8988723015240039       0.10792697126636580     
          18           6  -1.9534198151198003       -1.9384121677247350        2.9619585917943701E-002
          19           1  -1.0745636039792061       -1.0113564004136717        1.0303377488426753     
          20           2  -1.8505557610411625       -1.9809531805498202        1.9489206791203304     
          21           3  -1.0858872575225942       -1.1226700016557531        1.9503442858907509     
          22           4  -1.9673146369284087       -1.0533253598967263        1.9483360230795870     
          23           5  -1.0592671607029385       -1.8988723015240039        1.1079269712663657     
          24           6  -1.9534198151198003       -1.9384121677247350        1.0296195859179438     
          25           1  -1.0745636039792061       -1.0113564004136717        2.0303377488426753     
          26           2  -1.8505557610411625       -1.9809531805498202        2.9489206791203304     
          27           3  -1.0858872575225942       -1.1226700016557531        2.9503442858907509     
          28           4  -1.9673146369284087       -1.0533253598967263        2.9483360230795870     
          29           5  -1.0592671607029385       -1.8988723015240039        2.1079269712663660     
          30           6  -1.9534198151198003       -1.9384121677247350        2.0296195859179438     
          31           1  -1.0745636039792061       -1.1356400413671586E-002  -1.9696622511573247     
          32           2  -1.8505557610411625      -0.98095318054982006       -1.0510793208796696     
          33           3  -1.0858872575225942      -0.12267000165575315       -1.0496557141092491     
          34           4  -1.9673146369284087       -5.3325359896726265E-002  -1.0516639769204130     
          35           5  -1.0592671607029385      -0.89887230152400388       -1.8920730287336343     
          36           6  -1.9534198151198003      -0.93841216772473490       -1.9703804140820562     
          37           1  -1.0745636039792061       -1.1356400413671586E-002 -0.96966225115732485     
          38           2  -1.8505557610411625      -0.98095318054982006       -5.1079320879669599E-002
          39           3  -1.0858872575225942      -0.12267000165575315       -4.9655714109249072E-002
          40           4  -1.9673146369284087       -5.3325359896726265E-002  -5.1663976920413135E-002
          41           5  -1.0592671607029385      -0.89887230152400388      -0.89207302873363425     
          42           6  -1.9534198151198003      -0.93841216772473490      -0.97038041408205633     
          43           1  -1.0745636039792061       -1.1356400413671586E-002   3.0337748842675202E-002
          44           2  -1.8505557610411625      -0.98095318054982006       0.94892067912033040     
          45           3  -1.0858872575225942      -0.12267000165575315       0.95034428589075093     
          46           4  -1.9673146369284087       -5.3325359896726265E-002  0.94833602307958687     
          47           5  -1.0592671607029385      -0.89887230152400388       0.10792697126636580     
          48           6  -1.9534198151198003      -0.93841216772473490        2.9619585917943701E-002
          49           1  -1.0745636039792061       -1.1356400413671586E-002   1.0303377488426753     
          50           2  -1.8505557610411625      -0.98095318054982006        1.9489206791203304     
          51           3  -1.0858872575225942      -0.12267000165575315        1.9503442858907509     
          52           4  -1.9673146369284087       -5.3325359896726265E-002   1.9483360230795870     
          53           5  -1.0592671607029385      -0.89887230152400388        1.1079269712663657     
          54           6  -1.9534198151198003      -0.93841216772473490        1.0296195859179438     
          55           1  -1.0745636039792061       -1.1356400413671586E-002   2.0303377488426753     
          56           2  -1.8505557610411625      -0.98095318054982006        2.9489206791203304     
          57           3  -1.0858872575225942      -0.12267000165575315        2.9503442858907509     
          58           4  -1.9673146369284087       -5.3325359896726265E-002   2.9483360230795870     
          59           5  -1.0592671607029385      -0.89887230152400388        2.1079269712663660     
          60           6  -1.9534198151198003      -0.93841216772473490        2.0296195859179438     
          61           1  -1.0745636039792061       0.98864359958632841       -1.9696622511573247     
          62           2  -1.8505557610411625        1.9046819450179900E-002  -1.0510793208796696     
          63           3  -1.0858872575225942       0.87732999834424685       -1.0496557141092491     
          64           4  -1.9673146369284087       0.94667464010327373       -1.0516639769204130     
          65           5  -1.0592671607029385       0.10112769847599611       -1.8920730287336343     
          66           6  -1.9534198151198003        6.1587832275265098E-002  -1.9703804140820562     
          67           1  -1.0745636039792061       0.98864359958632841      -0.96966225115732485     
          68           2  -1.8505557610411625        1.9046819450179900E-002  -5.1079320879669599E-002
          69           3  -1.0858872575225942       0.87732999834424685       -4.9655714109249072E-002
          70           4  -1.9673146369284087       0.94667464010327373       -5.1663976920413135E-002
          71           5  -1.0592671607029385       0.10112769847599611      -0.89207302873363425     
          72           6  -1.9534198151198003        6.1587832275265098E-002 -0.97038041408205633     
          73           1  -1.0745636039792061       0.98864359958632841        3.0337748842675202E-002
          74           2  -1.8505557610411625        1.9046819450179900E-002  0.94892067912033040     
          75           3  -1.0858872575225942       0.87732999834424685       0.95034428589075093     
          76           4  -1.9673146369284087       0.94667464010327373       0.94833602307958687     
          77           5  -1.0592671607029385       0.10112769847599611       0.10792697126636580     
          78           6  -1.9534198151198003        6.1587832275265098E-002   2.9619585917943701E-002
          79           1  -1.0745636039792061       0.98864359958632841        1.0303377488426753     
          80           2  -1.8505557610411625        1.9046819450179900E-002   1.9489206791203304     
          81           3  -1.0858872575225942       0.87732999834424685        1.9503442858907509     
          82           4  -1.9673146369284087       0.94667464010327373        1.9483360230795870     
          83           5  -1.0592671607029385       0.10112769847599611        1.1079269712663657     
          84           6  -1.9534198151198003        6.1587832275265098E-002   1.0296195859179438     
          85           1  -1.0745636039792061       0.98864359958632841        2.0303377488426753     
          86           2  -1.8505557610411625        1.9046819450179900E-002   2.9489206791203304     
          87           3  -1.0858872575225942       0.87732999834424685        2.9503442858907509     
          88           4  -1.9673146369284087       0.94667464010327373        2.9483360230795870     
          89           5  -1.0592671607029385       0.10112769847599611        2.1079269712663660     
          90           6  -1.9534198151198003        6.1587832275265098E-002   2.0296195859179438     
          91           1  -1.0745636039792061        1.9886435995863283       -1.9696622511573247     
          92           2  -1.8505557610411625        1.0190468194501798       -1.0510793208796696     
          93           3  -1.0858872575225942        1.8773299983442469       -1.0496557141092491     
          94           4  -1.9673146369284087        1.9466746401032737       -1.0516639769204130     
          95           5  -1.0592671607029385        1.1011276984759961       -1.8920730287336343     
          96           6  -1.9534198151198003        1.0615878322752650       -1.9703804140820562     
          97           1  -1.0745636039792061        1.9886435995863283      -0.96966225115732485     
          98           2  -1.8505557610411625        1.0190468194501798       -5.1079320879669599E-002
          99           3  -1.0858872575225942        1.8773299983442469       -4.9655714109249072E-002
         100           4  -1.9673146369284087        1.9466746401032737       -5.1663976920413135E-002
         101           5  -1.0592671607029385        1.1011276984759961      -0.89207302873363425     
         102           6  -1.9534198151198003        1.0615878322752650      -0.97038041408205633     
         103           1  -1.0745636039792061        1.9886435995863283        3.0337748842675202E-002
         104           2  -1.8505557610411625        1.0190468194501798       0.94892067912033040     
         105           3  -1.0858872575225942        1.8773299983442469       0.95034428589075093     
         106           4  -1.9673146369284087        1.9466746401032737       0.94833602307958687     
         107           5  -1.0592671607029385        1.1011276984759961       0.10792697126636580     
         108           6  -1.9534198151198003        1.0615878322752650        2.9619585917943701E-002
         109           1  -1.0745636039792061        1.9886435995863283        1.0303377488426753     
         110           2  -1.8505557610411625        1.0190468194501798        1.9489206791203304     
         111           3  -1.0858872575225942        1.8773299983442469        1.9503442858907509     
         112           4  -1.9673146369284087        1.9466746401032737        1.9483360230795870     
         113           5  -1.0592671607029385        1.1011276984759961        1.1079269712663657     
         114           6  -1.9534198151198003        1.0615878322752650        1.0296195859179438     
         115           1  -1.0745636039792061        1.9886435995863283        2.0303377488426753     
         116           2  -1.8505557610411625        1.0190468194501798        2.9489206791203304     
         117           3  -1.0858872575225942        1.8773299983442469        2.9503442858907509     
         118           4  -1.9673146369284087        1.9466746401032737        2.9483360230795870     
         119           5  -1.0592671607029385        1.1011276984759961        2.1079269712663660     
         120           6  -1.9534198151198003        1.0615878322752650        2.0296195859179438     
         121           1  -1.0745636039792061        2.9886435995863283       -1.9696622511573247     
         122           2  -1.8505557610411625        2.0190468194501801       -1.0510793208796696     
         123           3  -1.0858872575225942        2.8773299983442469       -1.0496557141092491     
         124           4  -1.9673146369284087        2.9466746401032737       -1.0516639769204130     
         125           5  -1.0592671607029385        2.1011276984759961       -1.8920730287336343     
         126           6  -1.9534198151198003        2.0615878322752650       -1.9703804140820562     
         127           1  -1.0745636039792061        2.9886435995863283      -0.96966225115732485     
         128           2  -1.8505557610411625        2.0190468194501801       -5.1079320879669599E-002
         129           3  -1.0858872575225942        2.8773299983442469       -4.9655714109249072E-002
         130           4  -1.9673146369284087        2.9466746401032737       -5.1663976920413135E-002
         131           5  -1.0592671607029385        2.1011276984759961      -0.89207302873363425     
         132           6  -1.9534198151198003        2.0615878322752650      -0.97038041408205633     
         133           1  -1.0745636039792061        2.9886435995863283        3.0337748842675202E-002
         134           2  -1.8505557610411625        2.0190468194501801       0.94892067912033040     
         135           3  -1.0858872575225942        2.8773299983442469       0.95034428589075093     
         136           4  -1.9673146369284087        2.9466746401032737       0.94833602307958687     
         137           5  -1.0592671607029385        2.1011276984759961       0.10792697126636580     
         138           6  -1.9534198151198003        2.0615878322752650        2.9619585917943701E-002
         139           1  -1.0745636039792061        2.9886435995863283        1.0303377488426753     
         140           2  -1.8505557610411625        2.0190468194501801        1.9489206791203304     
         141           3  -1.0858872575225942        2.8773299983442469        1.9503442858907509     
         142           4  -1.9673146369284087        2.9466746401032737        1.9483360230795870     
         143           5  -1.0592671607029385        2.1011276984759961        1.1079269712663657     
         144           6  -1.9534198151198003        2.0615878322752650        1.0296195859179438     
         145           1  -1.0745636039792061        2.9886435995863283        2.0303377488426753     
         146           2  -1.8505557610411625        2.0190468194501801        2.9489206791203304     
         147           3  -1.0858872575225942        2.8773299983442469        2.9503442858907509     
         148           4  -1.9673146369284087        2.9466746401032737        2.9483360230795870     
         149           5  -1.0592671607029385        2.1011276984759961        2.1079269712663660     
         150           6  -1.9534198151198003        2.0615878322752650        2.0296195859179438     
         151           1  -7.4563603979206139E-002  -1.0113564004136717       -1.9696622511573247     
         152           2 -0.85055576104116237       -1.9809531805498202       -1.0510793208796696     
         153           3  -8.5887257522594185E-002  -1.1226700016557531       -1.0496557141092491     
         154           4 -0.96731463692840880       -1.0533253598967263       -1.0516639769204130     
         155           5  -5.9267160702938471E-002  -1.8988723015240039       -1.8920730287336343     
         156           6 -0.95341981511980045       -1.9384121677247350       -1.9703804140820562     
         157           1  -7.4563603979206139E-002  -1.0113564004136717      -0.96966225115732485     
         158           2 -0.85055576104116237       -1.9809531805498202       -5.1079320879669599E-002
         159           3  -8.5887257522594185E-002  -1.1226700016557531       -4.9655714109249072E-002
         160           4 -0.96731463692840880       -1.0533253598967263       -5.1663976920413135E-002
         161           5  -5.9267160702938471E-002  -1.8988723015240039      -0.89207302873363425     
         162           6 -0.95341981511980045       -1.9384121677247350      -0.97038041408205633     
         163           1  -7.4563603979206139E-002  -1.0113564004136717        3.0337748842675202E-002
         164           2 -0.85055576104116237       -1.9809531805498202       0.94892067912033040     
         165           3  -8.5887257522594185E-002  -1.1226700016557531       0.95034428589075093     
         166           4 -0.96731463692840880       -1.0533253598967263       0.94833602307958687     
         167           5  -5.9267160702938471E-002  -1.8988723015240039       0.10792697126636580     
         168           6 -0.95341981511980045       -1.9384121677247350        2.9619585917943701E-002
         169           1  -7.4563603979206139E-002  -1.0113564004136717        1.0303377488426753     
         170           2 -0.85055576104116237       -1.9809531805498202        1.9489206791203304     
         171           3  -8.5887257522594185E-002  -1.1226700016557531        1.9503442858907509     
         172           4 -0.96731463692840880       -1.0533253598967263        1.9483360230795870     
         173           5  -5.9267160702938471E-002  -1.8988723015240039        1.1079269712663657     
         174           6 -0.95341981511980045       -1.9384121677247350        1.0296195859179438     
         175           1  -7.4563603979206139E-002  -1.0113564004136717        2.0303377488426753     
         176           2 -0.85055576104116237       -1.9809531805498202        2.9489206791203304     
         177           3  -8.5887257522594185E-002  -1.1226700016557531        2.9503442858907509     
         178           4 -0.96731463692840880       -1.0533253598967263        2.9483360230795870     
         179           5  -5.9267160702938471E-002  -1.8988723015240039        2.1079269712663660     
         180           6 -0.95341981511980045       -1.9384121677247350        2.0296195859179438     
         181           1  -7.4563603979206139E-002  -1.1356400413671586E-002  -1.9696622511573247     
         182           2 -0.85055576104116237      -0.98095318054982006       -1.0510793208796696     
         183           3  -8.5887257522594185E-002 -0.12267000165575315       -1.0496557141092491     
         184           4 -0.96731463692840880       -5.3325359896726265E-002  -1.0516639769204130     
         185           5  -5.9267160702938471E-002 -0.89887230152400388       -1.8920730287336343     
         186           6 -0.95341981511980045      -0.93841216772473490       -1.9703804140820562     
         187           1  -7.4563603979206139E-002  -1.1356400413671586E-002 -0.96966225115732485     
         188           2 -0.85055576104116237      -0.98095318054982006       -5.1079320879669599E-002
         189           3  -8.5887257522594185E-002 -0.12267000165575315       -4.9655714109249072E-002
         190           4 -0.96731463692840880       -5.3325359896726265E-002  -5.1663976920413135E-002
         191           5  -5.9267160702938471E-002 -0.89887230152400388      -0.89207302873363425     
         192           6 -0.95341981511980045      -0.93841216772473490      -0.97038041408205633     
         193           1  -7.4563603979206139E-002  -1.1356400413671586E-002   3.0337748842675202E-002
         194           2 -0.85055576104116237      -0.98095318054982006       0.94892067912033040     
         195           3  -8.5887257522594185E-002 -0.12267000165575315       0.95034428589075093     
         196           4 -0.96731463692840880       -5.3325359896726265E-002  0.94833602307958687     
         197           5  -5.9267160702938471E-002 -0.89887230152400388       0.10792697126636580     
         198           6 -0.95341981511980045      -0.93841216772473490        2.9619585917943701E-002
         199           1  -7.4563603979206139E-002  -1.1356400413671586E-002   1.0303377488426753     
         200           2 -0.85055576104116237      -0.98095318054982006        1.9489206791203304     
         201           3  -8.5887257522594185E-002 -0.12267000165575315        1.9503442858907509     
         202           4 -0.96731463692840880       -5.3325359896726265E-002   1.9483360230795870     
         203           5  -5.9267160702938471E-002 -0.89887230152400388        1.1079269712663657     
         204           6 -0.95341981511980045      -0.93841216772473490        1.0296195859179438     
         205           1  -7.4563603979206139E-002  -1.1356400413671586E-002   2.0303377488426753     
         206           2 -0.85055576104116237      -0.98095318054982006        2.9489206791203304     
         207           3  -8.5887257522594185E-002 -0.12267000165575315        2.9503442858907509     
         208           4 -0.96731463692840880       -5.3325359896726265E-002   2.9483360230795870     
         209           5  -5.9267160702938471E-002 -0.89887230152400388        2.1079269712663660     
         210           6 -0.95341981511980045      -0.93841216772473490        2.0296195859179438     
         211           1  -7.4563603979206139E-002  0.98864359958632841       -1.9696622511573247     
         212           2 -0.85055576104116237        1.9046819450179900E-002  -1.0510793208796696     
         213           3  -8.5887257522594185E-002  0.87732999834424685       -1.0496557141092491     
         214           4 -0.96731463692840880       0.94667464010327373       -1.0516639769204130     
         215           5  -5.9267160702938471E-002  0.10112769847599611       -1.8920730287336343     
         216           6 -0.95341981511980045        6.1587832275265098E-002  -1.9703804140820562     
         217           1  -7.4563603979206139E-002  0.98864359958632841      -0.96966225115732485     
         218           2 -0.85055576104116237        1.9046819450179900E-002  -5.1079320879669599E-002
         219           3  -8.5887257522594185E-002  0.87732999834424685       -4.9655714109249072E-002
         220           4 -0.96731463692840880       0.94667464010327373       -5.1663976920413135E-002
         221           5  -5.9267160702938471E-002  0.10112769847599611      -0.89207302873363425     
         222           6 -0.95341981511980045        6.1587832275265098E-002 -0.97038041408205633     
         223           1  -7.4563603979206139E-002  0.98864359958632841        3.0337748842675202E-002
         224           2 -0.85055576104116237        1.9046819450179900E-002  0.94892067912033040     
         225           3  -8.5887257522594185E-002  0.87732999834424685       0.95034428589075093     
         226           4 -0.96731463692840880       0.94667464010327373       0.94833602307958687     
         227           5  -5.9267160702938471E-002  0.10112769847599611       0.10792697126636580     
         228           6 -0.95341981511980045        6.1587832275265098E-002   2.9619585917943701E-002
         229           1  -7.4563603979206139E-002  0.98864359958632841        1.0303377488426753     
         230           2 -0.85055576104116237        1.9046819450179900E-002   1.9489206791203304     
         231           3  -8.5887257522594185E-002  0.87732999834424685        1.9503442858907509     
         232           4 -0.96731463692840880       0.94667464010327373        1.9483360230795870     
         233           5  -5.9267160702938471E-002  0.10112769847599611        1.1079269712663657     
         234           6 -0.95341981511980045        6.1587832275265098E-002   1.0296195859179438     
         235           1  -7.4563603979206139E-002  0.98864359958632841        2.0303377488426753     
         236           2 -0.85055576104116237        1.9046819450179900E-002   2.9489206791203304     
         237           3  -8.5887257522594185E-002  0.87732999834424685        2.9503442858907509     
         238           4 -0.96731463692840880       0.94667464010327373        2.9483360230795870     
         239           5  -5.9267160702938471E-002  0.10112769847599611        2.1079269712663660     
         240           6 -0.95341981511980045        6.1587832275265098E-002   2.0296195859179438     
         241           1  -7.4563603979206139E-002   1.9886435995863283       -1.9696622511573247     
         242           2 -0.85055576104116237        1.0190468194501798       -1.0510793208796696     
         243           3  -8.5887257522594185E-002   1.8773299983442469       -1.0496557141092491     
         244           4 -0.96731463692840880        1.9466746401032737       -1.0516639769204130     
         245           5  -5.9267160702938471E-002   1.1011276984759961       -1.8920730287336343     
         246           6 -0.95341981511980045        1.0615878322752650       -1.9703804140820562     
         247           1  -7.4563603979206139E-002   1.9886435995863283      -0.96966225115732485     
         248           2 -0.85055576104116237        1.0190468194501798       -5.1079320879669599E-002
         249           3  -8.5887257522594185E-002   1.8773299983442469       -4.9655714109249072E-002
         250           4 -0.96731463692840880        1.9466746401032737       -5.1663976920413135E-002
         251           5  -5.9267160702938471E-002   1.1011276984759961      -0.89207302873363425     
         252           6 -0.95341981511980045        1.0615878322752650      -0.97038041408205633     
         253           1  -7.4563603979206139E-002   1.9886435995863283        3.0337748842675202E-002
         254           2 -0.85055576104116237        1.0190468194501798       0.94892067912033040     
         255           3  -8.5887257522594185E-002   1.8773299983442469       0.95034428589075093     
         256           4 -0.96731463692840880        1.9466746401032737       0.94833602307958687     
         257           5  -5.9267160702938471E-002   1.1011276984759961       0.10792697126636580     
         258           6 -0.95341981511980045        1.0615878322752650        2.9619585917943701E-002
         259           1  -7.4563603979206139E-002   1.9886435995863283        1.0303377488426753     
         260           2 -0.85055576104116237        1.0190468194501798        1.9489206791203304     
         261           3  -8.5887257522594185E-002   1.8773299983442469        1.9503442858907509     
         262           4 -0.96731463692840880        1.9466746401032737        1.9483360230795870     
         263           5  -5.9267160702938471E-002   1.1011276984759961        1.1079269712663657     
         264           6 -0.95341981511980045        1.0615878322752650        1.0296195859179438     
         265           1  -7.4563603979206139E-002   1.9886435995863283        2.0303377488426753     
         266           2 -0.85055576104116237        1.0190468194501798        2.9489206791203304     
         267           3  -8.5887257522594185E-002   1.8773299983442469        2.9503442858907509     
         268           4 -0.96731463692840880        1.9466746401032737        2.9483360230795870     
         269           5  -5.9267160702938471E-002   1.1011276984759961        2.1079269712663660     
         270           6 -0.95341981511980045        1.0615878322752650        2.0296195859179438     
         271           1  -7.4563603979206139E-002   2.9886435995863283       -1.9696622511573247     
         272           2 -0.85055576104116237        2.0190468194501801       -1.0510793208796696     
         273           3  -8.5887257522594185E-002   2.8773299983442469       -1.0496557141092491     
         274           4 -0.96731463692840880        2.9466746401032737       -1.0516639769204130     
         275           5  -5.9267160702938471E-002   2.1011276984759961       -1.8920730287336343     
         276           6 -0.95341981511980045        2.0615878322752650       -1.9703804140820562     
         277           1  -7.4563603979206139E-002   2.9886435995863283      -0.96966225115732485     
         278           2 -0.85055576104116237        2.0190468194501801       -5.1079320879669599E-002
         279           3  -8.5887257522594185E-002   2.8773299983442469       -4.9655714109249072E-002
         280           4 -0.96731463692840880        2.9466746401032737       -5.1663976920413135E-002
         281           5  -5.9267160702938471E-002   2.1011276984759961      -0.89207302873363425     
         282           6 -0.95341981511980045        2.0615878322752650      -0.97038041408205633     
         283           1  -7.4563603979206139E-002   2.9886435995863283        3.0337748842675202E-002
         284           2 -0.85055576104116237        2.0190468194501801       0.94892067912033040     
         285           3  -8.5887257522594185E-002   2.8773299983442469       0.95034428589075093     
         286           4 -0.96731463692840880        2.9466746401032737       0.94833602307958687     
         287           5  -5.9267160702938471E-002   2.1011276984759961       0.10792697126636580     
         288           6 -0.95341981511980045        2.0615878322752650        2.9619585917943701E-002
         289           1  -7.4563603979206139E-002   2.9886435995863283        1.0303377488426753     
         290           2 -0.85055576104116237        2.0190468194501801        1.9489206791203304     
         291           3  -8.5887257522594185E-002   2.8773299983442469        1.9503442858907509     
         292           4 -0.96731463692840880        2.9466746401032737        1.9483360230795870     
         293           5  -5.9267160702938471E-002   2.1011276984759961        1.1079269712663657     
         294           6 -0.95341981511980045        2.0615878322752650        1.0296195859179438     
         295           1  -7.4563603979206139E-002   2.9886435995863283        2.0303377488426753     
         296           2 -0.85055576104116237        2.0190468194501801        2.9489206791203304     
         297           3  -8.5887257522594185E-002   2.8773299983442469        2.9503442858907509     
         298           4 -0.96731463692840880        2.9466746401032737        2.9483360230795870     
         299           5  -5.9267160702938471E-002   2.1011276984759961        2.1079269712663660     
         300           6 -0.95341981511980045        2.0615878322752650        2.0296195859179438     
         301           1  0.92543639602079386       -1.0113564004136717       -1.9696622511573247     
         302           2  0.14944423895883760       -1.9809531805498202       -1.0510793208796696     
         303           3  0.91411274247740582       -1.1226700016557531       -1.0496557141092491     
         304           4   3.2685363071591200E-002  -1.0533253598967263       -1.0516639769204130     
         305           5  0.94073283929706153       -1.8988723015240039       -1.8920730287336343     
         306           6   4.6580184880199597E-002  -1.9384121677247350       -1.9703804140820562     
         307           1  0.92543639602079386       -1.0113564004136717      -0.96966225115732485     
         308           2  0.14944423895883760       -1.9809531805498202       -5.1079320879669599E-002
         309           3  0.91411274247740582       -1.1226700016557531       -4.9655714109249072E-002
         310           4   3.2685363071591200E-002  -1.0533253598967263       -5.1663976920413135E-002
         311           5  0.94073283929706153       -1.8988723015240039      -0.89207302873363425     
         312           6   4.6580184880199597E-002  -1.9384121677247350      -0.97038041408205633     
         313           1  0.92543639602079386       -1.0113564004136717        3.0337748842675202E-002
         314           2  0.14944423895883760       -1.9809531805498202       0.94892067912033040     
         315           3  0.91411274247740582       -1.1226700016557531       0.95034428589075093     
         316           4   3.2685363071591200E-002  -1.0533253598967263       0.94833602307958687     
         317           5  0.94073283929706153       -1.8988723015240039       0.10792697126636580     
         318           6   4.6580184880199597E-002  -1.9384121677247350        2.9619585917943701E-002
         319           1  0.92543639602079386       -1.0113564004136717        1.0303377488426753     
         320           2  0.14944423895883760       -1.9809531805498202        1.9489206791203304     
         321           3  0.91411274247740582       -1.1226700016557531        1.9503442858907509     
         322           4   3.2685363071591200E-002  -1.0533253598967263        1.9483360230795870     
         323           5  0.94073283929706153       -1.8988723015240039        1.1079269712663657     
         324           6   4.6580184880199597E-002  -1.9384121677247350        1.0296195859179438     
         325           1  0.92543639602079386       -1.0113564004136717        2.0303377488426753     
         326           2  0.14944423895883760       -1.9809531805498202        2.9489206791203304     
         327           3  0.91411274247740582       -1.1226700016557531        2.9503442858907509     
         328           4   3.2685363071591200E-002  -1.0533253598967263        2.9483360230795870     
         329           5  0.94073283929706153       -1.8988723015240039        2.1079269712663660     
         330           6   4.6580184880199597E-002  -1.9384121677247350        2.0296195859179438     
         331           1  0.92543639602079386       -1.1356400413671586E-002  -1.9696622511573247     
         332           2  0.14944423895883760      -0.98095318054982006       -1.0510793208796696     
         333           3  0.91411274247740582      -0.12267000165575315       -1.0496557141092491     
         334           4   3.2685363071591200E-002  -5.3325359896726265E-002  -1.0516639769204130     
         335           5  0.94073283929706153      -0.89887230152400388       -1.8920730287336343     
         336           6   4.6580184880199597E-002 -0.93841216772473490       -1.9703804140820562     
         337           1  0.92543639602079386       -1.1356400413671586E-002 -0.96966225115732485     
         338           2  0.14944423895883760      -0.98095318054982006       -5.1079320879669599E-002
         339           3  0.91411274247740582      -0.12267000165575315       -4.9655714109249072E-002
         340           4   3.2685363071591200E-002  -5.3325359896726265E-002  -5.1663976920413135E-002
         341           5  0.94073283929706153      -0.89887230152400388      -0.89207302873363425     
         342           6   4.6580184880199597E-002 -0.93841216772473490      -0.97038041408205633     
         343           1  0.92543639602079386       -1.1356400413671586E-002   3.0337748842675202E-002
         344           2  0.14944423895883760      -0.98095318054982006       0.94892067912033040     
         345           3  0.91411274247740582      -0.12267000165575315       0.95034428589075093     
         346           4   3.2685363071591200E-002  -5.3325359896726265E-002  0.94833602307958687     
         347           5  0.94073283929706153      -0.89887230152400388       0.10792697126636580     
         348           6   4.6580184880199597E-002 -0.93841216772473490        2.9619585917943701E-002
         349           1  0.92543639602079386       -1.1356400413671586E-002   1.0303377488426753     
         350           2  0.14944423895883760      -0.98095318054982006        1.9489206791203304     
         351           3  0.91411274247740582      -0.12267000165575315        1.9503442858907509     
         352           4   3.2685363071591200E-002  -5.3325359896726265E-002   1.9483360230795870     
         353           5  0.94073283929706153      -0.89887230152400388        1.1079269712663657     
         354           6   4.6580184880199597E-002 -0.93841216772473490        1.0296195859179438     
         355           1  0.92543639602079386       -1.1356400413671586E-002   2.0303377488426753     
         356           2  0.14944423895883760      -0.98095318054982006        2.9489206791203304     
         357           3  0.91411274247740582      -0.12267000165575315        2.9503442858907509     
         358           4   3.2685363071591200E-002  -5.3325359896726265E-002   2.9483360230795870     
         359           5  0.94073283929706153      -0.89887230152400388        2.1079269712663660     
         360           6   4.6580184880199597E-002 -0.93841216772473490        2.0296195859179438     
         361           1  0.92543639602079386       0.98864359958632841       -1.9696622511573247     
         362           2  0.14944423895883760        1.9046819450179900E-002  -1.0510793208796696     
         363           3  0.91411274247740582       0.87732999834424685       -1.0496557141092491     
         364           4   3.2685363071591200E-002  0.94667464010327373       -1.0516639769204130     
         365           5  0.94073283929706153       0.10112769847599611       -1.8920730287336343     
         366           6   4.6580184880199597E-002   6.1587832275265098E-002  -1.9703804140820562     
         367           1  0.92543639602079386       0.98864359958632841      -0.96966225115732485     
         368           2  0.14944423895883760        1.9046819450179900E-002  -5.1079320879669599E-002
         369           3  0.91411274247740582       0.87732999834424685       -4.9655714109249072E-002
         370           4   3.2685363071591200E-002  0.94667464010327373       -5.1663976920413135E-002
         371           5  0.94073283929706153       0.10112769847599611      -0.89207302873363425     
         372           6   4.6580184880199597E-002   6.1587832275265098E-002 -0.97038041408205633     
         373           1  0.92543639602079386       0.98864359958632841        3.0337748842675202E-002
         374           2  0.14944423895883760        1.9046819450179900E-002  0.94892067912033040     
         375           3  0.91411274247740582       0.87732999834424685       0.95034428589075093     
         376           4   3.2685363071591200E-002  0.94667464010327373       0.94833602307958687     
         377           5  0.94073283929706153       0.10112769847599611       0.10792697126636580     
         378           6   4.6580184880199597E-002   6.1587832275265098E-002   2.9619585917943701E-002
         379           1  0.92543639602079386       0.98864359958632841        1.0303377488426753     
         380           2  0.14944423895883760        1.9046819450179900E-002   1.9489206791203304     
         381           3  0.91411274247740582       0.87732999834424685        1.9503442858907509     
         382           4   3.2685363071591200E-002  0.94667464010327373        1.9483360230795870     
         383           5  0.94073283929706153       0.10112769847599611        1.1079269712663657     
         384           6   4.6580184880199597E-002   6.1587832275265098E-002   1.0296195859179438     
         385           1  0.92543639602079386       0.98864359958632841        2.0303377488426753     
         386           2  0.14944423895883760        1.9046819450179900E-002   2.9489206791203304     
         387           3  0.91411274247740582       0.87732999834424685        2.9503442858907509     
         388           4   3.2685363071591200E-002  0.94667464010327373        2.9483360230795870     
         389           5  0.94073283929706153       0.10112769847599611        2.1079269712663660     
         390           6   4.6580184880199597E-002   6.1587832275265098E-002   2.0296195859179438     
         391           1  0.92543639602079386        1.9886435995863283       -1.9696622511573247     
         392           2  0.14944423895883760        1.0190468194501798       -1.0510793208796696     
         393           3  0.91411274247740582        1.8773299983442469       -1.0496557141092491     
         394           4   3.2685363071591200E-002   1.9466746401032737       -1.0516639769204130     
         395           5  0.94073283929706153        1.1011276984759961       -1.8920730287336343     
         396           6   4.6580184880199597E-002   1.0615878322752650       -1.9703804140820562     
         397           1  0.92543639602079386        1.9886435995863283      -0.96966225115732485     
         398           2  0.14944423895883760        1.0190468194501798       -5.1079320879669599E-002
         399           3  0.91411274247740582        1.8773299983442469       -4.9655714109249072E-002
         400           4   3.2685363071591200E-002   1.9466746401032737       -5.1663976920413135E-002
         401           5  0.94073283929706153        1.1011276984759961      -0.89207302873363425     
         402           6   4.6580184880199597E-002   1.0615878322752650      -0.97038041408205633     
         403           1  0.92543639602079386        1.9886435995863283        3.0337748842675202E-002
         404           2  0.14944423895883760        1.0190468194501798       0.94892067912033040     
         405           3  0.91411274247740582        1.8773299983442469       0.95034428589075093     
         406           4   3.2685363071591200E-002   1.9466746401032737       0.94833602307958687     
         407           5  0.94073283929706153        1.1011276984759961       0.10792697126636580     
         408           6   4.6580184880199597E-002   1.0615878322752650        2.9619585917943701E-002
         409           1  0.92543639602079386        1.9886435995863283        1.0303377488426753     
         410           2  0.14944423895883760        1.0190468194501798        1.9489206791203304     
         411           3  0.91411274247740582        1.8773299983442469        1.9503442858907509     
         412           4   3.2685363071591200E-002   1.9466746401032737        1.9483360230795870     
         413           5  0.94073283929706153        1.1011276984759961        1.1079269712663657     
         414           6   4.6580184880199597E-002   1.0615878322752650        1.0296195859179438     
         415           1  0.92543639602079386        1.9886435995863283        2.0303377488426753     
         416           2  0.14944423895883760        1.0190468194501798        2.9489206791203304     
         417           3  0.91411274247740582        1.8773299983442469        2.9503442858907509     
         418           4   3.2685363071591200E-002   1.9466746401032737        2.9483360230795870     
         419           5  0.94073283929706153        1.1011276984759961        2.1079269712663660     
         420           6   4.6580184880199597E-002   1.0615878322752650        2.0296195859179438     
         421           1  0.92543639602079386        2.9886435995863283       -1.9696622511573247     
         422           2  0.14944423895883760        2.0190468194501801       -1.0510793208796696     
         423           3  0.91411274247740582        2.8773299983442469       -1.0496557141092491     
         424           4   3.2685363071591200E-002   2.9466746401032737       -1.0516639769204130     
         425           5  0.94073283929706153        2.1011276984759961       -1.8920730287336343     
         426           6   4.6580184880199597E-002   2.0615878322752650       -1.9703804140820562     
         427           1  0.92543639602079386        2.9886435995863283      -0.96966225115732485     
         428           2  0.14944423895883760        2.0190468194501801       -5.1079320879669599E-002
         429           3  0.91411274247740582        2.8773299983442469       -4.9655714109249072E-002
         430           4   3.2685363071591200E-002   2.9466746401032737       -5.1663976920413135E-002
         431           5  0.94073283929706153        2.1011276984759961      -0.89207302873363425     
         432           6   4.6580184880199597E-002   2.0615878322752650      -0.97038041408205633     
         433           1  0.92543639602079386        2.9886435995863283        3.0337748842675202E-002
         434           2  0.14944423895883760        2.0190468194501801       0.94892067912033040     
         435           3  0.91411274247740582        2.8773299983442469       0.95034428589075093     
         436           4   3.2685363071591200E-002   2.9466746401032737       0.94833602307958687     
         437           5  0.94073283929706153        2.1011276984759961       0.10792697126636580     
         438           6   4.6580184880199597E-002   2.0615878322752650        2.9619585917943701E-002
         439           1  0.92543639602079386        2.9886435995863283        1.0303377488426753     
         440           2  0.14944423895883760        2.0190468194501801        1.9489206791203304     
         441           3  0.91411274247740582        2.8773299983442469        1.9503442858907509     
         442           4   3.2685363071591200E-002   2.9466746401032737        1.9483360230795870     
         443           5  0.94073283929706153        2.1011276984759961        1.1079269712663657     
         444           6   4.6580184880199597E-002   2.0615878322752650        1.0296195859179438     
         445           1  0.92543639602079386        2.9886435995863283        2.0303377488426753     
         446           2  0.14944423895883760        2.0190468194501801        2.9489206791203304     
         447           3  0.91411274247740582        2.8773299983442469        2.9503442858907509     
         448           4   3.2685363071591200E-002   2.9466746401032737        2.9483360230795870     
         449           5  0.94073283929706153        2.1011276984759961        2.1079269712663660     
         450           6   4.6580184880199597E-002   2.0615878322752650        2.0296195859179438     
         451           1   1.9254363960207939       -1.0113564004136717       -1.9696622511573247     
         452           2   1.1494442389588375       -1.9809531805498202       -1.0510793208796696     
         453           3   1.9141127424774058       -1.1226700016557531       -1.0496557141092491     
         454           4   1.0326853630715913       -1.0533253598967263       -1.0516639769204130     
         455           5   1.9407328392970615       -1.8988723015240039       -1.8920730287336343     
         456           6   1.0465801848801997       -1.9384121677247350       -1.9703804140820562     
         457           1   1.9254363960207939       -1.0113564004136717      -0.96966225115732485     
         458           2   1.1494442389588375       -1.9809531805498202       -5.1079320879669599E-002
         459           3   1.9141127424774058       -1.1226700016557531       -4.9655714109249072E-002
         460           4   1.0326853630715913       -1.0533253598967263       -5.1663976920413135E-002
         461           5   1.9407328392970615       -1.8988723015240039      -0.89207302873363425     
         462           6   1.0465801848801997       -1.9384121677247350      -0.97038041408205633     
         463           1   1.9254363960207939       -1.0113564004136717        3.0337748842675202E-002
         464           2   1.1494442389588375       -1.9809531805498202       0.94892067912033040     
         465           3   1.9141127424774058       -1.1226700016557531       0.95034428589075093     
         466           4   1.0326853630715913       -1.0533253598967263       0.94833602307958687     
         467           5   1.9407328392970615       -1.8988723015240039       0.10792697126636580     
         468           6   1.0465801848801997       -1.9384121677247350        2.9619585917943701E-002
         469           1   1.9254363960207939       -1.0113564004136717        1.0303377488426753     
         470           2   1.1494442389588375       -1.9809531805498202        1.9489206791203304     
         471           3   1.9141127424774058       -1.1226700016557531        1.9503442858907509     
         472           4   1.0326853630715913       -1.0533253598967263        1.9483360230795870     
         473           5   1.9407328392970615       -1.8988723015240039        1.1079269712663657     
         474           6   1.0465801848801997       -1.9384121677247350        1.0296195859179438     
         475           1   1.9254363960207939       -1.0113564004136717        2.0303377488426753     
         476           2   1.1494442389588375       -1.9809531805498202        2.9489206791203304     
         477           3   1.9141127424774058       -1.1226700016557531        2.9503442858907509     
         478           4   1.0326853630715913       -1.0533253598967263        2.9483360230795870     
         479           5   1.9407328392970615       -1.8988723015240039        2.1079269712663660     
         480           6   1.0465801848801997       -1.9384121677247350        2.0296195859179438     
         481           1   1.9254363960207939       -1.1356400413671586E-002  -1.9696622511573247     
         482           2   1.1494442389588375      -0.98095318054982006       -1.0510793208796696     
         483           3   1.9141127424774058      -0.12267000165575315       -1.0496557141092491     
         484           4   1.0326853630715913       -5.3325359896726265E-002  -1.0516639769204130     
         485           5   1.9407328392970615      -0.89887230152400388       -1.8920730287336343     
         486           6   1.0465801848801997      -0.93841216772473490       -1.9703804140820562     
         487           1   1.9254363960207939       -1.1356400413671586E-002 -0.96966225115732485     
         488           2   1.1494442389588375      -0.98095318054982006       -5.1079320879669599E-002
         489           3   1.9141127424774058      -0.12267000165575315       -4.9655714109249072E-002
         490           4   1.0326853630715913       -5.3325359896726265E-002  -5.1663976920413135E-002
         491           5   1.9407328392970615      -0.89887230152400388      -0.89207302873363425     
         492           6   1.0465801848801997      -0.93841216772473490      -0.97038041408205633     
         493           1   1.9254363960207939       -1.1356400413671586E-002   3.0337748842675202E-002
         494           2   1.1494442389588375      -0.98095318054982006       0.94892067912033040     
         495           3   1.9141127424774058      -0.12267000165575315       0.95034428589075093     
         496           4   1.0326853630715913       -5.3325359896726265E-002  0.94833602307958687     
         497           5   1.9407328392970615      -0.89887230152400388       0.10792697126636580     
         498           6   1.0465801848801997      -0.93841216772473490        2.9619585917943701E-002
         499           1   1.9254363960207939       -1.1356400413671586E-002   1.0303377488426753     
         500           2   1.1494442389588375      -0.98095318054982006        1.9489206791203304     
         501           3   1.9141127424774058      -0.12267000165575315        1.9503442858907509     
         502           4   1.0326853630715913       -5.3325359896726265E-002   1.9483360230795870     
         503           5   1.9407328392970615      -0.89887230152400388        1.1079269712663657     
         504           6   1.0465801848801997      -0.93841216772473490        1.0296195859179438     
         505           1   1.9254363960207939       -1.1356400413671586E-002   2.0303377488426753     
         506           2   1.1494442389588375      -0.98095318054982006        2.9489206791203304     
         507           3   1.9141127424774058      -0.12267000165575315        2.9503442858907509     
         508           4   1.0326853630715913       -5.3325359896726265E-002   2.9483360230795870     
         509           5   1.9407328392970615      -0.89887230152400388        2.1079269712663660     
         510           6   1.0465801848801997      -0.93841216772473490        2.0296195859179438     
         511           1   1.9254363960207939       0.98864359958632841       -1.9696622511573247     
         512           2   1.1494442389588375        1.9046819450179900E-002  -1.0510793208796696     
         513           3   1.9141127424774058       0.87732999834424685       -1.0496557141092491     
         514           4   1.0326853630715913       0.94667464010327373       -1.0516639769204130     
         515           5   1.9407328392970615       0.10112769847599611       -1.8920730287336343     
         516           6   1.0465801848801997        6.1587832275265098E-002  -1.9703804140820562     
         517           1   1.9254363960207939       0.98864359958632841      -0.96966225115732485     
         518           2   1.1494442389588375        1.9046819450179900E-002  -5.1079320879669599E-002
         519           3   1.9141127424774058       0.87732999834424685       -4.9655714109249072E-002
         520           4   1.0326853630715913       0.94667464010327373       -5.1663976920413135E-002
         521           5   1.9407328392970615       0.10112769847599611      -0.89207302873363425     
         522           6   1.0465801848801997        6.1587832275265098E-002 -0.97038041408205633     
         523           1   1.9254363960207939       0.98864359958632841        3.0337748842675202E-002
         524           2   1.1494442389588375        1.9046819450179900E-002  0.94892067912033040     
         525           3   1.9141127424774058       0.87732999834424685       0.95034428589075093     
         526           4   1.0326853630715913       0.94667464010327373       0.94833602307958687     
         527           5   1.9407328392970615       0.10112769847599611       0.10792697126636580     
         528           6   1.0465801848801997        6.1587832275265098E-002   2.9619585917943701E-002
         529           1   1.9254363960207939       0.98864359958632841        1.0303377488426753     
         530           2   1.1494442389588375        1.9046819450179900E-002   1.9489206791203304     
         531           3   1.9141127424774058       0.87732999834424685        1.9503442858907509     
         532           4   1.0326853630715913       0.94667464010327373        1.9483360230795870     
         533           5   1.9407328392970615       0.10112769847599611        1.1079269712663657     
         534           6   1.0465801848801997        6.1587832275265098E-002   1.0296195859179438     
         535           1   1.9254363960207939       0.98864359958632841        2.0303377488426753     
         536           2   1.1494442389588375        1.9046819450179900E-002   2.9489206791203304     
         537           3   1.9141127424774058       0.87732999834424685        2.9503442858907509     
         538           4   1.0326853630715913       0.94667464010327373        2.9483360230795870     
         539           5   1.9407328392970615       0.10112769847599611        2.1079269712663660     
         540           6   1.0465801848801997        6.1587832275265098E-002   2.0296195859179438     
         541           1   1.9254363960207939        1.9886435995863283       -1.9696622511573247     
         542           2   1.1494442389588375        1.0190468194501798       -1.0510793208796696     
         543           3   1.9141127424774058        1.8773299983442469       -1.0496557141092491     
         544           4   1.0326853630715913        1.9466746401032737       -1.0516639769204130     
         545           5   1.9407328392970615        1.1011276984759961       -1.8920730287336343     
         546           6   1.0465801848801997        1.0615878322752650       -1.9703804140820562     
         547           1   1.9254363960207939        1.9886435995863283      -0.96966225115732485     
         548           2   1.1494442389588375        1.0190468194501798       -5.1079320879669599E-002
         549           3   1.9141127424774058        1.8773299983442469       -4.9655714109249072E-002
         550           4   1.0326853630715913        1.9466746401032737       -5.1663976920413135E-002
         551           5   1.9407328392970615        1.1011276984759961      -0.89207302873363425     
         552           6   1.0465801848801997        1.0615878322752650      -0.97038041408205633     
         553           1   1.9254363960207939        1.9886435995863283        3.0337748842675202E-002
         554           2   1.1494442389588375        1.0190468194501798       0.94892067912033040     
         555           3   1.9141127424774058        1.8773299983442469       0.95034428589075093     
         556           4   1.0326853630715913        1.9466746401032737       0.94833602307958687     
         557           5   1.9407328392970615        1.1011276984759961       0.10792697126636580     
         558           6   1.0465801848801997        1.0615878322752650        2.9619585917943701E-002
         559           1   1.9254363960207939        1.9886435995863283        1.0303377488426753     
         560           2   1.1494442389588375        1.0190468194501798        1.9489206791203304     
         561           3   1.9141127424774058        1.8773299983442469        1.9503442858907509     
         562           4   1.0326853630715913        1.9466746401032737        1.9483360230795870     
         563           5   1.9407328392970615        1.1011276984759961        1.1079269712663657     
         564           6   1.0465801848801997        1.0615878322752650        1.0296195859179438     
         565           1   1.9254363960207939        1.9886435995863283        2.0303377488426753     
         566           2   1.1494442389588375        1.0190468194501798        2.9489206791203304     
         567           3   1.9141127424774058        1.8773299983442469        2.9503442858907509     
         568           4   1.0326853630715913        1.9466746401032737        2.9483360230795870     
         569           5   1.9407328392970615        1.1011276984759961        2.1079269712663660     
         570           6   1.0465801848801997        1.0615878322752650        2.0296195859179438     
         571           1   1.9254363960207939        2.9886435995863283       -1.9696622511573247     
         572           2   1.1494442389588375        2.0190468194501801       -1.0510793208796696     
         573           3   1.9141127424774058        2.8773299983442469       -1.0496557141092491     
         574           4   1.0326853630715913        2.9466746401032737       -1.0516639769204130     
         575           5   1.9407328392970615        2.1011276984759961       -1.8920730287336343     
         576           6   1.0465801848801997        2.0615878322752650       -1.9703804140820562     
         577           1   1.9254363960207939        2.9886435995863283      -0.96966225115732485     
         578           2   1.1494442389588375        2.0190468194501801       -5.1079320879669599E-002
         579           3   1.9141127424774058        2.8773299983442469       -4.9655714109249072E-002
         580           4   1.0326853630715913        2.9466746401032737       -5.1663976920413135E-002
         581           5   1.9407328392970615        2.1011276984759961      -0.89207302873363425     
         582           6   1.0465801848801997        2.0615878322752650      -0.97038041408205633     
         583           1   1.9254363960207939        2.9886435995863283        3.0337748842675202E-002
         584           2   1.1494442389588375        2.0190468194501801       0.94892067912033040     
         585           3   1.9141127424774058        2.8773299983442469       0.95034428589075093     
         586           4   1.0326853630715913        2.9466746401032737       0.94833602307958687     
         587           5   1.9407328392970615        2.1011276984759961       0.10792697126636580     
         588           6   1.0465801848801997        2.0615878322752650        2.9619585917943701E-002
         589           1   1.9254363960207939        2.9886435995863283        1.0303377488426753     
         590           2   1.1494442389588375        2.0190468194501801        1.9489206791203304     
         591           3   1.9141127424774058        2.8773299983442469        1.9503442858907509     
         592           4   1.0326853630715913        2.9466746401032737        1.9483360230795870     
         593           5   1.9407328392970615        2.1011276984759961        1.1079269712663657     
         594           6   1.0465801848801997        2.0615878322752650        1.0296195859179438     
         595           1   1.9254363960207939        2.9886435995863283        2.0303377488426753     
         596           2   1.1494442389588375        2.0190468194501801        2.9489206791203304     
         597           3   1.9141127424774058        2.8773299983442469        2.9503442858907509     
         598           4   1.0326853630715913        2.9466746401032737        2.9483360230795870     
         599           5   1.9407328392970615        2.1011276984759961        2.1079269712663660     
         600           6   1.0465801848801997        2.0615878322752650        2.0296195859179438     
         601           1   2.9254363960207939       -1.0113564004136717       -1.9696622511573247     
         602           2   2.1494442389588375       -1.9809531805498202       -1.0510793208796696     
         603           3   2.9141127424774060       -1.1226700016557531       -1.0496557141092491     
         604           4   2.0326853630715913       -1.0533253598967263       -1.0516639769204130     
         605           5   2.9407328392970618       -1.8988723015240039       -1.8920730287336343     
         606           6   2.0465801848801997       -1.9384121677247350       -1.9703804140820562     
         607           1   2.9254363960207939       -1.0113564004136717      -0.96966225115732485     
         608           2   2.1494442389588375       -1.9809531805498202       -5.1079320879669599E-002
         609           3   2.9141127424774060       -1.1226700016557531       -4.9655714109249072E-002
         610           4   2.0326853630715913       -1.0533253598967263       -5.1663976920413135E-002
         611           5   2.9407328392970618       -1.8988723015240039      -0.89207302873363425     
         612           6   2.0465801848801997       -1.9384121677247350      -0.97038041408205633     
         613           1   2.9254363960207939       -1.0113564004136717        3.0337748842675202E-002
         614           2   2.1494442389588375       -1.9809531805498202       0.94892067912033040     
         615           3   2.9141127424774060       -1.1226700016557531       0.95034428589075093     
         616           4   2.0326853630715913       -1.0533253598967263       0.94833602307958687     
         617           5   2.9407328392970618       -1.8988723015240039       0.10792697126636580     
         618           6   2.0465801848801997       -1.9384121677247350        2.9619585917943701E-002
         619           1   2.9254363960207939       -1.0113564004136717        1.0303377488426753     
         620           2   2.1494442389588375       -1.9809531805498202        1.9489206791203304     
         621           3   2.9141127424774060       -1.1226700016557531        1.9503442858907509     
         622           4   2.0326853630715913       -1.0533253598967263        1.9483360230795870     
         623           5   2.9407328392970618       -1.8988723015240039        1.1079269712663657     
         624           6   2.0465801848801997       -1.9384121677247350        1.0296195859179438     
         625           1   2.9254363960207939       -1.0113564004136717        2.0303377488426753     
         626           2   2.1494442389588375       -1.9809531805498202        2.9489206791203304     
         627           3   2.9141127424774060       -1.1226700016557531        2.9503442858907509     
         628           4   2.0326853630715913       -1.0533253598967263        2.9483360230795870     
         629           5   2.9407328392970618       -1.8988723015240039        2.1079269712663660     
         630           6   2.0465801848801997       -1.9384121677247350        2.0296195859179438     
         631           1   2.9254363960207939       -1.1356400413671586E-002  -1.9696622511573247     
         632           2   2.1494442389588375      -0.98095318054982006       -1.0510793208796696     
         633           3   2.9141127424774060      -0.12267000165575315       -1.0496557141092491     
         634           4   2.0326853630715913       -5.3325359896726265E-002  -1.0516639769204130     
         635           5   2.9407328392970618      -0.89887230152400388       -1.8920730287336343     
         636           6   2.0465801848801997      -0.93841216772473490       -1.9703804140820562     
         637           1   2.9254363960207939       -1.1356400413671586E-002 -0.96966225115732485     
         638           2   2.1494442389588375      -0.98095318054982006       -5.1079320879669599E-002
         639           3   2.9141127424774060      -0.12267000165575315       -4.9655714109249072E-002
         640           4   2.0326853630715913       -5.3325359896726265E-002  -5.1663976920413135E-002
         641           5   2.9407328392970618      -0.89887230152400388      -0.89207302873363425     
         642           6   2.0465801848801997      -0.93841216772473490      -0.97038041408205633     
         643           1   2.9254363960207939       -1.1356400413671586E-002   3.0337748842675202E-002
         644           2   2.1494442389588375      -0.98095318054982006       0.94892067912033040     
         645           3   2.9141127424774060      -0.12267000165575315       0.95034428589075093     
         646           4   2.0326853630715913       -5.3325359896726265E-002  0.94833602307958687     
         647           5   2.9407328392970618      -0.89887230152400388       0.10792697126636580     
         648           6   2.0465801848801997      -0.93841216772473490        2.9619585917943701E-002
         649           1   2.9254363960207939       -1.1356400413671586E-002   1.0303377488426753     
         650           2   2.1494442389588375      -0.98095318054982006        1.9489206791203304     
         651           3   2.9141127424774060      -0.12267000165575315        1.9503442858907509     
         652           4   2.0326853630715913       -5.3325359896726265E-002   1.9483360230795870     
         653           5   2.9407328392970618      -0.89887230152400388        1.1079269712663657     
         654           6   2.0465801848801997      -0.93841216772473490        1.0296195859179438     
         655           1   2.9254363960207939       -1.1356400413671586E-002   2.0303377488426753     
         656           2   2.1494442389588375      -0.98095318054982006        2.9489206791203304     
         657           3   2.9141127424774060      -0.12267000165575315        2.9503442858907509     
         658           4   2.0326853630715913       -5.3325359896726265E-002   2.9483360230795870     
         659           5   2.9407328392970618      -0.89887230152400388        2.1079269712663660     
         660           6   2.0465801848801997      -0.93841216772473490        2.0296195859179438     
         661           1   2.9254363960207939       0.98864359958632841       -1.9696622511573247     
         662           2   2.1494442389588375        1.9046819450179900E-002  -1.0510793208796696     
         663           3   2.9141127424774060       0.87732999834424685       -1.0496557141092491     
         664           4   2.0326853630715913       0.94667464010327373       -1.0516639769204130     
         665           5   2.9407328392970618       0.10112769847599611       -1.8920730287336343     
         666           6   2.0465801848801997        6.1587832275265098E-002  -1.9703804140820562     
         667           1   2.9254363960207939       0.98864359958632841      -0.96966225115732485     
         668           2   2.1494442389588375        1.9046819450179900E-002  -5.1079320879669599E-002
         669           3   2.9141127424774060       0.87732999834424685       -4.9655714109249072E-002
         670           4   2.0326853630715913       0.94667464010327373       -5.1663976920413135E-002
         671           5   2.9407328392970618       0.10112769847599611      -0.89207302873363425     
         672           6   2.0465801848801997        6.1587832275265098E-002 -0.97038041408205633     
         673           1   2.9254363960207939       0.98864359958632841        3.0337748842675202E-002
         674           2   2.1494442389588375        1.9046819450179900E-002  0.94892067912033040     
         675           3   2.9141127424774060       0.87732999834424685       0.95034428589075093     
         676           4   2.0326853630715913       0.94667464010327373       0.94833602307958687     
         677           5   2.9407328392970618       0.10112769847599611       0.10792697126636580     
         678           6   2.0465801848801997        6.1587832275265098E-002   2.9619585917943701E-002
         679           1   2.9254363960207939       0.98864359958632841        1.0303377488426753     
         680           2   2.1494442389588375        1.9046819450179900E-002   1.9489206791203304     
         681           3   2.9141127424774060       0.87732999834424685        1.9503442858907509     
         682           4   2.0326853630715913       0.94667464010327373        1.9483360230795870     
         683           5   2.9407328392970618       0.10112769847599611        1.1079269712663657     
         684           6   2.0465801848801997        6.1587832275265098E-002   1.0296195859179438     
         685           1   2.9254363960207939       0.98864359958632841        2.0303377488426753     
         686           2   2.1494442389588375        1.9046819450179900E-002   2.9489206791203304     
         687           3   2.9141127424774060       0.87732999834424685        2.9503442858907509     
         688           4   2.0326853630715913       0.94667464010327373        2.9483360230795870     
         689           5   2.9407328392970618       0.10112769847599611        2.1079269712663660     
         690           6   2.0465801848801997        6.1587832275265098E-002   2.0296195859179438     
         691           1   2.9254363960207939        1.9886435995863283       -1.9696622511573247     
         692           2   2.1494442389588375        1.0190468194501798       -1.0510793208796696     
         693           3   2.9141127424774060        1.8773299983442469       -1.0496557141092491     
         694           4   2.0326853630715913        1.9466746401032737       -1.0516639769204130     
         695           5   2.9407328392970618        1.1011276984759961       -1.8920730287336343     
         696           6   2.0465801848801997        1.0615878322752650       -1.9703804140820562     
         697           1   2.9254363960207939        1.9886435995863283      -0.96966225115732485     
         698           2   2.1494442389588375        1.0190468194501798       -5.1079320879669599E-002
         699           3   2.9141127424774060        1.8773299983442469       -4.9655714109249072E-002
         700           4   2.0326853630715913        1.9466746401032737       -5.1663976920413135E-002
         701           5   2.9407328392970618        1.1011276984759961      -0.89207302873363425     
         702           6   2.0465801848801997        1.0615878322752650      -0.97038041408205633     
         703           1   2.9254363960207939        1.9886435995863283        3.0337748842675202E-002
         704           2   2.1494442389588375        1.0190468194501798       0.94892067912033040     
         705           3   2.9141127424774060        1.8773299983442469       0.95034428589075093     
         706           4   2.0326853630715913        1.9466746401032737       0.94833602307958687     
         707           5   2.9407328392970618        1.1011276984759961       0.10792697126636580     
         708           6   2.0465801848801997        1.0615878322752650        2.9619585917943701E-002
         709           1   2.9254363960207939        1.9886435995863283        1.0303377488426753     
         710           2   2.1494442389588375        1.0190468194501798        1.9489206791203304     
         711           3   2.9141127424774060        1.8773299983442469        1.9503442858907509     
         712           4   2.0326853630715913        1.9466746401032737        1.9483360230795870     
         713           5   2.9407328392970618        1.1011276984759961        1.1079269712663657     
         714           6   2.0465801848801997        1.0615878322752650        1.0296195859179438     
         715           1   2.9254363960207939        1.9886435995863283        2.0303377488426753     
         716           2   2.1494442389588375        1.0190468194501798        2.9489206791203304     
         717           3   2.9141127424774060        1.8773299983442469        2.9503442858907509     
         718           4   2.0326853630715913        1.9466746401032737        2.9483360230795870     
         719           5   2.9407328392970618        1.1011276984759961        2.1079269712663660     
         720           6   2.0465801848801997        1.0615878322752650        2.0296195859179438     
         721           1   2.9254363960207939        2.9886435995863283       -1.9696622511573247     
         722           2   2.1494442389588375        2.0190468194501801       -1.0510793208796696     
         723           3   2.9141127424774060        2.8773299983442469       -1.0496557141092491     
         724           4   2.0326853630715913        2.9466746401032737       -1.0516639769204130     
         725           5   2.9407328392970618        2.1011276984759961       -1.8920730287336343     
         726           6   2.0465801848801997        2.0615878322752650       -1.9703804140820562     
         727           1   2.9254363960207939        2.9886435995863283      -0.96966225115732485     
         728           2   2.1494442389588375        2.0190468194501801       -5.1079320879669599E-002
         729           3   2.9141127424774060        2.8773299983442469       -4.9655714109249072E-002
         730           4   2.0326853630715913        2.9466746401032737       -5.1663976920413135E-002
         731           5   2.9407328392970618        2.1011276984759961      -0.89207302873363425     
         732           6   2.0465801848801997        2.0615878322752650      -0.97038041408205633     
         733           1   2.9254363960207939        2.9886435995863283        3.0337748842675202E-002
         734           2   2.1494442389588375        2.0190468194501801       0.94892067912033040     
         735           3   2.9141127424774060        2.8773299983442469       0.95034428589075093     
         736           4   2.0326853630715913        2.9466746401032737       0.94833602307958687     
         737           5   2.9407328392970618        2.1011276984759961       0.10792697126636580     
         738           6   2.0465801848801997        2.0615878322752650        2.9619585917943701E-002
         739           1   2.9254363960207939        2.9886435995863283        1.0303377488426753     
         740           2   2.1494442389588375        2.0190468194501801        1.9489206791203304     
         741           3   2.9141127424774060        2.8773299983442469        1.9503442858907509     
         742           4   2.0326853630715913        2.9466746401032737        1.9483360230795870     
         743           5   2.9407328392970618        2.1011276984759961        1.1079269712663657     
         744           6   2.0465801848801997        2.0615878322752650        1.0296195859179438     
         745           1   2.9254363960207939        2.9886435995863283        2.0303377488426753     
         746           2   2.1494442389588375        2.0190468194501801        2.9489206791203304     
         747           3   2.9141127424774060        2.8773299983442469        2.9503442858907509     
         748           4   2.0326853630715913        2.9466746401032737        2.9483360230795870     
         749           5   2.9407328392970618        2.1011276984759961        2.1079269712663660     
         750           6   2.0465801848801997        2.0615878322752650        2.0296195859179438     
         750
   15.732418732353496        16.806941192967582       0.51574173032547843     
   2.5405520623002391       0.32379593065305828        16.131651545045617     
   15.539916622115898        14.914609971852197        16.155852860142765     
  0.55565117221705040        16.093468881755655        16.121712392352975     
   15.992458268050045        1.7191708740919338        1.8347585115282186     
  0.79186314296339311        1.0469931486795065       0.50353296060504293     
  -18.267581267646506       -17.193058807032418       -33.484258269674520     
  -31.459447937699764       -33.676204069346944       -17.868348454954383     
  -18.460083377884100       -19.085390028147803       -17.844147139857235     
  -33.444348827782946       -17.906531118244345       -17.878287607647021     
  -18.007541731949953       -32.280829125908063       -32.165241488471786     
  -33.208136857036607       -32.953006851320495       -33.496467039394958     
  -18.267581267646506       -17.193058807032418       -16.484258269674523     
  -31.459447937699764       -33.676204069346944      -0.86834845495438318     
  -18.460083377884100       -19.085390028147803      -0.84414713985723422     
  -33.444348827782946       -17.906531118244345      -0.87828760764702329     
  -18.007541731949953       -32.280829125908063       -15.165241488471782     
  -33.208136857036607       -32.953006851320495       -16.496467039394958     
  -18.267581267646506       -17.193058807032418       0.51574173032547843     
  -31.459447937699764       -33.676204069346944        16.131651545045617     
  -18.460083377884100       -19.085390028147803        16.155852860142765     
  -33.444348827782946       -17.906531118244345        16.121712392352975     
  -18.007541731949953       -32.280829125908063        1.8347585115282186     
  -33.208136857036607       -32.953006851320495       0.50353296060504293     
  -18.267581267646506       -17.193058807032418        17.515741730325480     
  -31.459447937699764       -33.676204069346944        33.131651545045614     
  -18.460083377884100       -19.085390028147803        33.155852860142765     
  -33.444348827782946       -17.906531118244345        33.121712392352975     
  -18.007541731949953       -32.280829125908063        18.834758511528218     
  -33.208136857036607       -32.953006851320495        17.503532960605042     
  -18.267581267646506       -17.193058807032418        34.515741730325480     
  -31.459447937699764       -33.676204069346944        50.131651545045614     
  -18.460083377884100       -19.085390028147803        50.155852860142765     
  -33.444348827782946       -17.906531118244345        50.121712392352975     
  -18.007541731949953       -32.280829125908063        35.834758511528221     
  -33.208136857036607       -32.953006851320495        34.503532960605042     
  -18.267581267646506      -0.19305880703241696       -33.484258269674520     
  -31.459447937699764       -16.676204069346941       -17.868348454954383     
  -18.460083377884100       -2.0853900281478035       -17.844147139857235     
  -33.444348827782946      -0.90653111824434651       -17.878287607647021     
  -18.007541731949953       -15.280829125908067       -32.165241488471786     
  -33.208136857036607       -15.953006851320493       -33.496467039394958     
  -18.267581267646506      -0.19305880703241696       -16.484258269674523     
  -31.459447937699764       -16.676204069346941      -0.86834845495438318     
  -18.460083377884100       -2.0853900281478035      -0.84414713985723422     
  -33.444348827782946      -0.90653111824434651      -0.87828760764702329     
  -18.007541731949953       -15.280829125908067       -15.165241488471782     
  -33.208136857036607       -15.953006851320493       -16.496467039394958     
  -18.267581267646506      -0.19305880703241696       0.51574173032547843     
  -31.459447937699764       -16.676204069346941        16.131651545045617     
  -18.460083377884100       -2.0853900281478035        16.155852860142765     
  -33.444348827782946      -0.90653111824434651        16.121712392352975     
  -18.007541731949953       -15.280829125908067        1.8347585115282186     
  -33.208136857036607       -15.953006851320493       0.50353296060504293     
  -18.267581267646506      -0.19305880703241696        17.515741730325480     
  -31.459447937699764       -16.676204069346941        33.131651545045614     
  -18.460083377884100       -2.0853900281478035        33.155852860142765     
  -33.444348827782946      -0.90653111824434651        33.121712392352975     
  -18.007541731949953       -15.280829125908067        18.834758511528218     
  -33.208136857036607       -15.953006851320493        17.503532960605042     
  -18.267581267646506      -0.19305880703241696        34.515741730325480     
  -31.459447937699764       -16.676204069346941        50.131651545045614     
  -18.460083377884100       -2.0853900281478035        50.155852860142765     
  -33.444348827782946      -0.90653111824434651        50.121712392352975     
  -18.007541731949953       -15.280829125908067        35.834758511528221     
  -33.208136857036607       -15.953006851320493        34.503532960605042     
  -18.267581267646506        16.806941192967582       -33.484258269674520     
  -31.459447937699764       0.32379593065305828       -17.868348454954383     
  -18.460083377884100        14.914609971852197       -17.844147139857235     
  -33.444348827782946        16.093468881755655       -17.878287607647021     
  -18.007541731949953        1.7191708740919338       -32.165241488471786     
  -33.208136857036607        1.0469931486795065       -33.496467039394958     
  -18.267581267646506        16.806941192967582       -16.484258269674523     
  -31.459447937699764       0.32379593065305828      -0.86834845495438318     
  -18.460083377884100        14.914609971852197      -0.84414713985723422     
  -33.444348827782946        16.093468881755655      -0.87828760764702329     
  -18.007541731949953        1.7191708740919338       -15.165241488471782     
  -33.208136857036607        1.0469931486795065       -16.496467039394958     
  -18.267581267646506        16.806941192967582       0.51574173032547843     
  -31.459447937699764       0.32379593065305828        16.131651545045617     
  -18.460083377884100        14.914609971852197        16.155852860142765     
  -33.444348827782946        16.093468881755655        16.121712392352975     
  -18.007541731949953        1.7191708740919338        1.8347585115282186     
  -33.208136857036607        1.0469931486795065       0.50353296060504293     
  -18.267581267646506        16.806941192967582        17.515741730325480     
  -31.459447937699764       0.32379593065305828        33.131651545045614     
  -18.460083377884100        14.914609971852197        33.155852860142765     
  -33.444348827782946        16.093468881755655        33.121712392352975     
  -18.007541731949953        1.7191708740919338        18.834758511528218     
  -33.208136857036607        1.0469931486795065        17.503532960605042     
  -18.267581267646506        16.806941192967582        34.515741730325480     
  -31.459447937699764       0.32379593065305828        50.131651545045614     
  -18.460083377884100        14.914609971852197        50.155852860142765     
  -33.444348827782946        16.093468881755655        50.121712392352975     
  -18.007541731949953        1.7191708740919338        35.834758511528221     
  -33.208136857036607        1.0469931486795065        34.503532960605042     
  -18.267581267646506        33.806941192967578       -33.484258269674520     
  -31.459447937699764        17.323795930653056       -17.868348454954383     
  -18.460083377884100        31.914609971852197       -17.844147139857235     
  -33.444348827782946        33.093468881755655       -17.878287607647021     
  -18.007541731949953        18.719170874091933       -32.165241488471786     
  -33.208136857036607        18.046993148679505       -33.496467039394958     
  -18.267581267646506        33.806941192967578       -16.484258269674523     
  -31.459447937699764        17.323795930653056      -0.86834845495438318     
  -18.460083377884100        31.914609971852197      -0.84414713985723422     
  -33.444348827782946        33.093468881755655      -0.87828760764702329     
  -18.007541731949953        18.719170874091933       -15.165241488471782     
  -33.208136857036607        18.046993148679505       -16.496467039394958     
  -18.267581267646506        33.806941192967578       0.51574173032547843     
  -31.459447937699764        17.323795930653056        16.131651545045617     
  -18.460083377884100        31.914609971852197        16.155852860142765     
  -33.444348827782946        33.093468881755655        16.121712392352975     
  -18.007541731949953        18.719170874091933        1.8347585115282186     
  -33.208136857036607        18.046993148679505       0.50353296060504293     
  -18.267581267646506        33.806941192967578        17.515741730325480     
  -31.459447937699764        17.323795930653056        33.131651545045614     
  -18.460083377884100        31.914609971852197        33.155852860142765     
  -33.444348827782946        33.093468881755655        33.121712392352975     
  -18.007541731949953        18.719170874091933        18.834758511528218     
  -33.208136857036607        18.046993148679505        17.503532960605042     
  -18.267581267646506        33.806941192967578        34.515741730325480     
  -31.459447937699764        17.323795930653056        50.131651545045614     
  -18.460083377884100        31.914609971852197        50.155852860142765     
  -33.444348827782946        33.093468881755655        50.121712392352975     
  -18.007541731949953        18.719170874091933        35.834758511528221     
  -33.208136857036607        18.046993148679505        34.503532960605042     
  -18.267581267646506        50.806941192967578       -33.484258269674520     
  -31.459447937699764        34.323795930653063       -17.868348454954383     
  -18.460083377884100        48.914609971852194       -17.844147139857235     
  -33.444348827782946        50.093468881755655       -17.878287607647021     
  -18.007541731949953        35.719170874091937       -32.165241488471786     
  -33.208136857036607        35.046993148679505       -33.496467039394958     
  -18.267581267646506        50.806941192967578       -16.484258269674523     
  -31.459447937699764        34.323795930653063      -0.86834845495438318     
  -18.460083377884100        48.914609971852194      -0.84414713985723422     
  -33.444348827782946        50.093468881755655      -0.87828760764702329     
  -18.007541731949953        35.719170874091937       -15.165241488471782     
  -33.208136857036607        35.046993148679505       -16.496467039394958     
  -18.267581267646506        50.806941192967578       0.51574173032547843     
  -31.459447937699764        34.323795930653063        16.131651545045617     
  -18.460083377884100        48.914609971852194        16.155852860142765     
  -33.444348827782946        50.093468881755655        16.121712392352975     
  -18.007541731949953        35.719170874091937        1.8347585115282186     
  -33.208136857036607        35.046993148679505       0.50353296060504293     
  -18.267581267646506        50.806941192967578        17.515741730325480     
  -31.459447937699764        34.323795930653063        33.131651545045614     
  -18.460083377884100        48.914609971852194        33.155852860142765     
  -33.444348827782946        50.093468881755655        33.121712392352975     
  -18.007541731949953        35.719170874091937        18.834758511528218     
  -33.208136857036607        35.046993148679505        17.503532960605042     
  -18.267581267646506        50.806941192967578        34.515741730325480     
  -31.459447937699764        34.323795930653063        50.131651545045614     
  -18.460083377884100        48.914609971852194        50.155852860142765     
  -33.444348827782946        50.093468881755655        50.121712392352975     
  -18.007541731949953        35.719170874091937        35.834758511528221     
  -33.208136857036607        35.046993148679505        34.503532960605042     
  -1.2675812676465044       -17.193058807032418       -33.484258269674520     
  -14.459447937699760       -33.676204069346944       -17.868348454954383     
  -1.4600833778841011       -19.085390028147803       -17.844147139857235     
  -16.444348827782949       -17.906531118244345       -17.878287607647021     
  -1.0075417319499540       -32.280829125908063       -32.165241488471786     
  -16.208136857036607       -32.953006851320495       -33.496467039394958     
  -1.2675812676465044       -17.193058807032418       -16.484258269674523     
  -14.459447937699760       -33.676204069346944      -0.86834845495438318     
  -1.4600833778841011       -19.085390028147803      -0.84414713985723422     
  -16.444348827782949       -17.906531118244345      -0.87828760764702329     
  -1.0075417319499540       -32.280829125908063       -15.165241488471782     
  -16.208136857036607       -32.953006851320495       -16.496467039394958     
  -1.2675812676465044       -17.193058807032418       0.51574173032547843     
  -14.459447937699760       -33.676204069346944        16.131651545045617     
  -1.4600833778841011       -19.085390028147803        16.155852860142765     
  -16.444348827782949       -17.906531118244345        16.121712392352975     
  -1.0075417319499540       -32.280829125908063        1.8347585115282186     
  -16.208136857036607       -32.953006851320495       0.50353296060504293     
  -1.2675812676465044       -17.193058807032418        17.515741730325480     
  -14.459447937699760       -33.676204069346944        33.131651545045614     
  -1.4600833778841011       -19.085390028147803        33.155852860142765     
  -16.444348827782949       -17.906531118244345        33.121712392352975     
  -1.0075417319499540       -32.280829125908063        18.834758511528218     
  -16.208136857036607       -32.953006851320495        17.503532960605042     
  -1.2675812676465044       -17.193058807032418        34.515741730325480     
  -14.459447937699760       -33.676204069346944        50.131651545045614     
  -1.4600833778841011       -19.085390028147803        50.155852860142765     
  -16.444348827782949       -17.906531118244345        50.121712392352975     
  -1.0075417319499540       -32.280829125908063        35.834758511528221     
  -16.208136857036607       -32.953006851320495        34.503532960605042     
  -1.2675812676465044      -0.19305880703241696       -33.484258269674520     
  -14.459447937699760       -16.676204069346941       -17.868348454954383     
  -1.4600833778841011       -2.0853900281478035       -17.844147139857235     
  -16.444348827782949      -0.90653111824434651       -17.878287607647021     
  -1.0075417319499540       -15.280829125908067       -32.165241488471786     
  -16.208136857036607       -15.953006851320493       -33.496467039394958     
  -1.2675812676465044      -0.19305880703241696       -16.484258269674523     
  -14.459447937699760       -16.676204069346941      -0.86834845495438318     
  -1.4600833778841011       -2.0853900281478035      -0.84414713985723422     
  -16.444348827782949      -0.90653111824434651      -0.87828760764702329     
  -1.0075417319499540       -15.280829125908067       -15.165241488471782     
  -16.208136857036607       -15.953006851320493       -16.496467039394958     
  -1.2675812676465044      -0.19305880703241696       0.51574173032547843     
  -14.459447937699760       -16.676204069346941        16.131651545045617     
  -1.4600833778841011       -2.0853900281478035        16.155852860142765     
  -16.444348827782949      -0.90653111824434651        16.121712392352975     
  -1.0075417319499540       -15.280829125908067        1.8347585115282186     
  -16.208136857036607       -15.953006851320493       0.50353296060504293     
  -1.2675812676465044      -0.19305880703241696        17.515741730325480     
  -14.459447937699760       -16.676204069346941        33.131651545045614     
  -1.4600833778841011       -2.0853900281478035        33.155852860142765     
  -16.444348827782949      -0.90653111824434651        33.121712392352975     
  -1.0075417319499540       -15.280829125908067        18.834758511528218     
  -16.208136857036607       -15.953006851320493        17.503532960605042     
  -1.2675812676465044      -0.19305880703241696        34.515741730325480     
  -14.459447937699760       -16.676204069346941        50.131651545045614     
  -1.4600833778841011       -2.0853900281478035        50.155852860142765     
  -16.444348827782949      -0.90653111824434651        50.121712392352975     
  -1.0075417319499540       -15.280829125908067        35.834758511528221     
  -16.208136857036607       -15.953006851320493        34.503532960605042     
  -1.2675812676465044        16.806941192967582       -33.484258269674520     
  -14.459447937699760       0.32379593065305828       -17.868348454954383     
  -1.4600833778841011        14.914609971852197       -17.844147139857235     
  -16.444348827782949        16.093468881755655       -17.878287607647021     
  -1.0075417319499540        1.7191708740919338       -32.165241488471786     
  -16.208136857036607        1.0469931486795065       -33.496467039394958     
  -1.2675812676465044        16.806941192967582       -16.484258269674523     
  -14.459447937699760       0.32379593065305828      -0.86834845495438318     
  -1.4600833778841011        14.914609971852197      -0.84414713985723422     
  -16.444348827782949        16.093468881755655      -0.87828760764702329     
  -1.0075417319499540        1.7191708740919338       -15.165241488471782     
  -16.208136857036607        1.0469931486795065       -16.496467039394958     
  -1.2675812676465044        16.806941192967582       0.51574173032547843     
  -14.459447937699760       0.32379593065305828        16.131651545045617     
  -1.4600833778841011        14.914609971852197        16.155852860142765     
  -16.444348827782949        16.093468881755655        16.121712392352975     
  -1.0075417319499540        1.7191708740919338        1.8347585115282186     
  -16.208136857036607        1.0469931486795065       0.50353296060504293     
  -1.2675812676465044        16.806941192967582        17.515741730325480     
  -14.459447937699760       0.32379593065305828        33.131651545045614     
  -1.4600833778841011        14.914609971852197        33.155852860142765     
  -16.444348827782949        16.093468881755655        33.121712392352975     
  -1.0075417319499540        1.7191708740919338        18.834758511528218     
  -16.208136857036607        1.0469931486795065        17.503532960605042     
  -1.2675812676465044        16.806941192967582        34.515741730325480     
  -14.459447937699760       0.32379593065305828        50.131651545045614     
  -1.4600833778841011        14.914609971852197        50.155852860142765     
  -16.444348827782949        16.093468881755655        50.121712392352975     
  -1.0075417319499540        1.7191708740919338        35.834758511528221     
  -16.208136857036607        1.0469931486795065        34.503532960605042     
  -1.2675812676465044        33.806941192967578       -33.484258269674520     
  -14.459447937699760        17.323795930653056       -17.868348454954383     
  -1.4600833778841011        31.914609971852197       -17.844147139857235     
  -16.444348827782949        33.093468881755655       -17.878287607647021     
  -1.0075417319499540        18.719170874091933       -32.165241488471786     
  -16.208136857036607        18.046993148679505       -33.496467039394958     
  -1.2675812676465044        33.806941192967578       -16.484258269674523     
  -14.459447937699760        17.323795930653056      -0.86834845495438318     
  -1.4600833778841011        31.914609971852197      -0.84414713985723422     
  -16.444348827782949        33.093468881755655      -0.87828760764702329     
  -1.0075417319499540        18.719170874091933       -15.165241488471782     
  -16.208136857036607        18.046993148679505       -16.496467039394958     
  -1.2675812676465044        33.806941192967578       0.51574173032547843     
  -14.459447937699760        17.323795930653056        16.131651545045617     
  -1.4600833778841011        31.914609971852197        16.155852860142765     
  -16.444348827782949        33.093468881755655        16.121712392352975     
  -1.0075417319499540        18.719170874091933        1.8347585115282186     
  -16.208136857036607        18.046993148679505       0.50353296060504293     
  -1.2675812676465044        33.806941192967578        17.515741730325480     
  -14.459447937699760        17.323795930653056        33.131651545045614     
  -1.4600833778841011        31.914609971852197        33.155852860142765     
  -16.444348827782949        33.093468881755655        33.121712392352975     
  -1.0075417319499540        18.719170874091933        18.834758511528218     
  -16.208136857036607        18.046993148679505        17.503532960605042     
  -1.2675812676465044        33.806941192967578        34.515741730325480     
  -14.459447937699760        17.323795930653056        50.131651545045614     
  -1.4600833778841011        31.914609971852197        50.155852860142765     
  -16.444348827782949        33.093468881755655        50.121712392352975     
  -1.0075417319499540        18.719170874091933        35.834758511528221     
  -16.208136857036607        18.046993148679505        34.503532960605042     
  -1.2675812676465044        50.806941192967578       -33.484258269674520     
  -14.459447937699760        34.323795930653063       -17.868348454954383     
  -1.4600833778841011        48.914609971852194       -17.844147139857235     
  -16.444348827782949        50.093468881755655       -17.878287607647021     
  -1.0075417319499540        35.719170874091937       -32.165241488471786     
  -16.208136857036607        35.046993148679505       -33.496467039394958     
  -1.2675812676465044        50.806941192967578       -16.484258269674523     
  -14.459447937699760        34.323795930653063      -0.86834845495438318     
  -1.4600833778841011        48.914609971852194      -0.84414713985723422     
  -16.444348827782949        50.093468881755655      -0.87828760764702329     
  -1.0075417319499540        35.719170874091937       -15.165241488471782     
  -16.208136857036607        35.046993148679505       -16.496467039394958     
  -1.2675812676465044        50.806941192967578       0.51574173032547843     
  -14.459447937699760        34.323795930653063        16.131651545045617     
  -1.4600833778841011        48.914609971852194        16.155852860142765     
  -16.444348827782949        50.093468881755655        16.121712392352975     
  -1.0075417319499540        35.719170874091937        1.8347585115282186     
  -16.208136857036607        35.046993148679505       0.50353296060504293     
  -1.2675812676465044        50.806941192967578        17.515741730325480     
  -14.459447937699760        34.323795930653063        33.131651545045614     
  -1.4600833778841011        48.914609971852194        33.155852860142765     
  -16.444348827782949        50.093468881755655        33.121712392352975     
  -1.0075417319499540        35.719170874091937        18.834758511528218     
  -16.208136857036607        35.046993148679505        17.503532960605042     
  -1.2675812676465044        50.806941192967578        34.515741730325480     
  -14.459447937699760        34.323795930653063        50.131651545045614     
  -1.4600833778841011        48.914609971852194        50.155852860142765     
  -16.444348827782949        50.093468881755655        50.121712392352975     
  -1.0075417319499540        35.719170874091937        35.834758511528221     
  -16.208136857036607        35.046993148679505        34.503532960605042     
   15.732418732353496       -17.193058807032418       -33.484258269674520     
   2.5405520623002391       -33.676204069346944       -17.868348454954383     
   15.539916622115898       -19.085390028147803       -17.844147139857235     
  0.55565117221705040       -17.906531118244345       -17.878287607647021     
   15.992458268050045       -32.280829125908063       -32.165241488471786     
  0.79186314296339311       -32.953006851320495       -33.496467039394958     
   15.732418732353496       -17.193058807032418       -16.484258269674523     
   2.5405520623002391       -33.676204069346944      -0.86834845495438318     
   15.539916622115898       -19.085390028147803      -0.84414713985723422     
  0.55565117221705040       -17.906531118244345      -0.87828760764702329     
   15.992458268050045       -32.280829125908063       -15.165241488471782     
  0.79186314296339311       -32.953006851320495       -16.496467039394958     
   15.732418732353496       -17.193058807032418       0.51574173032547843     
   2.5405520623002391       -33.676204069346944        16.131651545045617     
   15.539916622115898       -19.085390028147803        16.155852860142765     
  0.55565117221705040       -17.906531118244345        16.121712392352975     
   15.992458268050045       -32.280829125908063        1.8347585115282186     
  0.79186314296339311       -32.953006851320495       0.50353296060504293     
   15.732418732353496       -17.193058807032418        17.515741730325480     
   2.5405520623002391       -33.676204069346944        33.131651545045614     
   15.539916622115898       -19.085390028147803        33.155852860142765     
  0.55565117221705040       -17.906531118244345        33.121712392352975     
   15.992458268050045       -32.280829125908063        18.834758511528218     
  0.79186314296339311       -32.953006851320495        17.503532960605042     
   15.732418732353496       -17.193058807032418        34.515741730325480     
   2.5405520623002391       -33.676204069346944        50.131651545045614     
   15.539916622115898       -19.085390028147803        50.155852860142765     
  0.55565117221705040       -17.906531118244345        50.121712392352975     
   15.992458268050045       -32.280829125908063        35.834758511528221     
  0.79186314296339311       -32.953006851320495        34.503532960605042     
   15.732418732353496      -0.19305880703241696       -33.484258269674520     
   2.5405520623002391       -16.676204069346941       -17.868348454954383     
   15.539916622115898       -2.0853900281478035       -17.844147139857235     
  0.55565117221705040      -0.90653111824434651       -17.878287607647021     
   15.992458268050045       -15.280829125908067       -32.165241488471786     
  0.79186314296339311       -15.953006851320493       -33.496467039394958     
   15.732418732353496      -0.19305880703241696       -16.484258269674523     
   2.5405520623002391       -16.676204069346941      -0.86834845495438318     
   15.539916622115898       -2.0853900281478035      -0.84414713985723422     
  0.55565117221705040      -0.90653111824434651      -0.87828760764702329     
   15.992458268050045       -15.280829125908067       -15.165241488471782     
  0.79186314296339311       -15.953006851320493       -16.496467039394958     
   15.732418732353496      -0.19305880703241696       0.51574173032547843     
   2.5405520623002391       -16.676204069346941        16.131651545045617     
   15.539916622115898       -2.0853900281478035        16.155852860142765     
  0.55565117221705040      -0.90653111824434651        16.121712392352975     
   15.992458268050045       -15.280829125908067        1.8347585115282186     
  0.79186314296339311       -15.953006851320493       0.50353296060504293     
   15.732418732353496      -0.19305880703241696        17.515741730325480     
   2.5405520623002391       -16.676204069346941        33.131651545045614     
   15.539916622115898       -2.0853900281478035        33.155852860142765     
  0.55565117221705040      -0.90653111824434651        33.121712392352975     
   15.992458268050045       -15.280829125908067        18.834758511528218     
  0.79186314296339311       -15.953006851320493        17.503532960605042     
   15.732418732353496      -0.19305880703241696        34.515741730325480     
   2.5405520623002391       -16.676204069346941        50.131651545045614     
   15.539916622115898       -2.0853900281478035        50.155852860142765     
  0.55565117221705040      -0.90653111824434651        50.121712392352975     
   15.992458268050045       -15.280829125908067        35.834758511528221     
  0.79186314296339311       -15.953006851320493        34.503532960605042     
   15.732418732353496        16.806941192967582       -33.484258269674520     
   2.5405520623002391       0.32379593065305828       -17.868348454954383     
   15.539916622115898        14.914609971852197       -17.844147139857235     
  0.55565117221705040        16.093468881755655       -17.878287607647021     
   15.992458268050045        1.7191708740919338       -32.165241488471786     
  0.79186314296339311        1.0469931486795065       -33.496467039394958     
   15.732418732353496        16.806941192967582       -16.484258269674523     
   2.5405520623002391       0.32379593065305828      -0.86834845495438318     
   15.539916622115898        14.914609971852197      -0.84414713985723422     
  0.55565117221705040        16.093468881755655      -0.87828760764702329     
   15.992458268050045        1.7191708740919338       -15.165241488471782     
  0.79186314296339311        1.0469931486795065       -16.496467039394958     
   15.732418732353496        16.806941192967582       0.51574173032547843     
   2.5405520623002391       0.32379593065305828        16.131651545045617     
   15.539916622115898        14.914609971852197        16.155852860142765     
  0.55565117221705040        16.093468881755655        16.121712392352975     
   15.992458268050045        1.7191708740919338        1.8347585115282186     
  0.79186314296339311        1.0469931486795065       0.50353296060504293     
   15.732418732353496        16.806941192967582        17.515741730325480     
   2.5405520623002391       0.32379593065305828        33.131651545045614     
   15.539916622115898        14.914609971852197        33.155852860142765     
  0.55565117221705040        16.093468881755655        33.121712392352975     
   15.992458268050045        1.7191708740919338        18.834758511528218     
  0.79186314296339311        1.0469931486795065        17.503532960605042     
   15.732418732353496        16.806941192967582        34.515741730325480     
   2.5405520623002391       0.32379593065305828        50.131651545045614     
   15.539916622115898        14.914609971852197        50.155852860142765     
  0.55565117221705040        16.093468881755655        50.121712392352975     
   15.992458268050045        1.7191708740919338        35.834758511528221     
  0.79186314296339311        1.0469931486795065        34.503532960605042     
   15.732418732353496        33.806941192967578       -33.484258269674520     
   2.5405520623002391        17.323795930653056       -17.868348454954383     
   15.539916622115898        31.914609971852197       -17.844147139857235     
  0.55565117221705040        33.093468881755655       -17.878287607647021     
   15.992458268050045        18.719170874091933       -32.165241488471786     
  0.79186314296339311        18.046993148679505       -33.496467039394958     
   15.732418732353496        33.806941192967578       -16.484258269674523     
   2.5405520623002391        17.323795930653056      -0.86834845495438318     
   15.539916622115898        31.914609971852197      -0.84414713985723422     
  0.55565117221705040        33.093468881755655      -0.87828760764702329     
   15.992458268050045        18.719170874091933       -15.165241488471782     
  0.79186314296339311        18.046993148679505       -16.496467039394958     
   15.732418732353496        33.806941192967578       0.51574173032547843     
   2.5405520623002391        17.323795930653056        16.131651545045617     
   15.539916622115898        31.914609971852197        16.155852860142765     
  0.55565117221705040        33.093468881755655        16.121712392352975     
   15.992458268050045        18.719170874091933        1.8347585115282186     
  0.79186314296339311        18.046993148679505       0.50353296060504293     
   15.732418732353496        33.806941192967578        17.515741730325480     
   2.5405520623002391        17.323795930653056        33.131651545045614     
   15.539916622115898        31.914609971852197        33.155852860142765     
  0.55565117221705040        33.093468881755655        33.121712392352975     
   15.992458268050045        18.719170874091933        18.834758511528218     
  0.79186314296339311        18.046993148679505        17.503532960605042     
   15.732418732353496        33.806941192967578        34.515741730325480     
   2.5405520623002391        17.323795930653056        50.131651545045614     
   15.539916622115898        31.914609971852197        50.155852860142765     
  0.55565117221705040        33.093468881755655        50.121712392352975     
   15.992458268050045        18.719170874091933        35.834758511528221     
  0.79186314296339311        18.046993148679505        34.503532960605042     
   15.732418732353496        50.806941192967578       -33.484258269674520     
   2.5405520623002391        34.323795930653063       -17.868348454954383     
   15.539916622115898        48.914609971852194       -17.844147139857235     
  0.55565117221705040        50.093468881755655       -17.878287607647021     
   15.992458268050045        35.719170874091937       -32.165241488471786     
  0.79186314296339311        35.046993148679505       -33.496467039394958     
   15.732418732353496        50.806941192967578       -16.484258269674523     
   2.5405520623002391        34.323795930653063      -0.86834845495438318     
   15.539916622115898        48.914609971852194      -0.84414713985723422     
  0.55565117221705040        50.093468881755655      -0.87828760764702329     
   15.992458268050045        35.719170874091937       -15.165241488471782     
  0.79186314296339311        35.046993148679505       -16.496467039394958     
   15.732418732353496        50.806941192967578       0.51574173032547843     
   2.5405520623002391        34.323795930653063        16.131651545045617     
   15.539916622115898        48.914609971852194        16.155852860142765     
  0.55565117221705040        50.093468881755655        16.121712392352975     
   15.992458268050045        35.719170874091937        1.8347585115282186     
  0.79186314296339311        35.046993148679505       0.50353296060504293     
   15.732418732353496        50.806941192967578        17.515741730325480     
   2.5405520623002391        34.323795930653063        33.131651545045614     
   15.539916622115898        48.914609971852194        33.155852860142765     
  0.55565117221705040        50.093468881755655        33.121712392352975     
   15.992458268050045        35.719170874091937        18.834758511528218     
  0.79186314296339311        35.046993148679505        17.503532960605042     
   15.732418732353496        50.806941192967578        34.515741730325480     
   2.5405520623002391        34.323795930653063        50.131651545045614     
   15.539916622115898        48.914609971852194        50.155852860142765     
  0.55565117221705040        50.093468881755655        50.121712392352975     
   15.992458268050045        35.719170874091937        35.834758511528221     
  0.79186314296339311        35.046993148679505        34.503532960605042     
   32.732418732353494       -17.193058807032418       -33.484258269674520     
   19.540552062300236       -33.676204069346944       -17.868348454954383     
   32.539916622115896       -19.085390028147803       -17.844147139857235     
   17.555651172217054       -17.906531118244345       -17.878287607647021     
   32.992458268050044       -32.280829125908063       -32.165241488471786     
   17.791863142963393       -32.953006851320495       -33.496467039394958     
   32.732418732353494       -17.193058807032418       -16.484258269674523     
   19.540552062300236       -33.676204069346944      -0.86834845495438318     
   32.539916622115896       -19.085390028147803      -0.84414713985723422     
   17.555651172217054       -17.906531118244345      -0.87828760764702329     
   32.992458268050044       -32.280829125908063       -15.165241488471782     
   17.791863142963393       -32.953006851320495       -16.496467039394958     
   32.732418732353494       -17.193058807032418       0.51574173032547843     
   19.540552062300236       -33.676204069346944        16.131651545045617     
   32.539916622115896       -19.085390028147803        16.155852860142765     
   17.555651172217054       -17.906531118244345        16.121712392352975     
   32.992458268050044       -32.280829125908063        1.8347585115282186     
   17.791863142963393       -32.953006851320495       0.50353296060504293     
   32.732418732353494       -17.193058807032418        17.515741730325480     
   19.540552062300236       -33.676204069346944        33.131651545045614     
   32.539916622115896       -19.085390028147803        33.155852860142765     
   17.555651172217054       -17.906531118244345        33.121712392352975     
   32.992458268050044       -32.280829125908063        18.834758511528218     
   17.791863142963393       -32.953006851320495        17.503532960605042     
   32.732418732353494       -17.193058807032418        34.515741730325480     
   19.540552062300236       -33.676204069346944        50.131651545045614     
   32.539916622115896       -19.085390028147803        50.155852860142765     
   17.555651172217054       -17.906531118244345        50.121712392352975     
   32.992458268050044       -32.280829125908063        35.834758511528221     
   17.791863142963393       -32.953006851320495        34.503532960605042     
   32.732418732353494      -0.19305880703241696       -33.484258269674520     
   19.540552062300236       -16.676204069346941       -17.868348454954383     
   32.539916622115896       -2.0853900281478035       -17.844147139857235     
   17.555651172217054      -0.90653111824434651       -17.878287607647021     
   32.992458268050044       -15.280829125908067       -32.165241488471786     
   17.791863142963393       -15.953006851320493       -33.496467039394958     
   32.732418732353494      -0.19305880703241696       -16.484258269674523     
   19.540552062300236       -16.676204069346941      -0.86834845495438318     
   32.539916622115896       -2.0853900281478035      -0.84414713985723422     
   17.555651172217054      -0.90653111824434651      -0.87828760764702329     
   32.992458268050044       -15.280829125908067       -15.165241488471782     
   17.791863142963393       -15.953006851320493       -16.496467039394958     
   32.732418732353494      -0.19305880703241696       0.51574173032547843     
   19.540552062300236       -16.676204069346941        16.131651545045617     
   32.539916622115896       -2.0853900281478035        16.155852860142765     
   17.555651172217054      -0.90653111824434651        16.121712392352975     
   32.992458268050044       -15.280829125908067        1.8347585115282186     
   17.791863142963393       -15.953006851320493       0.50353296060504293     
   32.732418732353494      -0.19305880703241696        17.515741730325480     
   19.540552062300236       -16.676204069346941        33.131651545045614     
   32.539916622115896       -2.0853900281478035        33.155852860142765     
   17.555651172217054      -0.90653111824434651        33.121712392352975     
   32.992458268050044       -15.280829125908067        18.834758511528218     
   17.791863142963393       -15.953006851320493        17.503532960605042     
   32.732418732353494      -0.19305880703241696        34.515741730325480     
   19.540552062300236       -16.676204069346941        50.131651545045614     
   32.539916622115896       -2.0853900281478035        50.155852860142765     
   17.555651172217054      -0.90653111824434651        50.121712392352975     
   32.992458268050044       -15.280829125908067        35.834758511528221     
   17.791863142963393       -15.953006851320493        34.503532960605042     
   32.732418732353494        16.806941192967582       -33.484258269674520     
   19.540552062300236       0.32379593065305828       -17.868348454954383     
   32.539916622115896        14.914609971852197       -17.844147139857235     
   17.555651172217054        16.093468881755655       -17.878287607647021     
   32.992458268050044        1.7191708740919338       -32.165241488471786     
   17.791863142963393        1.0469931486795065       -33.496467039394958     
   32.732418732353494        16.806941192967582       -16.484258269674523     
   19.540552062300236       0.32379593065305828      -0.86834845495438318     
   32.539916622115896        14.914609971852197      -0.84414713985723422     
   17.555651172217054        16.093468881755655      -0.87828760764702329     
   32.992458268050044        1.7191708740919338       -15.165241488471782     
   17.791863142963393        1.0469931486795065       -16.496467039394958     
   32.732418732353494        16.806941192967582       0.51574173032547843     
   19.540552062300236       0.32379593065305828        16.131651545045617     
   32.539916622115896        14.914609971852197        16.155852860142765     
   17.555651172217054        16.093468881755655        16.121712392352975     
   32.992458268050044        1.7191708740919338        1.8347585115282186     
   17.791863142963393        1.0469931486795065       0.50353296060504293     
   32.732418732353494        16.806941192967582        17.515741730325480     
   19.540552062300236       0.32379593065305828        33.131651545045614     
   32.539916622115896        14.914609971852197        33.155852860142765     
   17.555651172217054        16.093468881755655        33.121712392352975     
   32.992458268050044        1.7191708740919338        18.834758511528218     
   17.791863142963393        1.0469931486795065        17.503532960605042     
   32.732418732353494        16.806941192967582        34.515741730325480     
   19.540552062300236       0.32379593065305828        50.131651545045614     
   32.539916622115896        14.914609971852197        50.155852860142765     
   17.555651172217054        16.093468881755655        50.121712392352975     
   32.992458268050044        1.7191708740919338        35.834758511528221     
   17.791863142963393        1.0469931486795065        34.503532960605042     
   32.732418732353494        33.806941192967578       -33.484258269674520     
   19.540552062300236        17.323795930653056       -17.868348454954383     
   32.539916622115896        31.914609971852197       -17.844147139857235     
   17.555651172217054        33.093468881755655       -17.878287607647021     
   32.992458268050044        18.719170874091933       -32.165241488471786     
   17.791863142963393        18.046993148679505       -33.496467039394958     
   32.732418732353494        33.806941192967578       -16.484258269674523     
   19.540552062300236        17.323795930653056      -0.86834845495438318     
   32.539916622115896        31.914609971852197      -0.84414713985723422     
   17.555651172217054        33.093468881755655      -0.87828760764702329     
   32.992458268050044        18.719170874091933       -15.165241488471782     
   17.791863142963393        18.046993148679505       -16.496467039394958     
   32.732418732353494        33.806941192967578       0.51574173032547843     
   19.540552062300236        17.323795930653056        16.131651545045617     
   32.539916622115896        31.914609971852197        16.155852860142765     
   17.555651172217054        33.093468881755655        16.121712392352975     
   32.992458268050044        18.719170874091933        1.8347585115282186     
   17.791863142963393        18.046993148679505       0.50353296060504293     
   32.732418732353494        33.806941192967578        17.515741730325480     
   19.540552062300236        17.323795930653056        33.131651545045614     
   32.539916622115896        31.914609971852197        33.155852860142765     
   17.555651172217054        33.093468881755655        33.121712392352975     
   32.992458268050044        18.719170874091933        18.834758511528218     
   17.791863142963393        18.046993148679505        17.503532960605042     
   32.732418732353494        33.806941192967578        34.515741730325480     
   19.540552062300236        17.323795930653056        50.131651545045614     
   32.539916622115896        31.914609971852197        50.155852860142765     
   17.555651172217054        33.093468881755655        50.121712392352975     
   32.992458268050044        18.719170874091933        35.834758511528221     
   17.791863142963393        18.046993148679505        34.503532960605042     
   32.732418732353494        50.806941192967578       -33.484258269674520     
   19.540552062300236        34.323795930653063       -17.868348454954383     
   32.539916622115896        48.914609971852194       -17.844147139857235     
   17.555651172217054        50.093468881755655       -17.878287607647021     
   32.992458268050044        35.719170874091937       -32.165241488471786     
   17.791863142963393        35.046993148679505       -33.496467039394958     
   32.732418732353494        50.806941192967578       -16.484258269674523     
   19.540552062300236        34.323795930653063      -0.86834845495438318     
   32.539916622115896        48.914609971852194      -0.84414713985723422     
   17.555651172217054        50.093468881755655      -0.87828760764702329     
   32.992458268050044        35.719170874091937       -15.165241488471782     
   17.791863142963393        35.046993148679505       -16.496467039394958     
   32.732418732353494        50.806941192967578       0.51574173032547843     
   19.540552062300236        34.323795930653063        16.131651545045617     
   32.539916622115896        48.914609971852194        16.155852860142765     
   17.555651172217054        50.093468881755655        16.121712392352975     
   32.992458268050044        35.719170874091937        1.8347585115282186     
   17.791863142963393        35.046993148679505       0.50353296060504293     
   32.732418732353494        50.806941192967578        17.515741730325480     
   19.540552062300236        34.323795930653063        33.131651545045614     
   32.539916622115896        48.914609971852194        33.155852860142765     
   17.555651172217054        50.093468881755655        33.121712392352975     
   32.992458268050044        35.719170874091937        18.834758511528218     
   17.791863142963393        35.046993148679505        17.503532960605042     
   32.732418732353494        50.806941192967578        34.515741730325480     
   19.540552062300236        34.323795930653063        50.131651545045614     
   32.539916622115896        48.914609971852194        50.155852860142765     
   17.555651172217054        50.093468881755655        50.121712392352975     
   32.992458268050044        35.719170874091937        35.834758511528221     
   17.791863142963393        35.046993148679505        34.503532960605042     
   49.732418732353494       -17.193058807032418       -33.484258269674520     
   36.540552062300236       -33.676204069346944       -17.868348454954383     
   49.539916622115904       -19.085390028147803       -17.844147139857235     
   34.555651172217054       -17.906531118244345       -17.878287607647021     
   49.992458268050051       -32.280829125908063       -32.165241488471786     
   34.791863142963393       -32.953006851320495       -33.496467039394958     
   49.732418732353494       -17.193058807032418       -16.484258269674523     
   36.540552062300236       -33.676204069346944      -0.86834845495438318     
   49.539916622115904       -19.085390028147803      -0.84414713985723422     
   34.555651172217054       -17.906531118244345      -0.87828760764702329     
   49.992458268050051       -32.280829125908063       -15.165241488471782     
   34.791863142963393       -32.953006851320495       -16.496467039394958     
   49.732418732353494       -17.193058807032418       0.51574173032547843     
   36.540552062300236       -33.676204069346944        16.131651545045617     
   49.539916622115904       -19.085390028147803        16.155852860142765     
   34.555651172217054       -17.906531118244345        16.121712392352975     
   49.992458268050051       -32.280829125908063        1.8347585115282186     
   34.791863142963393       -32.953006851320495       0.50353296060504293     
   49.732418732353494       -17.193058807032418        17.515741730325480     
   36.540552062300236       -33.676204069346944        33.131651545045614     
   49.539916622115904       -19.085390028147803        33.155852860142765     
   34.555651172217054       -17.906531118244345        33.121712392352975     
   49.992458268050051       -32.280829125908063        18.834758511528218     
   34.791863142963393       -32.953006851320495        17.503532960605042     
   49.732418732353494       -17.193058807032418        34.515741730325480     
   36.540552062300236       -33.676204069346944        50.131651545045614     
   49.539916622115904       -19.085390028147803        50.155852860142765     
   34.555651172217054       -17.906531118244345        50.121712392352975     
   49.992458268050051       -32.280829125908063        35.834758511528221     
   34.791863142963393       -32.953006851320495        34.503532960605042     
   49.732418732353494      -0.19305880703241696       -33.484258269674520     
   36.540552062300236       -16.676204069346941       -17.868348454954383     
   49.539916622115904       -2.0853900281478035       -17.844147139857235     
   34.555651172217054      -0.90653111824434651       -17.878287607647021     
   49.992458268050051       -15.280829125908067       -32.165241488471786     
   34.791863142963393       -15.953006851320493       -33.496467039394958     
   49.732418732353494      -0.19305880703241696       -16.484258269674523     
   36.540552062300236       -16.676204069346941      -0.86834845495438318     
   49.539916622115904       -2.0853900281478035      -0.84414713985723422     
   34.555651172217054      -0.90653111824434651      -0.87828760764702329     
   49.992458268050051       -15.280829125908067       -15.165241488471782     
   34.791863142963393       -15.953006851320493       -16.496467039394958     
   49.732418732353494      -0.19305880703241696       0.51574173032547843     
   36.540552062300236       -16.676204069346941        16.131651545045617     
   49.539916622115904       -2.0853900281478035        16.155852860142765     
   34.555651172217054      -0.90653111824434651        16.121712392352975     
   49.992458268050051       -15.280829125908067        1.8347585115282186     
   34.791863142963393       -15.953006851320493       0.50353296060504293     
   49.732418732353494      -0.19305880703241696        17.515741730325480     
   36.540552062300236       -16.676204069346941        33.131651545045614     
   49.539916622115904       -2.0853900281478035        33.155852860142765     
   34.555651172217054      -0.90653111824434651        33.121712392352975     
   49.992458268050051       -15.280829125908067        18.834758511528218     
   34.791863142963393       -15.953006851320493        17.503532960605042     
   49.732418732353494      -0.19305880703241696        34.515741730325480     
   36.540552062300236       -16.676204069346941        50.131651545045614     
   49.539916622115904       -2.0853900281478035        50.155852860142765     
   34.555651172217054      -0.90653111824434651        50.121712392352975     
   49.992458268050051       -15.280829125908067        35.834758511528221     
   34.791863142963393       -15.953006851320493        34.503532960605042     
   49.732418732353494        16.806941192967582       -33.484258269674520     
   36.540552062300236       0.32379593065305828       -17.868348454954383     
   49.539916622115904        14.914609971852197       -17.844147139857235     
   34.555651172217054        16.093468881755655       -17.878287607647021     
   49.992458268050051        1.7191708740919338       -32.165241488471786     
   34.791863142963393        1.0469931486795065       -33.496467039394958     
   49.732418732353494        16.806941192967582       -16.484258269674523     
   36.540552062300236       0.32379593065305828      -0.86834845495438318     
   49.539916622115904        14.914609971852197      -0.84414713985723422     
   34.555651172217054        16.093468881755655      -0.87828760764702329     
   49.992458268050051        1.7191708740919338       -15.165241488471782     
   34.791863142963393        1.0469931486795065       -16.496467039394958     
   49.732418732353494        16.806941192967582       0.51574173032547843     
   36.540552062300236       0.32379593065305828        16.131651545045617     
   49.539916622115904        14.914609971852197        16.155852860142765     
   34.555651172217054        16.093468881755655        16.121712392352975     
   49.992458268050051        1.7191708740919338        1.8347585115282186     
   34.791863142963393        1.0469931486795065       0.50353296060504293     
   49.732418732353494        16.806941192967582        17.515741730325480     
   36.540552062300236       0.32379593065305828        33.131651545045614     
   49.539916622115904        14.914609971852197        33.155852860142765     
   34.555651172217054        16.093468881755655        33.121712392352975     
   49.992458268050051        1.7191708740919338        18.834758511528218     
   34.791863142963393        1.0469931486795065        17.503532960605042     
   49.732418732353494        16.806941192967582        34.515741730325480     
   36.540552062300236       0.32379593065305828        50.131651545045614     
   49.539916622115904        14.914609971852197        50.155852860142765     
   34.555651172217054        16.093468881755655        50.121712392352975     
   49.992458268050051        1.7191708740919338        35.834758511528221     
   34.791863142963393        1.0469931486795065        34.503532960605042     
   49.732418732353494        33.806941192967578       -33.484258269674520     
   36.540552062300236        17.323795930653056       -17.868348454954383     
   49.539916622115904        31.914609971852197       -17.844147139857235     
   34.555651172217054        33.093468881755655       -17.878287607647021     
   49.992458268050051        18.719170874091933       -32.165241488471786     
   34.791863142963393        18.046993148679505       -33.496467039394958     
   49.732418732353494        33.806941192967578       -16.484258269674523     
   36.540552062300236        17.323795930653056      -0.86834845495438318     
   49.539916622115904        31.914609971852197      -0.84414713985723422     
   34.555651172217054        33.093468881755655      -0.87828760764702329     
   49.992458268050051        18.719170874091933       -15.165241488471782     
   34.791863142963393        18.046993148679505       -16.496467039394958     
   49.732418732353494        33.806941192967578       0.51574173032547843     
   36.540552062300236        17.323795930653056        16.131651545045617     
   49.539916622115904        31.914609971852197        16.155852860142765     
   34.555651172217054        33.093468881755655        16.121712392352975     
   49.992458268050051        18.719170874091933        1.8347585115282186     
   34.791863142963393        18.046993148679505       0.50353296060504293     
   49.732418732353494        33.806941192967578        17.515741730325480     
   36.540552062300236        17.323795930653056        33.131651545045614     
   49.539916622115904        31.914609971852197        33.155852860142765     
   34.555651172217054        33.093468881755655        33.121712392352975     
   49.992458268050051        18.719170874091933        18.834758511528218     
   34.791863142963393        18.046993148679505        17.503532960605042     
   49.732418732353494        33.806941192967578        34.515741730325480     
   36.540552062300236        17.323795930653056        50.131651545045614     
   49.539916622115904        31.914609971852197        50.155852860142765     
   34.555651172217054        33.093468881755655        50.121712392352975     
   49.992458268050051        18.719170874091933        35.834758511528221     
   34.791863142963393        18.046993148679505        34.503532960605042     
   49.732418732353494        50.806941192967578       -33.484258269674520     
   36.540552062300236        34.323795930653063       -17.868348454954383     
   49.539916622115904        48.914609971852194       -17.844147139857235     
   34.555651172217054        50.093468881755655       -17.878287607647021     
   49.992458268050051        35.719170874091937       -32.165241488471786     
   34.791863142963393        35.046993148679505       -33.496467039394958     
   49.732418732353494        50.806941192967578       -16.484258269674523     
   36.540552062300236        34.323795930653063      -0.86834845495438318     
   49.539916622115904        48.914609971852194      -0.84414713985723422     
   34.555651172217054        50.093468881755655      -0.87828760764702329     
   49.992458268050051        35.719170874091937       -15.165241488471782     
   34.791863142963393        35.046993148679505       -16.496467039394958     
   49.732418732353494        50.806941192967578       0.51574173032547843     
   36.540552062300236        34.323795930653063        16.131651545045617     
   49.539916622115904        48.914609971852194        16.155852860142765     
   34.555651172217054        50.093468881755655        16.121712392352975     
   49.992458268050051        35.719170874091937        1.8347585115282186     
   34.791863142963393        35.046993148679505       0.50353296060504293     
   49.732418732353494        50.806941192967578        17.515741730325480     
   36.540552062300236        34.323795930653063        33.131651545045614     
   49.539916622115904        48.914609971852194        33.155852860142765     
   34.555651172217054        50.093468881755655        33.121712392352975     
   49.992458268050051        35.719170874091937        18.834758511528218     
   34.791863142963393        35.046993148679505        17.503532960605042     
   49.732418732353494        50.806941192967578        34.515741730325480     
   36.540552062300236        34.323795930653063        50.131651545045614     
   49.539916622115904        48.914609971852194        50.155852860142765     
   34.555651172217054        50.093468881755655        50.121712392352975     
   49.992458268050051        35.719170874091937        35.834758511528221     
   34.791863142963393        35.046993148679505        34.503532960605042     
           1           1   58.889727457341827     
           1           2   71.509405027034987     
           1           3   52.862767240944883     
           1           4   62.942195249698422     
           1           5   67.941451199976271     
           1           6   77.640587041594941     
           1           1   51.000000000000000     
           1           2   69.119721795020411     
           1           3   49.590683991896135     
           1           4   60.210654749471821     
           1           5   61.594540031723994     
           1           6   71.837633994954103     
           1           1   48.083261120685229     
           1           2   70.848266561162276     
           1           3   51.980762953210785     
           1           4   62.184611825346543     
           1           5   59.579643606525067     
           1           6   69.794201477074651     
           1           1   51.000000000000000     
           1           2   76.416083440739030     
           1           3   59.352872682050354     
           1           4   68.458227777075578     
           1           5   62.318380136533044     
           1           6   71.831855479668590     
           1           1   58.889727457341827     
           1           2   85.072667420990598     
           1           3   70.153597726884016     
           1           4   78.000845847252819     
           1           5   69.249022183727106     
           1           6   77.629893491370325     
           1           1   51.000000000000000     
           1           2   60.713821065732986     
           1           3   43.164023200489467     
           1           4   55.411748612274927     
           1           5   56.886348101429270     
           1           6   68.008988543116004     
           1           1   41.641325627314025     
           1           2   57.880126141036762     
           1           3   39.088318936303473     
           1           4   52.288286324748562     
           1           5   49.131488588051944     
           1           6   61.300957777894375     
           1           1   38.013155617496423     
           1           2   59.933712848469618     
           1           3   42.079216433768920     
           1           4   54.549682760652445     
           1           5   46.580572575256859     
           1           6   58.893058388206455     
           1           1   41.641325627314025     
           1           2   66.422818891577435     
           1           3   50.906033376150575     
           1           4   61.605769955392631     
           1           5   50.035950195830843     
           1           6   61.294185924492055     
           1           1   51.000000000000000     
           1           2   76.222908650902198     
           1           3   63.167935002717513     
           1           4   72.061597916682999     
           1           5   58.441790548891966     
           1           6   67.996780291243979     
           1           1   48.083261120685229     
           1           2   53.261065793721670     
           1           3   38.856063070445906     
           1           4   52.509083268409348     
           1           5   49.336319375032566     
           1           6   61.647256947506513     
           1           1   38.013155617496423     
           1           2   50.006820166689600     
           1           3   34.271816639160782     
           1           4   49.201695379302549     
           1           5   40.148710814123362     
           1           6   54.156894214692507     
           1           1   34.000000000000000     
           1           2   52.370058209668990     
           1           3   37.647326520777611     
           1           4   51.598544850670130     
           1           5   36.983314489063844     
           1           6   51.415504401016044     
           1           1   38.013155617496423     
           1           2   59.687217480668359     
           1           3   47.308402769231527     
           1           4   59.008582708073511     
           1           5   41.250601464195555     
           1           6   54.149228938558352     
           1           1   48.083261120685229     
           1           2   70.430851650999415     
           1           3   60.306291139396237     
           1           4   69.854247084371934     
           1           5   51.121998119388742     
           1           6   61.633788594162461     
           1           1   51.000000000000000     
           1           2   50.648930793891935     
           1           3   41.646781097901751     
           1           4   54.972227234373008     
           1           5   47.011575368556215     
           1           6   59.611626849517329     
           1           1   41.641325627314025     
           1           2   47.214988343373967     
           1           3   37.406124555082343     
           1           4   51.822280629247466     
           1           5   37.254996835247944     
           1           6   51.827897482683980     
           1           1   38.013155617496423     
           1           2   49.711126098343662     
           1           3   40.521376243214178     
           1           4   54.103158615051413     
           1           5   33.819836778956038     
           1           6   48.956264760550361     
           1           1   41.641325627314025     
           1           2   57.368432013311192     
           1           3   49.626058790295950     
           1           4   61.210740680327881     
           1           5   38.439926252740399     
           1           6   51.819887698977219     
           1           1   51.000000000000000     
           1           2   68.476842256097015     
           1           3   62.141045126966588     
           1           4   71.724178469629621     
           1           5   48.882251389200704     
           1           6   59.597698470361387     
           1           1   58.889727457341827     
           1           2   53.589992084770465     
           1           3   50.369783742821681     
           1           4   62.166612490358006     
           1           5   50.636982806953156     
           1           6   62.327424318194801     
           1           1   51.000000000000000     
           1           2   50.357007311259537     
           1           3   46.924182387255414     
           1           4   59.399416756692744     
           1           5   41.736681688324985     
           1           6   54.929889167645385     
           1           1   48.083261120685229     
           1           2   52.704545525473712     
           1           3   49.443327872688734     
           1           4   61.399460205641923     
           1           5   38.701384586516482     
           1           6   52.229087928081903     
           1           1   51.000000000000000     
           1           2   59.980914070620962     
           1           3   57.143734998160440     
           1           4   67.745824344037175     
           1           5   42.797707175435797     
           1           6   54.922331775233431     
           1           1   58.889727457341827     
           1           2   70.679919258921757     
           1           3   68.294730601663375     
           1           4   77.376351158232296     
           1           5   52.378338175578293     
           1           6   62.314102974032458     
           1           1   51.000000000000000     
           1           2   61.628496172945233     
           1           3   43.828382226842884     
           1           4   50.780998865781669     
           1           5   61.301567152662905     
           1           6   68.213502080777360     
           1           1   41.641325627314025     
           1           2   58.838868736909028     
           1           3   39.820734134820079     
           1           4   47.353065880842969     
           1           5   54.182365267062053     
           1           6   61.527772330499026     
           1           1   38.013155617496423     
           1           2   60.860113440082372     
           1           3   42.760433176592272     
           1           4   49.838898972834357     
           1           5   51.880393950838751     
           1           6   59.129110172428831     
           1           1   41.641325627314025     
           1           2   67.259901439417675     
           1           3   51.470558806599335     
           1           4   57.476245992003719     
           1           5   55.003834839537497     
           1           6   61.521025443442767     
           1           1   51.000000000000000     
           1           2   76.953461750207595     
           1           3   63.623755015539501     
           1           4   68.564727490468883     
           1           5   62.747656670317276     
           1           6   68.201330437479271     
           1           1   41.641325627314025     
           1           2   48.689265774090615     
           1           3   31.457714905954539     
           1           4   41.078604981490230     
           1           5   48.763694943376350     
           1           6   57.010908014330212     
           1           1   29.444863728670914     
           1           2   45.106380206357912     
           1           3   25.580297213247974     
           1           4   36.756697209273966     
           1           5   39.442927313924876     
           1           6   48.814224714194999     
           1           1   24.041630560342615     
           1           2   47.712959130837831     
           1           3   29.951884480477851     
           1           4   39.908116871673911     
           1           5   36.215895483232970     
           1           6   45.753835208400083     
           1           1   29.444863728670917     
           1           2   55.645910925435352     
           1           3   41.447305851474560     
           1           4   49.114771655298554     
           1           5   40.563994579101148     
           1           6   48.805720342055565     
           1           1   41.641325627314025     
           1           2   67.040348570260051     
           1           3   55.826901586595909     
           1           4   61.724094138845430     
           1           5   50.569597850628007     
           1           6   56.996344092726176     
           1           1   38.013155617496423     
           1           2   39.002790447624868     
           1           3   25.223968077730976     
           1           4   37.070119080522360     
           1           5   39.697780211101175     
           1           6   49.248405041306938     
           1           1   24.041630560342615     
           1           2   34.426132463607104     
           1           3   17.349707317421210     
           1           4   32.214852648321134     
           1           5   27.454695850615227     
           1           6   39.471385850285664     
           1           1   17.000000000000000     
           1           2   37.776970896331903     
           1           3   23.319007749344028     
           1           4   35.768697679143678     
           1           5   22.574474408293142     
           1           6   35.617063365353928     
           1           1   24.041630560342618     
           1           2   47.402958386611182     
           1           3   36.939679219340206     
           1           4   45.814874616994352     
           1           5   29.042270320544418     
           1           6   39.460868016316390     
           1           1   38.013155617496423     
           1           2   60.373681331382109     
           1           3   52.567134972733129     
           1           4   59.132104128635973     
           1           5   41.896300981500367     
           1           6   49.231544830836327     
           1           1   41.641325627314025     
           1           2   35.352379322793027     
           1           3   29.341256007002634     
           1           4   40.483770452650560     
           1           5   36.768594790216341     
           1           6   46.675123627118893     
           1           1   29.444863728670914     
           1           2   30.227994599098512     
           1           3   22.927561634030255     
           1           4   36.090700638417061     
           1           5   23.016866281229877     
           1           6   36.209833849885818     
           1           1   24.041630560342615     
           1           2   33.995184823495421     
           1           3   27.720693730425356     
           1           4   39.295568135360668     
           1           5   16.900375852888892     
           1           6   31.964620586921445     
           1           1   29.444863728670914     
           1           2   44.447874244828604     
           1           3   39.864779433854032     
           1           4   48.618357413529594     
           1           5   24.889139690431310     
           1           6   36.198368348522941     
           1           1   41.641325627314025     
           1           2   58.082307621035362     
           1           3   54.662276002043853     
           1           4   61.329827002027670     
           1           5   39.132030934909274     
           1           6   46.657333538521598     
           1           1   51.000000000000000     
           1           2   39.450776733341392     
           1           3   40.786885668686999     
           1           4   49.816439169030303     
           1           5   41.303091555056170     
           1           6   50.097194852616624     
           1           1   41.641325627314025     
           1           2   34.932860154365194     
           1           3   36.446314230170557     
           1           4   46.317174071726697     
           1           5   29.728638424358504     
           1           6   40.525471421447307     
           1           1   38.013155617496423     
           1           2   38.239320761029738     
           1           3   39.637073547098815     
           1           4   48.855742922399273     
           1           5   25.291075760574877     
           1           6   36.781771786579931     
           1           1   41.641325627314025     
           1           2   47.772236560217742     
           1           3   48.906659851107271     
           1           4   56.625847622870083     
           1           5   31.200722486635325     
           1           6   40.515227231123276     
           1           1   51.000000000000000     
           1           2   60.664054593028062     
           1           3   61.568053048685044     
           1           4   67.853442223054799     
           1           5   43.420405965961727     
           1           6   50.080620397705317     
           1           1   48.083261120685229     
           1           2   55.322220434079782     
           1           3   40.316026799204295     
           1           4   42.115314895675191     
           1           5   58.972226340762496     
           1           6   62.097527938597949     
           1           1   38.013155617496423     
           1           2   52.196637894191994     
           1           3   35.918599573033838     
           1           4   37.911775891809860     
           1           5   51.532223415519489     
           1           6   54.668893146966653     
           1           1   34.000000000000000     
           1           2   54.464942312995099     
           1           3   39.152389118695361     
           1           4   40.974452452470310     
           1           5   49.106177011735582     
           1           6   51.954526075636210     
           1           1   38.013155617496423     
           1           2   61.533493926953057     
           1           3   48.514671514043272     
           1           4   49.985085338415551     
           1           5   52.395259244217897     
           1           6   54.661299669633436     
           1           1   48.083261120685229     
           1           2   72.002165304654923     
           1           3   61.257139424962624     
           1           4   62.418841376603744     
           1           5   60.474042049706703     
           1           6   62.084157265787006     
           1           1   38.013155617496423     
           1           2   40.411893482466532     
           1           3   26.344691217705250     
           1           4   29.705920120081693     
           1           5   45.801083925430753     
           1           6   49.530442584123534     
           1           1   24.041630560342615     
           1           2   36.014747931072705     
           1           3   18.942189254941571     
           1           4   23.367599206799348     
           1           5   35.715344871710869     
           1           6   39.822727736917557     
           1           1   17.000000000000000     
           1           2   39.230128756342239     
           1           3   24.526930345720224     
           1           4   28.065061824242335     
           1           5   32.115921750218170     
           1           6   36.006034858592358     
           1           1   24.041630560342618     
           1           2   48.568960622394165     
           1           3   37.713844813245963     
           1           4   40.090531272452345     
           1           5   36.949682007116515     
           1           6   39.812302722496135     
           1           1   38.013155617496423     
           1           2   61.293432516381060     
           1           3   53.114008218278791     
           1           4   54.816545861778032     
           1           5   47.719236907016054     
           1           6   49.513678412103239     
           1           1   34.000000000000000     
           1           2   27.994538680241313     
           1           3   18.458155212217523     
           1           4   23.857569691807861     
           1           5   35.996598421275571     
           1           6   40.353766975009449     
           1           1   17.000000000000000     
           1           2   21.157389480274066     
           1           3   2.3382198895956692     
           1           4   15.257346889561243     
           1           5   21.762391147653595     
           1           6   27.586435269945049     
           1           1   0.0000000000000000     
           1           2   26.259780336485996     
           1           3   15.755349906171190     
           1           4   21.780487520194285     
           1           5   15.147548944445260     
           1           6   21.716268388753477     
           1           1   17.000000000000004     
           1           2   38.852503098526107     
           1           3   32.695486371664153     
           1           4   35.972109183731135     
           1           5   23.733832593689076     
           1           6   27.571383979805560     
           1           1   34.000000000000000     
           1           2   53.920848757428374     
           1           3   49.676539809989421     
           1           4   51.880590220574867     
           1           5   38.407569307965211     
           1           6   40.333188770433011     
           1           1   38.013155617496423     
           1           2   22.633321828685094     
           1           3   23.777389098056791     
           1           4   28.877769529834943     
           1           5   32.737912380920179     
           1           6   37.169722565114320     
           1           1   24.041630560342615     
           1           2   13.274343324674030     
           1           3   15.169970689957767     
           1           4   22.305348585646417     
           1           5   15.799287250433151     
           1           6   22.675387039631179     
           1           1   16.999999999999996     
           1           2   20.448694931506086     
           1           3   21.746075258491256     
           1           4   27.186974418572831     
           1           5   2.3375303597157093     
           1           6   14.991933805436139     
           1           1   24.041630560342615     
           1           2   35.186503919859483     
           1           3   35.967423699255320     
           1           4   39.480812815151971     
           1           5   18.420385955334538     
           1           6   22.657073532477316     
           1           1   38.013155617496423     
           1           2   51.342292428394465     
           1           3   51.888528076787274     
           1           4   54.372213335986267     
           1           5   35.371700401654131     
           1           6   37.147380565600976     
           1           1   48.083261120685229     
           1           2   28.615386037622130     
           1           3   36.986821582862007     
           1           4   40.947130722885305     
           1           5   37.759591049414645     
           1           6   41.385384401522408     
           1           1   38.013155617496423     
           1           2   21.972283717962146     
           1           3   32.137030808963274     
           1           4   36.609705228886952     
           1           5   24.568949647470230     
           1           6   29.074644346771965     
           1           1   34.000000000000000     
           1           2   26.920664655299824     
           1           3   35.714878239048254     
           1           4   39.772773595198608     
           1           5   18.959954043742318     
           1           6   23.577952534534976     
           1           1   38.013155617496423     
           1           2   39.302202472426316     
           1           3   45.785546912140624     
           1           4   49.004862227781672     
           1           5   26.331092417552941     
           1           6   29.060363857844063     
           1           1   48.083261120685229     
           1           2   54.245774516399685     
           1           3   59.119202332724498     
           1           4   61.636673535102439     
           1           5   40.064610299647335     
           1           6   41.365319403816940     
           1           1   51.000000000000000     
           1           2   53.861160468143495     
           1           3   43.678792853352540     
           1           4   39.327975433744882     
           1           5   61.445624936197085     
           1           6   60.308573901607801     
           1           1   41.641325627314025     
           1           2   50.645488848224069     
           1           3   39.656030103123896     
           1           4   34.789260616261686     
           1           5   54.345297812788715     
           1           6   52.628024738490751     
           1           1   38.013155617496423     
           1           2   52.980246076967909     
           1           3   42.607094502601988     
           1           4   38.103748591642677     
           1           5   52.050532801515018     
           1           6   49.802549028184288     
           1           1   41.641325627314025     
           1           2   60.223312828808723     
           1           3   51.343239870185869     
           1           4   47.660241913402473     
           1           5   55.164341158781944     
           1           6   52.620136749482178     
           1           1   51.000000000000000     
           1           2   70.885741456071699     
           1           3   63.520800205769071     
           1           4   60.573110055147247     
           1           5   62.888401999441655     
           1           6   60.294806520659058     
           1           1   41.641325627314025     
           1           2   38.387467591082512     
           1           3   31.248962920521983     
           1           4   25.601398265251753     
           1           5   48.944669096419823     
           1           6   47.268233016899352     
           1           1   29.444863728670914     
           1           2   33.727416173743507     
           1           3   25.323140840384426     
           1           4   17.861539565361394     
           1           5   39.666449343480778     
           1           6   36.971215213587442     
           1           1   24.041630560342615     
           1           2   37.141345364127289     
           1           3   29.732561955467837     
           1           4   23.677787019776687     
           1           5   36.459206986436492     
           1           6   32.824619665715922     
           1           1   29.444863728670917     
           1           2   46.897979371800915     
           1           3   41.289090797080057     
           1           4   37.151589476936785     
           1           5   40.781372520315117     
           1           6   36.959985904061298     
           1           1   41.641325627314025     
           1           2   59.978007659961065     
           1           3   55.709539553502943     
           1           4   52.705252140292195     
           1           5   50.744131830208758     
           1           6   47.250666237185641     
           1           1   38.013155617496423     
           1           2   24.983409077580188     
           1           3   24.963141270485863     
           1           4   18.497933250902108     
           1           5   39.919875276812448     
           1           6   37.542610711484890     
           1           1   24.041630560342615     
           1           2   16.973852327571397     
           1           3   16.968270404022398     
           1           4   2.4034427523377717     
           1           5   27.774862964147172     
           1           6   23.281591888520097     
           1           1   17.000000000000000     
           1           2   23.022871161926911     
           1           3   23.036622558825982     
           1           4   15.728303772902528     
           1           5   22.962786922280305     
           1           6   15.893942956142443     
           1           1   24.041630560342618     
           1           2   36.742258099348902     
           1           3   36.762069546362561     
           1           4   32.664698714080231     
           1           5   29.345121465056856     
           1           6   23.263755597981490     
           1           1   38.013155617496423     
           1           2   52.420744595433348     
           1           3   52.442478352432829     
           1           4   49.644592299570448     
           1           5   42.106801402621805     
           1           6   37.520490753082115     
           1           1   41.641325627314025     
           1           2   18.781474655069619     
           1           3   29.117334365843167     
           1           4   24.635654567590127     
           1           5   37.008272741030339     
           1           6   34.097058311946874     
           1           1   29.444863728670914     
           1           2   4.0846938587251804     
           1           3   22.640294586999069     
           1           4   16.447445956213368     
           1           5   23.397837973526148     
           1           6   17.181219030028402     
           1           1   24.041630560342615     
           1           2   16.081842482128469     
           1           3   27.483571772968070     
           1           4   22.630101214786784     
           1           5   17.415665143665208     
           1           6   2.4039944233120423     
           1           1   29.444863728670914     
           1           2   32.841537590686528     
           1           3   39.700258132834286     
           1           4   36.492800433790073     
           1           5   25.241869244514529     
           1           6   17.157042024102541     
           1           1   41.641325627314025     
           1           2   49.764520745416213     
           1           3   54.542408034734429     
           1           4   52.242965899816255     
           1           5   39.357318677954446     
           1           6   34.072701578335781     
           1           1   51.000000000000000     
           1           2   25.677165951489446     
           1           3   40.626098742734193     
           1           4   38.074366933573806     
           1           5   41.516599817816456     
           1           6   38.649335725501295     
           1           1   41.641325627314025     
           1           2   17.979371095809043     
           1           3   36.266288443514263     
           1           4   33.365557389340189     
           1           5   30.024567124167010     
           1           6   25.027106381921492     
           1           1   38.013155617496423     
           1           2   23.773908359823764     
           1           3   39.471603158244839     
           1           4   36.808469438571990     
           1           5   25.638276103406472     
           1           6   18.355951505752046     
           1           1   41.641325627314025     
           1           2   37.217464346752358     
           1           3   48.772648424047588     
           1           4   46.631174389234758     
           1           5   31.482817093065176     
           1           6   25.010514938941704     
           1           1   51.000000000000000     
           1           2   52.754910540178791     
           1           3   61.461654815905661     
           1           4   59.766792012188155     
           1           5   43.623552614113052     
           1           6   38.627849530365147     
           1           1   58.889727457341827     
           1           2   57.615112081755882     
           1           3   52.614559518996295     
           1           4   43.562363970204856     
           1           5   68.201218229687711     
           1           6   63.215070956271383     
           1           1   51.000000000000000     
           1           2   54.620894114741276     
           1           3   49.326013945906787     
           1           4   39.513068182330983     
           1           5   61.880956186652298     
           1           6   55.935052496944444     
           1           1   48.083261120685229     
           1           2   56.792455551721503     
           1           3   51.728323288171431     
           1           4   42.460399900265564     
           1           5   59.875698819598540     
           1           6   53.285223089196464     
           1           1   51.000000000000000     
           1           2   63.602861109345916     
           1           3   59.131913622166550     
           1           4   51.210238841460281     
           1           5   62.601484644504772     
           1           6   55.927630930470684     
           1           1   58.889727457341827     
           1           2   73.778485176880878     
           1           3   69.966756299210800     
           1           4   63.404192012108645     
           1           5   69.503902410275217     
           1           6   63.201936705487483     
           1           1   51.000000000000000     
           1           2   43.497979278060711     
           1           3   42.859685158200591     
           1           4   31.724146893043418     
           1           5   57.196345837577041     
           1           6   50.924522211805098     
           1           1   41.641325627314025     
           1           2   39.446357689590101     
           1           3   38.751985630079240     
           1           4   25.884831438514944     
           1           5   49.490085347800822     
           1           6   41.543854711980394     
           1           1   38.013155617496423     
           1           2   42.402312067569717     
           1           3   41.766974617365520     
           1           4   30.193169775783172     
           1           5   46.958653284495952     
           1           6   37.900880809812868     
           1           1   41.641325627314025     
           1           2   51.165388715185706     
           1           3   50.648237354338832     
           1           4   41.608058157263258     
           1           5   50.388110590241382     
           1           6   41.533861703303565     
           1           1   51.000000000000000     
           1           2   63.370639385101185     
           1           3   62.960366307028671     
           1           4   55.935976849672841     
           1           5   58.743580580479509     
           1           6   50.908217114908389     
           1           1   48.083261120685229     
           1           2   32.290048968001045     
           1           3   38.517701779080184     
           1           4   26.327997217984336     
           1           5   49.693438061075476     
           1           6   42.053165505046543     
           1           1   38.013155617496423     
           1           2   26.581726732031353     
           1           3   33.887713536854989     
           1           4   18.888261963958620     
           1           5   40.586751001907473     
           1           6   30.017555377217867     
           1           1   34.000000000000000     
           1           2   30.798200105799605     
           1           3   37.298001383046419     
           1           4   24.461591169179098     
           1           5   37.458389279996148     
           1           6   24.731326948909285     
           1           1   38.013155617496423     
           1           2   42.053181371417779     
           1           3   47.030890758984363     
           1           4   37.655974891602469     
           1           5   41.677062012726182     
           1           6   30.003723676959694     
           1           1   48.083261120685229     
           1           2   56.270871658059853     
           1           3   60.088838098246732     
           1           4   53.061996264237273     
           1           5   51.466727781873963     
           1           6   42.033419279340777     
           1           1   51.000000000000000     
           1           2   27.770853847824188     
           1           3   41.331272528489052     
           1           4   30.950046509318614     
           1           5   47.386217357879204     
           1           6   39.008082437990232     
           1           1   41.641325627314025     
           1           2   20.860519100389052     
           1           3   37.054525597260337     
           1           4   24.930069824168573     
           1           5   37.726650607350045     
           1           6   25.577634709224910     
           1           1   38.013155617496423     
           1           2   26.021187344896106     
           1           3   40.197035284356602     
           1           4   29.378757358793369     
           1           5   34.338706099822083     
           1           6   19.099746049307882     
           1           1   41.641325627314025     
           1           2   38.691641533264850     
           1           3   49.361578419511638     
           1           4   41.020901824018814     
           1           5   38.897214645406834     
           1           6   25.561400606726487     
           1           1   51.000000000000000     
           1           2   53.805056065756034     
           1           3   61.930034736623426     
           1           4   55.500607104469815     
           1           5   49.242663186831649     
           1           6   38.986793953941152     
           1           1   58.889727457341827     
           1           2   32.829763698791957     
           1           3   50.109228963398657     
           1           4   42.434034928907941     
           1           5   50.984991954950829     
           1           6   43.044073482690358     
           1           1   51.000000000000000     
           1           2   27.234799764621052     
           1           3   46.644384503604485     
           1           4   38.265523945932252     
           1           5   42.158225475075362     
           1           6   31.390717797029620     
           1           1   48.083261120685229     
           1           2   31.363597560220793     
           1           3   49.177864778108109     
           1           4   41.301977257337803     
           1           5   39.155619593720978     
           1           6   26.381092957689553     
           1           1   51.000000000000000     
           1           2   42.469002644516763     
           1           3   56.914200007974053     
           1           4   50.253918532534200     
           1           5   43.208900892398084     
           1           6   31.377491414575555     
           1           1   58.889727457341827     
           1           2   56.582303941430808     
           1           3   68.102789524082354     
           1           4   62.634330286062124     
           1           5   52.714852621343574     
           1           6   43.024782036650315     
           2           1   56.582303941430816     
           2           2   58.889727457341827     
           2           3   44.408310987380347     
           2           4   52.762997238109257     
           2           5   61.788960262714070     
           2           6   69.629480229807655     
           2           1   42.469002644516770     
           2           2   51.000000000000000     
           2           3   33.255389479980359     
           2           4   43.778944098244033     
           2           5   49.646563297046718     
           2           6   58.735921591494545     
           2           1   31.363597560220793     
           2           2   48.083261120685229     
           2           3   28.596219578442383     
           2           4   40.339286250076682     
           2           5   41.105801099943001     
           2           6   51.279161979611331     
           2           1   27.234799764621052     
           2           2   51.000000000000000     
           2           3   33.280123480717350     
           2           4   43.771224382853127     
           2           5   38.634084963002337     
           2           6   48.858944129608822     
           2           1   32.829763698791957     
           2           2   58.889727457341827     
           2           3   44.445353678479115     
           2           4   52.750186281969910     
           2           5   43.283924935117561     
           2           6   52.180843128386272     
           2           1   53.805056065756041     
           2           2   51.000000000000000     
           2           3   40.014819281769306     
           2           4   49.528807353763462     
           2           5   54.756902381564466     
           2           6   63.291810074338009     
           2           1   38.691641533264857     
           2           2   41.641325627314025     
           2           3   27.111042157503999     
           2           4   39.821662781640143     
           2           5   40.561360865786895     
           2           6   51.063658218101601     
           2           1   26.021187344896106     
           2           2   38.013155617496423     
           2           3   21.138388102673819     
           2           4   36.005928616036478     
           2           5   29.497959796314674     
           2           6   42.274592354558727     
           2           1   20.860519100389055     
           2           2   41.641325627314025     
           2           3   27.141376094306001     
           2           4   39.813175762699018     
           2           5   25.942923293364711     
           2           6   39.303754615470723     
           2           1   27.770853847824196     
           2           2   51.000000000000000     
           2           3   40.055925167269173     
           2           4   49.515159629350023     
           2           5   32.464456038347755     
           2           6   43.363914664178516     
           2           1   56.270871658059860     
           2           2   48.083261120685229     
           2           3   42.523798508052252     
           2           4   51.964138001353412     
           2           5   52.504867455323627     
           2           6   61.167327290792862     
           2           1   42.053181371417786     
           2           2   38.013155617496423     
           2           3   30.693587021831284     
           2           4   42.812775044747475     
           2           5   37.465540745617304     
           2           6   48.405432505329337     
           2           1   30.798200105799612     
           2           2   34.000000000000000     
           2           3   25.571842502644053     
           2           4   39.288621455080381     
           2           5   25.071345799974893     
           2           6   39.022171443386064     
           2           1   26.581726732031353     
           2           2   38.013155617496423     
           2           3   30.720383684018920     
           2           4   42.804881084393315     
           2           5   20.772048937991819     
           2           6   35.782311723616118     
           2           1   32.290048968001052     
           2           2   48.083261120685229     
           2           3   42.562481346916776     
           2           4   51.951130049860346     
           2           5   28.502344709562681     
           2           6   40.199723884811142     
           2           1   63.370639385101192     
           2           2   51.000000000000000     
           2           3   50.925053921956703     
           2           4   59.375420154818194     
           2           5   55.616578954283263     
           2           6   63.679122428876738     
           2           1   51.165388715185721     
           2           2   41.641325627314025     
           2           3   41.559402806916033     
           2           4   51.556789924990873     
           2           5   41.714619636746441     
           2           6   51.542939394653203     
           2           1   42.402312067569724     
           2           2   38.013155617496423     
           2           3   37.934243189772531     
           2           4   48.669956402056606     
           2           5   31.064692631649205     
           2           6   42.852287798551828     
           2           1   39.446357689590101     
           2           2   41.641325627314025     
           2           3   41.579197335856627     
           2           4   51.550234965386345     
           2           5   27.711383313707902     
           2           6   39.924460393334492     
           2           1   43.497979278060718     
           2           2   51.000000000000000     
           2           3   50.957359584336878     
           2           4   59.364036198653068     
           2           5   33.894341740468384     
           2           6   43.927286574838135     
           2           1   73.778485176880878     
           2           2   58.889727457341834     
           2           3   62.900308380444116     
           2           4   70.204055430570946     
           2           5   63.305976042194835     
           2           6   70.332206980335627     
           2           1   63.602861109345916     
           2           2   51.000000000000007     
           2           3   55.590211719944648     
           2           4   63.728105790986206     
           2           5   51.522346991527414     
           2           6   59.567300651060165     
           2           1   56.792455551721503     
           2           2   48.083261120685236     
           2           3   52.934813533076458     
           2           4   61.416069041543025     
           2           5   43.352714752086321     
           2           6   52.229371765155413     
           2           1   54.620894114741276     
           2           2   51.000000000000007     
           2           3   55.605011721020951     
           2           4   63.722802867764926     
           2           5   41.016624839644848     
           2           6   49.855303059071197     
           2           1   57.615112081755889     
           2           2   58.889727457341834     
           2           3   62.926466396963527     
           2           4   70.194427657275469     
           2           5   45.423222585992065     
           2           6   53.114924562130881     
           2           1   52.754910540178798     
           2           2   51.000000000000000     
           2           3   39.332893102155836     
           2           4   43.005200235388948     
           2           5   58.380137215860948     
           2           6   62.624349049037804     
           2           1   37.217464346752358     
           2           2   41.641325627314025     
           2           3   26.094047683311242     
           2           4   31.338623391820320     
           2           5   45.333718777562908     
           2           6   50.233983138357075     
           2           1   23.773908359823764     
           2           2   38.013155617496423     
           2           3   19.817219008029959     
           2           4   26.320550619293623     
           2           5   35.777810093178822     
           2           6   41.268596172801466     
           2           1   17.979371095809039     
           2           2   41.641325627314025     
           2           3   26.125562461419410     
           2           4   31.327838318518694     
           2           5   32.908317063076574     
           2           6   38.219641523734680     
           2           1   25.677165951489446     
           2           2   51.000000000000000     
           2           3   39.374710902288918     
           2           4   42.989481533506527     
           2           5   38.260462213417981     
           2           6   42.383781878588948     
           2           1   49.764520745416220     
           2           2   41.641325627314025     
           2           3   34.295249775827394     
           2           4   38.969425549055579     
           2           5   50.879103465171973     
           2           6   55.492321984474771     
           2           1   32.841537590686535     
           2           2   29.444863728670914     
           2           3   17.606447736545029     
           2           4   25.520152750950299     
           2           5   35.150943177674222     
           2           6   41.000509354856092     
           2           1   16.081842482128469     
           2           2   24.041630560342615     
           2           3   4.6701013493279362     
           2           4   19.024727731042205     
           2           5   21.459134258876578     
           2           6   29.337445960523951     
           2           1   4.0846938587251849     
           2           2   29.444863728670914     
           2           3   17.653121291326858     
           2           4   25.506907575179248     
           2           5   16.229605047594312     
           2           6   24.866236217322545     
           2           1   18.781474655069623     
           2           2   41.641325627314025     
           2           3   34.343202180920763     
           2           4   38.952078286751103     
           2           5   25.383177832204293     
           2           6   30.886464215651230     
           2           1   52.420744595433355     
           2           2   38.013155617496423     
           2           3   37.192093710722439     
           2           4   42.021244721698494     
           2           5   48.447145607317218     
           2           6   53.056446400428300     
           2           1   36.742258099348909     
           2           2   24.041630560342615     
           2           3   22.739276138445181     
           2           4   29.974106771834325     
           2           5   31.528265958612497     
           2           6   37.638151824585400     
           2           1   23.022871161926911     
           2           2   17.000000000000000     
           2           3   15.129359669654407     
           2           4   24.680136660435544     
           2           5   14.796526322668173     
           2           6   24.418731353196101     
           2           1   16.973852327571400     
           2           2   24.041630560342615     
           2           3   22.775433447622206     
           2           4   29.962830546966433     
           2           5   4.6736311448188275     
           2           6   18.812719341673674     
           2           1   24.983409077580191     
           2           2   38.013155617496423     
           2           3   37.236315787687310     
           2           4   42.005157816566708     
           2           5   20.068593995051799     
           2           6   26.259519743468335     
           2           1   59.978007659961072     
           2           2   41.641325627314025     
           2           3   46.565432586715339     
           2           4   50.901413421420457     
           2           5   51.803172350479826     
           2           6   55.933667947439496     
           2           1   46.897979371800915     
           2           2   29.444863728670914     
           2           3   36.085486787644044     
           2           4   41.516454052662212     
           2           5   36.475667265095034     
           2           6   41.595903382225522     
           2           1   37.141345364127289     
           2           2   24.041630560342615     
           2           3   31.843134290055936     
           2           4   37.871863248528754     
           2           5   23.566500361622083     
           2           6   30.163937844924384     
           2           1   33.727416173743507     
           2           2   29.444863728670910     
           2           3   36.108282237290645     
           2           4   41.508313561547077     
           2           5   18.928433008433167     
           2           6   25.836159049701678     
           2           1   38.387467591082512     
           2           2   41.641325627314025     
           2           3   46.600760625135102     
           2           4   50.888133818525546     
           2           5   27.188071152899955     
           2           6   31.672560404402144     
           2           1   70.885741456071699     
           2           2   51.000000000000007     
           2           3   59.425812484043504     
           2           4   63.199072529870648     
           2           5   59.983426157985008     
           2           6   63.404762561398485     
           2           1   60.223312828808730     
           2           2   41.641325627314032     
           2           3   51.626059641444684     
           2           4   55.917661230100649     
           2           5   47.380555616316357     
           2           6   51.203592487210699     
           2           1   52.980246076967909     
           2           2   38.013155617496430     
           2           3   48.755234373504010     
           2           4   53.267691016719986     
           2           5   38.338266619283353     
           2           6   42.443513659042900     
           2           1   50.645488848224069     
           2           2   41.641325627314032     
           2           3   51.641995735337431     
           2           4   55.911617532148021     
           2           5   35.675318137777893     
           2           6   39.485387421860018     
           2           1   53.861160468143495     
           2           2   51.000000000000007     
           2           3   59.453499209398203     
           2           4   63.188377442925784     
           2           5   40.664898390283390     
           2           6   43.528608845027449     
           2           1   54.245774516399692     
           2           2   48.083261120685229     
           2           3   41.231721705737080     
           2           4   38.638848546806734     
           2           5   59.804725836159854     
           2           6   59.777534831726456     
           2           1   39.302202472426323     
           2           2   38.013155617496423     
           2           3   28.876940965633001     
           2           4   25.012450616273476     
           2           5   47.154118263399361     
           2           6   46.636869949507656     
           2           1   26.920664655299820     
           2           2   34.000000000000000     
           2           3   23.360234678743197     
           2           4   18.338068454446603     
           2           5   38.058067555500784     
           2           6   36.805456209865284     
           2           1   21.972283717962142     
           2           2   38.013155617496423     
           2           3   28.905421791754907     
           2           4   24.998936446345468     
           2           5   35.374032042155868     
           2           6   33.350945637947532     
           2           1   28.615386037622130     
           2           2   48.083261120685229     
           2           3   41.271615593196280     
           2           4   38.621352802004104     
           2           5   40.400838849953082     
           2           6   38.051669386169536     
           2           1   51.342292428394472     
           2           2   38.013155617496423     
           2           3   36.457407371069614     
           2           4   34.090020495161880     
           2           5   52.507599263489162     
           2           6   52.258419187449299     
           2           1   35.186503919859490     
           2           2   24.041630560342615     
           2           3   21.516630705884783     
           2           4   17.169495221729953     
           2           5   37.469369053609313     
           2           6   36.504607162660839     
           2           1   20.448694931506086     
           2           2   17.000000000000000     
           2           3   13.220750419198110     
           2           4   2.3353019028506528     
           2           5   25.077066298432594     
           2           6   22.632505655123786     
           2           1   13.274343324674030     
           2           2   24.041630560342615     
           2           3   21.554839047416479     
           2           4   17.149801858502858     
           2           5   20.778953077486658     
           2           6   16.427850752859630     
           2           1   22.633321828685098     
           2           2   38.013155617496423     
           2           3   36.502519516785867     
           2           4   34.070188913394048     
           2           5   28.507376727029811     
           2           6   24.607280395997670     
           2           1   53.920848757428388     
           2           2   34.000000000000000     
           2           3   39.194772988510749     
           2           4   37.540623032896583     
           2           5   50.154668062824321     
           2           6   49.664183083828817     
           2           1   38.852503098526114     
           2           2   17.000000000000000     
           2           3   25.885383410994603     
           2           4   23.280043954135824     
           2           5   34.093934436384679     
           2           6   32.682947381059265     
           2           1   26.259780336485996     
           2           2   0.0000000000000000     
           2           3   19.541645760976674     
           2           4   15.894103161705795     
           2           5   19.679989893617972     
           2           6   15.742268503684897     
           2           1   21.157389480274066     
           2           2   16.999999999999996     
           2           3   25.917151922246411     
           2           4   23.265523508474860     
           2           5   13.791578556253594     
           2           6   2.3373030978309153     
           2           1   27.994538680241316     
           2           2   34.000000000000000     
           2           3   39.236737994819393     
           2           4   37.522615219782409     
           2           5   23.897976398300390     
           2           6   18.469081024787087     
           2           1   61.293432516381067     
           2           2   38.013155617496423     
           2           3   48.180057150460740     
           2           4   47.270151872355285     
           2           5   53.403496857125482     
           2           6   52.726841236669650     
           2           1   48.568960622394165     
           2           2   24.041630560342615     
           2           3   38.146307183460962     
           2           4   36.974711991359506     
           2           5   38.714843580071701     
           2           6   37.172083004937832     
           2           1   39.230128756342239     
           2           2   16.999999999999996     
           2           3   34.160848883601652     
           2           4   32.829733408184033     
           2           5   26.902504535634360     
           2           6   23.694044041805288     
           2           1   36.014747931072705     
           2           2   24.041630560342611     
           2           3   38.167871844806484     
           2           4   36.965571339570616     
           2           5   22.948864615711074     
           2           6   17.862018116216017     
           2           1   40.411893482466532     
           2           2   38.013155617496423     
           2           3   48.214202117995008     
           2           4   47.255851841537414     
           2           5   30.125670515536154     
           2           6   25.587021305987331     
           2           1   72.002165304654923     
           2           2   48.083261120685236     
           2           3   60.699304645295840     
           2           4   60.312819021937806     
           2           5   61.370809222674694     
           2           6   60.594624284748782     
           2           1   61.533493926953057     
           2           2   38.013155617496430     
           2           3   53.086989264185398     
           2           4   52.633622402238984     
           2           5   49.125165256784030     
           2           6   47.679686034399253     
           2           1   54.464942312995099     
           2           2   34.000000000000007     
           2           3   50.299615046728135     
           2           4   49.809238861780685     
           2           5   40.474529007349169     
           2           6   38.118190256987646     
           2           1   52.196637894191994     
           2           2   38.013155617496430     
           2           3   53.102486933874786     
           2           4   52.627201567234920     
           2           5   37.961732510874128     
           2           6   34.794258098096137     
           2           1   55.322220434079789     
           2           2   48.083261120685236     
           2           3   60.726410755746507     
           2           4   60.301612031576930     
           2           5   42.684877557368793     
           2           6   39.322822440994095     
           2           1   60.664054593028062     
           2           2   51.000000000000000     
           2           3   49.305509528379105     
           2           4   41.406207104252388     
           2           5   65.749296903721628     
           2           6   61.667643438847385     
           2           1   47.772236560217742     
           2           2   41.641325627314025     
           2           3   39.558262279407387     
           2           4   29.105601790182781     
           2           5   54.496565765139238     
           2           6   49.036131733955500     
           2           1   38.239320761029738     
           2           2   38.013155617496423     
           2           3   35.730644540501764     
           2           4   23.617750197195779     
           2           5   46.848493220748892     
           2           6   39.801836434502093     
           2           1   34.932860154365187     
           2           2   41.641325627314025     
           2           3   39.579057644074744     
           2           4   29.093988952799020     
           2           5   44.695491427155865     
           2           6   36.630999872892886     
           2           1   39.450776733341392     
           2           2   51.000000000000000     
           2           3   49.338875632773536     
           2           4   41.389881154625726     
           2           5   48.770816999260653     
           2           6   40.956978890256288     
           2           1   58.082307621035362     
           2           2   41.641325627314025     
           2           3   45.388555245280209     
           2           4   37.197350269847568     
           2           5   59.189634155066891     
           2           6   54.410357035344994     
           2           1   44.447874244828604     
           2           2   29.444863728670914     
           2           3   34.553491747827110     
           2           4   22.722344419231465     
           2           5   46.371526050703451     
           2           6   39.523801953288057     
           2           1   33.995184823495421     
           2           2   24.041630560342615     
           2           3   30.095957148435392     
           2           4   15.065424146522711     
           2           5   37.084013606020015     
           2           6   27.235544587390894     
           2           1   30.227994599098508     
           2           2   29.444863728670910     
           2           3   34.577297196191644     
           2           4   22.707467351580181     
           2           5   34.323894038874521     
           2           6   22.347681246625520     
           2           1   35.352379322793027     
           2           2   41.641325627314025     
           2           3   45.424798580808975     
           2           4   37.179176192211820     
           2           5   39.484621548804213     
           2           6   28.897453611517371     
           2           1   60.373681331382109     
           2           2   38.013155617496423     
           2           3   47.615214214099929     
           2           4   40.383310258511706     
           2           5   57.112656561287558     
           2           6   51.923748498414632     
           2           1   47.402958386611189     
           2           2   24.041630560342615     
           2           3   37.430354919075064     
           2           4   27.631029952639619     
           2           5   43.689371434571939     
           2           6   36.023875780593571     
           2           1   37.776970896331896     
           2           2   16.999999999999996     
           2           3   33.359471130118806     
           2           4   21.774661537027800     
           2           5   33.669969011099475     
           2           6   21.848652003834395     
           2           1   34.426132463607097     
           2           2   24.041630560342611     
           2           3   37.452331820522645     
           2           4   27.618797111035956     
           2           5   30.603471209469152     
           2           6   15.329956376770197     
           2           1   39.002790447624868     
           2           2   38.013155617496423     
           2           3   47.649763939686373     
           2           4   40.366570608227526     
           2           5   36.297080969813756     
           2           6   23.888313683529393     
           2           1   67.040348570260065     
           2           2   41.641325627314025     
           2           3   55.247590916305079     
           2           4   49.557851323203124     
           2           5   59.985817386816564     
           2           6   54.860407978245249     
           2           1   55.645910925435352     
           2           2   29.444863728670910     
           2           3   46.755953062350230     
           2           4   39.857780878783956     
           2           5   47.383582857619700     
           2           6   40.141105262169042     
           2           1   47.712959130837824     
           2           2   24.041630560342611     
           2           3   43.565376062671611     
           2           4   36.045870295910547     
           2           5   38.342007788916327     
           2           6   28.123874196091048     
           2           1   45.106380206357905     
           2           2   29.444863728670907     
           2           3   46.773548467005405     
           2           4   39.849301552198582     
           2           5   35.679338532906250     
           2           6   23.422132010698267     
           2           1   48.689265774090615     
           2           2   41.641325627314025     
           2           3   55.277370423244690     
           2           4   49.544211599403887     
           2           5   40.668425528979327     
           2           6   29.736177226664438     
           2           1   76.953461750207595     
           2           2   51.000000000000007     
           2           3   66.448355731772367     
           2           4   62.122053315309806     
           2           5   67.176938272307609     
           2           6   62.460011759144059     
           2           1   67.259901439417675     
           2           2   41.641325627314032     
           2           3   59.575219883517576     
           2           4   54.697454940048580     
           2           5   56.210734495306447     
           2           6   50.028961982849836     
           2           1   60.860113440082365     
           2           2   38.013155617496430     
           2           3   57.105425914555369     
           2           4   51.985321444876099     
           2           5   48.831878003638593     
           2           6   41.018788441523419     
           2           1   58.838868736909021     
           2           2   41.641325627314032     
           2           3   59.589030144784822     
           2           4   54.691276402508151     
           2           5   46.770267758723072     
           2           6   37.949769081503987     
           2           1   61.628496172945233     
           2           2   51.000000000000007     
           2           3   66.473117561232058     
           2           4   62.111172773857646     
           2           5   50.679025080234723     
           2           6   42.140585442877942     
           2           1   70.679919258921771     
           2           2   58.889727457341827     
           2           3   61.155634776256029     
           2           4   50.139678464240397     
           2           5   75.148751515439258     
           2           6   67.900241708283815     
           2           1   59.980914070620962     
           2           2   51.000000000000000     
           2           3   53.608157118111407     
           2           4   40.578928341022795     
           2           5   65.530454684746701     
           2           6   56.675274963359328     
           2           1   52.704545525473712     
           2           2   48.083261120685229     
           2           3   50.849359428742289     
           2           4   36.841708620995220     
           2           5   59.322391455925384     
           2           6   48.905324457582388     
           2           1   50.357007311259537     
           2           2   51.000000000000000     
           2           3   53.623504165866720     
           2           4   40.570599735803306     
           2           5   57.637242863537963     
           2           6   46.361349510453493     
           2           1   53.589992084770465     
           2           2   58.889727457341827     
           2           3   61.182538716042409     
           2           4   50.126197060331776     
           2           5   60.851930140061015     
           2           6   49.849961851133315     
           2           1   68.476842256097015     
           2           2   51.000000000000000     
           2           3   58.043943200712917     
           2           4   46.724257477619702     
           2           5   69.482210690263415     
           2           6   61.384293833653111     
           2           1   57.368432013311200     
           2           2   41.641325627314025     
           2           3   50.029213335819001     
           2           4   36.274209924453920     
           2           5   58.946443822053958     
           2           6   48.679312829838551     
           2           1   49.711126098343662     
           2           2   38.013155617496423     
           2           3   47.061077672681840     
           2           4   32.038732410190661     
           2           5   51.957568035147411     
           2           6   39.361395627115471     
           2           1   47.214988343373967     
           2           2   41.641325627314025     
           2           3   50.045657917820364     
           2           4   36.264892709895776     
           2           5   50.024938910381287     
           2           6   36.151949239886434     
           2           1   50.648930793891942     
           2           2   51.000000000000000     
           2           3   58.072288754110588     
           2           4   46.709790323536048     
           2           5   53.697301141191332     
           2           6   40.529093278438218     
           2           1   70.430851650999415     
           2           2   48.083261120685229     
           2           3   59.801229248974117     
           2           4   49.298327732007188     
           2           5   67.721638716757866     
           2           6   59.191386492201410     
           2           1   59.687217480668366     
           2           2   38.013155617496423     
           2           3   52.057755084153030     
           2           4   39.534632741190848     
           2           5   56.860583775964564     
           2           6   45.883158162861712     
           2           1   52.370058209668990     
           2           2   34.000000000000000     
           2           3   49.212119534876400     
           2           4   35.688222914419399     
           2           5   49.578539956355044     
           2           6   35.845615786692861     
           2           1   50.006820166689600     
           2           2   38.013155617496423     
           2           3   52.073559066269574     
           2           4   39.526084091366045     
           2           5   47.549313991521494     
           2           6   32.288575986813427     
           2           1   53.261065793721677     
           2           2   48.083261120685229     
           2           3   59.828742244355844     
           2           4   49.284616184020244     
           2           5   51.398860862131080     
           2           6   37.124063724021987     
           2           1   76.222908650902198     
           2           2   51.000000000000000     
           2           3   66.039947736874595     
           2           4   57.056936453948154     
           2           5   70.161692529185743     
           2           6   61.783565292738345     
           2           1   66.422818891577450     
           2           2   41.641325627314025     
           2           3   59.119349977840848     
           2           4   48.868763707692956     
           2           5   59.745867935953584     
           2           6   49.181835146841379     
           2           1   59.933712848469618     
           2           2   38.013155617496423     
           2           3   56.629677612677028     
           2           4   45.812859931756911     
           2           5   52.862788162192274     
           2           6   39.981206541825415     
           2           1   57.880126141036762     
           2           2   41.641325627314025     
           2           3   59.133266705206104     
           2           4   48.861848142853013     
           2           5   50.964497536434358     
           2           6   36.825817637482594     
           2           1   60.713821065732986     
           2           2   51.000000000000000     
           2           3   66.064862642272558     
           2           4   57.045089821505925     
           2           5   54.573671729155549     
           2           6   41.131311829288208     
           2           1   85.072667420990598     
           2           2   58.889727457341834     
           2           3   75.659516086807599     
           2           4   68.254398230790713     
           2           5   76.400954487734779     
           2           6   68.620679431895468     
           2           1   76.416083440739030     
           2           2   51.000000000000007     
           2           3   69.700683061238379     
           2           4   61.573735851057606     
           2           5   66.962761916585620     
           2           6   57.536437270863253     
           2           1   70.848266561162276     
           2           2   48.083261120685236     
           2           3   67.601834767382641     
           2           4   59.177588793936735     
           2           5   60.900879471135205     
           2           6   49.900757328451469     
           2           1   69.119721795020411     
           2           2   51.000000000000007     
           2           3   69.712487465516588     
           2           4   61.568247370480812     
           2           5   59.260634127708641     
           2           6   47.410226218422785     
           2           1   71.509405027034987     
           2           2   58.889727457341834     
           2           3   75.681264216073387     
           2           4   68.244495404986083     
           2           5   62.391733379339243     
           2           6   50.826897585934198     
           3           1   68.102789524082354     
           3           2   75.681264216073387     
           3           3   58.889727457341827     
           3           4   68.080895128541187     
           3           5   75.417303005980600     
           3           6   84.457292934017417     
           3           1   56.914200007974053     
           3           2   69.712487465516588     
           3           3   51.000000000000000     
           3           4   61.374648720775347     
           3           5   65.832001221617091     
           3           6   75.722225622059895     
           3           1   49.177864778108102     
           3           2   67.601834767382641     
           3           3   48.083261120685229     
           3           4   58.963435531638744     
           3           5   59.648429794841199     
           3           6   70.090488488623492     
           3           1   46.644384503604485     
           3           2   69.700683061238365     
           3           3   51.000000000000000     
           3           4   61.355732851860431     
           3           5   57.965661983084473     
           3           6   68.333723006942776     
           3           1   50.109228963398657     
           3           2   75.659516086807599     
           3           3   58.889727457341827     
           3           4   68.046786683016947     
           3           5   61.156363211724013     
           3           6   70.741210220106481     
           3           1   61.930034736623426     
           3           2   66.064862642272544     
           3           3   51.000000000000000     
           3           4   61.709719529747829     
           3           5   66.122043702323978     
           3           6   76.121845469973707     
           3           1   49.361578419511638     
           3           2   59.133266705206104     
           3           3   41.641325627314025     
           3           4   54.221109436595704     
           3           5   54.938214891996139     
           3           6   66.297484727327884     
           3           1   40.197035284356595     
           3           2   56.629677612677028     
           3           3   38.013155617496423     
           3           4   51.475896618033133     
           3           5   47.352827240474795     
           3           6   59.784426104011331     
           3           1   37.054525597260330     
           3           2   59.119349977840848     
           3           3   41.641325627314025     
           3           4   54.199697016916822     
           3           5   45.214743611054089     
           3           6   57.714805102345345     
           3           1   41.331272528489045     
           3           2   66.039947736874595     
           3           3   51.000000000000000     
           3           4   61.672087534157050     
           3           5   49.238763509662412     
           3           6   60.546014331394481     
           3           1   60.088838098246725     
           3           2   59.828742244355837     
           3           3   48.083261120685229     
           3           4   59.658785500350724     
           3           5   60.286646399084034     
           3           6   70.950943515690369     
           3           1   47.030890758984349     
           3           2   52.073559066269574     
           3           3   38.013155617496423     
           3           4   51.874944929821424     
           3           5   47.755235589360225     
           3           6   60.289779475317381     
           3           1   37.298001383046412     
           3           2   49.212119534876400     
           3           3   34.000000000000000     
           3           4   48.998460542828816     
           3           5   38.789757905179073     
           3           6   53.044119679735651     
           3           1   33.887713536854982     
           3           2   52.057755084153023     
           3           3   38.013155617496423     
           3           4   51.852563674926429     
           3           5   36.148694450692240     
           3           6   50.700096213062913     
           3           1   38.517701779080184     
           3           2   59.801229248974110     
           3           3   48.083261120685229     
           3           4   59.619858971297873     
           3           5   41.070803530447435     
           3           6   53.901028556323055     
           3           1   62.960366307028664     
           3           2   58.072288754110581     
           3           3   51.000000000000000     
           3           4   62.355848886159635     
           3           5   58.947729428064854     
           3           6   69.652978498975997     
           3           1   50.648237354338818     
           3           2   50.045657917820357     
           3           3   41.641325627314025     
           3           4   54.955355648096059     
           3           5   46.053421120167044     
           3           6   58.756774394060557     
           3           1   41.766974617365513     
           3           2   47.061077672681833     
           3           3   38.013155617496423     
           3           4   52.248735281381407     
           3           5   36.674246945486878     
           3           6   51.295025690706581     
           3           1   38.751985630079233     
           3           2   50.029213335818994     
           3           3   41.641325627314025     
           3           4   54.934229425732532     
           3           5   33.868616463706616     
           3           6   48.867174913493464     
           3           1   42.859685158200584     
           3           2   58.043943200712903     
           3           3   51.000000000000000     
           3           4   62.318607066382384     
           3           5   39.078970985848187     
           3           6   52.180666031028032     
           3           1   69.966756299210800     
           3           2   61.182538716042401     
           3           3   58.889727457341827     
           3           4   69.248343613766622     
           3           5   62.395431526679054     
           3           6   72.436444154796419     
           3           1   59.131913622166543     
           3           2   53.623504165866713     
           3           3   51.000000000000000     
           3           4   62.667155012378217     
           3           5   50.391196329791576     
           3           6   62.031117716889952     
           3           1   51.728323288171417     
           3           2   50.849359428742282     
           3           3   48.083261120685229     
           3           4   60.307640821380069     
           3           5   41.992326200089281     
           3           6   55.015276865815885     
           3           1   49.326013945906780     
           3           2   53.608157118111407     
           3           3   51.000000000000000     
           3           4   62.648629398700614     
           3           5   39.565619568532099     
           3           6   52.758902680382704     
           3           1   52.614559518996288     
           3           2   61.155634776256022     
           3           3   58.889727457341827     
           3           4   69.214810478906045     
           3           5   44.108060986501272     
           3           6   55.841946021371882     
           3           1   61.461654815905661     
           3           2   66.473117561232058     
           3           3   51.000000000000000     
           3           4   57.083651391680114     
           3           5   69.542476290808409     
           3           6   75.924966324992482     
           3           1   48.772648424047588     
           3           2   59.589030144784822     
           3           3   41.641325627314025     
           3           4   48.891537921219154     
           3           5   59.010497378049237     
           3           6   66.071337468428467     
           3           1   39.471603158244839     
           3           2   57.105425914555369     
           3           3   38.013155617496423     
           3           4   45.828175879006551     
           3           5   52.022318219701255     
           3           6   59.533543135636378     
           3           1   36.266288443514263     
           3           2   59.575219883517576     
           3           3   41.641325627314025     
           3           4   48.867790296802916     
           3           5   50.083973335778445     
           3           6   57.454885620792901     
           3           1   40.626098742734193     
           3           2   66.448355731772352     
           3           3   51.000000000000000     
           3           4   57.042967599761603     
           3           5   53.744647893963098     
           3           6   60.298300184284734     
           3           1   54.542408034734429     
           3           2   55.277370423244690     
           3           3   41.641325627314025     
           3           4   49.311504328539613     
           3           5   59.333894860642694     
           3           6   66.528952640661416     
           3           1   39.700258132834286     
           3           2   46.773548467005412     
           3           3   29.444863728670914     
           3           4   39.540658609066291     
           3           5   46.546684860265906     
           3           6   55.017475976993786     
           3           1   27.483571772968066     
           3           2   43.565376062671618     
           3           3   24.041630560342615     
           3           4   35.683370179032636     
           3           5   37.291777426505327     
           3           6   46.965346653621175     
           3           1   22.640294586999069     
           3           2   46.755953062350230     
           3           3   29.444863728670914     
           3           4   39.511291189089512     
           3           5   34.536349774912779     
           3           6   44.300845473992062     
           3           1   29.117334365843167     
           3           2   55.247590916305072     
           3           3   41.641325627314025     
           3           4   49.264402518696699     
           3           5   39.659075227773826     
           3           6   47.931054997008360     
           3           1   52.442478352432829     
           3           2   47.649763939686380     
           3           3   38.013155617496423     
           3           4   46.719435592484395     
           3           5   52.752878120629141     
           3           6   60.544219934486719     
           3           1   36.762069546362561     
           3           2   37.452331820522652     
           3           3   24.041630560342615     
           3           4   36.256652991905440     
           3           5   37.801441006356598     
           3           6   47.606971032520192     
           3           1   23.036622558825982     
           3           2   33.359471130118813     
           3           3   17.000000000000000     
           3           4   32.006001160260446     
           3           5   25.554485600460904     
           3           6   38.016375607189779     
           3           1   16.968270404022398     
           3           2   37.430354919075072     
           3           3   24.041630560342615     
           3           4   36.224623315719100     
           3           5   21.333413380218108     
           3           6   34.670822570609019     
           3           1   24.963141270485867     
           3           2   47.615214214099929     
           3           3   38.013155617496423     
           3           4   46.669717788528430     
           3           5   28.899780597754969     
           3           6   39.203151163374216     
           3           1   55.709539553502943     
           3           2   45.424798580808975     
           3           3   41.641325627314025     
           3           4   50.117730046531591     
           3           5   51.217391779415166     
           3           6   59.017824387956118     
           3           1   41.289090797080050     
           3           2   34.577297196191644     
           3           3   29.444863728670914     
           3           4   40.541658687233841     
           3           5   35.627293088771275     
           3           6   45.650024303425575     
           3           1   29.732561955467833     
           3           2   30.095957148435396     
           3           3   24.041630560342615     
           3           4   36.789472858513619     
           3           5   22.212312013392811     
           3           6   35.535135321524564     
           3           1   25.323140840384422     
           3           2   34.553491747827110     
           3           3   29.444863728670914     
           3           4   40.513016887198830     
           3           5   17.189229102185472     
           3           6   31.930658711257120     
           3           1   31.248962920521983     
           3           2   45.388555245280202     
           3           3   41.641325627314025     
           3           4   50.071386653433166     
           3           5   25.991390676039739     
           3           6   36.802012025845784     
           3           1   63.520800205769071     
           3           2   49.338875632773544     
           3           3   51.000000000000000     
           3           4   58.471087453148442     
           3           5   55.150487680185158     
           3           6   62.278444292546013     
           3           1   51.343239870185869     
           3           2   39.579057644074751     
           3           3   41.641325627314025     
           3           4   50.504527441100571     
           3           5   41.081128070068381     
           3           6   49.793832418437866     
           3           1   42.607094502601988     
           3           2   35.730644540501771     
           3           3   38.013155617496423     
           3           4   47.545204975307733     
           3           5   30.195063763079983     
           3           6   40.721577453865798     
           3           1   39.656030103123896     
           3           2   39.558262279407394     
           3           3   41.641325627314025     
           3           4   50.481538608081024     
           3           5   26.717497409068297     
           3           6   37.617389512656359     
           3           1   43.678792853352540     
           3           2   49.305509528379105     
           3           3   51.000000000000000     
           3           4   58.431369694149069     
           3           5   33.074271873325898     
           3           6   41.831676002314630     
           3           1   59.119202332724498     
           3           2   60.726410755746507     
           3           3   48.083261120685229     
           3           4   49.599175707972229     
           3           5   67.546594470923637     
           3           6   70.527772495379850     
           3           1   45.785546912140624     
           3           2   53.102486933874786     
           3           3   38.013155617496423     
           3           4   39.898840271434580     
           3           5   56.644728058015389     
           3           6   59.791201832508555     
           3           1   35.714878239048254     
           3           2   50.299615046728135     
           3           3   34.000000000000000     
           3           4   36.079865286619309     
           3           5   49.322489889639812     
           3           6   52.476746659749139     
           3           1   32.137030808963274     
           3           2   53.086989264185398     
           3           3   38.013155617496423     
           3           4   39.869736683300836     
           3           5   47.273574024614717     
           3           6   50.106187875423224     
           3           1   36.986821582862014     
           3           2   60.699304645295832     
           3           3   48.083261120685229     
           3           4   49.552347343903818     
           3           5   51.135834726812007     
           3           6   53.342770708156202     
           3           1   51.888528076787267     
           3           2   48.214202117995008     
           3           3   38.013155617496423     
           3           4   40.412367337821472     
           3           5   56.981553991581897     
           3           6   60.296498415514861     
           3           1   35.967423699255320     
           3           2   38.167871844806484     
           3           3   24.041630560342615     
           3           4   27.658609110766349     
           3           5   43.508393298795440     
           3           6   47.291530368427530     
           3           1   21.746075258491253     
           3           2   34.160848883601652     
           3           3   17.000000000000000     
           3           4   21.790775159165737     
           3           5   33.422493617170062     
           3           6   37.620605630473584     
           3           1   15.169970689957765     
           3           2   38.146307183460962     
           3           3   24.041630560342615     
           3           4   27.616609243939809     
           3           5   30.317418619283519     
           3           6   34.236400094334364     
           3           1   23.777389098056791     
           3           2   48.180057150460726     
           3           3   38.013155617496423     
           3           4   40.354879881218935     
           3           5   36.044814660141952     
           3           6   38.819482413281293     
           3           1   49.676539809989421     
           3           2   39.236737994819393     
           3           3   34.000000000000000     
           3           4   37.205384513316581     
           3           5   50.092440207796962     
           3           6   53.620600044985643     
           3           1   32.695486371664153     
           3           2   25.917151922246411     
           3           3   17.000000000000000     
           3           4   22.717391154771377     
           3           5   33.990224449373954     
           3           6   38.418613621525068     
           3           1   15.755349906171190     
           3           2   19.541645760976674     
           3           3   0.0000000000000000     
           3           4   15.030604943715073     
           3           5   19.478658841561050     
           3           6   25.589275019346466     
           3           1   2.3382198895956705     
           3           2   25.885383410994603     
           3           3   17.000000000000000     
           3           4   22.666237205790889     
           3           5   13.472228561490111     
           3           6   20.288719018988523     
           3           1   18.458155212217527     
           3           2   39.194772988510742     
           3           3   34.000000000000000     
           3           4   37.142933825484576     
           3           5   23.697758007038036     
           3           6   27.321296507435072     
           3           1   53.114008218278791     
           3           2   36.502519516785860     
           3           3   38.013155617496423     
           3           4   41.392292032701626     
           3           5   48.472751486251170     
           3           6   51.890941186265280     
           3           1   37.713844813245956     
           3           2   21.554839047416479     
           3           3   24.041630560342615     
           3           4   29.071653957344815     
           3           5   31.554562725459693     
           3           6   35.965134514028449     
           3           1   24.526930345720221     
           3           2   13.220750419198110     
           3           3   17.000000000000000     
           3           4   23.558444089344050     
           3           5   14.824750282621139     
           3           6   21.732740831010656     
           3           1   18.942189254941564     
           3           2   21.516630705884779     
           3           3   24.041630560342615     
           3           4   29.031698400298538     
           3           5   4.6750415066800137     
           3           6   15.137144626500570     
           3           1   26.344691217705250     
           3           2   36.457407371069607     
           3           3   38.013155617496423     
           3           4   41.336167409437508     
           3           5   20.048411538979501     
           3           6   23.747721382467677     
           3           1   61.257139424962624     
           3           2   41.271615593196280     
           3           3   48.083261120685229     
           3           4   51.189872461817792     
           3           5   52.611431336963420     
           3           6   55.571312790040970     
           3           1   48.514671514043272     
           3           2   28.905421791754907     
           3           3   38.013155617496423     
           3           4   41.859792961173611     
           3           5   37.603796343868275     
           3           6   41.097346977928986     
           3           1   39.152389118695361     
           3           2   23.360234678743200     
           3           3   34.000000000000000     
           3           4   38.237174200605708     
           3           5   25.261201309878885     
           3           6   29.458666840846789     
           3           1   35.918599573033838     
           3           2   28.876940965633001     
           3           3   38.013155617496423     
           3           4   41.832053678281369     
           3           5   20.981207871934640     
           3           6   24.992682438180250     
           3           1   40.316026799204295     
           3           2   41.231721705737080     
           3           3   48.083261120685229     
           3           4   51.144500574722215     
           3           5   28.640772962900943     
           3           6   30.975075445774799     
           3           1   61.568053048685044     
           3           2   59.453499209398203     
           3           3   51.000000000000000     
           3           4   47.324551826866163     
           3           5   69.763377502678097     
           3           6   69.005310483098853     
           3           1   48.906659851107271     
           3           2   51.641995735337431     
           3           3   41.641325627314025     
           3           4   37.033126113101623     
           3           5   59.270664183289504     
           3           6   57.987533128118059     
           3           1   39.637073547098815     
           3           2   48.755234373504010     
           3           3   38.013155617496423     
           3           4   32.882999464830398     
           3           5   52.317247871761971     
           3           6   50.412053337473843     
           3           1   36.446314230170557     
           3           2   51.626059641444684     
           3           3   41.641325627314025     
           3           4   37.001768577990745     
           3           5   50.390249225643728     
           3           6   47.939506100042628     
           3           1   40.786885668686999     
           3           2   59.425812484043497     
           3           3   51.000000000000000     
           3           4   47.275470404791641     
           3           5   54.030176838222488     
           3           6   51.312935684208732     
           3           1   54.662276002043853     
           3           2   46.600760625135102     
           3           3   41.641325627314025     
           3           4   37.585827229827721     
           3           5   59.592649808993421     
           3           6   58.508408821989001     
           3           1   39.864779433854032     
           3           2   36.108282237290645     
           3           3   29.444863728670914     
           3           4   23.335244430809087     
           3           5   46.876078157248067     
           3           6   44.989499066968037     
           3           1   27.720693730425356     
           3           2   31.843134290055936     
           3           3   24.041630560342615     
           3           4   15.949070717153200     
           3           5   37.702115266275641     
           3           6   34.682504951523256     
           3           1   22.927561634030251     
           3           2   36.085486787644044     
           3           3   29.444863728670914     
           3           4   23.285447834128096     
           3           5   34.979026397237533     
           3           6   30.978981150582612     
           3           1   29.341256007002634     
           3           2   46.565432586715325     
           3           3   41.641325627314025     
           3           4   37.524009712863148     
           3           5   40.045163001862605     
           3           6   35.979416289649144     
           3           1   52.567134972733129     
           3           2   37.236315787687310     
           3           3   38.013155617496423     
           3           4   34.114155588071888     
           3           5   53.043745926673346     
           3           6   51.601695038953217     
           3           1   36.939679219340206     
           3           2   22.775433447622206     
           3           3   24.041630560342615     
           3           4   17.193453276823828     
           3           5   38.206305423065707     
           3           6   35.546533646881052     
           3           1   23.319007749344028     
           3           2   15.129359669654406     
           3           3   17.000000000000000     
           3           4   2.3353928315106183     
           3           5   26.149657095795455     
           3           6   21.032764386180052     
           3           1   17.349707317421210     
           3           2   22.739276138445174     
           3           3   24.041630560342615     
           3           4   17.125807536365063     
           3           5   22.042852773059817     
           3           6   14.113762827123084     
           3           1   25.223968077730976     
           3           2   37.192093710722425     
           3           3   38.013155617496423     
           3           4   34.046035126983078     
           3           5   29.427370771475598     
           3           6   23.108860304134407     
           3           1   55.826901586595909     
           3           2   34.343202180920763     
           3           3   41.641325627314025     
           3           4   38.637505282094672     
           3           5   51.516929766918622     
           3           6   49.801967420025264     
           3           1   41.447305851474560     
           3           2   17.653121291326858     
           3           3   29.444863728670914     
           3           4   24.993920031060387     
           3           5   36.056578383933370     
           3           6   32.879432512149215     
           3           1   29.951884480477847     
           3           2   4.6701013493279318     
           3           3   24.041630560342615     
           3           4   18.290305153665116     
           3           5   22.894532904251108     
           3           6   16.120738374426043     
           3           1   25.580297213247974     
           3           2   17.606447736545025     
           3           3   29.444863728670914     
           3           4   24.947434471490968     
           3           5   18.062182289273409     
           3           6   4.0864812678403268     
           3           1   31.457714905954539     
           3           2   34.295249775827379     
           3           3   41.641325627314025     
           3           4   38.577373041777783     
           3           5   26.576779737169957     
           3           6   18.748878701621795     
           3           1   63.623755015539501     
           3           2   39.374710902288925     
           3           3   51.000000000000000     
           3           4   48.989162243914841     
           3           5   55.428775228086877     
           3           6   53.625898471889364     
           3           1   51.470558806599335     
           3           2   26.125562461419410     
           3           3   41.641325627314025     
           3           4   39.137925870640601     
           3           5   41.453973457714305     
           3           6   38.426008253956113     
           3           1   42.760433176592272     
           3           2   19.817219008029962     
           3           3   38.013155617496423     
           3           4   35.236578516520389     
           3           5   30.700402400945624     
           3           6   25.600375656400452     
           3           1   39.820734134820079     
           3           2   26.094047683311242     
           3           3   41.641325627314025     
           3           4   39.108256029207610     
           3           5   27.287313897250737     
           3           6   20.302717974806683     
           3           1   43.828382226842891     
           3           2   39.332893102155829     
           3           3   51.000000000000000     
           3           4   48.941750211258288     
           3           5   33.536253396499120     
           3           6   27.331693701273906     
           3           1   68.294730601663375     
           3           2   62.926466396963527     
           3           3   58.889727457341834     
           3           4   50.962223070792163     
           3           5   75.824239241438704     
           3           6   71.605160823628395     
           3           1   57.143734998160440     
           3           2   55.605011721020951     
           3           3   51.000000000000007     
           3           4   41.581094314752328     
           3           5   66.297798219021118     
           3           6   61.058334238606648     
           3           1   49.443327872688734     
           3           2   52.934813533076458     
           3           3   48.083261120685236     
           3           4   37.931868244359855     
           3           5   60.162121312642761     
           3           6   53.916057936473088     
           3           1   46.924182387255414     
           3           2   55.590211719944648     
           3           3   51.000000000000007     
           3           4   41.553168983876823     
           3           5   58.494133321079730     
           3           6   51.611650107556528     
           3           1   50.369783742821681     
           3           2   62.900308380444116     
           3           3   58.889727457341834     
           3           4   50.916648325452158     
           3           5   61.657492854732226     
           3           6   54.759323865808980     
           3           1   62.141045126966588     
           3           2   50.957359584336878     
           3           3   51.000000000000007     
           3           4   42.074093968306656     
           3           5   66.585811756102260     
           3           6   61.553229684475660     
           3           1   49.626058790295950     
           3           2   41.579197335856627     
           3           3   41.641325627314032     
           3           4   30.034457001068720     
           3           5   55.495523417354939     
           3           6   48.883751983716763     
           3           1   40.521376243214178     
           3           2   37.934243189772531     
           3           3   38.013155617496430     
           3           4   24.736770837039202     
           3           5   47.998290714496243     
           3           6   39.603564630235624     
           3           1   37.406124555082343     
           3           2   41.559402806916033     
           3           3   41.641325627314032     
           3           4   29.995783962739502     
           3           5   45.890289862457848     
           3           6   36.404168097032070     
           3           1   41.646781097901751     
           3           2   50.925053921956696     
           3           3   51.000000000000007     
           3           4   42.018880037841171     
           3           5   49.859818449403797     
           3           6   40.744135507489723     
           3           1   60.306291139396237     
           3           2   42.562481346916776     
           3           3   48.083261120685236     
           3           4   39.003981670986050     
           3           5   60.794945496276547     
           3           6   55.030001931691267     
           3           1   47.308402769231527     
           3           2   30.720383684018920     
           3           3   38.013155617496430     
           3           4   25.556795775013804     
           3           5   48.395332316684645     
           3           6   40.362386401421574     
           3           1   37.647326520777611     
           3           2   25.571842502644053     
           3           3   34.000000000000007     
           3           4   19.052271108214647     
           3           5   39.575130854988302     
           3           6   28.424344485552854     
           3           1   34.271816639160782     
           3           2   30.693587021831284     
           3           3   38.013155617496430     
           3           4   25.511335881840012     
           3           5   36.990184837826270     
           3           6   23.764773991121739     
           3           1   38.856063070445906     
           3           2   42.523798508052245     
           3           3   48.083261120685236     
           3           4   38.944415293738906     
           3           5   41.813353925315027     
           3           6   29.993092642553783     
           3           1   63.167935002717506     
           3           2   40.055925167269173     
           3           3   51.000000000000007     
           3           4   43.016180550199167     
           3           5   59.467474038934824     
           3           6   53.346060216421535     
           3           1   50.906033376150567     
           3           2   27.141376094306001     
           3           3   41.641325627314032     
           3           4   31.340564979312049     
           3           5   46.716841296458533     
           3           6   38.034500969906126     
           3           1   42.079216433768920     
           3           2   21.138388102673819     
           3           3   38.013155617496430     
           3           4   26.307227853151463     
           3           5   37.503947163806615     
           3           6   25.008886169629932     
           3           1   39.088318936303473     
           3           2   27.111042157503995     
           3           3   41.641325627314032     
           3           4   31.303505577055986     
           3           5   34.765339708000894     
           3           6   19.551611464562832     
           3           1   43.164023200489467     
           3           2   40.014819281769292     
           3           3   51.000000000000007     
           3           4   42.962177383227704     
           3           5   39.858645701526399     
           3           6   26.778473337308501     
           3           1   70.153597726884016     
           3           2   44.445353678479123     
           3           3   58.889727457341834     
           3           4   52.511646251703539     
           3           5   62.886688092533056     
           3           6   56.932443901752549     
           3           1   59.352872682050354     
           3           2   33.280123480717357     
           3           3   51.000000000000007     
           3           4   43.466219253107326     
           3           5   50.998218904140600     
           3           6   42.919975443165370     
           3           1   51.980762953210785     
           3           2   28.596219578442383     
           3           3   48.083261120685236     
           3           4   39.989391596451490     
           3           5   42.718861449502015     
           3           6   31.952236470357374     
           3           1   49.590683991896135     
           3           2   33.255389479980359     
           3           3   51.000000000000007     
           3           4   43.439505802316539     
           3           5   40.335888681035094     
           3           6   27.888466054506356     
           3           1   52.862767240944891     
           3           2   44.408310987380339     
           3           3   58.889727457341834     
           3           4   52.467417398273376     
           3           5   44.800298077534713     
           3           6   33.355474247701395     
           4           1   62.634330286062124     
           4           2   68.244495404986083     
           4           3   52.467417398273376     
           4           4   58.889727457341827     
           4           5   70.825805703997972     
           4           6   77.508153726177312     
           4           1   50.253918532534200     
           4           2   61.568247370480805     
           4           3   43.439505802316539     
           4           4   50.999999999999993     
           4           5   60.527170111218894     
           4           6   67.893267658592663     
           4           1   41.301977257337803     
           4           2   59.177588793936728     
           4           3   39.989391596451490     
           4           4   48.083261120685229     
           4           5   53.747389608467387     
           4           6   61.558733683222187     
           4           1   38.265523945932252     
           4           2   61.573735851057599     
           4           3   43.466219253107326     
           4           4   50.999999999999993     
           4           5   51.884732415001878     
           4           6   59.560553993414501     
           4           1   42.434034928907948     
           4           2   68.254398230790699     
           4           3   52.511646251703546     
           4           4   58.889727457341827     
           4           5   55.437072666477484     
           4           6   62.317264793338090     
           4           1   55.500607104469807     
           4           2   57.045089821505918     
           4           3   42.962177383227704     
           4           4   50.999999999999993     
           4           5   60.502633177076731     
           4           6   68.036267674793450     
           4           1   41.020901824018821     
           4           2   48.861848142853006     
           4           3   31.303505577055983     
           4           4   41.641325627314025     
           4           5   48.039693893819340     
           4           6   56.841143711546785     
           4           1   29.378757358793365     
           4           2   45.812859931756904     
           4           3   26.307227853151456     
           4           4   38.013155617496416     
           4           5   39.154255930407125     
           4           6   49.100891211436121     
           4           1   24.930069824168573     
           4           2   48.868763707692949     
           4           3   31.340564979312045     
           4           4   41.641325627314025     
           4           5   36.555428126555704     
           4           6   46.571229499314867     
           4           1   30.950046509318618     
           4           2   57.056936453948147     
           4           3   43.016180550199174     
           4           4   50.999999999999993     
           4           5   41.443249071081993     
           4           6   50.048589554536157     
           4           1   53.061996264237273     
           4           2   49.284616184020244     
           4           3   38.944415293738906     
           4           4   48.083261120685229     
           4           5   53.692108257166986     
           4           6   61.873690242231028     
           4           1   37.655974891602476     
           4           2   39.526084091366037     
           4           3   25.511335881840008     
           4           4   38.013155617496416     
           4           5   39.116314462782618     
           4           6   49.298432465060444     
           4           1   24.461591169179098     
           4           2   35.688222914419391     
           4           3   19.052271108214640     
           4           4   33.999999999999993     
           4           5   27.483260818237255     
           4           6   40.128759547644833     
           4           1   18.888261963958620     
           4           2   39.534632741190840     
           4           3   25.556795775013796     
           4           4   38.013155617496416     
           4           5   23.634153110598515     
           4           6   36.990529087230776     
           4           1   26.327997217984336     
           4           2   49.298327732007188     
           4           3   39.003981670986057     
           4           4   48.083261120685229     
           4           5   30.656430994281962     
           4           6   41.282940077880070     
           4           1   55.935976849672834     
           4           2   46.709790323536048     
           4           3   42.018880037841171     
           4           4   50.999999999999993     
           4           5   51.798806519443787     
           4           6   60.048092136777889     
           4           1   41.608058157263258     
           4           2   36.264892709895769     
           4           3   29.995783962739495     
           4           4   41.641325627314025     
           4           5   36.474099370522232     
           4           6   46.986756310555599     
           4           1   30.193169775783169     
           4           2   32.038732410190654     
           4           3   24.736770837039195     
           4           4   38.013155617496416     
           4           5   23.571242923161446     
           4           6   37.252344461900741     
           4           1   25.884831438514937     
           4           2   36.274209924453913     
           4           3   30.034457001068716     
           4           4   41.641325627314025     
           4           5   18.943258985577078     
           4           6   33.848472155012807     
           4           1   31.724146893043418     
           4           2   46.724257477619702     
           4           3   42.074093968306656     
           4           4   50.999999999999993     
           4           5   27.204606761477091     
           4           6   38.492869035046574     
           4           1   63.404192012108638     
           4           2   50.126197060331776     
           4           3   50.916648325452151     
           4           4   58.889727457341827     
           4           5   55.329831235764729     
           4           6   62.938010727559366     
           4           1   51.210238841460274     
           4           2   40.570599735803306     
           4           3   41.553168983876816     
           4           4   50.999999999999993     
           4           5   41.335623772118936     
           4           6   50.627809489083646     
           4           1   42.460399900265557     
           4           2   36.841708620995213     
           4           3   37.931868244359848     
           4           4   48.083261120685229     
           4           5   30.559407073471210     
           4           6   41.751131637160661     
           4           1   39.513068182330976     
           4           2   40.578928341022788     
           4           3   41.581094314752320     
           4           4   50.999999999999993     
           4           5   27.149971063227312     
           4           6   38.744533708693517     
           4           1   43.562363970204849     
           4           2   50.139678464240397     
           4           3   50.962223070792156     
           4           4   58.889727457341827     
           4           5   33.441957131514279     
           4           6   42.861647094164013     
           4           1   59.766792012188155     
           4           2   62.111172773857646     
           4           3   48.941750211258288     
           4           4   51.000000000000000     
           4           5   68.367727729381158     
           4           6   71.753362994678582     
           4           1   46.631174389234758     
           4           2   54.691276402508151     
           4           3   39.108256029207610     
           4           4   41.641325627314025     
           4           5   57.631499745631736     
           4           6   61.241546358388767     
           4           1   36.808469438571990     
           4           2   51.985321444876092     
           4           3   35.236578516520389     
           4           4   38.013155617496423     
           4           5   50.464178691252961     
           4           6   54.134174970043183     
           4           1   33.365557389340189     
           4           2   54.697454940048573     
           4           3   39.137925870640601     
           4           4   41.641325627314025     
           4           5   48.475528868024412     
           4           6   51.850658616914600     
           4           1   38.074366933573806     
           4           2   62.122053315309806     
           4           3   48.989162243914841     
           4           4   51.000000000000000     
           4           5   52.260123106309521     
           4           6   54.995206139520839     
           4           1   52.242965899816255     
           4           2   49.544211599403887     
           4           3   38.577373041777783     
           4           4   41.641325627314025     
           4           5   57.605729425277026     
           4           6   61.400040114982993     
           4           1   36.492800433790080     
           4           2   39.849301552198575     
           4           3   24.947434471490968     
           4           4   29.444863728670914     
           4           5   44.335805289519499     
           4           6   48.702636740140576     
           4           1   22.630101214786784     
           4           2   36.045870295910539     
           4           3   18.290305153665116     
           4           4   24.041630560342615     
           4           5   34.509523304765359     
           4           6   39.394526583811881     
           4           1   16.447445956213368     
           4           2   39.857780878783949     
           4           3   24.993920031060384     
           4           4   29.444863728670914     
           4           5   31.530156466058042     
           4           6   36.192687439360334     
           4           1   24.635654567590134     
           4           2   49.557851323203117     
           4           3   38.637505282094679     
           4           4   41.641325627314025     
           4           5   37.086309264013593     
           4           6   40.569600976640153     
           4           1   49.644592299570448     
           4           2   40.366570608227526     
           4           3   34.046035126983078     
           4           4   38.013155617496423     
           4           5   50.405296649832948     
           4           6   54.492061359402911     
           4           1   32.664698714080238     
           4           2   27.618797111035953     
           4           3   17.125807536365063     
           4           4   24.041630560342615     
           4           5   34.466469189773683     
           4           6   39.640467334751513     
           4           1   15.728303772902526     
           4           2   21.774661537027796     
           4           3   2.3353928315106143     
           4           4   17.000000000000000     
           4           5   20.326855793791054     
           4           6   27.410737856505648     
           4           1   2.4034427523377708     
           4           2   27.631029952639611     
           4           3   17.193453276823828     
           4           4   24.041630560342615     
           4           5   14.711377723161592     
           4           6   22.568350607845538     
           4           1   18.497933250902118     
           4           2   40.383310258511706     
           4           3   34.114155588071895     
           4           4   38.013155617496423     
           4           5   24.447253476934655     
           4           6   29.074255768277411     
           4           1   52.705252140292195     
           4           2   37.179176192211820     
           4           3   37.524009712863148     
           4           4   41.641325627314025     
           4           5   48.383548837358909     
           4           6   52.409966383049152     
           4           1   37.151589476936792     
           4           2   22.707467351580174     
           4           3   23.285447834128096     
           4           4   29.444863728670914     
           4           5   31.435829337700827     
           4           6   36.725828453459187     
           4           1   23.677787019776684     
           4           2   15.065424146522707     
           4           3   15.949070717153198     
           4           4   24.041630560342615     
           4           5   14.610096994921367     
           4           6   22.994964120726145     
           4           1   17.861539565361387     
           4           2   22.722344419231462     
           4           3   23.335244430809084     
           4           4   29.444863728670914     
           4           5   4.0863800915931225     
           4           6   16.933702319163785     
           4           1   25.601398265251753     
           4           2   37.197350269847561     
           4           3   37.585827229827721     
           4           4   41.641325627314025     
           4           5   19.948485413808413     
           4           6   24.954602251981964     
           4           1   60.573110055147239     
           4           2   41.389881154625726     
           4           3   47.275470404791641     
           4           4   51.000000000000000     
           4           5   52.146348537903670     
           4           6   55.697615759992395     
           4           1   47.660241913402473     
           4           2   29.093988952799023     
           4           3   37.001768577990738     
           4           4   41.641325627314025     
           4           5   36.966001053515186     
           4           6   41.282033630482928     
           4           1   38.103748591642663     
           4           2   23.617750197195782     
           4           3   32.882999464830391     
           4           4   38.013155617496423     
           4           5   24.325476396988488     
           4           6   29.735302251514000     
           4           1   34.789260616261672     
           4           2   29.105601790182781     
           4           3   37.033126113101616     
           4           4   41.641325627314025     
           4           5   19.873911793917227     
           4           6   25.341075338459177     
           4           1   39.327975433744882     
           4           2   41.406207104252388     
           4           3   47.324551826866163     
           4           4   51.000000000000000     
           4           5   27.860652146788681     
           4           6   31.275421637925749     
           4           1   61.636673535102439     
           4           2   60.301612031576930     
           4           3   51.144500574722215     
           4           4   48.083261120685229     
           4           5   70.071375297885481     
           4           6   69.768017802224293     
           4           1   49.004862227781672     
           4           2   52.627201567234920     
           4           3   41.832053678281369     
           4           4   38.013155617496423     
           4           5   59.642612318618916     
           4           6   58.902955845798225     
           4           1   39.772773595198608     
           4           2   49.809238861780685     
           4           3   38.237174200605708     
           4           4   34.000000000000000     
           4           5   52.749263238845636     
           4           6   51.473683632441009     
           4           1   36.609705228886952     
           4           2   52.633622402238984     
           4           3   41.859792961173611     
           4           4   38.013155617496423     
           4           5   50.850057426643971     
           4           6   49.066505948693717     
           4           1   40.947130722885305     
           4           2   60.312819021937806     
           4           3   51.189872461817799     
           4           4   48.083261120685229     
           4           5   54.469917462255694     
           4           6   52.378467955198595     
           4           1   54.372213335986267     
           4           2   47.255851841537414     
           4           3   41.336167409437508     
           4           4   38.013155617496423     
           4           5   59.617711327059084     
           4           6   59.067724969960508     
           4           1   39.480812815151978     
           4           2   36.965571339570616     
           4           3   29.031698400298538     
           4           4   24.041630560342615     
           4           5   46.920305539590288     
           4           6   45.727213259146531     
           4           1   27.186974418572831     
           4           2   32.829733408184026     
           4           3   23.558444089344050     
           4           4   17.000000000000000     
           4           5   37.772458749470694     
           4           6   35.650524985868536     
           4           1   22.305348585646417     
           4           2   36.974711991359499     
           4           3   29.071653957344815     
           4           4   24.041630560342615     
           4           5   35.071387312628843     
           4           6   32.077123173511161     
           4           1   28.877769529834950     
           4           2   47.270151872355285     
           4           3   41.392292032701633     
           4           4   38.013155617496423     
           4           5   40.140326058521026     
           4           6   36.944874210222686     
           4           1   51.880590220574867     
           4           2   37.522615219782409     
           4           3   37.142933825484576     
           4           4   34.000000000000000     
           4           5   52.692934740968667     
           4           6   51.849936916088019     
           4           1   35.972109183731142     
           4           2   23.265523508474860     
           4           3   22.666237205790889     
           4           4   17.000000000000000     
           4           5   37.733127880788530     
           4           6   35.922108199865960     
           4           1   21.780487520194285     
           4           2   15.894103161705795     
           4           3   15.030604943715073     
           4           4   0.0000000000000000     
           4           5   25.476116417537011     
           4           6   21.688240058691886     
           4           1   15.257346889561243     
           4           2   23.280043954135820     
           4           3   22.717391154771377     
           4           4   17.000000000000000     
           4           5   21.266783390345072     
           4           6   15.111639757617892     
           4           1   23.857569691807868     
           4           2   37.540623032896583     
           4           3   37.205384513316581     
           4           4   34.000000000000000     
           4           5   28.870740271489669     
           4           6   23.755916220693067     
           4           1   54.816545861778032     
           4           2   34.070188913394048     
           4           3   40.354879881218935     
           4           4   38.013155617496423     
           4           5   50.762380158493521     
           4           6   49.657182595045782     
           4           1   40.090531272452345     
           4           2   17.149801858502858     
           4           3   27.616609243939809     
           4           4   24.041630560342615     
           4           5   34.986608972682305     
           4           6   32.677479746735187     
           4           1   28.065061824242335     
           4           2   2.3353019028506505     
           4           3   21.790775159165733     
           4           4   17.000000000000000     
           4           5   21.196848243532155     
           4           6   15.741651181463094     
           4           1   23.367599206799348     
           4           2   17.169495221729949     
           4           3   27.658609110766349     
           4           4   24.041630560342615     
           4           5   15.891820018842727     
           4           6   2.4044710934899389     
           4           1   29.705920120081696     
           4           2   34.090020495161880     
           4           3   40.412367337821472     
           4           4   38.013155617496423     
           4           5   25.175255938386183     
           4           6   18.486843445001607     
           4           1   62.418841376603737     
           4           2   38.621352802004104     
           4           3   49.552347343903804     
           4           4   48.083261120685229     
           4           5   54.360768087793332     
           4           6   53.115493110326376     
           4           1   49.985085338415544     
           4           2   24.998936446345471     
           4           3   39.869736683300829     
           4           4   38.013155617496423     
           4           5   40.029197782953474     
           4           6   37.725820172313007     
           4           1   40.974452452470302     
           4           2   18.338068454446606     
           4           3   36.079865286619302     
           4           4   34.000000000000000     
           4           5   28.767694436620495     
           4           6   24.560525381071745     
           4           1   37.911775891809853     
           4           2   25.012450616273476     
           4           3   39.898840271434572     
           4           4   38.013155617496423     
           4           5   25.116206147639499     
           4           6   19.005296796283915     
           4           1   42.115314895675183     
           4           2   38.638848546806734     
           4           3   49.599175707972229     
           4           4   48.083261120685229     
           4           5   31.813006448663138     
           4           6   26.404227041051776     
           4           1   67.853442223054799     
           4           2   63.188377442925784     
           4           3   58.431369694149062     
           4           4   51.000000000000000     
           4           5   75.656123859179033     
           4           6   71.865203784981091     
           4           1   56.625847622870090     
           4           2   55.911617532148014     
           4           3   50.481538608081017     
           4           4   41.641325627314025     
           4           5   66.114239354676059     
           4           6   61.372546096584841     
           4           1   48.855742922399273     
           4           2   53.267691016719986     
           4           3   47.545204975307733     
           4           4   38.013155617496423     
           4           5   59.969460673740876     
           4           6   54.282329663510218     
           4           1   46.317174071726697     
           4           2   55.917661230100649     
           4           3   50.504527441100564     
           4           4   41.641325627314025     
           4           5   58.305915493638480     
           4           6   52.005319083903061     
           4           1   49.816439169030311     
           4           2   63.199072529870648     
           4           3   58.471087453148442     
           4           4   51.000000000000000     
           4           5   61.488400122326084     
           4           6   55.141047435999461     
           4           1   61.329827002027670     
           4           2   50.888133818525546     
           4           3   50.071386653433159     
           4           4   41.641325627314025     
           4           5   66.091776683146236     
           4           6   61.530702418648467     
           4           1   48.618357413529594     
           4           2   41.508313561547077     
           4           3   40.513016887198823     
           4           4   29.444863728670917     
           4           5   54.912353010837457     
           4           6   48.867261427798894     
           4           1   39.295568135360668     
           4           2   37.871863248528747     
           4           3   36.789472858513619     
           4           4   24.041630560342618     
           4           5   47.335082985443123     
           4           6   39.597867856406261     
           4           1   36.090700638417061     
           4           2   41.516454052662205     
           4           3   40.541658687233834     
           4           4   29.444863728670917     
           4           5   45.208999649303742     
           4           6   36.413912699598519     
           4           1   40.483770452650568     
           4           2   50.901413421420443     
           4           3   50.117730046531591     
           4           4   41.641325627314025     
           4           5   49.245276091648670     
           4           6   40.767081541539767     
           4           1   59.132104128635973     
           4           2   42.005157816566701     
           4           3   46.669717788528430     
           4           4   38.013155617496423     
           4           5   59.919920000566627     
           4           6   54.639245650060751     
           4           1   45.814874616994352     
           4           2   29.962830546966430     
           4           3   36.224623315719100     
           4           4   24.041630560342618     
           4           5   47.303703670286353     
           4           6   39.842553438857969     
           4           1   35.768697679143678     
           4           2   24.680136660435540     
           4           3   32.006001160260439     
           4           4   17.000000000000004     
           4           5   38.247665928501057     
           4           6   27.702183376925781     
           4           1   32.214852648321134     
           4           2   29.974106771834322     
           4           3   36.256652991905433     
           4           4   24.041630560342618     
           4           5   35.582685635434814     
           4           6   22.921449848763785     
           4           1   37.070119080522367     
           4           2   42.021244721698494     
           4           3   46.719435592484402     
           4           4   38.013155617496423     
           4           5   40.587819417679206     
           4           6   29.349186743246630     
           4           1   61.724094138845430     
           4           2   38.952078286751103     
           4           3   49.264402518696699     
           4           4   41.641325627314025     
           4           5   58.229465742128681     
           4           6   52.562981177660511     
           4           1   49.114771655298561     
           4           2   25.506907575179245     
           4           3   39.511291189089505     
           4           4   29.444863728670917     
           4           5   45.143263602288393     
           4           6   36.943861325038341     
           4           1   39.908116871673911     
           4           2   19.024727731042201     
           4           3   35.683370179032629     
           4           4   24.041630560342618     
           4           5   35.540931567949286     
           4           6   23.341610675448987     
           4           1   36.756697209273966     
           4           2   25.520152750950292     
           4           3   39.540658609066284     
           4           4   29.444863728670917     
           4           5   32.655801701529427     
           4           6   17.401513964158532     
           4           1   41.078604981490230     
           4           2   38.969425549055572     
           4           3   49.311504328539613     
           4           4   41.641325627314025     
           4           5   38.047929678519573     
           4           6   25.274385997791807     
           4           1   68.564727490468883     
           4           2   42.989481533506527     
           4           3   57.042967599761596     
           4           4   51.000000000000000     
           4           5   61.391730292875536     
           4           6   55.841622606784128     
           4           1   57.476245992003719     
           4           2   31.327838318518697     
           4           3   48.867790296802909     
           4           4   41.641325627314025     
           4           5   49.154736459522688     
           4           6   41.476122223263289     
           4           1   49.838898972834350     
           4           2   26.320550619293627     
           4           3   45.828175879006537     
           4           4   38.013155617496423     
           4           5   40.514586070415277     
           4           6   30.004176609259670     
           4           1   47.353065880842962     
           4           2   31.338623391820320     
           4           3   48.891537921219147     
           4           4   41.641325627314025     
           4           5   38.008883862974010     
           4           6   25.656042432928256     
           4           1   50.780998865781669     
           4           2   43.005200235388948     
           4           3   57.083651391680114     
           4           4   51.000000000000000     
           4           5   42.730771354622235     
           4           6   31.531165735519288     
           4           1   77.376351158232296     
           4           2   70.194427657275469     
           4           3   69.214810478906060     
           4           4   58.889727457341834     
           4           5   84.354611721314683     
           4           6   77.715112571894508     
           4           1   67.745824344037189     
           4           2   63.722802867764926     
           4           3   62.648629398700628     
           4           4   51.000000000000007     
           4           5   75.914057240446041     
           4           6   68.129440195724541     
           4           1   61.399460205641923     
           4           2   61.416069041543025     
           4           3   60.307640821380083     
           4           4   48.083261120685236     
           4           5   70.627102834235501     
           4           6   61.819111290145358     
           4           1   59.399416756692744     
           4           2   63.728105790986199     
           4           3   62.667155012378231     
           4           4   51.000000000000007     
           4           5   69.220164856851028     
           4           6   59.829628279172418     
           4           1   62.166612490358006     
           4           2   70.204055430570946     
           4           3   69.248343613766636     
           4           4   58.889727457341834     
           4           5   71.921309713196919     
           4           6   62.574486169240878     
           4           1   71.724178469629621     
           4           2   59.364036198653068     
           4           3   62.318607066382398     
           4           4   51.000000000000007     
           4           5   75.894495099402263     
           4           6   68.271945535026660     
           4           1   61.210740680327888     
           4           2   51.550234965386345     
           4           3   54.934229425732539     
           4           4   41.641325627314032     
           4           5   66.386880891070277     
           4           6   57.123029037842677     
           4           1   54.103158615051413     
           4           2   48.669956402056606     
           4           3   52.248735281381421     
           4           4   38.013155617496430     
           4           5   60.269905612147014     
           4           6   49.426939474124715     
           4           1   51.822280629247466     
           4           2   51.556789924990873     
           4           3   54.955355648096067     
           4           4   41.641325627314032     
           4           5   58.614887959878146     
           4           6   46.914861665567749     
           4           1   54.972227234373015     
           4           2   59.375420154818194     
           4           3   62.355848886159649     
           4           4   51.000000000000007     
           4           5   61.781458857824219     
           4           6   50.368503495934128     
           4           1   69.854247084371949     
           4           2   51.951130049860353     
           4           3   59.619858971297880     
           4           4   48.083261120685236     
           4           5   70.585042708300662     
           4           6   62.132747985366450     
           4           1   59.008582708073519     
           4           2   42.804881084393323     
           4           3   51.852563674926444     
           4           4   38.013155617496430     
           4           5   60.245263898372841     
           4           6   49.623182803339297     
           4           1   51.598544850670137     
           4           2   39.288621455080389     
           4           3   48.998460542828830     
           4           4   34.000000000000007     
           4           5   53.429723845782163     
           4           6   40.527054801134994     
           4           1   49.201695379302556     
           4           2   42.812775044747482     
           4           3   51.874944929821439     
           4           4   38.013155617496430     
           4           5   51.555590950822221     
           4           6   37.422240314748251     
           4           1   52.509083268409356     
           4           2   51.964138001353419     
           4           3   59.658785500350739     
           4           4   48.083261120685236     
           4           5   55.129144074078098     
           4           6   41.670204817055314     
           4           1   72.061597916682999     
           4           2   49.515159629350038     
           4           3   61.672087534157065     
           4           4   51.000000000000007     
           4           5   69.155781550583754     
           4           6   60.314991480464201     
           4           1   61.605769955392638     
           4           2   39.813175762699025     
           4           3   54.199697016916836     
           4           4   41.641325627314032     
           4           5   58.564201436748185     
           4           6   47.327371537082428     
           4           1   54.549682760652452     
           4           2   36.005928616036485     
           4           3   51.475896618033147     
           4           4   38.013155617496430     
           4           5   51.526781948574829     
           4           6   37.681056194454136     
           4           1   52.288286324748569     
           4           2   39.821662781640150     
           4           3   54.221109436595718     
           4           4   41.641325627314032     
           4           5   49.580770728458177     
           4           6   34.319730407597618     
           4           1   55.411748612274934     
           4           2   49.528807353763469     
           4           3   61.709719529747844     
           4           4   51.000000000000007     
           4           5   53.286925170063000     
           4           6   38.907914292220170     
           4           1   78.000845847252819     
           4           2   52.750186281969917     
           4           3   68.046786683016961     
           4           4   58.889727457341834     
           4           5   71.838680316466665     
           4           6   63.192705452163388     
           4           1   68.458227777075578     
           4           2   43.771224382853134     
           4           3   61.355732851860438     
           4           4   51.000000000000007     
           4           5   61.709314999142975     
           4           6   50.944086228770956     
           4           1   62.184611825346536     
           4           2   40.339286250076697     
           4           3   58.963435531638751     
           4           4   48.083261120685236     
           4           5   55.075249665484137     
           4           6   42.134093333131318     
           4           1   60.210654749471821     
           4           2   43.778944098244033     
           4           3   61.374648720775355     
           4           4   51.000000000000007     
           4           5   53.259052693109069     
           4           6   39.156911526901496     
           4           1   62.942195249698422     
           4           2   52.762997238109264     
           4           3   68.080895128541201     
           4           4   58.889727457341834     
           4           5   56.725393447902384     
           4           6   43.234773269281312     
           5           1   52.714852621343560     
           5           2   62.391733379339229     
           5           3   44.800298077534698     
           5           4   56.725393447902370     
           5           5   58.889727457341834     
           5           6   69.793652775990267     
           5           1   43.208900892398077     
           5           2   59.260634127708634     
           5           3   40.335888681035080     
           5           4   53.259052693109055     
           5           5   51.000000000000000     
           5           6   62.919729013117220     
           5           1   39.155619593720978     
           5           2   60.900879471135198     
           5           3   42.718861449502008     
           5           4   55.075249665484115     
           5           5   48.083261120685229     
           5           6   60.204905367857833     
           5           1   42.158225475075355     
           5           2   66.962761916585606     
           5           3   50.998218904140600     
           5           4   61.709314999142961     
           5           5   51.000000000000000     
           5           6   62.196213402596534     
           5           1   50.984991954950821     
           5           2   76.400954487734765     
           5           3   62.886688092533042     
           5           4   71.838680316466636     
           5           5   58.889727457341827     
           5           6   68.484358016191848     
           5           1   49.242663186831642     
           5           2   54.573671729155542     
           5           3   39.858645701526392     
           5           4   53.286925170062979     
           5           5   51.000000000000007     
           5           6   63.097542940684072     
           5           1   38.897214645406827     
           5           2   50.964497536434351     
           5           3   34.765339708000887     
           5           4   49.580770728458155     
           5           5   41.641325627314025     
           5           6   55.398901220331815     
           5           1   34.338706099822076     
           5           2   52.862788162192260     
           5           3   37.503947163806608     
           5           4   51.526781948574808     
           5           5   38.013155617496423     
           5           6   52.295091430159047     
           5           1   37.726650607350038     
           5           2   59.745867935953576     
           5           3   46.716841296458519     
           5           4   58.564201436748171     
           5           5   41.641325627314025     
           5           6   54.575772270828253     
           5           1   47.386217357879197     
           5           2   70.161692529185729     
           5           3   59.467474038934817     
           5           4   69.155781550583740     
           5           5   51.000000000000000     
           5           6   61.646194126044136     
           5           1   51.466727781873956     
           5           2   51.398860862131073     
           5           3   41.813353925315027     
           5           4   55.129144074078077     
           5           5   48.083261120685236     
           5           6   60.575951354373693     
           5           1   41.677062012726175     
           5           2   47.549313991521487     
           5           3   36.990184837826263     
           5           4   51.555590950822200     
           5           5   38.013155617496423     
           5           6   52.508896520076100     
           5           1   37.458389279996140     
           5           2   49.578539956355030     
           5           3   39.575130854988295     
           5           4   53.429723845782149     
           5           5   34.000000000000000     
           5           6   49.223191130042267     
           5           1   40.586751001907473     
           5           2   56.860583775964557     
           5           3   48.395332316684645     
           5           4   60.245263898372819     
           5           5   38.013155617496423     
           5           6   51.639721884352589     
           5           1   49.693438061075469     
           5           2   67.721638716757838     
           5           3   60.794945496276540     
           5           4   70.585042708300634     
           5           5   48.083261120685229     
           5           6   59.062671862707802     
           5           1   58.743580580479502     
           5           2   53.697301141191325     
           5           3   49.859818449403789     
           5           4   61.781458857824198     
           5           5   51.000000000000007     
           5           6   62.734295563299547     
           5           1   50.388110590241368     
           5           2   50.024938910381280     
           5           3   45.890289862457841     
           5           4   58.614887959878132     
           5           5   41.641325627314025     
           5           6   54.984817641709398     
           5           1   46.958653284495945     
           5           2   51.957568035147396     
           5           3   47.998290714496235     
           5           4   60.269905612146999     
           5           5   38.013155617496423     
           5           6   51.856229156781623     
           5           1   49.490085347800814     
           5           2   58.946443822053944     
           5           3   55.495523417354931     
           5           4   66.386880891070263     
           5           5   41.641325627314025     
           5           6   54.155395240264482     
           5           1   57.196345837577027     
           5           2   69.482210690263400     
           5           3   66.585811756102245     
           5           4   75.894495099402235     
           5           5   51.000000000000000     
           5           6   61.274343447301604     
           5           1   69.503902410275202     
           5           2   60.851930140061015     
           5           3   61.657492854732219     
           5           4   71.921309713196905     
           5           5   58.889727457341834     
           5           6   69.135647803137005     
           5           1   62.601484644504765     
           5           2   57.637242863537963     
           5           3   58.494133321079723     
           5           4   69.220164856851014     
           5           5   51.000000000000000     
           5           6   62.189035435742319     
           5           1   59.875698819598533     
           5           2   59.322391455925384     
           5           3   60.162121312642753     
           5           4   70.627102834235487     
           5           5   48.083261120685229     
           5           6   59.440848409966577     
           5           1   61.880956186652291     
           5           2   65.530454684746701     
           5           3   66.297798219021104     
           5           4   75.914057240446027     
           5           5   51.000000000000000     
           5           6   61.456918170090809     
           5           1   68.201218229687711     
           5           2   75.148751515439244     
           5           3   75.824239241438704     
           5           4   84.354611721314669     
           5           5   58.889727457341827     
           5           6   67.813649969853785     
           5           1   43.623552614113052     
           5           2   50.679025080234716     
           5           3   33.536253396499113     
           5           4   42.730771354622235     
           5           5   51.000000000000007     
           5           6   59.053651314398394     
           5           1   31.482817093065172     
           5           2   46.770267758723072     
           5           3   27.287313897250733     
           5           4   38.008883862974002     
           5           5   41.641325627314025     
           5           6   50.745167896373729     
           5           1   25.638276103406469     
           5           2   48.831878003638593     
           5           3   30.700402400945620     
           5           4   40.514586070415277     
           5           5   38.013155617496423     
           5           6   47.337198861991936     
           5           1   30.024567124167007     
           5           2   56.210734495306447     
           5           3   41.453973457714305     
           5           4   49.154736459522688     
           5           5   41.641325627314025     
           5           6   49.845247791222612     
           5           1   41.516599817816449     
           5           2   67.176938272307595     
           5           3   55.428775228086870     
           5           4   61.391730292875529     
           5           5   51.000000000000000     
           5           6   57.500322248114358     
           5           1   39.357318677954446     
           5           2   40.668425528979327     
           5           3   26.576779737169950     
           5           4   38.047929678519573     
           5           5   41.641325627314032     
           5           6   50.965475479961185     
           5           1   25.241869244514529     
           5           2   35.679338532906257     
           5           3   18.062182289273409     
           5           4   32.655801701529427     
           5           5   29.444863728670914     
           5           6   41.051407066836774     
           5           1   17.415665143665208     
           5           2   38.342007788916334     
           5           3   22.894532904251108     
           5           4   35.540931567949286     
           5           5   24.041630560342615     
           5           6   36.755358159535710     
           5           1   23.397837973526148     
           5           2   47.383582857619707     
           5           3   36.056578383933370     
           5           4   45.143263602288393     
           5           5   29.444863728670914     
           5           6   39.933628494094549     
           5           1   37.008272741030332     
           5           2   59.985817386816557     
           5           3   51.516929766918622     
           5           4   58.229465742128674     
           5           5   41.641325627314025     
           5           6   49.157227504945517     
           5           1   42.106801402621805     
           5           2   36.297080969813756     
           5           3   29.427370771475598     
           5           4   40.587819417679206     
           5           5   38.013155617496430     
           5           6   47.808217371436278     
           5           1   29.345121465056856     
           5           2   30.603471209469156     
           5           3   22.042852773059817     
           5           4   35.582685635434814     
           5           5   24.041630560342615     
           5           6   37.058925773733833     
           5           1   22.962786922280305     
           5           2   33.669969011099475     
           5           3   26.149657095795455     
           5           4   38.247665928501057     
           5           5   17.000000000000000     
           5           6   32.235109907858629     
           5           1   27.774862964147175     
           5           2   43.689371434571939     
           5           3   38.206305423065707     
           5           4   47.303703670286353     
           5           5   24.041630560342615     
           5           6   35.816764818173311     
           5           1   39.919875276812441     
           5           2   57.112656561287551     
           5           3   53.043745926673338     
           5           4   59.919920000566620     
           5           5   38.013155617496423     
           5           6   45.875690439588475     
           5           1   50.744131830208758     
           5           2   39.484621548804213     
           5           3   40.045163001862605     
           5           4   49.245276091648662     
           5           5   41.641325627314032     
           5           6   50.515063155166686     
           5           1   40.781372520315109     
           5           2   34.323894038874521     
           5           3   34.979026397237533     
           5           4   45.208999649303742     
           5           5   29.444863728670914     
           5           6   40.490862386952088     
           5           1   36.459206986436484     
           5           2   37.084013606020015     
           5           3   37.702115266275641     
           5           4   47.335082985443123     
           5           5   24.041630560342615     
           5           6   36.128219830316894     
           5           1   39.666449343480771     
           5           2   46.371526050703451     
           5           3   46.876078157248067     
           5           4   54.912353010837457     
           5           5   29.444863728670914     
           5           6   39.357167064923701     
           5           1   48.944669096419815     
           5           2   59.189634155066884     
           5           3   59.592649808993421     
           5           4   66.091776683146222     
           5           5   41.641325627314025     
           5           6   48.690090682241767     
           5           1   62.888401999441655     
           5           2   48.770816999260660     
           5           3   54.030176838222488     
           5           4   61.488400122326077     
           5           5   51.000000000000007     
           5           6   58.274501824609850     
           5           1   55.164341158781944     
           5           2   44.695491427155872     
           5           3   50.390249225643728     
           5           4   58.305915493638480     
           5           5   41.641325627314025     
           5           6   49.836290935171611     
           5           1   52.050532801515018     
           5           2   46.848493220748900     
           5           3   52.317247871761971     
           5           4   59.969460673740876     
           5           5   38.013155617496423     
           5           6   46.361559782255817     
           5           1   54.345297812788715     
           5           2   54.496565765139252     
           5           3   59.270664183289504     
           5           4   66.114239354676059     
           5           5   41.641325627314025     
           5           6   48.919654094364695     
           5           1   61.445624936197078     
           5           2   65.749296903721628     
           5           3   69.763377502678082     
           5           4   75.656123859179019     
           5           5   51.000000000000000     
           5           6   56.699831463425923     
           5           1   40.064610299647335     
           5           2   42.684877557368793     
           5           3   28.640772962900936     
           5           4   31.813006448663131     
           5           5   48.083261120685236     
           5           6   51.783332253820831     
           5           1   26.331092417552934     
           5           2   37.961732510874128     
           5           3   20.981207871934636     
           5           4   25.116206147639495     
           5           5   38.013155617496423     
           5           6   42.062475326331104     
           5           1   18.959954043742318     
           5           2   40.474529007349169     
           5           3   25.261201309878881     
           5           4   28.767694436620495     
           5           5   34.000000000000000     
           5           6   37.881263994840836     
           5           1   24.568949647470230     
           5           2   49.125165256784030     
           5           3   37.603796343868275     
           5           4   40.029197782953474     
           5           5   38.013155617496423     
           5           6   40.972289332125889     
           5           1   37.759591049414638     
           5           2   61.370809222674680     
           5           3   52.611431336963406     
           5           4   54.360768087793325     
           5           5   48.083261120685229     
           5           6   50.004668025935828     
           5           1   35.371700401654131     
           5           2   30.125670515536150     
           5           3   20.048411538979501     
           5           4   25.175255938386179     
           5           5   38.013155617496430     
           5           6   42.327998495624357     
           5           1   18.420385955334535     
           5           2   22.948864615711074     
           5           3   4.6750415066800155     
           5           4   15.891820018842727     
           5           5   24.041630560342615     
           5           6   29.654641928611952     
           5           1   2.3375303597157089     
           5           2   26.902504535634360     
           5           3   14.824750282621141     
           5           4   21.196848243532155     
           5           5   17.000000000000000     
           5           6   23.348150230431575     
           5           1   15.799287250433153     
           5           2   38.714843580071694     
           5           3   31.554562725459693     
           5           4   34.986608972682305     
           5           5   24.041630560342615     
           5           6   28.086908880320276     
           5           1   32.737912380920172     
           5           2   53.403496857125468     
           5           3   48.472751486251170     
           5           4   50.762380158493507     
           5           5   38.013155617496423     
           5           6   40.132440515373915     
           5           1   38.407569307965211     
           5           2   23.897976398300390     
           5           3   23.697758007038036     
           5           4   28.870740271489666     
           5           5   34.000000000000007     
           5           6   38.468239028860623     
           5           1   23.733832593689076     
           5           2   13.791578556253594     
           5           3   13.472228561490111     
           5           4   21.266783390345072     
           5           5   17.000000000000000     
           5           6   23.823176640619685     
           5           1   15.147548944445260     
           5           2   19.679989893617972     
           5           3   19.478658841561050     
           5           4   25.476116417537011     
           5           5   0.0000000000000000     
           5           6   15.273574451279551     
           5           1   21.762391147653595     
           5           2   34.093934436384671     
           5           3   33.990224449373954     
           5           4   37.733127880788530     
           5           5   17.000000000000000     
           5           6   21.840796867041998     
           5           1   35.996598421275564     
           5           2   50.154668062824307     
           5           3   50.092440207796962     
           5           4   52.692934740968660     
           5           5   34.000000000000000     
           5           6   36.038295451588766     
           5           1   47.719236907016054     
           5           2   28.507376727029808     
           5           3   36.044814660141952     
           5           4   40.140326058521019     
           5           5   38.013155617496430     
           5           6   41.784582938178680     
           5           1   36.949682007116508     
           5           2   20.778953077486655     
           5           3   30.317418619283519     
           5           4   35.071387312628843     
           5           5   24.041630560342615     
           5           6   28.873685296237209     
           5           1   32.115921750218163     
           5           2   25.077066298432594     
           5           3   33.422493617170062     
           5           4   37.772458749470694     
           5           5   17.000000000000000     
           5           6   22.347886563493134     
           5           1   35.715344871710862     
           5           2   37.469369053609306     
           5           3   43.508393298795440     
           5           4   46.920305539590288     
           5           5   24.041630560342615     
           5           6   27.261077842289524     
           5           1   45.801083925430738     
           5           2   52.507599263489148     
           5           3   56.981553991581890     
           5           4   59.617711327059077     
           5           5   38.013155617496423     
           5           6   39.558876328732858     
           5           1   60.474042049706703     
           5           2   40.400838849953089     
           5           3   51.135834726812007     
           5           4   54.469917462255694     
           5           5   48.083261120685236     
           5           6   50.892998817651822     
           5           1   52.395259244217897     
           5           2   35.374032042155875     
           5           3   47.273574024614717     
           5           4   50.850057426643971     
           5           5   38.013155617496423     
           5           6   40.961392309370076     
           5           1   49.106177011735582     
           5           2   38.058067555500791     
           5           3   49.322489889639812     
           5           4   52.749263238845636     
           5           5   34.000000000000000     
           5           6   36.654794927686254     
           5           1   51.532223415519489     
           5           2   47.154118263399361     
           5           3   56.644728058015389     
           5           4   59.642612318618916     
           5           5   38.013155617496423     
           5           6   39.841088369412624     
           5           1   58.972226340762496     
           5           2   59.804725836159840     
           5           3   67.546594470923637     
           5           4   70.071375297885467     
           5           5   48.083261120685229     
           5           6   49.082080780341393     
           5           1   43.420405965961727     
           5           2   40.664898390283390     
           5           3   33.074271873325898     
           5           4   27.860652146788670     
           5           5   51.000000000000007     
           5           6   49.534768244705198     
           5           1   31.200722486635325     
           5           2   35.675318137777893     
           5           3   26.717497409068294     
           5           4   19.873911793917223     
           5           5   41.641325627314025     
           5           6   39.261069729762411     
           5           1   25.291075760574873     
           5           2   38.338266619283353     
           5           3   30.195063763079979     
           5           4   24.325476396988485     
           5           5   38.013155617496423     
           5           6   34.744351017019710     
           5           1   29.728638424358504     
           5           2   47.380555616316357     
           5           3   41.081128070068381     
           5           4   36.966001053515186     
           5           5   41.641325627314025     
           5           6   38.090789685467151     
           5           1   41.303091555056163     
           5           2   59.983426157984994     
           5           3   55.150487680185158     
           5           4   52.146348537903656     
           5           5   51.000000000000000     
           5           6   47.672283248561762     
           5           1   39.132030934909274     
           5           2   27.188071152899955     
           5           3   25.991390676039735     
           5           4   19.948485413808406     
           5           5   41.641325627314032     
           5           6   39.545407096053921     
           5           1   24.889139690431310     
           5           2   18.928433008433167     
           5           3   17.189229102185472     
           5           4   4.0863800915931252     
           5           5   29.444863728670914     
           5           6   25.526017191509606     
           5           1   16.900375852888892     
           5           2   23.566500361622083     
           5           3   22.212312013392811     
           5           4   14.610096994921369     
           5           5   24.041630560342615     
           5           6   17.813362538551104     
           5           1   23.016866281229877     
           5           2   36.475667265095026     
           5           3   35.627293088771275     
           5           4   31.435829337700827     
           5           5   29.444863728670914     
           5           6   23.686583041850252     
           5           1   36.768594790216333     
           5           2   51.803172350479812     
           5           3   51.217391779415159     
           5           4   48.383548837358902     
           5           5   41.641325627314025     
           5           6   37.185918671818229     
           5           1   41.896300981500367     
           5           2   20.068593995051796     
           5           3   28.899780597754965     
           5           4   24.447253476934648     
           5           5   38.013155617496430     
           5           6   35.383402602471818     
           5           1   29.042270320544418     
           5           2   4.6736311448188257     
           5           3   21.333413380218108     
           5           4   14.711377723161593     
           5           5   24.041630560342615     
           5           6   18.431590029002415     
           5           1   22.574474408293142     
           5           2   14.796526322668173     
           5           3   25.554485600460904     
           5           4   20.326855793791054     
           5           5   17.000000000000000     
           5           6   2.3370584643592589     
           5           1   27.454695850615227     
           5           2   31.528265958612494     
           5           3   37.801441006356598     
           5           4   34.466469189773683     
           5           5   24.041630560342615     
           5           6   15.786075304978286     
           5           1   39.697780211101168     
           5           2   48.447145607317204     
           5           3   52.752878120629141     
           5           4   50.405296649832941     
           5           5   38.013155617496423     
           5           6   32.725196787843110     
           5           1   50.569597850628000     
           5           2   25.383177832204286     
           5           3   39.659075227773826     
           5           4   37.086309264013586     
           5           5   41.641325627314032     
           5           6   38.963202346118663     
           5           1   40.563994579101141     
           5           2   16.229605047594308     
           5           3   34.536349774912779     
           5           4   31.530156466058042     
           5           5   29.444863728670914     
           5           6   24.614415864147553     
           5           1   36.215895483232963     
           5           2   21.459134258876574     
           5           3   37.291777426505327     
           5           4   34.509523304765359     
           5           5   24.041630560342615     
           5           6   16.480527892085579     
           5           1   39.442927313924869     
           5           2   35.150943177674215     
           5           3   46.546684860265906     
           5           4   44.335805289519499     
           5           5   29.444863728670914     
           5           6   22.701236329117027     
           5           1   48.763694943376343     
           5           2   50.879103465171951     
           5           3   59.333894860642694     
           5           4   57.605729425277019     
           5           5   41.641325627314025     
           5           6   36.566165537816985     
           5           1   62.747656670317276     
           5           2   38.260462213417988     
           5           3   53.744647893963098     
           5           4   52.260123106309514     
           5           5   51.000000000000007     
           5           6   48.603262178588011     
           5           1   55.003834839537497     
           5           2   32.908317063076581     
           5           3   50.083973335778445     
           5           4   48.475528868024412     
           5           5   41.641325627314025     
           5           6   38.079068077740239     
           5           1   51.880393950838751     
           5           2   35.777810093178829     
           5           3   52.022318219701255     
           5           4   50.464178691252961     
           5           5   38.013155617496423     
           5           6   33.402900427025614     
           5           1   54.182365267062053     
           5           2   45.333718777562908     
           5           3   59.010497378049237     
           5           4   57.631499745631736     
           5           5   41.641325627314025     
           5           6   36.871290839980091     
           5           1   61.301567152662905     
           5           2   58.380137215860934     
           5           3   69.542476290808409     
           5           4   68.367727729381158     
           5           5   51.000000000000000     
           5           6   46.703644605908558     
           5           1   52.378338175578293     
           5           2   45.423222585992065     
           5           3   44.108060986501272     
           5           4   33.441957131514279     
           5           5   58.889727457341834     
           5           6   52.951610275833055     
           5           1   42.797707175435797     
           5           2   41.016624839644848     
           5           3   39.565619568532099     
           5           4   27.149971063227316     
           5           5   51.000000000000007     
           5           6   43.492658714687934     
           5           1   38.701384586516482     
           5           2   43.352714752086321     
           5           3   41.992326200089281     
           5           4   30.559407073471210     
           5           5   48.083261120685236     
           5           6   39.463270180522706     
           5           1   41.736681688324985     
           5           2   51.522346991527414     
           5           3   50.391196329791576     
           5           4   41.335623772118936     
           5           5   51.000000000000007     
           5           6   42.439227427105038     
           5           1   50.636982806953149     
           5           2   63.305976042194821     
           5           3   62.395431526679054     
           5           4   55.329831235764722     
           5           5   58.889727457341834     
           5           6   51.213536842109981     
           5           1   48.882251389200704     
           5           2   33.894341740468377     
           5           3   39.078970985848194     
           5           4   27.204606761477091     
           5           5   51.000000000000007     
           5           6   43.749502718770252     
           5           1   38.439926252740399     
           5           2   27.711383313707902     
           5           3   33.868616463706623     
           5           4   18.943258985577085     
           5           5   41.641325627314032     
           5           6   31.650550064861395     
           5           1   33.819836778956038     
           5           2   31.064692631649205     
           5           3   36.674246945486885     
           5           4   23.571242923161449     
           5           5   38.013155617496430     
           5           6   25.835937193701909     
           5           1   37.254996835247944     
           5           2   41.714619636746441     
           5           3   46.053421120167052     
           5           4   36.474099370522232     
           5           5   41.641325627314032     
           5           6   30.186652380572472     
           5           1   47.011575368556208     
           5           2   55.616578954283256     
           5           3   58.947729428064854     
           5           4   51.798806519443787     
           5           5   51.000000000000007     
           5           6   41.628984052149690     
           5           1   51.121998119388742     
           5           2   28.502344709562674     
           5           3   41.070803530447435     
           5           4   30.656430994281962     
           5           5   48.083261120685243     
           5           6   40.027052670358621     
           5           1   41.250601464195555     
           5           2   20.772048937991819     
           5           3   36.148694450692247     
           5           4   23.634153110598518     
           5           5   38.013155617496430     
           5           6   26.266009912894557     
           5           1   36.983314489063844     
           5           2   25.071345799974893     
           5           3   38.789757905179080     
           5           4   27.483260818237259     
           5           5   34.000000000000007     
           5           6   18.858462503949973     
           5           1   40.148710814123362     
           5           2   37.465540745617297     
           5           3   47.755235589360225     
           5           4   39.116314462782626     
           5           5   38.013155617496430     
           5           6   24.482237219696636     
           5           1   49.336319375032559     
           5           2   52.504867455323620     
           5           3   60.286646399084034     
           5           4   53.692108257166979     
           5           5   48.083261120685236     
           5           6   37.697722352286895     
           5           1   58.441790548891959     
           5           2   32.464456038347755     
           5           3   49.238763509662412     
           5           4   41.443249071081993     
           5           5   51.000000000000007     
           5           6   43.223962136893938     
           5           1   50.035950195830836     
           5           2   25.942923293364711     
           5           3   45.214743611054097     
           5           4   36.555428126555704     
           5           5   41.641325627314032     
           5           6   30.920045829206863     
           5           1   46.580572575256859     
           5           2   29.497959796314674     
           5           3   47.352827240474795     
           5           4   39.154255930407125     
           5           5   38.013155617496430     
           5           6   24.935668536232683     
           5           1   49.131488588051937     
           5           2   40.561360865786888     
           5           3   54.938214891996139     
           5           4   48.039693893819340     
           5           5   41.641325627314032     
           5           6   29.419821491937654     
           5           1   56.886348101429263     
           5           2   54.756902381564458     
           5           3   66.122043702323978     
           5           4   60.502633177076717     
           5           5   51.000000000000007     
           5           6   41.076321985860524     
           5           1   69.249022183727106     
           5           2   43.283924935117561     
           5           3   61.156363211724020     
           5           4   55.437072666477476     
           5           5   58.889727457341834     
           5           6   52.081252482516369     
           5           1   62.318380136533044     
           5           2   38.634084963002344     
           5           3   57.965661983084487     
           5           4   51.884732415001878     
           5           5   51.000000000000007     
           5           6   42.428707161734607     
           5           1   59.579643606525067     
           5           2   41.105801099943001     
           5           3   59.648429794841206     
           5           4   53.747389608467387     
           5           5   48.083261120685236     
           5           6   38.287511314850981     
           5           1   61.594540031723994     
           5           2   49.646563297046718     
           5           3   65.832001221617091     
           5           4   60.527170111218894     
           5           5   51.000000000000007     
           5           6   41.348178363181297     
           5           1   67.941451199976271     
           5           2   61.788960262714063     
           5           3   75.417303005980600     
           5           4   70.825805703997972     
           5           5   58.889727457341834     
           5           6   50.313121402096151     
           6           1   43.024782036650315     
           6           2   50.826897585934198     
           6           3   33.355474247701395     
           6           4   43.234773269281305     
           6           5   50.313121402096151     
           6           6   58.889727457341827     
           6           1   31.377491414575555     
           6           2   47.410226218422785     
           6           3   27.888466054506356     
           6           4   39.156911526901489     
           6           5   41.348178363181290     
           6           6   51.000000000000000     
           6           1   26.381092957689557     
           6           2   49.900757328451469     
           6           3   31.952236470357374     
           6           4   42.134093333131311     
           6           5   38.287511314850974     
           6           6   48.083261120685229     
           6           1   31.390717797029623     
           6           2   57.536437270863253     
           6           3   42.919975443165370     
           6           4   50.944086228770949     
           6           5   42.428707161734607     
           6           6   51.000000000000000     
           6           1   43.044073482690358     
           6           2   68.620679431895468     
           6           3   56.932443901752549     
           6           4   63.192705452163388     
           6           5   52.081252482516369     
           6           6   58.889727457341827     
           6           1   38.986793953941152     
           6           2   41.131311829288208     
           6           3   26.778473337308498     
           6           4   38.907914292220163     
           6           5   41.076321985860531     
           6           6   51.000000000000000     
           6           1   25.561400606726487     
           6           2   36.825817637482594     
           6           3   19.551611464562829     
           6           4   34.319730407597611     
           6           5   29.419821491937654     
           6           6   41.641325627314025     
           6           1   19.099746049307882     
           6           2   39.981206541825415     
           6           3   25.008886169629932     
           6           4   37.681056194454129     
           6           5   24.935668536232683     
           6           6   38.013155617496423     
           6           1   25.577634709224910     
           6           2   49.181835146841379     
           6           3   38.034500969906126     
           6           4   47.327371537082421     
           6           5   30.920045829206863     
           6           6   41.641325627314025     
           6           1   39.008082437990232     
           6           2   61.783565292738345     
           6           3   53.346060216421535     
           6           4   60.314991480464201     
           6           5   43.223962136893938     
           6           6   51.000000000000000     
           6           1   42.033419279340777     
           6           2   37.124063724021987     
           6           3   29.993092642553780     
           6           4   41.670204817055307     
           6           5   37.697722352286902     
           6           6   48.083261120685229     
           6           1   30.003723676959694     
           6           2   32.288575986813427     
           6           3   23.764773991121736     
           6           4   37.422240314748244     
           6           5   24.482237219696632     
           6           6   38.013155617496423     
           6           1   24.731326948909285     
           6           2   35.845615786692861     
           6           3   28.424344485552847     
           6           4   40.527054801134994     
           6           5   18.858462503949969     
           6           6   34.000000000000000     
           6           1   30.017555377217871     
           6           2   45.883158162861712     
           6           3   40.362386401421574     
           6           4   49.623182803339297     
           6           5   26.266009912894553     
           6           6   38.013155617496423     
           6           1   42.053165505046543     
           6           2   59.191386492201410     
           6           3   55.030001931691260     
           6           4   62.132747985366450     
           6           5   40.027052670358621     
           6           6   48.083261120685229     
           6           1   50.908217114908389     
           6           2   40.529093278438218     
           6           3   40.744135507489723     
           6           4   50.368503495934128     
           6           5   41.628984052149697     
           6           6   51.000000000000000     
           6           1   41.533861703303565     
           6           2   36.151949239886434     
           6           3   36.404168097032070     
           6           4   46.914861665567749     
           6           5   30.186652380572468     
           6           6   41.641325627314025     
           6           1   37.900880809812868     
           6           2   39.361395627115471     
           6           3   39.603564630235624     
           6           4   49.426939474124715     
           6           5   25.835937193701906     
           6           6   38.013155617496423     
           6           1   41.543854711980401     
           6           2   48.679312829838551     
           6           3   48.883751983716763     
           6           4   57.123029037842677     
           6           5   31.650550064861392     
           6           6   41.641325627314025     
           6           1   50.924522211805098     
           6           2   61.384293833653111     
           6           3   61.553229684475660     
           6           4   68.271945535026660     
           6           5   43.749502718770252     
           6           6   51.000000000000000     
           6           1   63.201936705487476     
           6           2   49.849961851133315     
           6           3   54.759323865808973     
           6           4   62.574486169240878     
           6           5   51.213536842109981     
           6           6   58.889727457341827     
           6           1   55.927630930470677     
           6           2   46.361349510453493     
           6           3   51.611650107556521     
           6           4   59.829628279172418     
           6           5   42.439227427105038     
           6           6   51.000000000000000     
           6           1   53.285223089196457     
           6           2   48.905324457582388     
           6           3   53.916057936473081     
           6           4   61.819111290145358     
           6           5   39.463270180522706     
           6           6   48.083261120685229     
           6           1   55.935052496944436     
           6           2   56.675274963359328     
           6           3   61.058334238606641     
           6           4   68.129440195724541     
           6           5   43.492658714687934     
           6           6   51.000000000000000     
           6           1   63.215070956271376     
           6           2   67.900241708283815     
           6           3   71.605160823628395     
           6           4   77.715112571894508     
           6           5   52.951610275833055     
           6           6   58.889727457341827     
           6           1   38.627849530365147     
           6           2   42.140585442877942     
           6           3   27.331693701273910     
           6           4   31.531165735519284     
           6           5   46.703644605908565     
           6           6   51.000000000000000     
           6           1   25.010514938941704     
           6           2   37.949769081503987     
           6           3   20.302717974806686     
           6           4   25.656042432928256     
           6           5   36.871290839980091     
           6           6   41.641325627314025     
           6           1   18.355951505752049     
           6           2   41.018788441523419     
           6           3   25.600375656400455     
           6           4   30.004176609259670     
           6           5   33.402900427025614     
           6           6   38.013155617496423     
           6           1   25.027106381921499     
           6           2   50.028961982849836     
           6           3   38.426008253956113     
           6           4   41.476122223263289     
           6           5   38.079068077740239     
           6           6   41.641325627314025     
           6           1   38.649335725501295     
           6           2   62.460011759144059     
           6           3   53.625898471889364     
           6           4   55.841622606784128     
           6           5   48.603262178588011     
           6           6   51.000000000000000     
           6           1   34.072701578335781     
           6           2   29.736177226664442     
           6           3   18.748878701621795     
           6           4   25.274385997791807     
           6           5   36.566165537816993     
           6           6   41.641325627314025     
           6           1   17.157042024102541     
           6           2   23.422132010698267     
           6           3   4.0864812678403286     
           6           4   17.401513964158532     
           6           5   22.701236329117030     
           6           6   29.444863728670914     
           6           1   2.4039944233120427     
           6           2   28.123874196091052     
           6           3   16.120738374426047     
           6           4   23.341610675448987     
           6           5   16.480527892085583     
           6           6   24.041630560342615     
           6           1   17.181219030028405     
           6           2   40.141105262169042     
           6           3   32.879432512149215     
           6           4   36.943861325038341     
           6           5   24.614415864147556     
           6           6   29.444863728670914     
           6           1   34.097058311946874     
           6           2   54.860407978245249     
           6           3   49.801967420025264     
           6           4   52.562981177660511     
           6           5   38.963202346118663     
           6           6   41.641325627314025     
           6           1   37.520490753082115     
           6           2   23.888313683529393     
           6           3   23.108860304134407     
           6           4   29.349186743246626     
           6           5   32.725196787843117     
           6           6   38.013155617496423     
           6           1   23.263755597981490     
           6           2   15.329956376770198     
           6           3   14.113762827123084     
           6           4   22.921449848763785     
           6           5   15.786075304978286     
           6           6   24.041630560342615     
           6           1   15.893942956142443     
           6           2   21.848652003834395     
           6           3   21.032764386180052     
           6           4   27.702183376925781     
           6           5   2.3370584643592585     
           6           6   17.000000000000000     
           6           1   23.281591888520101     
           6           2   36.023875780593571     
           6           3   35.546533646881052     
           6           4   39.842553438857969     
           6           5   18.431590029002415     
           6           6   24.041630560342615     
           6           1   37.542610711484890     
           6           2   51.923748498414632     
           6           3   51.601695038953217     
           6           4   54.639245650060751     
           6           5   35.383402602471818     
           6           6   38.013155617496423     
           6           1   47.250666237185641     
           6           2   28.897453611517371     
           6           3   35.979416289649144     
           6           4   40.767081541539767     
           6           5   37.185918671818236     
           6           6   41.641325627314025     
           6           1   36.959985904061298     
           6           2   22.347681246625520     
           6           3   30.978981150582612     
           6           4   36.413912699598519     
           6           5   23.686583041850248     
           6           6   29.444863728670914     
           6           1   32.824619665715922     
           6           2   27.235544587390894     
           6           3   34.682504951523256     
           6           4   39.597867856406261     
           6           5   17.813362538551100     
           6           6   24.041630560342615     
           6           1   36.971215213587442     
           6           2   39.523801953288057     
           6           3   44.989499066968037     
           6           4   48.867261427798894     
           6           5   25.526017191509599     
           6           6   29.444863728670914     
           6           1   47.268233016899352     
           6           2   54.410357035344994     
           6           3   58.508408821989001     
           6           4   61.530702418648467     
           6           5   39.545407096053921     
           6           6   41.641325627314025     
           6           1   60.294806520659051     
           6           2   40.956978890256295     
           6           3   51.312935684208725     
           6           4   55.141047435999454     
           6           5   47.672283248561769     
           6           6   51.000000000000000     
           6           1   52.620136749482171     
           6           2   36.630999872892893     
           6           3   47.939506100042621     
           6           4   52.005319083903061     
           6           5   38.090789685467151     
           6           6   41.641325627314025     
           6           1   49.802549028184281     
           6           2   39.801836434502100     
           6           3   50.412053337473836     
           6           4   54.282329663510218     
           6           5   34.744351017019710     
           6           6   38.013155617496423     
           6           1   52.628024738490744     
           6           2   49.036131733955500     
           6           3   57.987533128118059     
           6           4   61.372546096584841     
           6           5   39.261069729762411     
           6           6   41.641325627314025     
           6           1   60.308573901607794     
           6           2   61.667643438847385     
           6           3   69.005310483098853     
           6           4   71.865203784981091     
           6           5   49.534768244705198     
           6           6   51.000000000000000     
           6           1   41.365319403816940     
           6           2   39.322822440994095     
           6           3   30.975075445774802     
           6           4   26.404227041051776     
           6           5   49.082080780341393     
           6           6   48.083261120685229     
           6           1   29.060363857844067     
           6           2   34.794258098096137     
           6           3   24.992682438180253     
           6           4   19.005296796283915     
           6           5   39.841088369412624     
           6           6   38.013155617496423     
           6           1   23.577952534534976     
           6           2   38.118190256987646     
           6           3   29.458666840846789     
           6           4   24.560525381071745     
           6           5   36.654794927686254     
           6           6   34.000000000000000     
           6           1   29.074644346771969     
           6           2   47.679686034399253     
           6           3   41.097346977928986     
           6           4   37.725820172313007     
           6           5   40.961392309370076     
           6           6   38.013155617496423     
           6           1   41.385384401522408     
           6           2   60.594624284748782     
           6           3   55.571312790040970     
           6           4   53.115493110326376     
           6           5   50.892998817651822     
           6           6   48.083261120685229     
           6           1   37.147380565600976     
           6           2   25.587021305987331     
           6           3   23.747721382467677     
           6           4   18.486843445001604     
           6           5   39.558876328732865     
           6           6   38.013155617496423     
           6           1   22.657073532477316     
           6           2   17.862018116216021     
           6           3   15.137144626500570     
           6           4   2.4044710934899407     
           6           5   27.261077842289531     
           6           6   24.041630560342615     
           6           1   14.991933805436139     
           6           2   23.694044041805292     
           6           3   21.732740831010656     
           6           4   15.741651181463094     
           6           5   22.347886563493134     
           6           6   17.000000000000000     
           6           1   22.675387039631183     
           6           2   37.172083004937832     
           6           3   35.965134514028449     
           6           4   32.677479746735187     
           6           5   28.873685296237213     
           6           6   24.041630560342615     
           6           1   37.169722565114320     
           6           2   52.726841236669657     
           6           3   51.890941186265280     
           6           4   49.657182595045782     
           6           5   41.784582938178680     
           6           6   38.013155617496423     
           6           1   40.333188770433011     
           6           2   18.469081024787087     
           6           3   27.321296507435072     
           6           4   23.755916220693067     
           6           5   36.038295451588773     
           6           6   34.000000000000000     
           6           1   27.571383979805560     
           6           2   2.3373030978309157     
           6           3   20.288719018988523     
           6           4   15.111639757617892     
           6           5   21.840796867041998     
           6           6   17.000000000000000     
           6           1   21.716268388753477     
           6           2   15.742268503684897     
           6           3   25.589275019346466     
           6           4   21.688240058691886     
           6           5   15.273574451279551     
           6           6   0.0000000000000000     
           6           1   27.586435269945053     
           6           2   32.682947381059265     
           6           3   38.418613621525068     
           6           4   35.922108199865960     
           6           5   23.823176640619685     
           6           6   17.000000000000000     
           6           1   40.353766975009449     
           6           2   49.664183083828817     
           6           3   53.620600044985643     
           6           4   51.849936916088019     
           6           5   38.468239028860623     
           6           6   34.000000000000000     
           6           1   49.513678412103239     
           6           2   24.607280395997670     
           6           3   38.819482413281293     
           6           4   36.944874210222686     
           6           5   40.132440515373922     
           6           6   38.013155617496423     
           6           1   39.812302722496135     
           6           2   16.427850752859630     
           6           3   34.236400094334364     
           6           4   32.077123173511161     
           6           5   28.086908880320273     
           6           6   24.041630560342615     
           6           1   36.006034858592358     
           6           2   22.632505655123786     
           6           3   37.620605630473584     
           6           4   35.650524985868536     
           6           5   23.348150230431571     
           6           6   17.000000000000000     
           6           1   39.822727736917557     
           6           2   36.504607162660839     
           6           3   47.291530368427530     
           6           4   45.727213259146531     
           6           5   29.654641928611948     
           6           6   24.041630560342615     
           6           1   49.530442584123534     
           6           2   52.258419187449299     
           6           3   60.296498415514861     
           6           4   59.067724969960508     
           6           5   42.327998495624357     
           6           6   38.013155617496423     
           6           1   62.084157265786999     
           6           2   38.051669386169543     
           6           3   53.342770708156195     
           6           4   52.378467955198595     
           6           5   50.004668025935828     
           6           6   48.083261120685229     
           6           1   54.661299669633429     
           6           2   33.350945637947540     
           6           3   50.106187875423224     
           6           4   49.066505948693717     
           6           5   40.972289332125889     
           6           6   38.013155617496423     
           6           1   51.954526075636203     
           6           2   36.805456209865291     
           6           3   52.476746659749132     
           6           4   51.473683632441009     
           6           5   37.881263994840836     
           6           6   34.000000000000000     
           6           1   54.668893146966646     
           6           2   46.636869949507656     
           6           3   59.791201832508555     
           6           4   58.902955845798225     
           6           5   42.062475326331104     
           6           6   38.013155617496423     
           6           1   62.097527938597942     
           6           2   59.777534831726456     
           6           3   70.527772495379850     
           6           4   69.768017802224293     
           6           5   51.783332253820831     
           6           6   48.083261120685229     
           6           1   50.080620397705317     
           6           2   43.528608845027449     
           6           3   41.831676002314637     
           6           4   31.275421637925753     
           6           5   56.699831463425923     
           6           6   51.000000000000000     
           6           1   40.515227231123276     
           6           2   39.485387421860018     
           6           3   37.617389512656359     
           6           4   25.341075338459181     
           6           5   48.919654094364695     
           6           6   41.641325627314025     
           6           1   36.781771786579931     
           6           2   42.443513659042893     
           6           3   40.721577453865798     
           6           4   29.735302251514007     
           6           5   46.361559782255817     
           6           6   38.013155617496423     
           6           1   40.525471421447307     
           6           2   51.203592487210699     
           6           3   49.793832418437866     
           6           4   41.282033630482928     
           6           5   49.836290935171611     
           6           6   41.641325627314025     
           6           1   50.097194852616624     
           6           2   63.404762561398485     
           6           3   62.278444292546013     
           6           4   55.697615759992395     
           6           5   58.274501824609850     
           6           6   51.000000000000000     
           6           1   46.657333538521598     
           6           2   31.672560404402141     
           6           3   36.802012025845784     
           6           4   24.954602251981967     
           6           5   48.690090682241781     
           6           6   41.641325627314025     
           6           1   36.198368348522941     
           6           2   25.836159049701674     
           6           3   31.930658711257120     
           6           4   16.933702319163793     
           6           5   39.357167064923708     
           6           6   29.444863728670914     
           6           1   31.964620586921445     
           6           2   30.163937844924384     
           6           3   35.535135321524564     
           6           4   22.994964120726149     
           6           5   36.128219830316901     
           6           6   24.041630560342615     
           6           1   36.209833849885825     
           6           2   41.595903382225522     
           6           3   45.650024303425575     
           6           4   36.725828453459194     
           6           5   40.490862386952088     
           6           6   29.444863728670914     
           6           1   46.675123627118893     
           6           2   55.933667947439496     
           6           3   59.017824387956118     
           6           4   52.409966383049152     
           6           5   50.515063155166693     
           6           6   41.641325627314025     
           6           1   49.231544830836327     
           6           2   26.259519743468331     
           6           3   39.203151163374216     
           6           4   29.074255768277411     
           6           5   45.875690439588475     
           6           6   38.013155617496423     
           6           1   39.460868016316390     
           6           2   18.812719341673670     
           6           3   34.670822570609019     
           6           4   22.568350607845542     
           6           5   35.816764818173311     
           6           6   24.041630560342615     
           6           1   35.617063365353928     
           6           2   24.418731353196097     
           6           3   38.016375607189779     
           6           4   27.410737856505648     
           6           5   32.235109907858629     
           6           6   17.000000000000000     
           6           1   39.471385850285671     
           6           2   37.638151824585400     
           6           3   47.606971032520192     
           6           4   39.640467334751513     
           6           5   37.058925773733833     
           6           6   24.041630560342615     
           6           1   49.248405041306938     
           6           2   53.056446400428300     
           6           3   60.544219934486719     
           6           4   54.492061359402911     
           6           5   47.808217371436278     
           6           6   38.013155617496423     
           6           1   56.996344092726176     
           6           2   30.886464215651227     
           6           3   47.931054997008360     
           6           4   40.569600976640153     
           6           5   49.157227504945524     
           6           6   41.641325627314025     
           6           1   48.805720342055565     
           6           2   24.866236217322545     
           6           3   44.300845473992062     
           6           4   36.192687439360334     
           6           5   39.933628494094549     
           6           6   29.444863728670914     
           6           1   45.753835208400083     
           6           2   29.337445960523947     
           6           3   46.965346653621175     
           6           4   39.394526583811881     
           6           5   36.755358159535703     
           6           6   24.041630560342615     
           6           1   48.814224714194999     
           6           2   41.000509354856092     
           6           3   55.017475976993786     
           6           4   48.702636740140576     
           6           5   41.051407066836774     
           6           6   29.444863728670914     
           6           1   57.010908014330212     
           6           2   55.492321984474771     
           6           3   66.528952640661416     
           6           4   61.400040114982993     
           6           5   50.965475479961178     
           6           6   41.641325627314025     
           6           1   68.201330437479271     
           6           2   42.383781878588948     
           6           3   60.298300184284727     
           6           4   54.995206139520839     
           6           5   57.500322248114358     
           6           6   51.000000000000000     
           6           1   61.521025443442753     
           6           2   38.219641523734687     
           6           3   57.454885620792894     
           6           4   51.850658616914600     
           6           5   49.845247791222612     
           6           6   41.641325627314025     
           6           1   59.129110172428824     
           6           2   41.268596172801466     
           6           3   59.533543135636378     
           6           4   54.134174970043183     
           6           5   47.337198861991936     
           6           6   38.013155617496423     
           6           1   61.527772330499019     
           6           2   50.233983138357075     
           6           3   66.071337468428467     
           6           4   61.241546358388767     
           6           5   50.745167896373729     
           6           6   41.641325627314025     
           6           1   68.213502080777346     
           6           2   62.624349049037811     
           6           3   75.924966324992482     
           6           4   71.753362994678582     
           6           5   59.053651314398394     
           6           6   51.000000000000000     
           6           1   62.314102974032458     
           6           2   53.114924562130881     
           6           3   55.841946021371889     
           6           4   42.861647094164020     
           6           5   67.813649969853799     
           6           6   58.889727457341827     
           6           1   54.922331775233431     
           6           2   49.855303059071197     
           6           3   52.758902680382718     
           6           4   38.744533708693524     
           6           5   61.456918170090816     
           6           6   51.000000000000000     
           6           1   52.229087928081903     
           6           2   52.229371765155413     
           6           3   55.015276865815892     
           6           4   41.751131637160668     
           6           5   59.440848409966584     
           6           6   48.083261120685229     
           6           1   54.929889167645385     
           6           2   59.567300651060165     
           6           3   62.031117716889959     
           6           4   50.627809489083646     
           6           5   62.189035435742326     
           6           6   51.000000000000000     
           6           1   62.327424318194801     
           6           2   70.332206980335627     
           6           3   72.436444154796433     
           6           4   62.938010727559366     
           6           5   69.135647803137005     
           6           6   58.889727457341827     
           6           1   59.597698470361387     
           6           2   43.927286574838135     
           6           3   52.180666031028039     
           6           4   38.492869035046581     
           6           5   61.274343447301611     
           6           6   51.000000000000000     
           6           1   51.819887698977219     
           6           2   39.924460393334492     
           6           3   48.867174913493471     
           6           4   33.848472155012814     
           6           5   54.155395240264490     
           6           6   41.641325627314025     
           6           1   48.956264760550361     
           6           2   42.852287798551828     
           6           3   51.295025690706588     
           6           4   37.252344461900748     
           6           5   51.856229156781637     
           6           6   38.013155617496423     
           6           1   51.827897482683980     
           6           2   51.542939394653203     
           6           3   58.756774394060564     
           6           4   46.986756310555606     
           6           5   54.984817641709405     
           6           6   41.641325627314025     
           6           1   59.611626849517329     
           6           2   63.679122428876738     
           6           3   69.652978498976012     
           6           4   60.048092136777896     
           6           5   62.734295563299554     
           6           6   51.000000000000000     
           6           1   61.633788594162461     
           6           2   40.199723884811142     
           6           3   53.901028556323070     
           6           4   41.282940077880077     
           6           5   59.062671862707809     
           6           6   48.083261120685229     
           6           1   54.149228938558352     
           6           2   35.782311723616118     
           6           3   50.700096213062920     
           6           4   36.990529087230783     
           6           5   51.639721884352596     
           6           6   38.013155617496423     
           6           1   51.415504401016044     
           6           2   39.022171443386064     
           6           3   53.044119679735665     
           6           4   40.128759547644833     
           6           5   49.223191130042274     
           6           6   34.000000000000000     
           6           1   54.156894214692507     
           6           2   48.405432505329337     
           6           3   60.289779475317395     
           6           4   49.298432465060451     
           6           5   52.508896520076100     
           6           6   38.013155617496423     
           6           1   61.647256947506513     
           6           2   61.167327290792862     
           6           3   70.950943515690369     
           6           4   61.873690242231035     
           6           5   60.575951354373693     
           6           6   48.083261120685229     
           6           1   67.996780291243979     
           6           2   43.363914664178516     
           6           3   60.546014331394488     
           6           4   50.048589554536164     
           6           5   61.646194126044144     
           6           6   51.000000000000000     
           6           1   61.294185924492055     
           6           2   39.303754615470723     
           6           3   57.714805102345352     
           6           4   46.571229499314875     
           6           5   54.575772270828260     
           6           6   41.641325627314025     
           6           1   58.893058388206455     
           6           2   42.274592354558727     
           6           3   59.784426104011338     
           6           4   49.100891211436128     
           6           5   52.295091430159054     
           6           6   38.013155617496423     
           6           1   61.300957777894375     
           6           2   51.063658218101601     
           6           3   66.297484727327884     
           6           4   56.841143711546792     
           6           5   55.398901220331823     
           6           6   41.641325627314025     
           6           1   68.008988543116004     
           6           2   63.291810074338009     
           6           3   76.121845469973707     
           6           4   68.036267674793450     
           6           5   63.097542940684079     
           6           6   51.000000000000000     
           6           1   77.629893491370311     
           6           2   52.180843128386279     
           6           3   70.741210220106481     
           6           4   62.317264793338097     
           6           5   68.484358016191862     
           6           6   58.889727457341827     
           6           1   71.831855479668576     
           6           2   48.858944129608830     
           6           3   68.333723006942776     
           6           4   59.560553993414509     
           6           5   62.196213402596541     
           6           6   51.000000000000000     
           6           1   69.794201477074651     
           6           2   51.279161979611338     
           6           3   70.090488488623492     
           6           4   61.558733683222194     
           6           5   60.204905367857840     
           6           6   48.083261120685229     
           6           1   71.837633994954089     
           6           2   58.735921591494552     
           6           3   75.722225622059909     
           6           4   67.893267658592663     
           6           5   62.919729013117227     
           6           6   51.000000000000000     
           6           1   77.640587041594927     
           6           2   69.629480229807655     
           6           3   84.457292934017417     
           6           4   77.508153726177312     
           6           5   69.793652775990267     
           6           6   58.889727457341827     
   1   5  2.3375
   2   4  2.3353
   3   4  2.3354
   4   2  2.3353
   5   6  2.3371
   6   5  2.3371
