           4
  0.9392099560020344  0.0162804745979239  0.0847677052137956
  0.0534629858008437  0.0867839896345853  0.9551555053747102
  0.9510982664961681  0.9348189527477517  0.9178517770379242
  0.0936793799362555  0.9243324653726894  0.0372020711970928
           1           1  -1.0607900439979656       -1.9837195254020761       -1.9152322947862044     
           2           2  -1.9465370141991563       -1.9132160103654148       -1.0448444946252899     
           3           3  -1.0489017335038318       -1.0651810472522483       -1.0821482229620758     
           4           4  -1.9063206200637446       -1.0756675346273106       -1.9627979288029072     
           5           1  -1.0607900439979656       -1.9837195254020761      -0.91523229478620438     
           6           2  -1.9465370141991563       -1.9132160103654148      -4.48444946252898324E-002
           7           3  -1.0489017335038318       -1.0651810472522483      -8.21482229620758009E-002
           8           4  -1.9063206200637446       -1.0756675346273106      -0.96279792880290715     
           9           1  -1.0607900439979656       -1.9837195254020761       8.47677052137956050E-002
          10           2  -1.9465370141991563       -1.9132160103654148       0.95515550537471017     
          11           3  -1.0489017335038318       -1.0651810472522483       0.91785177703792420     
          12           4  -1.9063206200637446       -1.0756675346273106       3.72020711970927967E-002
          13           1  -1.0607900439979656       -1.9837195254020761        1.0847677052137956     
          14           2  -1.9465370141991563       -1.9132160103654148        1.9551555053747101     
          15           3  -1.0489017335038318       -1.0651810472522483        1.9178517770379242     
          16           4  -1.9063206200637446       -1.0756675346273106        1.0372020711970928     
          17           1  -1.0607900439979656       -1.9837195254020761        2.0847677052137956     
          18           2  -1.9465370141991563       -1.9132160103654148        2.9551555053747101     
          19           3  -1.0489017335038318       -1.0651810472522483        2.9178517770379244     
          20           4  -1.9063206200637446       -1.0756675346273106        2.0372020711970928     
          21           1  -1.0607900439979656      -0.98371952540207608       -1.9152322947862044     
          22           2  -1.9465370141991563      -0.91321601036541467       -1.0448444946252899     
          23           3  -1.0489017335038318      -6.51810472522482698E-002  -1.0821482229620758     
          24           4  -1.9063206200637446      -7.56675346273105731E-002  -1.9627979288029072     
          25           1  -1.0607900439979656      -0.98371952540207608      -0.91523229478620438     
          26           2  -1.9465370141991563      -0.91321601036541467      -4.48444946252898324E-002
          27           3  -1.0489017335038318      -6.51810472522482698E-002 -8.21482229620758009E-002
          28           4  -1.9063206200637446      -7.56675346273105731E-002 -0.96279792880290715     
          29           1  -1.0607900439979656      -0.98371952540207608       8.47677052137956050E-002
          30           2  -1.9465370141991563      -0.91321601036541467       0.95515550537471017     
          31           3  -1.0489017335038318      -6.51810472522482698E-002  0.91785177703792420     
          32           4  -1.9063206200637446      -7.56675346273105731E-002  3.72020711970927967E-002
          33           1  -1.0607900439979656      -0.98371952540207608        1.0847677052137956     
          34           2  -1.9465370141991563      -0.91321601036541467        1.9551555053747101     
          35           3  -1.0489017335038318      -6.51810472522482698E-002   1.9178517770379242     
          36           4  -1.9063206200637446      -7.56675346273105731E-002   1.0372020711970928     
          37           1  -1.0607900439979656      -0.98371952540207608        2.0847677052137956     
          38           2  -1.9465370141991563      -0.91321601036541467        2.9551555053747101     
          39           3  -1.0489017335038318      -6.51810472522482698E-002   2.9178517770379244     
          40           4  -1.9063206200637446      -7.56675346273105731E-002   2.0372020711970928     
          41           1  -1.0607900439979656       1.62804745979239010E-002  -1.9152322947862044     
          42           2  -1.9465370141991563       8.67839896345853068E-002  -1.0448444946252899     
          43           3  -1.0489017335038318       0.93481895274775173       -1.0821482229620758     
          44           4  -1.9063206200637446       0.92433246537268943       -1.9627979288029072     
          45           1  -1.0607900439979656       1.62804745979239010E-002 -0.91523229478620438     
          46           2  -1.9465370141991563       8.67839896345853068E-002 -4.48444946252898324E-002
          47           3  -1.0489017335038318       0.93481895274775173      -8.21482229620758009E-002
          48           4  -1.9063206200637446       0.92433246537268943      -0.96279792880290715     
          49           1  -1.0607900439979656       1.62804745979239010E-002  8.47677052137956050E-002
          50           2  -1.9465370141991563       8.67839896345853068E-002  0.95515550537471017     
          51           3  -1.0489017335038318       0.93481895274775173       0.91785177703792420     
          52           4  -1.9063206200637446       0.92433246537268943       3.72020711970927967E-002
          53           1  -1.0607900439979656       1.62804745979239010E-002   1.0847677052137956     
          54           2  -1.9465370141991563       8.67839896345853068E-002   1.9551555053747101     
          55           3  -1.0489017335038318       0.93481895274775173        1.9178517770379242     
          56           4  -1.9063206200637446       0.92433246537268943        1.0372020711970928     
          57           1  -1.0607900439979656       1.62804745979239010E-002   2.0847677052137956     
          58           2  -1.9465370141991563       8.67839896345853068E-002   2.9551555053747101     
          59           3  -1.0489017335038318       0.93481895274775173        2.9178517770379244     
          60           4  -1.9063206200637446       0.92433246537268943        2.0372020711970928     
          61           1  -1.0607900439979656        1.0162804745979239       -1.9152322947862044     
          62           2  -1.9465370141991563        1.0867839896345852       -1.0448444946252899     
          63           3  -1.0489017335038318        1.9348189527477517       -1.0821482229620758     
          64           4  -1.9063206200637446        1.9243324653726894       -1.9627979288029072     
          65           1  -1.0607900439979656        1.0162804745979239      -0.91523229478620438     
          66           2  -1.9465370141991563        1.0867839896345852      -4.48444946252898324E-002
          67           3  -1.0489017335038318        1.9348189527477517      -8.21482229620758009E-002
          68           4  -1.9063206200637446        1.9243324653726894      -0.96279792880290715     
          69           1  -1.0607900439979656        1.0162804745979239       8.47677052137956050E-002
          70           2  -1.9465370141991563        1.0867839896345852       0.95515550537471017     
          71           3  -1.0489017335038318        1.9348189527477517       0.91785177703792420     
          72           4  -1.9063206200637446        1.9243324653726894       3.72020711970927967E-002
          73           1  -1.0607900439979656        1.0162804745979239        1.0847677052137956     
          74           2  -1.9465370141991563        1.0867839896345852        1.9551555053747101     
          75           3  -1.0489017335038318        1.9348189527477517        1.9178517770379242     
          76           4  -1.9063206200637446        1.9243324653726894        1.0372020711970928     
          77           1  -1.0607900439979656        1.0162804745979239        2.0847677052137956     
          78           2  -1.9465370141991563        1.0867839896345852        2.9551555053747101     
          79           3  -1.0489017335038318        1.9348189527477517        2.9178517770379244     
          80           4  -1.9063206200637446        1.9243324653726894        2.0372020711970928     
          81           1  -1.0607900439979656        2.0162804745979237       -1.9152322947862044     
          82           2  -1.9465370141991563        2.0867839896345854       -1.0448444946252899     
          83           3  -1.0489017335038318        2.9348189527477517       -1.0821482229620758     
          84           4  -1.9063206200637446        2.9243324653726894       -1.9627979288029072     
          85           1  -1.0607900439979656        2.0162804745979237      -0.91523229478620438     
          86           2  -1.9465370141991563        2.0867839896345854      -4.48444946252898324E-002
          87           3  -1.0489017335038318        2.9348189527477517      -8.21482229620758009E-002
          88           4  -1.9063206200637446        2.9243324653726894      -0.96279792880290715     
          89           1  -1.0607900439979656        2.0162804745979237       8.47677052137956050E-002
          90           2  -1.9465370141991563        2.0867839896345854       0.95515550537471017     
          91           3  -1.0489017335038318        2.9348189527477517       0.91785177703792420     
          92           4  -1.9063206200637446        2.9243324653726894       3.72020711970927967E-002
          93           1  -1.0607900439979656        2.0162804745979237        1.0847677052137956     
          94           2  -1.9465370141991563        2.0867839896345854        1.9551555053747101     
          95           3  -1.0489017335038318        2.9348189527477517        1.9178517770379242     
          96           4  -1.9063206200637446        2.9243324653726894        1.0372020711970928     
          97           1  -1.0607900439979656        2.0162804745979237        2.0847677052137956     
          98           2  -1.9465370141991563        2.0867839896345854        2.9551555053747101     
          99           3  -1.0489017335038318        2.9348189527477517        2.9178517770379244     
         100           4  -1.9063206200637446        2.9243324653726894        2.0372020711970928     
         101           1 -6.07900439979656149E-002  -1.9837195254020761       -1.9152322947862044     
         102           2 -0.94653701419915626       -1.9132160103654148       -1.0448444946252899     
         103           3 -4.89017335038318679E-002  -1.0651810472522483       -1.0821482229620758     
         104           4 -0.90632062006374448       -1.0756675346273106       -1.9627979288029072     
         105           1 -6.07900439979656149E-002  -1.9837195254020761      -0.91523229478620438     
         106           2 -0.94653701419915626       -1.9132160103654148      -4.48444946252898324E-002
         107           3 -4.89017335038318679E-002  -1.0651810472522483      -8.21482229620758009E-002
         108           4 -0.90632062006374448       -1.0756675346273106      -0.96279792880290715     
         109           1 -6.07900439979656149E-002  -1.9837195254020761       8.47677052137956050E-002
         110           2 -0.94653701419915626       -1.9132160103654148       0.95515550537471017     
         111           3 -4.89017335038318679E-002  -1.0651810472522483       0.91785177703792420     
         112           4 -0.90632062006374448       -1.0756675346273106       3.72020711970927967E-002
         113           1 -6.07900439979656149E-002  -1.9837195254020761        1.0847677052137956     
         114           2 -0.94653701419915626       -1.9132160103654148        1.9551555053747101     
         115           3 -4.89017335038318679E-002  -1.0651810472522483        1.9178517770379242     
         116           4 -0.90632062006374448       -1.0756675346273106        1.0372020711970928     
         117           1 -6.07900439979656149E-002  -1.9837195254020761        2.0847677052137956     
         118           2 -0.94653701419915626       -1.9132160103654148        2.9551555053747101     
         119           3 -4.89017335038318679E-002  -1.0651810472522483        2.9178517770379244     
         120           4 -0.90632062006374448       -1.0756675346273106        2.0372020711970928     
         121           1 -6.07900439979656149E-002 -0.98371952540207608       -1.9152322947862044     
         122           2 -0.94653701419915626      -0.91321601036541467       -1.0448444946252899     
         123           3 -4.89017335038318679E-002 -6.51810472522482698E-002  -1.0821482229620758     
         124           4 -0.90632062006374448      -7.56675346273105731E-002  -1.9627979288029072     
         125           1 -6.07900439979656149E-002 -0.98371952540207608      -0.91523229478620438     
         126           2 -0.94653701419915626      -0.91321601036541467      -4.48444946252898324E-002
         127           3 -4.89017335038318679E-002 -6.51810472522482698E-002 -8.21482229620758009E-002
         128           4 -0.90632062006374448      -7.56675346273105731E-002 -0.96279792880290715     
         129           1 -6.07900439979656149E-002 -0.98371952540207608       8.47677052137956050E-002
         130           2 -0.94653701419915626      -0.91321601036541467       0.95515550537471017     
         131           3 -4.89017335038318679E-002 -6.51810472522482698E-002  0.91785177703792420     
         132           4 -0.90632062006374448      -7.56675346273105731E-002  3.72020711970927967E-002
         133           1 -6.07900439979656149E-002 -0.98371952540207608        1.0847677052137956     
         134           2 -0.94653701419915626      -0.91321601036541467        1.9551555053747101     
         135           3 -4.89017335038318679E-002 -6.51810472522482698E-002   1.9178517770379242     
         136           4 -0.90632062006374448      -7.56675346273105731E-002   1.0372020711970928     
         137           1 -6.07900439979656149E-002 -0.98371952540207608        2.0847677052137956     
         138           2 -0.94653701419915626      -0.91321601036541467        2.9551555053747101     
         139           3 -4.89017335038318679E-002 -6.51810472522482698E-002   2.9178517770379244     
         140           4 -0.90632062006374448      -7.56675346273105731E-002   2.0372020711970928     
         141           1 -6.07900439979656149E-002  1.62804745979239010E-002  -1.9152322947862044     
         142           2 -0.94653701419915626       8.67839896345853068E-002  -1.0448444946252899     
         143           3 -4.89017335038318679E-002  0.93481895274775173       -1.0821482229620758     
         144           4 -0.90632062006374448       0.92433246537268943       -1.9627979288029072     
         145           1 -6.07900439979656149E-002  1.62804745979239010E-002 -0.91523229478620438     
         146           2 -0.94653701419915626       8.67839896345853068E-002 -4.48444946252898324E-002
         147           3 -4.89017335038318679E-002  0.93481895274775173      -8.21482229620758009E-002
         148           4 -0.90632062006374448       0.92433246537268943      -0.96279792880290715     
         149           1 -6.07900439979656149E-002  1.62804745979239010E-002  8.47677052137956050E-002
         150           2 -0.94653701419915626       8.67839896345853068E-002  0.95515550537471017     
         151           3 -4.89017335038318679E-002  0.93481895274775173       0.91785177703792420     
         152           4 -0.90632062006374448       0.92433246537268943       3.72020711970927967E-002
         153           1 -6.07900439979656149E-002  1.62804745979239010E-002   1.0847677052137956     
         154           2 -0.94653701419915626       8.67839896345853068E-002   1.9551555053747101     
         155           3 -4.89017335038318679E-002  0.93481895274775173        1.9178517770379242     
         156           4 -0.90632062006374448       0.92433246537268943        1.0372020711970928     
         157           1 -6.07900439979656149E-002  1.62804745979239010E-002   2.0847677052137956     
         158           2 -0.94653701419915626       8.67839896345853068E-002   2.9551555053747101     
         159           3 -4.89017335038318679E-002  0.93481895274775173        2.9178517770379244     
         160           4 -0.90632062006374448       0.92433246537268943        2.0372020711970928     
         161           1 -6.07900439979656149E-002   1.0162804745979239       -1.9152322947862044     
         162           2 -0.94653701419915626        1.0867839896345852       -1.0448444946252899     
         163           3 -4.89017335038318679E-002   1.9348189527477517       -1.0821482229620758     
         164           4 -0.90632062006374448        1.9243324653726894       -1.9627979288029072     
         165           1 -6.07900439979656149E-002   1.0162804745979239      -0.91523229478620438     
         166           2 -0.94653701419915626        1.0867839896345852      -4.48444946252898324E-002
         167           3 -4.89017335038318679E-002   1.9348189527477517      -8.21482229620758009E-002
         168           4 -0.90632062006374448        1.9243324653726894      -0.96279792880290715     
         169           1 -6.07900439979656149E-002   1.0162804745979239       8.47677052137956050E-002
         170           2 -0.94653701419915626        1.0867839896345852       0.95515550537471017     
         171           3 -4.89017335038318679E-002   1.9348189527477517       0.91785177703792420     
         172           4 -0.90632062006374448        1.9243324653726894       3.72020711970927967E-002
         173           1 -6.07900439979656149E-002   1.0162804745979239        1.0847677052137956     
         174           2 -0.94653701419915626        1.0867839896345852        1.9551555053747101     
         175           3 -4.89017335038318679E-002   1.9348189527477517        1.9178517770379242     
         176           4 -0.90632062006374448        1.9243324653726894        1.0372020711970928     
         177           1 -6.07900439979656149E-002   1.0162804745979239        2.0847677052137956     
         178           2 -0.94653701419915626        1.0867839896345852        2.9551555053747101     
         179           3 -4.89017335038318679E-002   1.9348189527477517        2.9178517770379244     
         180           4 -0.90632062006374448        1.9243324653726894        2.0372020711970928     
         181           1 -6.07900439979656149E-002   2.0162804745979237       -1.9152322947862044     
         182           2 -0.94653701419915626        2.0867839896345854       -1.0448444946252899     
         183           3 -4.89017335038318679E-002   2.9348189527477517       -1.0821482229620758     
         184           4 -0.90632062006374448        2.9243324653726894       -1.9627979288029072     
         185           1 -6.07900439979656149E-002   2.0162804745979237      -0.91523229478620438     
         186           2 -0.94653701419915626        2.0867839896345854      -4.48444946252898324E-002
         187           3 -4.89017335038318679E-002   2.9348189527477517      -8.21482229620758009E-002
         188           4 -0.90632062006374448        2.9243324653726894      -0.96279792880290715     
         189           1 -6.07900439979656149E-002   2.0162804745979237       8.47677052137956050E-002
         190           2 -0.94653701419915626        2.0867839896345854       0.95515550537471017     
         191           3 -4.89017335038318679E-002   2.9348189527477517       0.91785177703792420     
         192           4 -0.90632062006374448        2.9243324653726894       3.72020711970927967E-002
         193           1 -6.07900439979656149E-002   2.0162804745979237        1.0847677052137956     
         194           2 -0.94653701419915626        2.0867839896345854        1.9551555053747101     
         195           3 -4.89017335038318679E-002   2.9348189527477517        1.9178517770379242     
         196           4 -0.90632062006374448        2.9243324653726894        1.0372020711970928     
         197           1 -6.07900439979656149E-002   2.0162804745979237        2.0847677052137956     
         198           2 -0.94653701419915626        2.0867839896345854        2.9551555053747101     
         199           3 -4.89017335038318679E-002   2.9348189527477517        2.9178517770379244     
         200           4 -0.90632062006374448        2.9243324653726894        2.0372020711970928     
         201           1  0.93920995600203439       -1.9837195254020761       -1.9152322947862044     
         202           2  5.34629858008437014E-002  -1.9132160103654148       -1.0448444946252899     
         203           3  0.95109826649616813       -1.0651810472522483       -1.0821482229620758     
         204           4  9.36793799362554969E-002  -1.0756675346273106       -1.9627979288029072     
         205           1  0.93920995600203439       -1.9837195254020761      -0.91523229478620438     
         206           2  5.34629858008437014E-002  -1.9132160103654148      -4.48444946252898324E-002
         207           3  0.95109826649616813       -1.0651810472522483      -8.21482229620758009E-002
         208           4  9.36793799362554969E-002  -1.0756675346273106      -0.96279792880290715     
         209           1  0.93920995600203439       -1.9837195254020761       8.47677052137956050E-002
         210           2  5.34629858008437014E-002  -1.9132160103654148       0.95515550537471017     
         211           3  0.95109826649616813       -1.0651810472522483       0.91785177703792420     
         212           4  9.36793799362554969E-002  -1.0756675346273106       3.72020711970927967E-002
         213           1  0.93920995600203439       -1.9837195254020761        1.0847677052137956     
         214           2  5.34629858008437014E-002  -1.9132160103654148        1.9551555053747101     
         215           3  0.95109826649616813       -1.0651810472522483        1.9178517770379242     
         216           4  9.36793799362554969E-002  -1.0756675346273106        1.0372020711970928     
         217           1  0.93920995600203439       -1.9837195254020761        2.0847677052137956     
         218           2  5.34629858008437014E-002  -1.9132160103654148        2.9551555053747101     
         219           3  0.95109826649616813       -1.0651810472522483        2.9178517770379244     
         220           4  9.36793799362554969E-002  -1.0756675346273106        2.0372020711970928     
         221           1  0.93920995600203439      -0.98371952540207608       -1.9152322947862044     
         222           2  5.34629858008437014E-002 -0.91321601036541467       -1.0448444946252899     
         223           3  0.95109826649616813      -6.51810472522482698E-002  -1.0821482229620758     
         224           4  9.36793799362554969E-002 -7.56675346273105731E-002  -1.9627979288029072     
         225           1  0.93920995600203439      -0.98371952540207608      -0.91523229478620438     
         226           2  5.34629858008437014E-002 -0.91321601036541467      -4.48444946252898324E-002
         227           3  0.95109826649616813      -6.51810472522482698E-002 -8.21482229620758009E-002
         228           4  9.36793799362554969E-002 -7.56675346273105731E-002 -0.96279792880290715     
         229           1  0.93920995600203439      -0.98371952540207608       8.47677052137956050E-002
         230           2  5.34629858008437014E-002 -0.91321601036541467       0.95515550537471017     
         231           3  0.95109826649616813      -6.51810472522482698E-002  0.91785177703792420     
         232           4  9.36793799362554969E-002 -7.56675346273105731E-002  3.72020711970927967E-002
         233           1  0.93920995600203439      -0.98371952540207608        1.0847677052137956     
         234           2  5.34629858008437014E-002 -0.91321601036541467        1.9551555053747101     
         235           3  0.95109826649616813      -6.51810472522482698E-002   1.9178517770379242     
         236           4  9.36793799362554969E-002 -7.56675346273105731E-002   1.0372020711970928     
         237           1  0.93920995600203439      -0.98371952540207608        2.0847677052137956     
         238           2  5.34629858008437014E-002 -0.91321601036541467        2.9551555053747101     
         239           3  0.95109826649616813      -6.51810472522482698E-002   2.9178517770379244     
         240           4  9.36793799362554969E-002 -7.56675346273105731E-002   2.0372020711970928     
         241           1  0.93920995600203439       1.62804745979239010E-002  -1.9152322947862044     
         242           2  5.34629858008437014E-002  8.67839896345853068E-002  -1.0448444946252899     
         243           3  0.95109826649616813       0.93481895274775173       -1.0821482229620758     
         244           4  9.36793799362554969E-002  0.92433246537268943       -1.9627979288029072     
         245           1  0.93920995600203439       1.62804745979239010E-002 -0.91523229478620438     
         246           2  5.34629858008437014E-002  8.67839896345853068E-002 -4.48444946252898324E-002
         247           3  0.95109826649616813       0.93481895274775173      -8.21482229620758009E-002
         248           4  9.36793799362554969E-002  0.92433246537268943      -0.96279792880290715     
         249           1  0.93920995600203439       1.62804745979239010E-002  8.47677052137956050E-002
         250           2  5.34629858008437014E-002  8.67839896345853068E-002  0.95515550537471017     
         251           3  0.95109826649616813       0.93481895274775173       0.91785177703792420     
         252           4  9.36793799362554969E-002  0.92433246537268943       3.72020711970927967E-002
         253           1  0.93920995600203439       1.62804745979239010E-002   1.0847677052137956     
         254           2  5.34629858008437014E-002  8.67839896345853068E-002   1.9551555053747101     
         255           3  0.95109826649616813       0.93481895274775173        1.9178517770379242     
         256           4  9.36793799362554969E-002  0.92433246537268943        1.0372020711970928     
         257           1  0.93920995600203439       1.62804745979239010E-002   2.0847677052137956     
         258           2  5.34629858008437014E-002  8.67839896345853068E-002   2.9551555053747101     
         259           3  0.95109826649616813       0.93481895274775173        2.9178517770379244     
         260           4  9.36793799362554969E-002  0.92433246537268943        2.0372020711970928     
         261           1  0.93920995600203439        1.0162804745979239       -1.9152322947862044     
         262           2  5.34629858008437014E-002   1.0867839896345852       -1.0448444946252899     
         263           3  0.95109826649616813        1.9348189527477517       -1.0821482229620758     
         264           4  9.36793799362554969E-002   1.9243324653726894       -1.9627979288029072     
         265           1  0.93920995600203439        1.0162804745979239      -0.91523229478620438     
         266           2  5.34629858008437014E-002   1.0867839896345852      -4.48444946252898324E-002
         267           3  0.95109826649616813        1.9348189527477517      -8.21482229620758009E-002
         268           4  9.36793799362554969E-002   1.9243324653726894      -0.96279792880290715     
         269           1  0.93920995600203439        1.0162804745979239       8.47677052137956050E-002
         270           2  5.34629858008437014E-002   1.0867839896345852       0.95515550537471017     
         271           3  0.95109826649616813        1.9348189527477517       0.91785177703792420     
         272           4  9.36793799362554969E-002   1.9243324653726894       3.72020711970927967E-002
         273           1  0.93920995600203439        1.0162804745979239        1.0847677052137956     
         274           2  5.34629858008437014E-002   1.0867839896345852        1.9551555053747101     
         275           3  0.95109826649616813        1.9348189527477517        1.9178517770379242     
         276           4  9.36793799362554969E-002   1.9243324653726894        1.0372020711970928     
         277           1  0.93920995600203439        1.0162804745979239        2.0847677052137956     
         278           2  5.34629858008437014E-002   1.0867839896345852        2.9551555053747101     
         279           3  0.95109826649616813        1.9348189527477517        2.9178517770379244     
         280           4  9.36793799362554969E-002   1.9243324653726894        2.0372020711970928     
         281           1  0.93920995600203439        2.0162804745979237       -1.9152322947862044     
         282           2  5.34629858008437014E-002   2.0867839896345854       -1.0448444946252899     
         283           3  0.95109826649616813        2.9348189527477517       -1.0821482229620758     
         284           4  9.36793799362554969E-002   2.9243324653726894       -1.9627979288029072     
         285           1  0.93920995600203439        2.0162804745979237      -0.91523229478620438     
         286           2  5.34629858008437014E-002   2.0867839896345854      -4.48444946252898324E-002
         287           3  0.95109826649616813        2.9348189527477517      -8.21482229620758009E-002
         288           4  9.36793799362554969E-002   2.9243324653726894      -0.96279792880290715     
         289           1  0.93920995600203439        2.0162804745979237       8.47677052137956050E-002
         290           2  5.34629858008437014E-002   2.0867839896345854       0.95515550537471017     
         291           3  0.95109826649616813        2.9348189527477517       0.91785177703792420     
         292           4  9.36793799362554969E-002   2.9243324653726894       3.72020711970927967E-002
         293           1  0.93920995600203439        2.0162804745979237        1.0847677052137956     
         294           2  5.34629858008437014E-002   2.0867839896345854        1.9551555053747101     
         295           3  0.95109826649616813        2.9348189527477517        1.9178517770379242     
         296           4  9.36793799362554969E-002   2.9243324653726894        1.0372020711970928     
         297           1  0.93920995600203439        2.0162804745979237        2.0847677052137956     
         298           2  5.34629858008437014E-002   2.0867839896345854        2.9551555053747101     
         299           3  0.95109826649616813        2.9348189527477517        2.9178517770379244     
         300           4  9.36793799362554969E-002   2.9243324653726894        2.0372020711970928     
         301           1   1.9392099560020344       -1.9837195254020761       -1.9152322947862044     
         302           2   1.0534629858008437       -1.9132160103654148       -1.0448444946252899     
         303           3   1.9510982664961682       -1.0651810472522483       -1.0821482229620758     
         304           4   1.0936793799362554       -1.0756675346273106       -1.9627979288029072     
         305           1   1.9392099560020344       -1.9837195254020761      -0.91523229478620438     
         306           2   1.0534629858008437       -1.9132160103654148      -4.48444946252898324E-002
         307           3   1.9510982664961682       -1.0651810472522483      -8.21482229620758009E-002
         308           4   1.0936793799362554       -1.0756675346273106      -0.96279792880290715     
         309           1   1.9392099560020344       -1.9837195254020761       8.47677052137956050E-002
         310           2   1.0534629858008437       -1.9132160103654148       0.95515550537471017     
         311           3   1.9510982664961682       -1.0651810472522483       0.91785177703792420     
         312           4   1.0936793799362554       -1.0756675346273106       3.72020711970927967E-002
         313           1   1.9392099560020344       -1.9837195254020761        1.0847677052137956     
         314           2   1.0534629858008437       -1.9132160103654148        1.9551555053747101     
         315           3   1.9510982664961682       -1.0651810472522483        1.9178517770379242     
         316           4   1.0936793799362554       -1.0756675346273106        1.0372020711970928     
         317           1   1.9392099560020344       -1.9837195254020761        2.0847677052137956     
         318           2   1.0534629858008437       -1.9132160103654148        2.9551555053747101     
         319           3   1.9510982664961682       -1.0651810472522483        2.9178517770379244     
         320           4   1.0936793799362554       -1.0756675346273106        2.0372020711970928     
         321           1   1.9392099560020344      -0.98371952540207608       -1.9152322947862044     
         322           2   1.0534629858008437      -0.91321601036541467       -1.0448444946252899     
         323           3   1.9510982664961682      -6.51810472522482698E-002  -1.0821482229620758     
         324           4   1.0936793799362554      -7.56675346273105731E-002  -1.9627979288029072     
         325           1   1.9392099560020344      -0.98371952540207608      -0.91523229478620438     
         326           2   1.0534629858008437      -0.91321601036541467      -4.48444946252898324E-002
         327           3   1.9510982664961682      -6.51810472522482698E-002 -8.21482229620758009E-002
         328           4   1.0936793799362554      -7.56675346273105731E-002 -0.96279792880290715     
         329           1   1.9392099560020344      -0.98371952540207608       8.47677052137956050E-002
         330           2   1.0534629858008437      -0.91321601036541467       0.95515550537471017     
         331           3   1.9510982664961682      -6.51810472522482698E-002  0.91785177703792420     
         332           4   1.0936793799362554      -7.56675346273105731E-002  3.72020711970927967E-002
         333           1   1.9392099560020344      -0.98371952540207608        1.0847677052137956     
         334           2   1.0534629858008437      -0.91321601036541467        1.9551555053747101     
         335           3   1.9510982664961682      -6.51810472522482698E-002   1.9178517770379242     
         336           4   1.0936793799362554      -7.56675346273105731E-002   1.0372020711970928     
         337           1   1.9392099560020344      -0.98371952540207608        2.0847677052137956     
         338           2   1.0534629858008437      -0.91321601036541467        2.9551555053747101     
         339           3   1.9510982664961682      -6.51810472522482698E-002   2.9178517770379244     
         340           4   1.0936793799362554      -7.56675346273105731E-002   2.0372020711970928     
         341           1   1.9392099560020344       1.62804745979239010E-002  -1.9152322947862044     
         342           2   1.0534629858008437       8.67839896345853068E-002  -1.0448444946252899     
         343           3   1.9510982664961682       0.93481895274775173       -1.0821482229620758     
         344           4   1.0936793799362554       0.92433246537268943       -1.9627979288029072     
         345           1   1.9392099560020344       1.62804745979239010E-002 -0.91523229478620438     
         346           2   1.0534629858008437       8.67839896345853068E-002 -4.48444946252898324E-002
         347           3   1.9510982664961682       0.93481895274775173      -8.21482229620758009E-002
         348           4   1.0936793799362554       0.92433246537268943      -0.96279792880290715     
         349           1   1.9392099560020344       1.62804745979239010E-002  8.47677052137956050E-002
         350           2   1.0534629858008437       8.67839896345853068E-002  0.95515550537471017     
         351           3   1.9510982664961682       0.93481895274775173       0.91785177703792420     
         352           4   1.0936793799362554       0.92433246537268943       3.72020711970927967E-002
         353           1   1.9392099560020344       1.62804745979239010E-002   1.0847677052137956     
         354           2   1.0534629858008437       8.67839896345853068E-002   1.9551555053747101     
         355           3   1.9510982664961682       0.93481895274775173        1.9178517770379242     
         356           4   1.0936793799362554       0.92433246537268943        1.0372020711970928     
         357           1   1.9392099560020344       1.62804745979239010E-002   2.0847677052137956     
         358           2   1.0534629858008437       8.67839896345853068E-002   2.9551555053747101     
         359           3   1.9510982664961682       0.93481895274775173        2.9178517770379244     
         360           4   1.0936793799362554       0.92433246537268943        2.0372020711970928     
         361           1   1.9392099560020344        1.0162804745979239       -1.9152322947862044     
         362           2   1.0534629858008437        1.0867839896345852       -1.0448444946252899     
         363           3   1.9510982664961682        1.9348189527477517       -1.0821482229620758     
         364           4   1.0936793799362554        1.9243324653726894       -1.9627979288029072     
         365           1   1.9392099560020344        1.0162804745979239      -0.91523229478620438     
         366           2   1.0534629858008437        1.0867839896345852      -4.48444946252898324E-002
         367           3   1.9510982664961682        1.9348189527477517      -8.21482229620758009E-002
         368           4   1.0936793799362554        1.9243324653726894      -0.96279792880290715     
         369           1   1.9392099560020344        1.0162804745979239       8.47677052137956050E-002
         370           2   1.0534629858008437        1.0867839896345852       0.95515550537471017     
         371           3   1.9510982664961682        1.9348189527477517       0.91785177703792420     
         372           4   1.0936793799362554        1.9243324653726894       3.72020711970927967E-002
         373           1   1.9392099560020344        1.0162804745979239        1.0847677052137956     
         374           2   1.0534629858008437        1.0867839896345852        1.9551555053747101     
         375           3   1.9510982664961682        1.9348189527477517        1.9178517770379242     
         376           4   1.0936793799362554        1.9243324653726894        1.0372020711970928     
         377           1   1.9392099560020344        1.0162804745979239        2.0847677052137956     
         378           2   1.0534629858008437        1.0867839896345852        2.9551555053747101     
         379           3   1.9510982664961682        1.9348189527477517        2.9178517770379244     
         380           4   1.0936793799362554        1.9243324653726894        2.0372020711970928     
         381           1   1.9392099560020344        2.0162804745979237       -1.9152322947862044     
         382           2   1.0534629858008437        2.0867839896345854       -1.0448444946252899     
         383           3   1.9510982664961682        2.9348189527477517       -1.0821482229620758     
         384           4   1.0936793799362554        2.9243324653726894       -1.9627979288029072     
         385           1   1.9392099560020344        2.0162804745979237      -0.91523229478620438     
         386           2   1.0534629858008437        2.0867839896345854      -4.48444946252898324E-002
         387           3   1.9510982664961682        2.9348189527477517      -8.21482229620758009E-002
         388           4   1.0936793799362554        2.9243324653726894      -0.96279792880290715     
         389           1   1.9392099560020344        2.0162804745979237       8.47677052137956050E-002
         390           2   1.0534629858008437        2.0867839896345854       0.95515550537471017     
         391           3   1.9510982664961682        2.9348189527477517       0.91785177703792420     
         392           4   1.0936793799362554        2.9243324653726894       3.72020711970927967E-002
         393           1   1.9392099560020344        2.0162804745979237        1.0847677052137956     
         394           2   1.0534629858008437        2.0867839896345854        1.9551555053747101     
         395           3   1.9510982664961682        2.9348189527477517        1.9178517770379242     
         396           4   1.0936793799362554        2.9243324653726894        1.0372020711970928     
         397           1   1.9392099560020344        2.0162804745979237        2.0847677052137956     
         398           2   1.0534629858008437        2.0867839896345854        2.9551555053747101     
         399           3   1.9510982664961682        2.9348189527477517        2.9178517770379244     
         400           4   1.0936793799362554        2.9243324653726894        2.0372020711970928     
         401           1   2.9392099560020344       -1.9837195254020761       -1.9152322947862044     
         402           2   2.0534629858008437       -1.9132160103654148       -1.0448444946252899     
         403           3   2.9510982664961682       -1.0651810472522483       -1.0821482229620758     
         404           4   2.0936793799362556       -1.0756675346273106       -1.9627979288029072     
         405           1   2.9392099560020344       -1.9837195254020761      -0.91523229478620438     
         406           2   2.0534629858008437       -1.9132160103654148      -4.48444946252898324E-002
         407           3   2.9510982664961682       -1.0651810472522483      -8.21482229620758009E-002
         408           4   2.0936793799362556       -1.0756675346273106      -0.96279792880290715     
         409           1   2.9392099560020344       -1.9837195254020761       8.47677052137956050E-002
         410           2   2.0534629858008437       -1.9132160103654148       0.95515550537471017     
         411           3   2.9510982664961682       -1.0651810472522483       0.91785177703792420     
         412           4   2.0936793799362556       -1.0756675346273106       3.72020711970927967E-002
         413           1   2.9392099560020344       -1.9837195254020761        1.0847677052137956     
         414           2   2.0534629858008437       -1.9132160103654148        1.9551555053747101     
         415           3   2.9510982664961682       -1.0651810472522483        1.9178517770379242     
         416           4   2.0936793799362556       -1.0756675346273106        1.0372020711970928     
         417           1   2.9392099560020344       -1.9837195254020761        2.0847677052137956     
         418           2   2.0534629858008437       -1.9132160103654148        2.9551555053747101     
         419           3   2.9510982664961682       -1.0651810472522483        2.9178517770379244     
         420           4   2.0936793799362556       -1.0756675346273106        2.0372020711970928     
         421           1   2.9392099560020344      -0.98371952540207608       -1.9152322947862044     
         422           2   2.0534629858008437      -0.91321601036541467       -1.0448444946252899     
         423           3   2.9510982664961682      -6.51810472522482698E-002  -1.0821482229620758     
         424           4   2.0936793799362556      -7.56675346273105731E-002  -1.9627979288029072     
         425           1   2.9392099560020344      -0.98371952540207608      -0.91523229478620438     
         426           2   2.0534629858008437      -0.91321601036541467      -4.48444946252898324E-002
         427           3   2.9510982664961682      -6.51810472522482698E-002 -8.21482229620758009E-002
         428           4   2.0936793799362556      -7.56675346273105731E-002 -0.96279792880290715     
         429           1   2.9392099560020344      -0.98371952540207608       8.47677052137956050E-002
         430           2   2.0534629858008437      -0.91321601036541467       0.95515550537471017     
         431           3   2.9510982664961682      -6.51810472522482698E-002  0.91785177703792420     
         432           4   2.0936793799362556      -7.56675346273105731E-002  3.72020711970927967E-002
         433           1   2.9392099560020344      -0.98371952540207608        1.0847677052137956     
         434           2   2.0534629858008437      -0.91321601036541467        1.9551555053747101     
         435           3   2.9510982664961682      -6.51810472522482698E-002   1.9178517770379242     
         436           4   2.0936793799362556      -7.56675346273105731E-002   1.0372020711970928     
         437           1   2.9392099560020344      -0.98371952540207608        2.0847677052137956     
         438           2   2.0534629858008437      -0.91321601036541467        2.9551555053747101     
         439           3   2.9510982664961682      -6.51810472522482698E-002   2.9178517770379244     
         440           4   2.0936793799362556      -7.56675346273105731E-002   2.0372020711970928     
         441           1   2.9392099560020344       1.62804745979239010E-002  -1.9152322947862044     
         442           2   2.0534629858008437       8.67839896345853068E-002  -1.0448444946252899     
         443           3   2.9510982664961682       0.93481895274775173       -1.0821482229620758     
         444           4   2.0936793799362556       0.92433246537268943       -1.9627979288029072     
         445           1   2.9392099560020344       1.62804745979239010E-002 -0.91523229478620438     
         446           2   2.0534629858008437       8.67839896345853068E-002 -4.48444946252898324E-002
         447           3   2.9510982664961682       0.93481895274775173      -8.21482229620758009E-002
         448           4   2.0936793799362556       0.92433246537268943      -0.96279792880290715     
         449           1   2.9392099560020344       1.62804745979239010E-002  8.47677052137956050E-002
         450           2   2.0534629858008437       8.67839896345853068E-002  0.95515550537471017     
         451           3   2.9510982664961682       0.93481895274775173       0.91785177703792420     
         452           4   2.0936793799362556       0.92433246537268943       3.72020711970927967E-002
         453           1   2.9392099560020344       1.62804745979239010E-002   1.0847677052137956     
         454           2   2.0534629858008437       8.67839896345853068E-002   1.9551555053747101     
         455           3   2.9510982664961682       0.93481895274775173        1.9178517770379242     
         456           4   2.0936793799362556       0.92433246537268943        1.0372020711970928     
         457           1   2.9392099560020344       1.62804745979239010E-002   2.0847677052137956     
         458           2   2.0534629858008437       8.67839896345853068E-002   2.9551555053747101     
         459           3   2.9510982664961682       0.93481895274775173        2.9178517770379244     
         460           4   2.0936793799362556       0.92433246537268943        2.0372020711970928     
         461           1   2.9392099560020344        1.0162804745979239       -1.9152322947862044     
         462           2   2.0534629858008437        1.0867839896345852       -1.0448444946252899     
         463           3   2.9510982664961682        1.9348189527477517       -1.0821482229620758     
         464           4   2.0936793799362556        1.9243324653726894       -1.9627979288029072     
         465           1   2.9392099560020344        1.0162804745979239      -0.91523229478620438     
         466           2   2.0534629858008437        1.0867839896345852      -4.48444946252898324E-002
         467           3   2.9510982664961682        1.9348189527477517      -8.21482229620758009E-002
         468           4   2.0936793799362556        1.9243324653726894      -0.96279792880290715     
         469           1   2.9392099560020344        1.0162804745979239       8.47677052137956050E-002
         470           2   2.0534629858008437        1.0867839896345852       0.95515550537471017     
         471           3   2.9510982664961682        1.9348189527477517       0.91785177703792420     
         472           4   2.0936793799362556        1.9243324653726894       3.72020711970927967E-002
         473           1   2.9392099560020344        1.0162804745979239        1.0847677052137956     
         474           2   2.0534629858008437        1.0867839896345852        1.9551555053747101     
         475           3   2.9510982664961682        1.9348189527477517        1.9178517770379242     
         476           4   2.0936793799362556        1.9243324653726894        1.0372020711970928     
         477           1   2.9392099560020344        1.0162804745979239        2.0847677052137956     
         478           2   2.0534629858008437        1.0867839896345852        2.9551555053747101     
         479           3   2.9510982664961682        1.9348189527477517        2.9178517770379244     
         480           4   2.0936793799362556        1.9243324653726894        2.0372020711970928     
         481           1   2.9392099560020344        2.0162804745979237       -1.9152322947862044     
         482           2   2.0534629858008437        2.0867839896345854       -1.0448444946252899     
         483           3   2.9510982664961682        2.9348189527477517       -1.0821482229620758     
         484           4   2.0936793799362556        2.9243324653726894       -1.9627979288029072     
         485           1   2.9392099560020344        2.0162804745979237      -0.91523229478620438     
         486           2   2.0534629858008437        2.0867839896345854      -4.48444946252898324E-002
         487           3   2.9510982664961682        2.9348189527477517      -8.21482229620758009E-002
         488           4   2.0936793799362556        2.9243324653726894      -0.96279792880290715     
         489           1   2.9392099560020344        2.0162804745979237       8.47677052137956050E-002
         490           2   2.0534629858008437        2.0867839896345854       0.95515550537471017     
         491           3   2.9510982664961682        2.9348189527477517       0.91785177703792420     
         492           4   2.0936793799362556        2.9243324653726894       3.72020711970927967E-002
         493           1   2.9392099560020344        2.0162804745979237        1.0847677052137956     
         494           2   2.0534629858008437        2.0867839896345854        1.9551555053747101     
         495           3   2.9510982664961682        2.9348189527477517        1.9178517770379242     
         496           4   2.0936793799362556        2.9243324653726894        1.0372020711970928     
         497           1   2.9392099560020344        2.0162804745979237        2.0847677052137956     
         498           2   2.0534629858008437        2.0867839896345854        2.9551555053747101     
         499           3   2.9510982664961682        2.9348189527477517        2.9178517770379244     
         500           4   2.0936793799362556        2.9243324653726894        2.0372020711970928     
         500
   15.966569252034585       0.27676806816470634        1.4410509886345253     
  0.90887075861434297        1.4753278237879501        16.237643591370073     
   16.168670530434859        15.891922196711779        15.603480209644712     
   1.5925494589163434        15.713651911335720       0.63243521035057759     
  -18.033430747965415       -33.723231931835294       -32.558949011365478     
  -33.091129241385659       -32.524672176212050       -17.762356408629930     
  -17.831329469565141       -18.108077803288221       -18.396519790355288     
  -32.407450541083655       -18.286348088664280       -33.367564789649421     
  -18.033430747965415       -33.723231931835294       -15.558949011365474     
  -33.091129241385659       -32.524672176212050      -0.76235640862992715     
  -17.831329469565141       -18.108077803288221       -1.3965197903552886     
  -32.407450541083655       -18.286348088664280       -16.367564789649421     
  -18.033430747965415       -33.723231931835294        1.4410509886345253     
  -33.091129241385659       -32.524672176212050        16.237643591370073     
  -17.831329469565141       -18.108077803288221        15.603480209644712     
  -32.407450541083655       -18.286348088664280       0.63243521035057759     
  -18.033430747965415       -33.723231931835294        18.441050988634526     
  -33.091129241385659       -32.524672176212050        33.237643591370073     
  -17.831329469565141       -18.108077803288221        32.603480209644708     
  -32.407450541083655       -18.286348088664280        17.632435210350579     
  -18.033430747965415       -33.723231931835294        35.441050988634522     
  -33.091129241385659       -32.524672176212050        50.237643591370073     
  -17.831329469565141       -18.108077803288221        49.603480209644715     
  -32.407450541083655       -18.286348088664280        34.632435210350579     
  -18.033430747965415       -16.723231931835294       -32.558949011365478     
  -33.091129241385659       -15.524672176212050       -17.762356408629930     
  -17.831329469565141       -1.1080778032882206       -18.396519790355288     
  -32.407450541083655       -1.2863480886642797       -33.367564789649421     
  -18.033430747965415       -16.723231931835294       -15.558949011365474     
  -33.091129241385659       -15.524672176212050      -0.76235640862992715     
  -17.831329469565141       -1.1080778032882206       -1.3965197903552886     
  -32.407450541083655       -1.2863480886642797       -16.367564789649421     
  -18.033430747965415       -16.723231931835294        1.4410509886345253     
  -33.091129241385659       -15.524672176212050        16.237643591370073     
  -17.831329469565141       -1.1080778032882206        15.603480209644712     
  -32.407450541083655       -1.2863480886642797       0.63243521035057759     
  -18.033430747965415       -16.723231931835294        18.441050988634526     
  -33.091129241385659       -15.524672176212050        33.237643591370073     
  -17.831329469565141       -1.1080778032882206        32.603480209644708     
  -32.407450541083655       -1.2863480886642797        17.632435210350579     
  -18.033430747965415       -16.723231931835294        35.441050988634522     
  -33.091129241385659       -15.524672176212050        50.237643591370073     
  -17.831329469565141       -1.1080778032882206        49.603480209644715     
  -32.407450541083655       -1.2863480886642797        34.632435210350579     
  -18.033430747965415       0.27676806816470634       -32.558949011365478     
  -33.091129241385659        1.4753278237879501       -17.762356408629930     
  -17.831329469565141        15.891922196711779       -18.396519790355288     
  -32.407450541083655        15.713651911335720       -33.367564789649421     
  -18.033430747965415       0.27676806816470634       -15.558949011365474     
  -33.091129241385659        1.4753278237879501      -0.76235640862992715     
  -17.831329469565141        15.891922196711779       -1.3965197903552886     
  -32.407450541083655        15.713651911335720       -16.367564789649421     
  -18.033430747965415       0.27676806816470634        1.4410509886345253     
  -33.091129241385659        1.4753278237879501        16.237643591370073     
  -17.831329469565141        15.891922196711779        15.603480209644712     
  -32.407450541083655        15.713651911335720       0.63243521035057759     
  -18.033430747965415       0.27676806816470634        18.441050988634526     
  -33.091129241385659        1.4753278237879501        33.237643591370073     
  -17.831329469565141        15.891922196711779        32.603480209644708     
  -32.407450541083655        15.713651911335720        17.632435210350579     
  -18.033430747965415       0.27676806816470634        35.441050988634522     
  -33.091129241385659        1.4753278237879501        50.237643591370073     
  -17.831329469565141        15.891922196711779        49.603480209644715     
  -32.407450541083655        15.713651911335720        34.632435210350579     
  -18.033430747965415        17.276768068164706       -32.558949011365478     
  -33.091129241385659        18.475327823787950       -17.762356408629930     
  -17.831329469565141        32.891922196711782       -18.396519790355288     
  -32.407450541083655        32.713651911335717       -33.367564789649421     
  -18.033430747965415        17.276768068164706       -15.558949011365474     
  -33.091129241385659        18.475327823787950      -0.76235640862992715     
  -17.831329469565141        32.891922196711782       -1.3965197903552886     
  -32.407450541083655        32.713651911335717       -16.367564789649421     
  -18.033430747965415        17.276768068164706        1.4410509886345253     
  -33.091129241385659        18.475327823787950        16.237643591370073     
  -17.831329469565141        32.891922196711782        15.603480209644712     
  -32.407450541083655        32.713651911335717       0.63243521035057759     
  -18.033430747965415        17.276768068164706        18.441050988634526     
  -33.091129241385659        18.475327823787950        33.237643591370073     
  -17.831329469565141        32.891922196711782        32.603480209644708     
  -32.407450541083655        32.713651911335717        17.632435210350579     
  -18.033430747965415        17.276768068164706        35.441050988634522     
  -33.091129241385659        18.475327823787950        50.237643591370073     
  -17.831329469565141        32.891922196711782        49.603480209644715     
  -32.407450541083655        32.713651911335717        34.632435210350579     
  -18.033430747965415        34.276768068164699       -32.558949011365478     
  -33.091129241385659        35.475327823787950       -17.762356408629930     
  -17.831329469565141        49.891922196711782       -18.396519790355288     
  -32.407450541083655        49.713651911335717       -33.367564789649421     
  -18.033430747965415        34.276768068164699       -15.558949011365474     
  -33.091129241385659        35.475327823787950      -0.76235640862992715     
  -17.831329469565141        49.891922196711782       -1.3965197903552886     
  -32.407450541083655        49.713651911335717       -16.367564789649421     
  -18.033430747965415        34.276768068164699        1.4410509886345253     
  -33.091129241385659        35.475327823787950        16.237643591370073     
  -17.831329469565141        49.891922196711782        15.603480209644712     
  -32.407450541083655        49.713651911335717       0.63243521035057759     
  -18.033430747965415        34.276768068164699        18.441050988634526     
  -33.091129241385659        35.475327823787950        33.237643591370073     
  -17.831329469565141        49.891922196711782        32.603480209644708     
  -32.407450541083655        49.713651911335717        17.632435210350579     
  -18.033430747965415        34.276768068164699        35.441050988634522     
  -33.091129241385659        35.475327823787950        50.237643591370073     
  -17.831329469565141        49.891922196711782        49.603480209644715     
  -32.407450541083655        49.713651911335717        34.632435210350579     
  -1.0334307479654155       -33.723231931835294       -32.558949011365478     
  -16.091129241385655       -32.524672176212050       -17.762356408629930     
 -0.83132946956514175       -18.108077803288221       -18.396519790355288     
  -15.407450541083657       -18.286348088664280       -33.367564789649421     
  -1.0334307479654155       -33.723231931835294       -15.558949011365474     
  -16.091129241385655       -32.524672176212050      -0.76235640862992715     
 -0.83132946956514175       -18.108077803288221       -1.3965197903552886     
  -15.407450541083657       -18.286348088664280       -16.367564789649421     
  -1.0334307479654155       -33.723231931835294        1.4410509886345253     
  -16.091129241385655       -32.524672176212050        16.237643591370073     
 -0.83132946956514175       -18.108077803288221        15.603480209644712     
  -15.407450541083657       -18.286348088664280       0.63243521035057759     
  -1.0334307479654155       -33.723231931835294        18.441050988634526     
  -16.091129241385655       -32.524672176212050        33.237643591370073     
 -0.83132946956514175       -18.108077803288221        32.603480209644708     
  -15.407450541083657       -18.286348088664280        17.632435210350579     
  -1.0334307479654155       -33.723231931835294        35.441050988634522     
  -16.091129241385655       -32.524672176212050        50.237643591370073     
 -0.83132946956514175       -18.108077803288221        49.603480209644715     
  -15.407450541083657       -18.286348088664280        34.632435210350579     
  -1.0334307479654155       -16.723231931835294       -32.558949011365478     
  -16.091129241385655       -15.524672176212050       -17.762356408629930     
 -0.83132946956514175       -1.1080778032882206       -18.396519790355288     
  -15.407450541083657       -1.2863480886642797       -33.367564789649421     
  -1.0334307479654155       -16.723231931835294       -15.558949011365474     
  -16.091129241385655       -15.524672176212050      -0.76235640862992715     
 -0.83132946956514175       -1.1080778032882206       -1.3965197903552886     
  -15.407450541083657       -1.2863480886642797       -16.367564789649421     
  -1.0334307479654155       -16.723231931835294        1.4410509886345253     
  -16.091129241385655       -15.524672176212050        16.237643591370073     
 -0.83132946956514175       -1.1080778032882206        15.603480209644712     
  -15.407450541083657       -1.2863480886642797       0.63243521035057759     
  -1.0334307479654155       -16.723231931835294        18.441050988634526     
  -16.091129241385655       -15.524672176212050        33.237643591370073     
 -0.83132946956514175       -1.1080778032882206        32.603480209644708     
  -15.407450541083657       -1.2863480886642797        17.632435210350579     
  -1.0334307479654155       -16.723231931835294        35.441050988634522     
  -16.091129241385655       -15.524672176212050        50.237643591370073     
 -0.83132946956514175       -1.1080778032882206        49.603480209644715     
  -15.407450541083657       -1.2863480886642797        34.632435210350579     
  -1.0334307479654155       0.27676806816470634       -32.558949011365478     
  -16.091129241385655        1.4753278237879501       -17.762356408629930     
 -0.83132946956514175        15.891922196711779       -18.396519790355288     
  -15.407450541083657        15.713651911335720       -33.367564789649421     
  -1.0334307479654155       0.27676806816470634       -15.558949011365474     
  -16.091129241385655        1.4753278237879501      -0.76235640862992715     
 -0.83132946956514175        15.891922196711779       -1.3965197903552886     
  -15.407450541083657        15.713651911335720       -16.367564789649421     
  -1.0334307479654155       0.27676806816470634        1.4410509886345253     
  -16.091129241385655        1.4753278237879501        16.237643591370073     
 -0.83132946956514175        15.891922196711779        15.603480209644712     
  -15.407450541083657        15.713651911335720       0.63243521035057759     
  -1.0334307479654155       0.27676806816470634        18.441050988634526     
  -16.091129241385655        1.4753278237879501        33.237643591370073     
 -0.83132946956514175        15.891922196711779        32.603480209644708     
  -15.407450541083657        15.713651911335720        17.632435210350579     
  -1.0334307479654155       0.27676806816470634        35.441050988634522     
  -16.091129241385655        1.4753278237879501        50.237643591370073     
 -0.83132946956514175        15.891922196711779        49.603480209644715     
  -15.407450541083657        15.713651911335720        34.632435210350579     
  -1.0334307479654155        17.276768068164706       -32.558949011365478     
  -16.091129241385655        18.475327823787950       -17.762356408629930     
 -0.83132946956514175        32.891922196711782       -18.396519790355288     
  -15.407450541083657        32.713651911335717       -33.367564789649421     
  -1.0334307479654155        17.276768068164706       -15.558949011365474     
  -16.091129241385655        18.475327823787950      -0.76235640862992715     
 -0.83132946956514175        32.891922196711782       -1.3965197903552886     
  -15.407450541083657        32.713651911335717       -16.367564789649421     
  -1.0334307479654155        17.276768068164706        1.4410509886345253     
  -16.091129241385655        18.475327823787950        16.237643591370073     
 -0.83132946956514175        32.891922196711782        15.603480209644712     
  -15.407450541083657        32.713651911335717       0.63243521035057759     
  -1.0334307479654155        17.276768068164706        18.441050988634526     
  -16.091129241385655        18.475327823787950        33.237643591370073     
 -0.83132946956514175        32.891922196711782        32.603480209644708     
  -15.407450541083657        32.713651911335717        17.632435210350579     
  -1.0334307479654155        17.276768068164706        35.441050988634522     
  -16.091129241385655        18.475327823787950        50.237643591370073     
 -0.83132946956514175        32.891922196711782        49.603480209644715     
  -15.407450541083657        32.713651911335717        34.632435210350579     
  -1.0334307479654155        34.276768068164699       -32.558949011365478     
  -16.091129241385655        35.475327823787950       -17.762356408629930     
 -0.83132946956514175        49.891922196711782       -18.396519790355288     
  -15.407450541083657        49.713651911335717       -33.367564789649421     
  -1.0334307479654155        34.276768068164699       -15.558949011365474     
  -16.091129241385655        35.475327823787950      -0.76235640862992715     
 -0.83132946956514175        49.891922196711782       -1.3965197903552886     
  -15.407450541083657        49.713651911335717       -16.367564789649421     
  -1.0334307479654155        34.276768068164699        1.4410509886345253     
  -16.091129241385655        35.475327823787950        16.237643591370073     
 -0.83132946956514175        49.891922196711782        15.603480209644712     
  -15.407450541083657        49.713651911335717       0.63243521035057759     
  -1.0334307479654155        34.276768068164699        18.441050988634526     
  -16.091129241385655        35.475327823787950        33.237643591370073     
 -0.83132946956514175        49.891922196711782        32.603480209644708     
  -15.407450541083657        49.713651911335717        17.632435210350579     
  -1.0334307479654155        34.276768068164699        35.441050988634522     
  -16.091129241385655        35.475327823787950        50.237643591370073     
 -0.83132946956514175        49.891922196711782        49.603480209644715     
  -15.407450541083657        49.713651911335717        34.632435210350579     
   15.966569252034585       -33.723231931835294       -32.558949011365478     
  0.90887075861434297       -32.524672176212050       -17.762356408629930     
   16.168670530434859       -18.108077803288221       -18.396519790355288     
   1.5925494589163434       -18.286348088664280       -33.367564789649421     
   15.966569252034585       -33.723231931835294       -15.558949011365474     
  0.90887075861434297       -32.524672176212050      -0.76235640862992715     
   16.168670530434859       -18.108077803288221       -1.3965197903552886     
   1.5925494589163434       -18.286348088664280       -16.367564789649421     
   15.966569252034585       -33.723231931835294        1.4410509886345253     
  0.90887075861434297       -32.524672176212050        16.237643591370073     
   16.168670530434859       -18.108077803288221        15.603480209644712     
   1.5925494589163434       -18.286348088664280       0.63243521035057759     
   15.966569252034585       -33.723231931835294        18.441050988634526     
  0.90887075861434297       -32.524672176212050        33.237643591370073     
   16.168670530434859       -18.108077803288221        32.603480209644708     
   1.5925494589163434       -18.286348088664280        17.632435210350579     
   15.966569252034585       -33.723231931835294        35.441050988634522     
  0.90887075861434297       -32.524672176212050        50.237643591370073     
   16.168670530434859       -18.108077803288221        49.603480209644715     
   1.5925494589163434       -18.286348088664280        34.632435210350579     
   15.966569252034585       -16.723231931835294       -32.558949011365478     
  0.90887075861434297       -15.524672176212050       -17.762356408629930     
   16.168670530434859       -1.1080778032882206       -18.396519790355288     
   1.5925494589163434       -1.2863480886642797       -33.367564789649421     
   15.966569252034585       -16.723231931835294       -15.558949011365474     
  0.90887075861434297       -15.524672176212050      -0.76235640862992715     
   16.168670530434859       -1.1080778032882206       -1.3965197903552886     
   1.5925494589163434       -1.2863480886642797       -16.367564789649421     
   15.966569252034585       -16.723231931835294        1.4410509886345253     
  0.90887075861434297       -15.524672176212050        16.237643591370073     
   16.168670530434859       -1.1080778032882206        15.603480209644712     
   1.5925494589163434       -1.2863480886642797       0.63243521035057759     
   15.966569252034585       -16.723231931835294        18.441050988634526     
  0.90887075861434297       -15.524672176212050        33.237643591370073     
   16.168670530434859       -1.1080778032882206        32.603480209644708     
   1.5925494589163434       -1.2863480886642797        17.632435210350579     
   15.966569252034585       -16.723231931835294        35.441050988634522     
  0.90887075861434297       -15.524672176212050        50.237643591370073     
   16.168670530434859       -1.1080778032882206        49.603480209644715     
   1.5925494589163434       -1.2863480886642797        34.632435210350579     
   15.966569252034585       0.27676806816470634       -32.558949011365478     
  0.90887075861434297        1.4753278237879501       -17.762356408629930     
   16.168670530434859        15.891922196711779       -18.396519790355288     
   1.5925494589163434        15.713651911335720       -33.367564789649421     
   15.966569252034585       0.27676806816470634       -15.558949011365474     
  0.90887075861434297        1.4753278237879501      -0.76235640862992715     
   16.168670530434859        15.891922196711779       -1.3965197903552886     
   1.5925494589163434        15.713651911335720       -16.367564789649421     
   15.966569252034585       0.27676806816470634        1.4410509886345253     
  0.90887075861434297        1.4753278237879501        16.237643591370073     
   16.168670530434859        15.891922196711779        15.603480209644712     
   1.5925494589163434        15.713651911335720       0.63243521035057759     
   15.966569252034585       0.27676806816470634        18.441050988634526     
  0.90887075861434297        1.4753278237879501        33.237643591370073     
   16.168670530434859        15.891922196711779        32.603480209644708     
   1.5925494589163434        15.713651911335720        17.632435210350579     
   15.966569252034585       0.27676806816470634        35.441050988634522     
  0.90887075861434297        1.4753278237879501        50.237643591370073     
   16.168670530434859        15.891922196711779        49.603480209644715     
   1.5925494589163434        15.713651911335720        34.632435210350579     
   15.966569252034585        17.276768068164706       -32.558949011365478     
  0.90887075861434297        18.475327823787950       -17.762356408629930     
   16.168670530434859        32.891922196711782       -18.396519790355288     
   1.5925494589163434        32.713651911335717       -33.367564789649421     
   15.966569252034585        17.276768068164706       -15.558949011365474     
  0.90887075861434297        18.475327823787950      -0.76235640862992715     
   16.168670530434859        32.891922196711782       -1.3965197903552886     
   1.5925494589163434        32.713651911335717       -16.367564789649421     
   15.966569252034585        17.276768068164706        1.4410509886345253     
  0.90887075861434297        18.475327823787950        16.237643591370073     
   16.168670530434859        32.891922196711782        15.603480209644712     
   1.5925494589163434        32.713651911335717       0.63243521035057759     
   15.966569252034585        17.276768068164706        18.441050988634526     
  0.90887075861434297        18.475327823787950        33.237643591370073     
   16.168670530434859        32.891922196711782        32.603480209644708     
   1.5925494589163434        32.713651911335717        17.632435210350579     
   15.966569252034585        17.276768068164706        35.441050988634522     
  0.90887075861434297        18.475327823787950        50.237643591370073     
   16.168670530434859        32.891922196711782        49.603480209644715     
   1.5925494589163434        32.713651911335717        34.632435210350579     
   15.966569252034585        34.276768068164699       -32.558949011365478     
  0.90887075861434297        35.475327823787950       -17.762356408629930     
   16.168670530434859        49.891922196711782       -18.396519790355288     
   1.5925494589163434        49.713651911335717       -33.367564789649421     
   15.966569252034585        34.276768068164699       -15.558949011365474     
  0.90887075861434297        35.475327823787950      -0.76235640862992715     
   16.168670530434859        49.891922196711782       -1.3965197903552886     
   1.5925494589163434        49.713651911335717       -16.367564789649421     
   15.966569252034585        34.276768068164699        1.4410509886345253     
  0.90887075861434297        35.475327823787950        16.237643591370073     
   16.168670530434859        49.891922196711782        15.603480209644712     
   1.5925494589163434        49.713651911335717       0.63243521035057759     
   15.966569252034585        34.276768068164699        18.441050988634526     
  0.90887075861434297        35.475327823787950        33.237643591370073     
   16.168670530434859        49.891922196711782        32.603480209644708     
   1.5925494589163434        49.713651911335717        17.632435210350579     
   15.966569252034585        34.276768068164699        35.441050988634522     
  0.90887075861434297        35.475327823787950        50.237643591370073     
   16.168670530434859        49.891922196711782        49.603480209644715     
   1.5925494589163434        49.713651911335717        34.632435210350579     
   32.966569252034581       -33.723231931835294       -32.558949011365478     
   17.908870758614345       -32.524672176212050       -17.762356408629930     
   33.168670530434859       -18.108077803288221       -18.396519790355288     
   18.592549458916341       -18.286348088664280       -33.367564789649421     
   32.966569252034581       -33.723231931835294       -15.558949011365474     
   17.908870758614345       -32.524672176212050      -0.76235640862992715     
   33.168670530434859       -18.108077803288221       -1.3965197903552886     
   18.592549458916341       -18.286348088664280       -16.367564789649421     
   32.966569252034581       -33.723231931835294        1.4410509886345253     
   17.908870758614345       -32.524672176212050        16.237643591370073     
   33.168670530434859       -18.108077803288221        15.603480209644712     
   18.592549458916341       -18.286348088664280       0.63243521035057759     
   32.966569252034581       -33.723231931835294        18.441050988634526     
   17.908870758614345       -32.524672176212050        33.237643591370073     
   33.168670530434859       -18.108077803288221        32.603480209644708     
   18.592549458916341       -18.286348088664280        17.632435210350579     
   32.966569252034581       -33.723231931835294        35.441050988634522     
   17.908870758614345       -32.524672176212050        50.237643591370073     
   33.168670530434859       -18.108077803288221        49.603480209644715     
   18.592549458916341       -18.286348088664280        34.632435210350579     
   32.966569252034581       -16.723231931835294       -32.558949011365478     
   17.908870758614345       -15.524672176212050       -17.762356408629930     
   33.168670530434859       -1.1080778032882206       -18.396519790355288     
   18.592549458916341       -1.2863480886642797       -33.367564789649421     
   32.966569252034581       -16.723231931835294       -15.558949011365474     
   17.908870758614345       -15.524672176212050      -0.76235640862992715     
   33.168670530434859       -1.1080778032882206       -1.3965197903552886     
   18.592549458916341       -1.2863480886642797       -16.367564789649421     
   32.966569252034581       -16.723231931835294        1.4410509886345253     
   17.908870758614345       -15.524672176212050        16.237643591370073     
   33.168670530434859       -1.1080778032882206        15.603480209644712     
   18.592549458916341       -1.2863480886642797       0.63243521035057759     
   32.966569252034581       -16.723231931835294        18.441050988634526     
   17.908870758614345       -15.524672176212050        33.237643591370073     
   33.168670530434859       -1.1080778032882206        32.603480209644708     
   18.592549458916341       -1.2863480886642797        17.632435210350579     
   32.966569252034581       -16.723231931835294        35.441050988634522     
   17.908870758614345       -15.524672176212050        50.237643591370073     
   33.168670530434859       -1.1080778032882206        49.603480209644715     
   18.592549458916341       -1.2863480886642797        34.632435210350579     
   32.966569252034581       0.27676806816470634       -32.558949011365478     
   17.908870758614345        1.4753278237879501       -17.762356408629930     
   33.168670530434859        15.891922196711779       -18.396519790355288     
   18.592549458916341        15.713651911335720       -33.367564789649421     
   32.966569252034581       0.27676806816470634       -15.558949011365474     
   17.908870758614345        1.4753278237879501      -0.76235640862992715     
   33.168670530434859        15.891922196711779       -1.3965197903552886     
   18.592549458916341        15.713651911335720       -16.367564789649421     
   32.966569252034581       0.27676806816470634        1.4410509886345253     
   17.908870758614345        1.4753278237879501        16.237643591370073     
   33.168670530434859        15.891922196711779        15.603480209644712     
   18.592549458916341        15.713651911335720       0.63243521035057759     
   32.966569252034581       0.27676806816470634        18.441050988634526     
   17.908870758614345        1.4753278237879501        33.237643591370073     
   33.168670530434859        15.891922196711779        32.603480209644708     
   18.592549458916341        15.713651911335720        17.632435210350579     
   32.966569252034581       0.27676806816470634        35.441050988634522     
   17.908870758614345        1.4753278237879501        50.237643591370073     
   33.168670530434859        15.891922196711779        49.603480209644715     
   18.592549458916341        15.713651911335720        34.632435210350579     
   32.966569252034581        17.276768068164706       -32.558949011365478     
   17.908870758614345        18.475327823787950       -17.762356408629930     
   33.168670530434859        32.891922196711782       -18.396519790355288     
   18.592549458916341        32.713651911335717       -33.367564789649421     
   32.966569252034581        17.276768068164706       -15.558949011365474     
   17.908870758614345        18.475327823787950      -0.76235640862992715     
   33.168670530434859        32.891922196711782       -1.3965197903552886     
   18.592549458916341        32.713651911335717       -16.367564789649421     
   32.966569252034581        17.276768068164706        1.4410509886345253     
   17.908870758614345        18.475327823787950        16.237643591370073     
   33.168670530434859        32.891922196711782        15.603480209644712     
   18.592549458916341        32.713651911335717       0.63243521035057759     
   32.966569252034581        17.276768068164706        18.441050988634526     
   17.908870758614345        18.475327823787950        33.237643591370073     
   33.168670530434859        32.891922196711782        32.603480209644708     
   18.592549458916341        32.713651911335717        17.632435210350579     
   32.966569252034581        17.276768068164706        35.441050988634522     
   17.908870758614345        18.475327823787950        50.237643591370073     
   33.168670530434859        32.891922196711782        49.603480209644715     
   18.592549458916341        32.713651911335717        34.632435210350579     
   32.966569252034581        34.276768068164699       -32.558949011365478     
   17.908870758614345        35.475327823787950       -17.762356408629930     
   33.168670530434859        49.891922196711782       -18.396519790355288     
   18.592549458916341        49.713651911335717       -33.367564789649421     
   32.966569252034581        34.276768068164699       -15.558949011365474     
   17.908870758614345        35.475327823787950      -0.76235640862992715     
   33.168670530434859        49.891922196711782       -1.3965197903552886     
   18.592549458916341        49.713651911335717       -16.367564789649421     
   32.966569252034581        34.276768068164699        1.4410509886345253     
   17.908870758614345        35.475327823787950        16.237643591370073     
   33.168670530434859        49.891922196711782        15.603480209644712     
   18.592549458916341        49.713651911335717       0.63243521035057759     
   32.966569252034581        34.276768068164699        18.441050988634526     
   17.908870758614345        35.475327823787950        33.237643591370073     
   33.168670530434859        49.891922196711782        32.603480209644708     
   18.592549458916341        49.713651911335717        17.632435210350579     
   32.966569252034581        34.276768068164699        35.441050988634522     
   17.908870758614345        35.475327823787950        50.237643591370073     
   33.168670530434859        49.891922196711782        49.603480209644715     
   18.592549458916341        49.713651911335717        34.632435210350579     
   49.966569252034581       -33.723231931835294       -32.558949011365478     
   34.908870758614341       -32.524672176212050       -17.762356408629930     
   50.168670530434859       -18.108077803288221       -18.396519790355288     
   35.592549458916345       -18.286348088664280       -33.367564789649421     
   49.966569252034581       -33.723231931835294       -15.558949011365474     
   34.908870758614341       -32.524672176212050      -0.76235640862992715     
   50.168670530434859       -18.108077803288221       -1.3965197903552886     
   35.592549458916345       -18.286348088664280       -16.367564789649421     
   49.966569252034581       -33.723231931835294        1.4410509886345253     
   34.908870758614341       -32.524672176212050        16.237643591370073     
   50.168670530434859       -18.108077803288221        15.603480209644712     
   35.592549458916345       -18.286348088664280       0.63243521035057759     
   49.966569252034581       -33.723231931835294        18.441050988634526     
   34.908870758614341       -32.524672176212050        33.237643591370073     
   50.168670530434859       -18.108077803288221        32.603480209644708     
   35.592549458916345       -18.286348088664280        17.632435210350579     
   49.966569252034581       -33.723231931835294        35.441050988634522     
   34.908870758614341       -32.524672176212050        50.237643591370073     
   50.168670530434859       -18.108077803288221        49.603480209644715     
   35.592549458916345       -18.286348088664280        34.632435210350579     
   49.966569252034581       -16.723231931835294       -32.558949011365478     
   34.908870758614341       -15.524672176212050       -17.762356408629930     
   50.168670530434859       -1.1080778032882206       -18.396519790355288     
   35.592549458916345       -1.2863480886642797       -33.367564789649421     
   49.966569252034581       -16.723231931835294       -15.558949011365474     
   34.908870758614341       -15.524672176212050      -0.76235640862992715     
   50.168670530434859       -1.1080778032882206       -1.3965197903552886     
   35.592549458916345       -1.2863480886642797       -16.367564789649421     
   49.966569252034581       -16.723231931835294        1.4410509886345253     
   34.908870758614341       -15.524672176212050        16.237643591370073     
   50.168670530434859       -1.1080778032882206        15.603480209644712     
   35.592549458916345       -1.2863480886642797       0.63243521035057759     
   49.966569252034581       -16.723231931835294        18.441050988634526     
   34.908870758614341       -15.524672176212050        33.237643591370073     
   50.168670530434859       -1.1080778032882206        32.603480209644708     
   35.592549458916345       -1.2863480886642797        17.632435210350579     
   49.966569252034581       -16.723231931835294        35.441050988634522     
   34.908870758614341       -15.524672176212050        50.237643591370073     
   50.168670530434859       -1.1080778032882206        49.603480209644715     
   35.592549458916345       -1.2863480886642797        34.632435210350579     
   49.966569252034581       0.27676806816470634       -32.558949011365478     
   34.908870758614341        1.4753278237879501       -17.762356408629930     
   50.168670530434859        15.891922196711779       -18.396519790355288     
   35.592549458916345        15.713651911335720       -33.367564789649421     
   49.966569252034581       0.27676806816470634       -15.558949011365474     
   34.908870758614341        1.4753278237879501      -0.76235640862992715     
   50.168670530434859        15.891922196711779       -1.3965197903552886     
   35.592549458916345        15.713651911335720       -16.367564789649421     
   49.966569252034581       0.27676806816470634        1.4410509886345253     
   34.908870758614341        1.4753278237879501        16.237643591370073     
   50.168670530434859        15.891922196711779        15.603480209644712     
   35.592549458916345        15.713651911335720       0.63243521035057759     
   49.966569252034581       0.27676806816470634        18.441050988634526     
   34.908870758614341        1.4753278237879501        33.237643591370073     
   50.168670530434859        15.891922196711779        32.603480209644708     
   35.592549458916345        15.713651911335720        17.632435210350579     
   49.966569252034581       0.27676806816470634        35.441050988634522     
   34.908870758614341        1.4753278237879501        50.237643591370073     
   50.168670530434859        15.891922196711779        49.603480209644715     
   35.592549458916345        15.713651911335720        34.632435210350579     
   49.966569252034581        17.276768068164706       -32.558949011365478     
   34.908870758614341        18.475327823787950       -17.762356408629930     
   50.168670530434859        32.891922196711782       -18.396519790355288     
   35.592549458916345        32.713651911335717       -33.367564789649421     
   49.966569252034581        17.276768068164706       -15.558949011365474     
   34.908870758614341        18.475327823787950      -0.76235640862992715     
   50.168670530434859        32.891922196711782       -1.3965197903552886     
   35.592549458916345        32.713651911335717       -16.367564789649421     
   49.966569252034581        17.276768068164706        1.4410509886345253     
   34.908870758614341        18.475327823787950        16.237643591370073     
   50.168670530434859        32.891922196711782        15.603480209644712     
   35.592549458916345        32.713651911335717       0.63243521035057759     
   49.966569252034581        17.276768068164706        18.441050988634526     
   34.908870758614341        18.475327823787950        33.237643591370073     
   50.168670530434859        32.891922196711782        32.603480209644708     
   35.592549458916345        32.713651911335717        17.632435210350579     
   49.966569252034581        17.276768068164706        35.441050988634522     
   34.908870758614341        18.475327823787950        50.237643591370073     
   50.168670530434859        32.891922196711782        49.603480209644715     
   35.592549458916345        32.713651911335717        34.632435210350579     
   49.966569252034581        34.276768068164699       -32.558949011365478     
   34.908870758614341        35.475327823787950       -17.762356408629930     
   50.168670530434859        49.891922196711782       -18.396519790355288     
   35.592549458916345        49.713651911335717       -33.367564789649421     
   49.966569252034581        34.276768068164699       -15.558949011365474     
   34.908870758614341        35.475327823787950      -0.76235640862992715     
   50.168670530434859        49.891922196711782       -1.3965197903552886     
   35.592549458916345        49.713651911335717       -16.367564789649421     
   49.966569252034581        34.276768068164699        1.4410509886345253     
   34.908870758614341        35.475327823787950        16.237643591370073     
   50.168670530434859        49.891922196711782        15.603480209644712     
   35.592549458916345        49.713651911335717       0.63243521035057759     
   49.966569252034581        34.276768068164699        18.441050988634526     
   34.908870758614341        35.475327823787950        33.237643591370073     
   50.168670530434859        49.891922196711782        32.603480209644708     
   35.592549458916345        49.713651911335717        17.632435210350579     
   49.966569252034581        34.276768068164699        35.441050988634522     
   34.908870758614341        35.475327823787950        50.237643591370073     
   50.168670530434859        49.891922196711782        49.603480209644715     
   35.592549458916345        49.713651911335717        34.632435210350579     
           1           1   58.889727457341827     
           1           2   62.059351585736515     
           1           3   43.287754967473454     
           1           4   62.420147426909509     
           1           1   51.000000000000000     
           1           2   59.054612586444648     
           1           3   38.579169556100723     
           1           4   54.788519493918287     
           1           1   48.083261120685229     
           1           2   60.840212164555069     
           1           3   40.998474571046117     
           1           4   51.819773560618827     
           1           1   51.000000000000000     
           1           2   67.034435663478831     
           1           3   49.511589660069099     
           1           4   54.284399189934454     
           1           1   58.889727457341827     
           1           2   76.574798159799883     
           1           3   61.643491985621715     
           1           4   61.532942875751537     
           1           1   51.000000000000000     
           1           2   55.001037725967024     
           1           3   39.214091478633328     
           1           4   59.616514955714514     
           1           1   41.641325627314025     
           1           2   51.586803539531857     
           1           3   33.945066858219164     
           1           4   51.571658098254694     
           1           1   38.013155617496423     
           1           2   53.621660249560207     
           1           3   36.671380632903848     
           1           4   48.406022172263079     
           1           1   41.641325627314025     
           1           2   60.558786285825391     
           1           3   45.992529295937416     
           1           4   51.035772219884855     
           1           1   51.000000000000000     
           1           2   70.975000844700830     
           1           3   58.854357056653065     
           1           4   58.686941559586458     
           1           1   48.083261120685229     
           1           2   52.695969320474958     
           1           3   42.186019139819571     
           1           4   61.562837053962575     
           1           1   38.013155617496423     
           1           2   49.121780618351437     
           1           3   37.338757402725250     
           1           4   53.809757197659735     
           1           1   34.000000000000000     
           1           2   51.254594717063711     
           1           3   39.833470824093602     
           1           4   50.783826492392627     
           1           1   38.013155617496423     
           1           2   58.473221461652550     
           1           3   48.551292376292743     
           1           4   53.296379771498415     
           1           1   48.083261120685229     
           1           2   69.204058960414116     
           1           3   60.874876467411490     
           1           4   60.663095538277069     
           1           1   51.000000000000000     
           1           2   55.737027318611354     
           1           3   50.986031922829845     
           1           4   67.851580355954582     
           1           1   41.641325627314025     
           1           2   52.370796850999291     
           1           3   47.054203263366070     
           1           4   60.904384245626417     
           1           1   38.013155617496423     
           1           2   54.376323076332085     
           1           3   49.057319925414966     
           1           4   58.248185241063553     
           1           1   41.641325627314025     
           1           2   61.228005518673022     
           1           3   56.366153246242220     
           1           4   60.451287392541104     
           1           1   51.000000000000000     
           1           2   71.546857431250345     
           1           3   67.273069093755566     
           1           4   67.036297712164455     
           1           1   58.889727457341827     
           1           2   63.359034446610835     
           1           3   63.225712266501390     
           1           4   77.431847501324512     
           1           1   50.999999999999993     
           1           2   60.418965519941068     
           1           3   60.100027330449450     
           1           4   71.422671967707288     
           1           1   48.083261120685229     
           1           2   62.165388625768564     
           1           3   61.680919891284994     
           1           4   69.171563048300911     
           1           1   50.999999999999993     
           1           2   68.239429155627064     
           1           3   67.639178529528749     
           1           4   71.036696137161485     
           1           1   58.889727457341827     
           1           2   77.631848103589888     
           1           3   76.964804070846640     
           1           4   76.718441470234254     
           1           1   51.000000000000000     
           1           2   49.723247786782480     
           1           3   31.838674180776309     
           1           4   50.403949565793937     
           1           1   41.641325627314025     
           1           2   45.918248213088198     
           1           3   25.064392414418872     
           1           4   40.571729016267533     
           1           1   38.013155617496423     
           1           2   48.193045841197730     
           1           3   28.648671184163579     
           1           4   36.463300164792962     
           1           1   41.641325627314025     
           1           2   55.809083632906876     
           1           3   39.890712630042984     
           1           4   39.888335669041595     
           1           1   51.000000000000000     
           1           2   66.968186211348169     
           1           3   54.219844592612198     
           1           4   49.300977535790118     
           1           1   41.641325627314025     
           1           2   40.572803725611067     
           1           3   26.031066323918282     
           1           4   46.887228351640850     
           1           1   29.444863728670914     
           1           2   35.808330743696608     
           1           3   17.092074405249317     
           1           4   36.109822016139312     
           1           1   24.041630560342615     
           1           2   38.682304728945205     
           1           3   22.015031251145775     
           1           4   31.423340203988577     
           1           1   29.444863728670914     
           1           2   47.837274667731492     
           1           3   35.428578781871437     
           1           4   35.340251457989808     
           1           1   41.641325627314025     
           1           2   60.485444498069064     
           1           3   51.026530236903412     
           1           4   45.699457728208294     
           1           1   38.013155617496423     
           1           2   37.388546827178899     
           1           3   30.323780343664819     
           1           4   49.338283646340273     
           1           1   24.041630560342615     
           1           2   32.155677295637197     
           1           3   23.109613753699545     
           1           4   39.239945166947848     
           1           1   17.000000000000000     
           1           2   35.328058690425749     
           1           3   26.955089340596249     
           1           4   34.975425090246141     
           1           1   24.041630560342615     
           1           2   45.168084742738145     
           1           3   38.692369207298121     
           1           4   38.532939464590100     
           1           1   38.013155617496423     
           1           2   58.397260447902724     
           1           3   53.344372040433832     
           1           4   48.210937424199827     
           1           1   41.641325627314025     
           1           2   41.565063040242578     
           1           3   41.706676859963721     
           1           4   56.992282669099524     
           1           1   29.444863728670914     
           1           2   36.928831744753964     
           1           3   36.796324384587379     
           1           4   48.514197379456746     
           1           1   24.041630560342615     
           1           2   39.721817210764122     
           1           3   39.325463528484015     
           1           4   45.134625410113173     
           1           1   29.444863728670914     
           1           2   48.681689689434215     
           1           3   48.135378623674214     
           1           4   47.944149533072121     
           1           1   41.641325627314025     
           1           2   61.155466309328183     
           1           3   60.543680667422421     
           1           4   56.019180090286270     
           1           1   50.999999999999993     
           1           2   51.336200650520780     
           1           3   56.012160599927171     
           1           4   68.117357072205579     
           1           1   41.641325627314025     
           1           2   47.660147353145462     
           1           3   52.458409512549849     
           1           4   61.200338218352208     
           1           1   38.013155617496416     
           1           2   49.855529224114619     
           1           3   54.262393258137138     
           1           4   58.557565365877771     
           1           1   41.641325627314025     
           1           2   57.250833554713907     
           1           3   60.950224902087712     
           1           4   60.749448763897384     
           1           1   50.999999999999993     
           1           2   68.174350684128740     
           1           3   71.157940590839331     
           1           4   67.305293912557431     
           1           1   48.083261120685229     
           1           2   40.883243776509232     
           1           3   27.047599099647300     
           1           4   41.986205578321531     
           1           1   38.013155617496423     
           1           2   36.159698148387371     
           1           3   18.603634337666058     
           1           4   29.467753942291296     
           1           1   34.000000000000000     
           1           2   39.007793050562320     
           1           3   23.208140901070340     
           1           4   23.491606712648885     
           1           1   38.013155617496423     
           1           2   48.100853081504759     
           1           3   36.182045237911581     
           1           4   28.519513486034711     
           1           1   48.083261120685229     
           1           2   60.694120107812054     
           1           3   51.552526525017441     
           1           4   40.655500403001582     
           1           1   38.013155617496423     
           1           2   29.072162860383653     
           1           3   19.886876512560782     
           1           4   37.692114686402149     
           1           1   24.041630560342615     
           1           2   21.937976248361636     
           1           3   3.1639296673896058     
           1           4   22.939105760060453     
           1           1   17.000000000000000     
           1           2   26.369659655875118     
           1           3   14.231410487177103     
           1           4   14.481354791924151     
           1           1   24.041630560342615     
           1           2   38.567383873678757     
           1           3   31.193839743912264     
           1           4   21.707526347972731     
           1           1   38.013155617496423     
           1           2   53.455843902726905     
           1           3   48.182758653726204     
           1           4   36.203919175778147     
           1           1   34.000000000000000     
           1           2   24.432390081035074     
           1           3   25.246843323402675     
           1           4   40.700731691220334     
           1           1   17.000000000000000     
           1           2   15.265183705572284     
           1           3   15.872167190109501     
           1           4   27.605373095451061     
           1           1   0.0000000000000000     
           1           2   21.144975338313312     
           1           3   21.081942150217916     
           1           4   21.108379551197174     
           1           1   17.000000000000000     
           1           2   35.202189286333976     
           1           3   34.856432381118424     
           1           4   26.590801996475111     
           1           1   34.000000000000000     
           1           2   51.081095123772506     
           1           3   50.630953692912286     
           1           4   39.326553552963304     
           1           1   38.013155617496423     
           1           2   30.441628024188379     
           1           3   38.174839071920694     
           1           4   49.703154938781516     
           1           1   24.041630560342615     
           1           2   23.722918565304308     
           1           3   32.738981836358157     
           1           4   39.697741427024127     
           1           1   17.000000000000000     
           1           2   27.872226566047221     
           1           3   35.557889774222204     
           1           4   35.488276063303118     
           1           1   24.041630560342615     
           1           2   39.609912424064724     
           1           3   45.109712022025612     
           1           4   38.999035904539475     
           1           1   38.013155617496423     
           1           2   54.212815004711622     
           1           3   58.167075843851983     
           1           4   48.584275903031681     
           1           1   48.083261120685229     
           1           2   42.830406821021924     
           1           3   53.434385731826687     
           1           4   62.147064786169395     
           1           1   38.013155617496416     
           1           2   38.347462718506549     
           1           3   49.696641456460512     
           1           4   54.477194541153473     
           1           1   33.999999999999993     
           1           2   41.044025697295567     
           1           3   51.597274788173998     
           1           4   51.490501926209923     
           1           1   38.013155617496416     
           1           2   49.766416326005107     
           1           3   58.590113151287582     
           1           4   53.970166315765354     
           1           1   48.083261120685229     
           1           2   62.022418063360576     
           1           3   69.147118179972111     
           1           4   61.255905149542272     
           1           1   51.000000000000000     
           1           2   38.058873773578647     
           1           3   32.053768273338015     
           1           4   39.536372948198704     
           1           1   41.641325627314025     
           1           2   32.932689252567890     
           1           3   25.337060879967844     
           1           4   25.857916571862553     
           1           1   38.013155617496423     
           1           2   36.036733618617674     
           1           3   28.887527543033919     
           1           4   18.765364717365603     
           1           1   41.641325627314025     
           1           2   45.724504572408634     
           1           3   40.062599030316157     
           1           4   24.771878744134359     
           1           1   51.000000000000000     
           1           2   58.828687448261384     
           1           3   54.346429823662163     
           1           4   38.120244490984597     
           1           1   41.641325627314025     
           1           2   24.944516523764950     
           1           3   26.293712193059601     
           1           4   34.942507588421194     
           1           1   29.444863728670914     
           1           2   16.072120367188365     
           1           3   17.489479535017544     
           1           4   18.068920833996106     
           1           1   24.041630560342615     
           1           2   21.734700402591237     
           1           3   22.324974533471337     
           1           4   3.1611649187545288     
           1           1   29.444863728670914     
           1           2   35.559546539338889     
           1           3   35.622002771243643     
           1           4   16.477257878115221     
           1           1   41.641325627314025     
           1           2   51.328018650405916     
           1           3   51.161017141460718     
           1           4   33.331772990950483     
           1           1   38.013155617496423     
           1           2   19.338560864127736     
           1           3   30.549542406753847     
           1           4   38.168480284584120     
           1           1   24.041630560342615     
           1           2   3.1723941729522456     
           1           3   23.405066433924041     
           1           4   23.713708077250025     
           1           1   16.999999999999996     
           1           2   14.971580854458557     
           1           3   27.208817105687345     
           1           4   15.679509377253448     
           1           1   24.041630560342615     
           1           2   31.878399924942883     
           1           3   38.869555204621136     
           1           4   22.524521700798100     
           1           1   38.013155617496423     
           1           2   48.849938897276090     
           1           3   53.473029793714112     
           1           4   36.699606828794103     
           1           1   41.641325627314025     
           1           2   26.527928075648184     
           1           3   41.871109152166632     
           1           4   47.651725445176709     
           1           1   29.444863728670914     
           1           2   18.434074874529824     
           1           3   36.982595570714054     
           1           4   37.097088853990243     
           1           1   24.041630560342615     
           1           2   23.535064583994249     
           1           3   39.499809729432179     
           1           4   32.553050010393697     
           1           1   29.444863728670914     
           1           2   36.687646605714420     
           1           3   48.277920027437915     
           1           4   36.348426768122152     
           1           1   41.641325627314025     
           1           2   52.115905076653881     
           1           3   60.657070121215369     
           1           4   46.483493759138682     
           1           1   50.999999999999993     
           1           2   40.143268422961690     
           1           3   56.134704256843229     
           1           4   60.518930828050124     
           1           1   41.641325627314025     
           1           2   35.320902425772786     
           1           3   52.589234787336459     
           1           4   52.612242416653004     
           1           1   38.013155617496416     
           1           2   38.231535368906783     
           1           3   54.388879461080514     
           1           4   49.513181231334826     
           1           1   41.641325627314025     
           1           2   47.473513090532691     
           1           3   61.062859436373365     
           1           4   52.087063453273622     
           1           1   50.999999999999993     
           1           2   60.198161048739586     
           1           3   71.254441237445960     
           1           4   59.603433145446402     
           1           1   58.889727457341827     
           1           2   42.467824575046272     
           1           3   43.604076689989206     
           1           4   44.061412970228702     
           1           1   51.000000000000000     
           1           2   37.942064685911767     
           1           3   38.933765519158385     
           1           4   32.356068618906470     
           1           1   48.083261120685229     
           1           2   40.665518822743692     
           1           3   41.332320174594031     
           1           4   27.026324944574498     
           1           1   51.000000000000000     
           1           2   49.454712309505247     
           1           3   49.788385036366655     
           1           4   31.494909168754170     
           1           1   58.889727457341827     
           1           2   61.772588727597764     
           1           3   61.866031697886086     
           1           4   42.795284402448146     
           1           1   51.000000000000000     
           1           2   31.261272460155780     
           1           3   39.562997160946502     
           1           4   39.990775981479189     
           1           1   41.641325627314025     
           1           2   24.765930314064580     
           1           3   34.347537580901005     
           1           4   26.547490034637896     
           1           1   38.013155617496423     
           1           2   28.765177781722667     
           1           3   37.044242891247670     
           1           4   19.704727622515978     
           1           1   41.641325627314025     
           1           2   40.243255351761988     
           1           3   46.290371837997796     
           1           4   25.490848440487223     
           1           1   51.000000000000000     
           1           2   54.677269041166724     
           1           3   59.087402366447336     
           1           4   38.591325680186678     
           1           1   48.083261120685229     
           1           2   27.000336803811994     
           1           3   42.510539689912918     
           1           4   42.838256433574266     
           1           1   38.013155617496423     
           1           2   19.107651242690533     
           1           3   37.705020597289263     
           1           4   30.669582289411977     
           1           1   34.000000000000000     
           1           2   24.066293534844572     
           1           3   40.176998043113599     
           1           4   24.982600772244645     
           1           1   38.013155617496423     
           1           2   37.030671516977790     
           1           3   48.833531157092253     
           1           4   29.759660698396821     
           1           1   48.083261120685229     
           1           2   52.357948598959823     
           1           3   61.100215701624549     
           1           4   41.534858473600828     
           1           1   51.000000000000000     
           1           2   32.538734136571371     
           1           3   51.254865379769186     
           1           4   51.468148062043973     
           1           1   41.641325627314025     
           1           2   26.360071466205916     
           1           3   47.345367446167401     
           1           4   41.886481452550143     
           1           1   38.013155617496423     
           1           2   30.148590617083446     
           1           3   49.336663974441507     
           1           4   37.920764654911338     
           1           1   41.641325627314025     
           1           2   41.243443899479352     
           1           3   56.609442725055160     
           1           4   41.224888787618561     
           1           1   51.000000000000000     
           1           2   55.417558708251569     
           1           3   67.477044979427248     
           1           4   50.388476054449839     
           1           1   58.889727457341827     
           1           2   44.345464829017921     
           1           3   63.442702223887522     
           1           4   63.567478443023802     
           1           1   50.999999999999993     
           1           2   40.032541755360391     
           1           3   60.328260864898205     
           1           4   56.092168607949553     
           1           1   48.083261120685229     
           1           2   42.622629528076779     
           1           3   61.903325052032180     
           1           4   53.196225831171397     
           1           1   50.999999999999993     
           1           2   51.076146060374313     
           1           3   67.842053668885214     
           1           4   55.599869660093020     
           1           1   58.889727457341827     
           1           2   63.078180418221478     
           1           3   77.143158086289475     
           1           4   62.696511623516017     
           2           1   63.078180418221478     
           2           2   58.889727457341827     
           2           3   43.979883511656809     
           2           4   62.937888416579973     
           2           1   51.076146060374313     
           2           2   51.000000000000000     
           2           3   32.336799450784248     
           2           4   50.632012732886778     
           2           1   42.622629528076779     
           2           2   48.083261120685229     
           2           3   27.112857535523219     
           2           4   41.761508933808251     
           2           1   40.032541755360391     
           2           2   51.000000000000000     
           2           3   31.662998732951934     
           2           4   38.761405334093389     
           2           1   44.345464829017914     
           2           2   58.889727457341827     
           2           3   42.988183653002295     
           2           4   42.882041212134723     
           2           1   55.417558708251569     
           2           2   51.000000000000000     
           2           3   39.463836133583271     
           2           4   59.818732996566354     
           2           1   41.243443899479352     
           2           2   41.641325627314025     
           2           3   25.861802091108245     
           2           4   46.698005657199467     
           2           1   30.148590617083446     
           2           2   38.013155617496423     
           2           3   18.928054639106168     
           2           4   36.893449925497215     
           2           1   26.360071466205916     
           2           2   41.641325627314025     
           2           3   25.014189921768924     
           2           4   33.459670686522124     
           2           1   32.538734136571364     
           2           2   51.000000000000000     
           2           3   38.355549043960565     
           2           4   38.157207412176341     
           2           1   52.357948598959823     
           2           2   48.083261120685229     
           2           3   41.935171050774585     
           2           4   61.427875075499074     
           2           1   37.030671516977790     
           2           2   38.013155617496423     
           2           3   29.495711825264717     
           2           4   48.742248115330682     
           2           1   24.066293534844572     
           2           2   34.000000000000000     
           2           3   23.652388063373191     
           2           4   39.449076876167773     
           2           1   19.107651242690533     
           2           2   38.013155617496423     
           2           3   28.755415248640318     
           2           4   36.258138140659284     
           2           1   27.000336803811990     
           2           2   48.083261120685229     
           2           3   40.893915820609237     
           2           4   40.633428313058559     
           2           1   54.677269041166724     
           2           2   51.000000000000000     
           2           3   50.375815425034396     
           2           4   67.427641626173937     
           2           1   40.243255351761988     
           2           2   41.641325627314025     
           2           3   40.609866101213278     
           2           4   56.115147423071797     
           2           1   28.765177781722667     
           2           2   38.013155617496423     
           2           3   36.586878382554161     
           2           4   48.263160747700915     
           2           1   24.765930314064580     
           2           2   41.641325627314025     
           2           3   40.075405360409597     
           2           4   45.691964286992032     
           2           1   31.261272460155777     
           2           2   51.000000000000000     
           2           3   49.512387943043962     
           2           4   49.235947390591484     
           2           1   61.772588727597764     
           2           2   58.889727457341827     
           2           3   62.409029702572234     
           2           4   76.795767293805767     
           2           1   49.454712309505240     
           2           2   51.000000000000000     
           2           3   54.829968388080268     
           2           4   67.082134650663178     
           2           1   40.665518822743685     
           2           2   48.083261120685229     
           2           3   51.920746127720655     
           2           4   60.666594632755206     
           2           1   37.942064685911760     
           2           2   51.000000000000000     
           2           3   54.435304017526683     
           2           4   58.641782198193631     
           2           1   42.467824575046265     
           2           2   58.889727457341827     
           2           3   61.714186120388035     
           2           4   61.443319689171396     
           2           1   60.198161048739586     
           2           2   51.000000000000000     
           2           3   39.825410806930797     
           2           4   55.833886432417906     
           2           1   47.473513090532691     
           2           2   41.641325627314025     
           2           3   26.410259199071451     
           2           4   41.471023488617654     
           2           1   38.231535368906783     
           2           2   38.013155617496423     
           2           3   19.670796526411326     
           2           4   30.004478069761760     
           2           1   35.320902425772786     
           2           2   41.641325627314025     
           2           3   25.580826433186505     
           2           4   25.664988199571642     
           2           1   40.143268422961690     
           2           2   51.000000000000000     
           2           3   38.727472497261573     
           2           4   31.545436030105670     
           2           1   52.115905076653881     
           2           2   41.641325627314025     
           2           3   34.773949367597154     
           2           4   52.292694452712645     
           2           1   36.687646605714420     
           2           2   29.444863728670914     
           2           3   17.907149400212990     
           2           4   36.564310579718324     
           2           1   23.535064583994249     
           2           2   24.041630560342615     
           2           3   3.1787489147282613     
           2           4   22.745806717182809     
           2           1   18.434074874529824     
           2           2   29.444863728670914     
           2           3   16.659618533574641     
           2           4   16.607065913663849     
           2           1   26.527928075648180     
           2           2   41.641325627314025     
           2           3   33.510913665633794     
           2           4   24.743030398601398     
           2           1   48.849938897276090     
           2           2   38.013155617496423     
           2           3   37.555182908616231     
           2           4   54.126046521997047     
           2           1   31.878399924942883     
           2           2   24.041630560342615     
           2           3   22.843603225431810     
           2           4   39.141433636834584     
           2           1   14.971580854458555     
           2           2   16.999999999999996     
           2           3   14.535083534066677     
           2           4   26.692222503794298     
           2           1   3.1723941729522451     
           2           2   24.041630560342615     
           2           3   21.879376096306625     
           2           4   21.700176433324220     
           2           1   19.338560864127729     
           2           2   38.013155617496423     
           2           3   36.388810689344766     
           2           4   28.413387201858516     
           2           1   51.328018650405916     
           2           2   41.641325627314025     
           2           3   46.792691437649005     
           2           4   60.850077494428980     
           2           1   35.559546539338889     
           2           2   29.444863728670914     
           2           3   36.069300201145701     
           2           4   48.012028140074960     
           2           1   21.734700402591237     
           2           2   24.041630560342615     
           2           3   31.471143322442334     
           2           4   38.543193447983612     
           2           1   16.072120367188365     
           2           2   29.444863728670914     
           2           3   35.466481458456578     
           2           4   35.270393763240349     
           2           1   24.944516523764946     
           2           2   41.641325627314025     
           2           3   45.861855087473103     
           2           4   39.754541768952151     
           2           1   58.828687448261384     
           2           2   51.000000000000000     
           2           3   59.554346446405077     
           2           4   71.090329511506951     
           2           1   45.724504572408627     
           2           2   41.641325627314025     
           2           3   51.557333384105306     
           2           4   60.466998148576664     
           2           1   36.036733618617674     
           2           2   38.013155617496423     
           2           3   48.452007911964976     
           2           4   53.260499247991575     
           2           1   32.932689252567883     
           2           2   41.641325627314025     
           2           3   51.137417961043504     
           2           4   50.942160291752920     
           2           1   38.058873773578640     
           2           2   51.000000000000000     
           2           3   58.825793328639371     
           2           4   54.143574043795681     
           2           1   62.022418063360576     
           2           2   48.083261120685229     
           2           3   42.613337562114260     
           2           4   53.401010757834989     
           2           1   49.766416326005107     
           2           2   38.013155617496423     
           2           3   30.452175344366381     
           2           4   38.132543384932312     
           2           1   41.044025697295567     
           2           2   34.000000000000000     
           2           3   24.834923559885855     
           2           4   25.189556964128656     
           2           1   38.347462718506549     
           2           2   38.013155617496423     
           2           3   29.735700315390439     
           2           4   19.822630882262313     
           2           1   42.830406821021924     
           2           2   48.083261120685229     
           2           3   41.589064888117512     
           2           4   27.006658625971426     
           2           1   54.212815004711622     
           2           2   38.013155617496423     
           2           3   37.934954156583714     
           2           4   49.686728297756055     
           2           1   39.609912424064724     
           2           2   24.041630560342615     
           2           3   23.462719192017065     
           2           4   32.729098429079428     
           2           1   27.872226566047221     
           2           2   17.000000000000000     
           2           3   15.489920493817380     
           2           4   15.862433578291403     
           2           1   23.722918565304308     
           2           2   24.041630560342615     
           2           3   22.525010142641918     
           2           4   3.1685507840405127     
           2           1   30.441628024188375     
           2           2   38.013155617496423     
           2           3   36.780627060280786     
           2           4   18.613506631378758     
           2           1   51.081095123772506     
           2           2   34.000000000000000     
           2           3   40.499690807974304     
           2           4   51.612730870509615     
           2           1   35.202189286333976     
           2           2   17.000000000000000     
           2           3   27.416480455427831     
           2           4   35.585065729277410     
           2           1   21.144975338313312     
           2           2   0.0000000000000000     
           2           3   21.002424754875182     
           2           4   21.135747396350354     
           2           1   15.265183705572284     
           2           2   17.000000000000000     
           2           3   26.618420137294617     
           2           4   14.322804650195712     
           2           1   24.432390081035070     
           2           2   34.000000000000000     
           2           3   39.420536977911262     
           2           4   23.271563077992958     
           2           1   53.455843902726905     
           2           2   38.013155617496423     
           2           3   49.187286611693963     
           2           4   58.625736727893496     
           2           1   38.567383873678757     
           2           2   24.041630560342615     
           2           3   39.125792122872944     
           2           4   45.159715698104407     
           2           1   26.369659655875118     
           2           2   17.000000000000000     
           2           3   34.932306741233170     
           2           4   34.925962219800823     
           2           1   21.937976248361636     
           2           2   24.041630560342615     
           2           3   38.570772604200471     
           2           4   31.276920437029791     
           2           1   29.072162860383649     
           2           2   38.013155617496423     
           2           3   48.302618400106219     
           2           4   36.258359961112816     
           2           1   60.694120107812047     
           2           2   48.083261120685229     
           2           3   61.453668506447514     
           2           4   69.195953825819217     
           2           1   48.100853081504759     
           2           2   38.013155617496423     
           2           3   53.740039243767555     
           2           4   58.228025390787913     
           2           1   39.007793050562313     
           2           2   34.000000000000000     
           2           3   50.768398270410444     
           2           4   50.704298200010413     
           2           1   36.159698148387363     
           2           2   38.013155617496423     
           2           3   53.337310655528483     
           2           4   48.263327392554650     
           2           1   40.883243776509218     
           2           2   48.083261120685229     
           2           3   60.747898342129417     
           2           4   51.631111609631780     
           2           1   68.174350684128740     
           2           2   51.000000000000000     
           2           3   51.222355768010075     
           2           4   56.248671324473754     
           2           1   57.250833554713907     
           2           2   41.641325627314025     
           2           3   41.655349901854542     
           2           4   42.027799618990443     
           2           1   49.855529224114619     
           2           2   38.013155617496423     
           2           3   37.743961377514033     
           2           4   30.769446791571511     
           2           1   47.660147353145462     
           2           2   41.641325627314025     
           2           3   41.134475388518190     
           2           4   26.555258818258341     
           2           1   51.336200650520780     
           2           2   51.000000000000000     
           2           3   50.373440526828681     
           2           4   32.273901002978008     
           2           1   61.155466309328183     
           2           2   41.641325627314025     
           2           3   47.401412838690852     
           2           4   52.735339619133015     
           2           1   48.681689689434215     
           2           2   29.444863728670917     
           2           3   36.855561101756997     
           2           4   37.194609284016380     
           2           1   39.721817210764122     
           2           2   24.041630560342618     
           2           3   32.369288363303284     
           2           4   23.745775936700291     
           2           1   36.928831744753964     
           2           2   29.444863728670917     
           2           3   36.265814125261528     
           2           4   17.952292050914050     
           2           1   41.565063040242578     
           2           2   41.641325627314025     
           2           3   46.482767981149280     
           2           4   25.665301574823719     
           2           1   58.397260447902724     
           2           2   38.013155617496423     
           2           3   49.477855125130631     
           2           4   54.553818048986493     
           2           1   45.168084742738145     
           2           2   24.041630560342618     
           2           3   39.490462048509301     
           2           4   39.730869343210472     
           2           1   35.328058690425749     
           2           2   17.000000000000004     
           2           3   35.340275010617724     
           2           4   27.549317483607442     
           2           1   32.155677295637197     
           2           2   24.041630560342618     
           2           3   38.940640503815921     
           2           4   22.746160310213586     
           2           1   37.388546827178892     
           2           2   38.013155617496423     
           2           3   48.598476600288279     
           2           4   29.220039765600475     
           2           1   60.485444498069064     
           2           2   41.641325627314025     
           2           3   56.808646845905649     
           2           4   61.230891571971647     
           2           1   47.837274667731492     
           2           2   29.444863728670917     
           2           3   48.359702247678946     
           2           4   48.493762462237200     
           2           1   38.682304728945205     
           2           2   24.041630560342618     
           2           3   45.034422906322469     
           2           4   39.141639117303491     
           2           1   35.808330743696608     
           2           2   29.444863728670917     
           2           3   47.911769864270717     
           2           4   35.923402230782095     
           2           1   40.572803725611060     
           2           2   41.641325627314025     
           2           3   56.044412179522212     
           2           4   40.335018815911035     
           2           1   66.968186211348169     
           2           2   51.000000000000000     
           2           3   67.708098224231918     
           2           4   71.416560416160991     
           2           1   55.809083632906876     
           2           2   41.641325627314025     
           2           3   60.793297411503964     
           2           4   60.850209668665151     
           2           1   48.193045841197723     
           2           2   38.013155617496423     
           2           3   58.183016896555920     
           2           4   53.695166744930098     
           2           1   45.918248213088191     
           2           2   41.641325627314025     
           2           3   60.437586816535365     
           2           4   51.396438075134974     
           2           1   49.723247786782473     
           2           2   51.000000000000000     
           2           3   67.068176844369248     
           2           4   54.571208176624793     
           2           1   77.631848103589888     
           2           2   58.889727457341827     
           2           3   63.321109613354800     
           2           4   63.672271057179550     
           2           1   68.239429155627050     
           2           2   51.000000000000000     
           2           3   55.865923134660818     
           2           4   51.542031553134201     
           2           1   62.165388625768557     
           2           2   48.083261120685229     
           2           3   53.013581398629995     
           2           4   42.860283849615591     
           2           1   60.418965519941061     
           2           2   51.000000000000000     
           2           3   55.478628837873295     
           2           4   39.942794678326599     
           2           1   63.359034446610828     
           2           2   58.889727457341827     
           2           3   62.636384815471622     
           2           4   43.952812899293413     
           2           1   71.546857431250345     
           2           2   51.000000000000000     
           2           3   60.272109066681111     
           2           4   60.590932659561929     
           2           1   61.228005518673015     
           2           2   41.641325627314025     
           2           3   52.384783824763858     
           2           4   47.683163020094483     
           2           1   54.376323076332078     
           2           2   38.013155617496423     
           2           3   49.331572257415218     
           2           4   38.132754301862896     
           2           1   52.370796850999284     
           2           2   41.641325627314025     
           2           3   51.971554396707404     
           2           4   34.821399536658205     
           2           1   55.737027318611347     
           2           2   51.000000000000000     
           2           3   59.552337581586620     
           2           4   39.356737424955810     
           2           1   69.204058960414102     
           2           2   48.083261120685229     
           2           3   61.918424883271321     
           2           4   62.180094399511752     
           2           1   58.473221461652543     
           2           2   38.013155617496423     
           2           3   54.270892613321294     
           2           4   49.686890168107020     
           2           1   51.254594717063704     
           2           2   34.000000000000000     
           2           3   51.329993474264043     
           2           4   40.610466257146904     
           2           1   49.121780618351430     
           2           2   38.013155617496423     
           2           3   53.872132639142166     
           2           4   37.518433931445010     
           2           1   52.695969320474951     
           2           2   48.083261120685229     
           2           3   61.218013036284219     
           2           4   41.761894110702663     
           2           1   70.975000844700816     
           2           2   51.000000000000000     
           2           3   67.919478418968467     
           2           4   68.113634160194508     
           2           1   60.558786285825384     
           2           2   41.641325627314025     
           2           3   61.028632572965797     
           2           4   56.937598066252789     
           2           1   53.621660249560193     
           2           2   38.013155617496423     
           2           3   58.428866485217725     
           2           4   49.216998980022048     
           2           1   51.586803539531850     
           2           2   41.641325627314025     
           2           3   60.674301675163406     
           2           4   46.698350116945548     
           2           1   55.001037725967016     
           2           2   51.000000000000000     
           2           3   67.281567526255472     
           2           4   50.171294767926462     
           2           1   76.574798159799883     
           2           2   58.889727457341827     
           2           3   77.267197162729630     
           2           4   77.398773746652083     
           2           1   67.034435663478831     
           2           2   51.000000000000000     
           2           3   71.285750346092811     
           2           4   67.771624538082150     
           2           1   60.840212164555062     
           2           2   48.083261120685229     
           2           3   69.073125363102037     
           2           4   61.428136937205863     
           2           1   59.054612586444634     
           2           2   51.000000000000000     
           2           3   70.982639373639429     
           2           4   59.429276645618465     
           2           1   62.059351585736508     
           2           2   58.889727457341827     
           2           3   76.707063152420872     
           2           4   62.195352219171404     
           3           1   77.143158086289461     
           3           2   76.707063152420872     
           3           3   58.889727457341827     
           3           4   76.980237375432509     
           3           1   67.842053668885214     
           3           2   70.982639373639429     
           3           3   51.000000000000000     
           3           4   67.453253564242075     
           3           1   61.903325052032180     
           3           2   69.073125363102037     
           3           3   48.083261120685229     
           3           4   61.252966347973178     
           3           1   60.328260864898205     
           3           2   71.285750346092811     
           3           3   51.000000000000000     
           3           4   59.429877641216244     
           3           1   63.442702223887522     
           3           2   77.267197162729630     
           3           3   58.889727457341827     
           3           4   62.369021368576355     
           3           1   67.477044979427248     
           3           2   67.281567526255472     
           3           3   51.000000000000000     
           3           4   71.083723570696193     
           3           1   56.609442725055160     
           3           2   60.674301675163406     
           3           3   41.641325627314025     
           3           4   60.637284130303442     
           3           1   49.336663974441507     
           3           2   58.428866485217725     
           3           3   38.013155617496423     
           3           4   53.655052853605028     
           3           1   47.345367446167401     
           3           2   61.028632572965790     
           3           3   41.641325627314025     
           3           4   51.564029776067237     
           3           1   51.254865379769186     
           3           2   67.919478418968467     
           3           3   51.000000000000000     
           3           4   54.925710161737079     
           3           1   61.100215701624549     
           3           2   61.218013036284219     
           3           3   48.083261120685229     
           3           4   68.977058265573802     
           3           1   48.833531157092253     
           3           2   53.872132639142166     
           3           3   38.013155617496423     
           3           4   58.153409504485317     
           3           1   40.176998043113599     
           3           2   51.329993474264043     
           3           3   34.000000000000000     
           3           4   50.831127343590978     
           3           1   37.705020597289263     
           3           2   54.270892613321294     
           3           3   38.013155617496423     
           3           4   48.618802710930289     
           3           1   42.510539689912910     
           3           2   61.918424883271321     
           3           3   48.083261120685229     
           3           4   52.170609034861400     
           3           1   59.087402366447336     
           3           2   59.552337581586620     
           3           3   51.000000000000000     
           3           4   70.998404047341637     
           3           1   46.290371837997796     
           3           2   51.971554396707404     
           3           3   41.641325627314025     
           3           4   60.537243472870301     
           3           1   37.044242891247670     
           3           2   49.331572257415218     
           3           3   38.013155617496423     
           3           4   53.541967813273139     
           3           1   34.347537580901005     
           3           2   52.384783824763858     
           3           3   41.641325627314025     
           3           4   51.446348629825771     
           3           1   39.562997160946502     
           3           2   60.272109066681111     
           3           3   51.000000000000000     
           3           4   54.815246577622688     
           3           1   61.866031697886079     
           3           2   62.636384815471622     
           3           3   58.889727457341827     
           3           4   76.822602061937431     
           3           1   49.788385036366655     
           3           2   55.478628837873295     
           3           3   51.000000000000000     
           3           4   67.273298251169393     
           3           1   41.332320174594031     
           3           2   53.013581398629995     
           3           3   48.083261120685229     
           3           4   61.054738780988906     
           3           1   38.933765519158385     
           3           2   55.865923134660818     
           3           3   51.000000000000000     
           3           4   59.225548521214989     
           3           1   43.604076689989206     
           3           2   63.321109613354800     
           3           3   58.889727457341827     
           3           4   62.174352169224811     
           3           1   71.254441237445960     
           3           2   67.068176844369233     
           3           3   51.000000000000000     
           3           4   67.552711492184429     
           3           1   61.062859436373365     
           3           2   60.437586816535358     
           3           3   41.641325627314025     
           3           4   56.456649740932257     
           3           1   54.388879461080514     
           3           2   58.183016896555912     
           3           3   38.013155617496423     
           3           4   48.880852795284838     
           3           1   52.589234787336459     
           3           2   60.793297411503957     
           3           3   41.641325627314025     
           3           4   46.575983511014613     
           3           1   56.134704256843229     
           3           2   67.708098224231904     
           3           3   51.000000000000000     
           3           4   50.272325488705064     
           3           1   60.657070121215362     
           3           2   56.044412179522205     
           3           3   41.641325627314025     
           3           4   60.747902352620542     
           3           1   48.277920027437922     
           3           2   47.911769864270710     
           3           3   29.444863728670914     
           3           4   48.107090020780930     
           3           1   39.499809729432179     
           3           2   45.034422906322462     
           3           3   24.041630560342615     
           3           4   38.939396249704743     
           3           1   36.982595570714054     
           3           2   48.359702247678939     
           3           3   29.444863728670914     
           3           4   36.003625516265984     
           3           1   41.871109152166632     
           3           2   56.808646845905649     
           3           3   41.641325627314025     
           3           4   40.672417193222216     
           3           1   53.473029793714112     
           3           2   48.598476600288265     
           3           3   38.013155617496423     
           3           4   58.268743341012041     
           3           1   38.869555204621143     
           3           2   38.940640503815914     
           3           3   24.041630560342615     
           3           4   44.935853397534736     
           3           1   27.208817105687345     
           3           2   35.340275010617717     
           3           3   17.000000000000000     
           3           4   34.945892327836376     
           3           1   23.405066433924041     
           3           2   39.490462048509301     
           3           3   24.041630560342615     
           3           4   31.641742376372591     
           3           1   30.549542406753844     
           3           2   49.477855125130631     
           3           3   38.013155617496423     
           3           4   36.867117199975546     
           3           1   51.161017141460711     
           3           2   46.482767981149280     
           3           3   41.641325627314025     
           3           4   60.648044163335953     
           3           1   35.622002771243643     
           3           2   36.265814125261528     
           3           3   29.444863728670917     
           3           4   47.980930908663574     
           3           1   22.324974533471337     
           3           2   32.369288363303276     
           3           3   24.041630560342618     
           3           4   38.783426884249764     
           3           1   17.489479535017544     
           3           2   36.855561101756997     
           3           3   29.444863728670914     
           3           4   35.834880645956488     
           3           1   26.293712193059601     
           3           2   47.401412838690838     
           3           3   41.641325627314025     
           3           4   40.523118598325404     
           3           1   54.346429823662163     
           3           2   50.373440526828681     
           3           3   51.000000000000000     
           3           4   67.373021834671803     
           3           1   40.062599030316157     
           3           2   41.134475388518183     
           3           3   41.641325627314025     
           3           4   56.241519726614449     
           3           1   28.887527543033915     
           3           2   37.743961377514026     
           3           3   38.013155617496423     
           3           4   48.632221943719181     
           3           1   25.337060879967840     
           3           2   41.655349901854535     
           3           3   41.641325627314025     
           3           4   46.314981174638959     
           3           1   32.053768273338008     
           3           2   51.222355768010075     
           3           3   51.000000000000000     
           3           4   50.030610142503363     
           3           1   69.147118179972097     
           3           2   60.747898342129417     
           3           3   48.083261120685229     
           3           4   61.471787947925165     
           3           1   58.590113151287582     
           3           2   53.337310655528476     
           3           3   38.013155617496423     
           3           4   49.018008767581300     
           3           1   51.597274788173998     
           3           2   50.768398270410444     
           3           3   34.000000000000000     
           3           4   40.059326673855566     
           3           1   49.696641456460512     
           3           2   53.740039243767555     
           3           3   38.013155617496423     
           3           4   37.212015849543484     
           3           1   53.434385731826687     
           3           2   61.453668506447507     
           3           3   48.083261120685229     
           3           4   41.745881157434866     
           3           1   58.167075843851975     
           3           2   48.302618400106219     
           3           3   38.013155617496423     
           3           4   53.904726358751617     
           3           1   45.109712022025612     
           3           2   38.570772604200471     
           3           3   24.041630560342615     
           3           4   39.111430475449126     
           3           1   35.557889774222204     
           3           2   34.932306741233162     
           3           3   17.000000000000000     
           3           4   27.049740550694569     
           3           1   32.738981836358157     
           3           2   39.125792122872937     
           3           3   24.041630560342615     
           3           4   22.620188635020035     
           3           1   38.174839071920694     
           3           2   49.187286611693963     
           3           3   38.013155617496423     
           3           4   29.489954287992532     
           3           1   50.630953692912279     
           3           2   39.420536977911262     
           3           3   34.000000000000000     
           3           4   51.094601809869360     
           3           1   34.856432381118424     
           3           2   26.618420137294617     
           3           3   17.000000000000000     
           3           4   35.137484317080876     
           3           1   21.081942150217916     
           3           2   21.002424754875182     
           3           3   0.0000000000000000     
           3           4   20.895628111093096     
           3           1   15.872167190109501     
           3           2   27.416480455427831     
           3           3   16.999999999999996     
           3           4   14.717735701564406     
           3           1   25.246843323402672     
           3           2   40.499690807974304     
           3           3   34.000000000000000     
           3           4   23.970736622079492     
           3           1   48.182758653726204     
           3           2   36.780627060280786     
           3           3   38.013155617496423     
           3           4   53.792166199236846     
           3           1   31.193839743912267     
           3           2   22.525010142641921     
           3           3   24.041630560342618     
           3           4   38.956149892286824     
           3           1   14.231410487177103     
           3           2   15.489920493817380     
           3           3   17.000000000000004     
           3           4   26.824728972616256     
           3           1   3.1639296673896062     
           3           2   23.462719192017065     
           3           3   24.041630560342615     
           3           4   22.350627608152692     
           3           1   19.886876512560782     
           3           2   37.934954156583714     
           3           3   38.013155617496423     
           3           4   29.283698955260363     
           3           1   51.552526525017441     
           3           2   41.589064888117512     
           3           3   48.083261120685229     
           3           4   61.274268291865660     
           3           1   36.182045237911581     
           3           2   29.735700315390442     
           3           3   38.013155617496423     
           3           4   48.770077144982380     
           3           1   23.208140901070333     
           3           2   24.834923559885855     
           3           3   34.000000000000000     
           3           4   39.755564324400332     
           3           1   18.603634337666051     
           3           2   30.452175344366381     
           3           3   38.013155617496423     
           3           4   36.884812115226119     
           3           1   27.047599099647289     
           3           2   42.613337562114260     
           3           3   48.083261120685229     
           3           4   41.454479068003387     
           3           1   71.157940590839331     
           3           2   58.825793328639364     
           3           3   51.000000000000000     
           3           4   59.767822422128177     
           3           1   60.950224902087712     
           3           2   51.137417961043496     
           3           3   41.641325627314025     
           3           4   46.863387277351677     
           3           1   54.262393258137138     
           3           2   48.452007911964969     
           3           3   38.013155617496423     
           3           4   37.391998303528077     
           3           1   52.458409512549849     
           3           2   51.557333384105299     
           3           3   41.641325627314025     
           3           4   34.324131557186497     
           3           1   56.012160599927171     
           3           2   59.554346446405077     
           3           3   51.000000000000000     
           3           4   39.193500445597422     
           3           1   60.543680667422414     
           3           2   45.861855087473103     
           3           3   41.641325627314025     
           3           4   51.953165518380708     
           3           1   48.135378623674214     
           3           2   35.466481458456578     
           3           3   29.444863728670914     
           3           4   36.374659825272055     
           3           1   39.325463528484015     
           3           2   31.471143322442330     
           3           3   24.041630560342615     
           3           4   22.915068130561178     
           3           1   36.796324384587379     
           3           2   36.069300201145694     
           3           3   29.444863728670914     
           3           4   17.466677344368044     
           3           1   41.706676859963721     
           3           2   46.792691437649005     
           3           3   41.641325627314025     
           3           4   25.750131795318243     
           3           1   53.344372040433825     
           3           2   36.388810689344766     
           3           3   38.013155617496423     
           3           4   49.031318742998096     
           3           1   38.692369207298121     
           3           2   21.879376096306633     
           3           3   24.041630560342615     
           3           4   32.063291903693781     
           3           1   26.955089340596249     
           3           2   14.535083534066677     
           3           3   17.000000000000000     
           3           4   15.167041825137639     
           3           1   23.109613753699545     
           3           2   22.843603225431810     
           3           3   24.041630560342615     
           3           4   3.1660113312295559     
           3           1   30.323780343664815     
           3           2   37.555182908616231     
           3           3   38.013155617496423     
           3           4   19.183537154901163     
           3           1   51.026530236903405     
           3           2   33.510913665633794     
           3           3   41.641325627314025     
           3           4   51.836367812325449     
           3           1   35.428578781871444     
           3           2   16.659618533574648     
           3           3   29.444863728670917     
           3           4   36.207644192886796     
           3           1   22.015031251145771     
           3           2   3.1787489147282626     
           3           3   24.041630560342618     
           3           4   22.649016932809431     
           3           1   17.092074405249313     
           3           2   17.907149400212990     
           3           3   29.444863728670914     
           3           4   17.116145537085380     
           3           1   26.031066323918278     
           3           2   34.773949367597154     
           3           3   41.641325627314025     
           3           4   25.513661204748473     
           3           1   54.219844592612191     
           3           2   38.727472497261573     
           3           3   51.000000000000000     
           3           4   59.564652590877287     
           3           1   39.890712630042984     
           3           2   25.580826433186509     
           3           3   41.641325627314025     
           3           4   46.603994552998387     
           3           1   28.648671184163575     
           3           2   19.670796526411326     
           3           3   38.013155617496423     
           3           4   37.066383399515829     
           3           1   25.064392414418869     
           3           2   26.410259199071451     
           3           3   41.641325627314025     
           3           4   33.969121983706053     
           3           1   31.838674180776302     
           3           2   39.825410806930797     
           3           3   51.000000000000000     
           3           4   38.882974659456053     
           3           1   76.964804070846625     
           3           2   61.714186120388028     
           3           3   58.889727457341827     
           3           4   62.798124817954701     
           3           1   67.639178529528749     
           3           2   54.435304017526683     
           3           3   51.000000000000000     
           3           4   50.671381969267600     
           3           1   61.680919891284994     
           3           2   51.920746127720648     
           3           3   48.083261120685229     
           3           4   42.066297920062055     
           3           1   60.100027330449450     
           3           2   54.829968388080268     
           3           3   51.000000000000000     
           3           4   39.364424176195143     
           3           1   63.225712266501390     
           3           2   62.409029702572234     
           3           3   58.889727457341827     
           3           4   43.675420556045204     
           3           1   67.273069093755552     
           3           2   49.512387943043954     
           3           3   51.000000000000000     
           3           4   55.412483168945180     
           3           1   56.366153246242227     
           3           2   40.075405360409597     
           3           3   41.641325627314025     
           3           4   41.164642121274802     
           3           1   49.057319925414966     
           3           2   36.586878382554161     
           3           3   38.013155617496423     
           3           4   29.941814089941694     
           3           1   47.054203263366070     
           3           2   40.609866101213278     
           3           3   41.641325627314025     
           3           4   26.009550188740874     
           3           1   50.986031922829845     
           3           2   50.375815425034396     
           3           3   51.000000000000000     
           3           4   32.163351365251572     
           3           1   60.874876467411490     
           3           2   40.893915820609237     
           3           3   48.083261120685229     
           3           4   52.682844468060438     
           3           1   48.551292376292750     
           3           2   28.755415248640322     
           3           3   38.013155617496423     
           3           4   37.409444947363838     
           3           1   39.833470824093602     
           3           2   23.652388063373191     
           3           3   34.000000000000000     
           3           4   24.524498798015120     
           3           1   37.338757402725250     
           3           2   29.495711825264717     
           3           3   38.013155617496423     
           3           4   19.530374070095135     
           3           1   42.186019139819571     
           3           2   41.935171050774585     
           3           3   48.083261120685229     
           3           4   27.192277972649588     
           3           1   58.854357056653065     
           3           2   38.355549043960565     
           3           3   51.000000000000000     
           3           4   55.302991886000711     
           3           1   45.992529295937416     
           3           2   25.014189921768928     
           3           3   41.641325627314025     
           3           4   41.017135218918682     
           3           1   36.671380632903848     
           3           2   18.928054639106168     
           3           3   38.013155617496423     
           3           4   29.738692835951262     
           3           1   33.945066858219164     
           3           2   25.861802091108245     
           3           3   41.641325627314025     
           3           4   25.775459678055370     
           3           1   39.214091478633328     
           3           2   39.463836133583271     
           3           3   51.000000000000000     
           3           4   31.974345835983225     
           3           1   61.643491985621708     
           3           2   42.988183653002295     
           3           3   58.889727457341827     
           3           4   62.604789927291307     
           3           1   49.511589660069099     
           3           2   31.662998732951937     
           3           3   51.000000000000000     
           3           4   50.431579311620546     
           3           1   40.998474571046117     
           3           2   27.112857535523219     
           3           3   48.083261120685229     
           3           4   41.777130847968401     
           3           1   38.579169556100716     
           3           2   32.336799450784248     
           3           3   51.000000000000000     
           3           4   39.055257417052985     
           3           1   43.287754967473447     
           3           2   43.979883511656809     
           3           3   58.889727457341827     
           3           4   43.396976875541363     
           4           1   62.696511623516024     
           4           2   62.195352219171404     
           4           3   43.396976875541363     
           4           4   58.889727457341827     
           4           1   55.599869660093027     
           4           2   59.429276645618465     
           4           3   39.055257417052985     
           4           4   51.000000000000000     
           4           1   53.196225831171404     
           4           2   61.428136937205863     
           4           3   41.777130847968401     
           4           4   48.083261120685229     
           4           1   56.092168607949560     
           4           2   67.771624538082150     
           4           3   50.431579311620546     
           4           4   51.000000000000000     
           4           1   63.567478443023809     
           4           2   77.398773746652083     
           4           3   62.604789927291307     
           4           4   58.889727457341827     
           4           1   50.388476054449839     
           4           2   50.171294767926469     
           4           3   31.974345835983229     
           4           4   51.000000000000000     
           4           1   41.224888787618568     
           4           2   46.698350116945548     
           4           3   25.775459678055377     
           4           4   41.641325627314025     
           4           1   37.920764654911338     
           4           2   49.216998980022048     
           4           3   29.738692835951266     
           4           4   38.013155617496423     
           4           1   41.886481452550150     
           4           2   56.937598066252789     
           4           3   41.017135218918682     
           4           4   41.641325627314025     
           4           1   51.468148062043980     
           4           2   68.113634160194508     
           4           3   55.302991886000711     
           4           4   51.000000000000000     
           4           1   41.534858473600828     
           4           2   41.761894110702663     
           4           3   27.192277972649588     
           4           4   48.083261120685229     
           4           1   29.759660698396821     
           4           2   37.518433931445010     
           4           3   19.530374070095135     
           4           4   38.013155617496423     
           4           1   24.982600772244645     
           4           2   40.610466257146904     
           4           3   24.524498798015120     
           4           4   34.000000000000000     
           4           1   30.669582289411977     
           4           2   49.686890168107020     
           4           3   37.409444947363831     
           4           4   38.013155617496423     
           4           1   42.838256433574266     
           4           2   62.180094399511752     
           4           3   52.682844468060438     
           4           4   48.083261120685229     
           4           1   38.591325680186678     
           4           2   39.356737424955810     
           4           3   32.163351365251572     
           4           4   51.000000000000000     
           4           1   25.490848440487223     
           4           2   34.821399536658205     
           4           3   26.009550188740878     
           4           4   41.641325627314025     
           4           1   19.704727622515978     
           4           2   38.132754301862896     
           4           3   29.941814089941698     
           4           4   38.013155617496423     
           4           1   26.547490034637896     
           4           2   47.683163020094483     
           4           3   41.164642121274795     
           4           4   41.641325627314025     
           4           1   39.990775981479189     
           4           2   60.590932659561929     
           4           3   55.412483168945180     
           4           4   51.000000000000000     
           4           1   42.795284402448146     
           4           2   43.952812899293413     
           4           3   43.675420556045204     
           4           4   58.889727457341827     
           4           1   31.494909168754166     
           4           2   39.942794678326599     
           4           3   39.364424176195143     
           4           4   51.000000000000000     
           4           1   27.026324944574494     
           4           2   42.860283849615591     
           4           3   42.066297920062055     
           4           4   48.083261120685229     
           4           1   32.356068618906470     
           4           2   51.542031553134201     
           4           3   50.671381969267600     
           4           4   51.000000000000000     
           4           1   44.061412970228695     
           4           2   63.672271057179550     
           4           3   62.798124817954701     
           4           4   58.889727457341827     
           4           1   59.603433145446409     
           4           2   54.571208176624801     
           4           3   38.882974659456053     
           4           4   51.000000000000000     
           4           1   52.087063453273629     
           4           2   51.396438075134974     
           4           3   33.969121983706053     
           4           4   41.641325627314025     
           4           1   49.513181231334833     
           4           2   53.695166744930098     
           4           3   37.066383399515829     
           4           4   38.013155617496423     
           4           1   52.612242416653011     
           4           2   60.850209668665151     
           4           3   46.603994552998380     
           4           4   41.641325627314025     
           4           1   60.518930828050131     
           4           2   71.416560416160991     
           4           3   59.564652590877287     
           4           4   51.000000000000000     
           4           1   46.483493759138689     
           4           2   40.335018815911035     
           4           3   25.513661204748477     
           4           4   41.641325627314025     
           4           1   36.348426768122160     
           4           2   35.923402230782095     
           4           3   17.116145537085387     
           4           4   29.444863728670914     
           4           1   32.553050010393704     
           4           2   39.141639117303498     
           4           3   22.649016932809435     
           4           4   24.041630560342615     
           4           1   37.097088853990250     
           4           2   48.493762462237200     
           4           3   36.207644192886796     
           4           4   29.444863728670914     
           4           1   47.651725445176716     
           4           2   61.230891571971647     
           4           3   51.836367812325449     
           4           4   41.641325627314025     
           4           1   36.699606828794103     
           4           2   29.220039765600475     
           4           3   19.183537154901163     
           4           4   38.013155617496423     
           4           1   22.524521700798100     
           4           2   22.746160310213586     
           4           3   3.1660113312295577     
           4           4   24.041630560342615     
           4           1   15.679509377253448     
           4           2   27.549317483607442     
           4           3   15.167041825137641     
           4           4   17.000000000000000     
           4           1   23.713708077250025     
           4           2   39.730869343210472     
           4           3   32.063291903693774     
           4           4   24.041630560342615     
           4           1   38.168480284584120     
           4           2   54.553818048986493     
           4           3   49.031318742998096     
           4           4   38.013155617496423     
           4           1   33.331772990950483     
           4           2   25.665301574823722     
           4           3   25.750131795318243     
           4           4   41.641325627314025     
           4           1   16.477257878115221     
           4           2   17.952292050914050     
           4           3   17.466677344368048     
           4           4   29.444863728670914     
           4           1   3.1611649187545310     
           4           2   23.745775936700291     
           4           3   22.915068130561181     
           4           4   24.041630560342615     
           4           1   18.068920833996106     
           4           2   37.194609284016380     
           4           3   36.374659825272055     
           4           4   29.444863728670914     
           4           1   34.942507588421194     
           4           2   52.735339619133015     
           4           3   51.953165518380708     
           4           4   41.641325627314025     
           4           1   38.120244490984597     
           4           2   32.273901002978008     
           4           3   39.193500445597422     
           4           4   51.000000000000000     
           4           1   24.771878744134355     
           4           2   26.555258818258341     
           4           3   34.324131557186497     
           4           4   41.641325627314025     
           4           1   18.765364717365596     
           4           2   30.769446791571511     
           4           3   37.391998303528077     
           4           4   38.013155617496423     
           4           1   25.857916571862550     
           4           2   42.027799618990443     
           4           3   46.863387277351670     
           4           4   41.641325627314025     
           4           1   39.536372948198697     
           4           2   56.248671324473754     
           4           3   59.767822422128177     
           4           4   51.000000000000000     
           4           1   61.255905149542279     
           4           2   51.631111609631780     
           4           3   41.454479068003387     
           4           4   48.083261120685229     
           4           1   53.970166315765361     
           4           2   48.263327392554650     
           4           3   36.884812115226119     
           4           4   38.013155617496423     
           4           1   51.490501926209930     
           4           2   50.704298200010413     
           4           3   39.755564324400332     
           4           4   34.000000000000000     
           4           1   54.477194541153480     
           4           2   58.228025390787913     
           4           3   48.770077144982373     
           4           4   38.013155617496423     
           4           1   62.147064786169402     
           4           2   69.195953825819217     
           4           3   61.274268291865660     
           4           4   48.083261120685229     
           4           1   48.584275903031688     
           4           2   36.258359961112824     
           4           3   29.283698955260366     
           4           4   38.013155617496423     
           4           1   38.999035904539483     
           4           2   31.276920437029794     
           4           3   22.350627608152696     
           4           4   24.041630560342615     
           4           1   35.488276063303125     
           4           2   34.925962219800830     
           4           3   26.824728972616260     
           4           4   17.000000000000000     
           4           1   39.697741427024134     
           4           2   45.159715698104407     
           4           3   38.956149892286824     
           4           4   24.041630560342615     
           4           1   49.703154938781523     
           4           2   58.625736727893496     
           4           3   53.792166199236853     
           4           4   38.013155617496423     
           4           1   39.326553552963304     
           4           2   23.271563077992962     
           4           3   23.970736622079492     
           4           4   34.000000000000000     
           4           1   26.590801996475111     
           4           2   14.322804650195712     
           4           3   14.717735701564406     
           4           4   17.000000000000000     
           4           1   21.108379551197174     
           4           2   21.135747396350354     
           4           3   20.895628111093096     
           4           4   0.0000000000000000     
           4           1   27.605373095451061     
           4           2   35.585065729277410     
           4           3   35.137484317080876     
           4           4   17.000000000000000     
           4           1   40.700731691220334     
           4           2   51.612730870509615     
           4           3   51.094601809869360     
           4           4   34.000000000000000     
           4           1   36.203919175778147     
           4           2   18.613506631378762     
           4           3   29.489954287992532     
           4           4   38.013155617496423     
           4           1   21.707526347972731     
           4           2   3.1685507840405123     
           4           3   22.620188635020035     
           4           4   24.041630560342615     
           4           1   14.481354791924151     
           4           2   15.862433578291403     
           4           3   27.049740550694573     
           4           4   16.999999999999996     
           4           1   22.939105760060453     
           4           2   32.729098429079428     
           4           3   39.111430475449126     
           4           4   24.041630560342615     
           4           1   37.692114686402149     
           4           2   49.686728297756055     
           4           3   53.904726358751617     
           4           4   38.013155617496423     
           4           1   40.655500403001582     
           4           2   27.006658625971429     
           4           3   41.745881157434866     
           4           4   48.083261120685229     
           4           1   28.519513486034707     
           4           2   19.822630882262313     
           4           3   37.212015849543484     
           4           4   38.013155617496423     
           4           1   23.491606712648878     
           4           2   25.189556964128656     
           4           3   40.059326673855566     
           4           4   34.000000000000000     
           4           1   29.467753942291292     
           4           2   38.132543384932312     
           4           3   49.018008767581293     
           4           4   38.013155617496423     
           4           1   41.986205578321531     
           4           2   53.401010757834989     
           4           3   61.471787947925165     
           4           4   48.083261120685229     
           4           1   67.305293912557431     
           4           2   54.143574043795681     
           4           3   50.030610142503363     
           4           4   51.000000000000000     
           4           1   60.749448763897391     
           4           2   50.942160291752920     
           4           3   46.314981174638959     
           4           4   41.641325627314025     
           4           1   58.557565365877778     
           4           2   53.260499247991575     
           4           3   48.632221943719181     
           4           4   38.013155617496423     
           4           1   61.200338218352215     
           4           2   60.466998148576664     
           4           3   56.241519726614442     
           4           4   41.641325627314025     
           4           1   68.117357072205579     
           4           2   71.090329511506951     
           4           3   67.373021834671803     
           4           4   51.000000000000000     
           4           1   56.019180090286270     
           4           2   39.754541768952151     
           4           3   40.523118598325411     
           4           4   41.641325627314025     
           4           1   47.944149533072121     
           4           2   35.270393763240357     
           4           3   35.834880645956488     
           4           4   29.444863728670914     
           4           1   45.134625410113173     
           4           2   38.543193447983619     
           4           3   38.783426884249771     
           4           4   24.041630560342615     
           4           1   48.514197379456746     
           4           2   48.012028140074960     
           4           3   47.980930908663574     
           4           4   29.444863728670914     
           4           1   56.992282669099524     
           4           2   60.850077494428980     
           4           3   60.648044163335960     
           4           4   41.641325627314025     
           4           1   48.210937424199820     
           4           2   28.413387201858516     
           4           3   36.867117199975546     
           4           4   38.013155617496423     
           4           1   38.532939464590093     
           4           2   21.700176433324220     
           4           3   31.641742376372591     
           4           4   24.041630560342615     
           4           1   34.975425090246134     
           4           2   26.692222503794298     
           4           3   34.945892327836376     
           4           4   16.999999999999996     
           4           1   39.239945166947841     
           4           2   39.141433636834584     
           4           3   44.935853397534736     
           4           4   24.041630560342615     
           4           1   49.338283646340265     
           4           2   54.126046521997047     
           4           3   58.268743341012041     
           4           4   38.013155617496423     
           4           1   45.699457728208287     
           4           2   24.743030398601405     
           4           3   40.672417193222216     
           4           4   41.641325627314025     
           4           1   35.340251457989801     
           4           2   16.607065913663849     
           4           3   36.003625516265984     
           4           4   29.444863728670910     
           4           1   31.423340203988570     
           4           2   22.745806717182809     
           4           3   38.939396249704743     
           4           4   24.041630560342611     
           4           1   36.109822016139304     
           4           2   36.564310579718324     
           4           3   48.107090020780930     
           4           4   29.444863728670910     
           4           1   46.887228351640836     
           4           2   52.292694452712645     
           4           3   60.747902352620542     
           4           4   41.641325627314025     
           4           1   49.300977535790118     
           4           2   31.545436030105670     
           4           3   50.272325488705064     
           4           4   51.000000000000000     
           4           1   39.888335669041588     
           4           2   25.664988199571642     
           4           3   46.575983511014613     
           4           4   41.641325627314025     
           4           1   36.463300164792955     
           4           2   30.004478069761760     
           4           3   48.880852795284838     
           4           4   38.013155617496423     
           4           1   40.571729016267525     
           4           2   41.471023488617654     
           4           3   56.456649740932249     
           4           4   41.641325627314025     
           4           1   50.403949565793930     
           4           2   55.833886432417906     
           4           3   67.552711492184429     
           4           4   51.000000000000000     
           4           1   76.718441470234268     
           4           2   61.443319689171396     
           4           3   62.174352169224811     
           4           4   58.889727457341827     
           4           1   71.036696137161499     
           4           2   58.641782198193631     
           4           3   59.225548521214989     
           4           4   51.000000000000000     
           4           1   69.171563048300925     
           4           2   60.666594632755206     
           4           3   61.054738780988906     
           4           4   48.083261120685229     
           4           1   71.422671967707302     
           4           2   67.082134650663178     
           4           3   67.273298251169393     
           4           4   51.000000000000000     
           4           1   77.431847501324526     
           4           2   76.795767293805767     
           4           3   76.822602061937431     
           4           4   58.889727457341827     
           4           1   67.036297712164455     
           4           2   49.235947390591498     
           4           3   54.815246577622695     
           4           4   51.000000000000000     
           4           1   60.451287392541111     
           4           2   45.691964286992039     
           4           3   51.446348629825778     
           4           4   41.641325627314025     
           4           1   58.248185241063553     
           4           2   48.263160747700923     
           4           3   53.541967813273139     
           4           4   38.013155617496423     
           4           1   60.904384245626424     
           4           2   56.115147423071804     
           4           3   60.537243472870301     
           4           4   41.641325627314025     
           4           1   67.851580355954582     
           4           2   67.427641626173937     
           4           3   70.998404047341651     
           4           4   51.000000000000000     
           4           1   60.663095538277069     
           4           2   40.633428313058559     
           4           3   52.170609034861400     
           4           4   48.083261120685229     
           4           1   53.296379771498415     
           4           2   36.258138140659284     
           4           3   48.618802710930289     
           4           4   38.013155617496423     
           4           1   50.783826492392627     
           4           2   39.449076876167773     
           4           3   50.831127343590978     
           4           4   34.000000000000000     
           4           1   53.809757197659735     
           4           2   48.742248115330682     
           4           3   58.153409504485317     
           4           4   38.013155617496423     
           4           1   61.562837053962575     
           4           2   61.427875075499074     
           4           3   68.977058265573802     
           4           4   48.083261120685229     
           4           1   58.686941559586458     
           4           2   38.157207412176341     
           4           3   54.925710161737079     
           4           4   51.000000000000000     
           4           1   51.035772219884855     
           4           2   33.459670686522124     
           4           3   51.564029776067237     
           4           4   41.641325627314025     
           4           1   48.406022172263079     
           4           2   36.893449925497215     
           4           3   53.655052853605028     
           4           4   38.013155617496423     
           4           1   51.571658098254694     
           4           2   46.698005657199467     
           4           3   60.637284130303442     
           4           4   41.641325627314025     
           4           1   59.616514955714514     
           4           2   59.818732996566354     
           4           3   71.083723570696193     
           4           4   51.000000000000000     
           4           1   61.532942875751537     
           4           2   42.882041212134723     
           4           3   62.369021368576355     
           4           4   58.889727457341827     
           4           1   54.284399189934454     
           4           2   38.761405334093389     
           4           3   59.429877641216244     
           4           4   51.000000000000000     
           4           1   51.819773560618827     
           4           2   41.761508933808251     
           4           3   61.252966347973178     
           4           4   48.083261120685229     
           4           1   54.788519493918287     
           4           2   50.632012732886778     
           4           3   67.453253564242075     
           4           4   51.000000000000000     
           4           1   62.420147426909509     
           4           2   62.937888416579973     
           4           3   76.980237375432509     
           4           4   58.889727457341827     
   1   4  3.1612
   2   4  3.1686
   3   1  3.1639
   4   1  3.1612
