           6
  0.0000005882352951  0.0000021939433272  0.1075372430866356
  0.9999995294117667  0.9999972766449086  0.8924626392663025
  0.8848248600859987  0.9999975882352956  0.0000005882352951
  0.0000017058823545  0.8924834512923798  0.0000004647189483
  0.1151748457963538  0.0000010588235284  0.9999994705882358
  0.9999984117647074  0.1075183134134985 -0.0000004647189484
           1           1  -1.9999994117647049       -1.9999978060566728       -1.8924627569133643     
           2           2  -1.0000004705882333       -1.0000027233550914       -1.1075373607336974     
           3           3  -1.1151751399140013       -1.0000024117647044       -1.9999994117647049     
           4           4  -1.9999982941176455       -1.1075165487076202       -1.9999995352810518     
           5           5  -1.8848251542036463       -1.9999989411764716       -1.0000005294117642     
           6           6  -1.0000015882352926       -1.8924816865865015       -2.0000004647189482     
           7           1  -1.9999994117647049       -1.9999978060566728      -0.89246275691336441     
           8           2  -1.0000004705882333       -1.0000027233550914      -0.10753736073369746     
           9           3  -1.1151751399140013       -1.0000024117647044      -0.99999941176470486     
          10           4  -1.9999982941176455       -1.1075165487076202      -0.99999953528105168     
          11           5  -1.8848251542036463       -1.9999989411764716       -5.2941176420517877E-007
          12           6  -1.0000015882352926       -1.8924816865865015       -1.0000004647189484     
          13           1  -1.9999994117647049       -1.9999978060566728       0.10753724308663561     
          14           2  -1.0000004705882333       -1.0000027233550914       0.89246263926630254     
          15           3  -1.1151751399140013       -1.0000024117647044        5.8823529510000003E-007
          16           4  -1.9999982941176455       -1.1075165487076202        4.6471894830000000E-007
          17           5  -1.8848251542036463       -1.9999989411764716       0.99999947058823579     
          18           6  -1.0000015882352926       -1.8924816865865015       -4.6471894840000002E-007
          19           1  -1.9999994117647049       -1.9999978060566728        1.1075372430866357     
          20           2  -1.0000004705882333       -1.0000027233550914        1.8924626392663026     
          21           3  -1.1151751399140013       -1.0000024117647044        1.0000005882352951     
          22           4  -1.9999982941176455       -1.1075165487076202        1.0000004647189482     
          23           5  -1.8848251542036463       -1.9999989411764716        1.9999994705882358     
          24           6  -1.0000015882352926       -1.8924816865865015       0.99999953528105157     
          25           1  -1.9999994117647049       -1.9999978060566728        2.1075372430866355     
          26           2  -1.0000004705882333       -1.0000027233550914        2.8924626392663026     
          27           3  -1.1151751399140013       -1.0000024117647044        2.0000005882352951     
          28           4  -1.9999982941176455       -1.1075165487076202        2.0000004647189482     
          29           5  -1.8848251542036463       -1.9999989411764716        2.9999994705882358     
          30           6  -1.0000015882352926       -1.8924816865865015        1.9999995352810516     
          31           1  -1.9999994117647049      -0.99999780605667277       -1.8924627569133643     
          32           2  -1.0000004705882333       -2.7233550914385063E-006  -1.1075373607336974     
          33           3  -1.1151751399140013       -2.4117647043908619E-006  -1.9999994117647049     
          34           4  -1.9999982941176455      -0.10751654870762017       -1.9999995352810518     
          35           5  -1.8848251542036463      -0.99999894117647159       -1.0000005294117642     
          36           6  -1.0000015882352926      -0.89248168658650151       -2.0000004647189482     
          37           1  -1.9999994117647049      -0.99999780605667277      -0.89246275691336441     
          38           2  -1.0000004705882333       -2.7233550914385063E-006 -0.10753736073369746     
          39           3  -1.1151751399140013       -2.4117647043908619E-006 -0.99999941176470486     
          40           4  -1.9999982941176455      -0.10751654870762017      -0.99999953528105168     
          41           5  -1.8848251542036463      -0.99999894117647159       -5.2941176420517877E-007
          42           6  -1.0000015882352926      -0.89248168658650151       -1.0000004647189484     
          43           1  -1.9999994117647049      -0.99999780605667277       0.10753724308663561     
          44           2  -1.0000004705882333       -2.7233550914385063E-006  0.89246263926630254     
          45           3  -1.1151751399140013       -2.4117647043908619E-006   5.8823529510000003E-007
          46           4  -1.9999982941176455      -0.10751654870762017        4.6471894830000000E-007
          47           5  -1.8848251542036463      -0.99999894117647159       0.99999947058823579     
          48           6  -1.0000015882352926      -0.89248168658650151       -4.6471894840000002E-007
          49           1  -1.9999994117647049      -0.99999780605667277        1.1075372430866357     
          50           2  -1.0000004705882333       -2.7233550914385063E-006   1.8924626392663026     
          51           3  -1.1151751399140013       -2.4117647043908619E-006   1.0000005882352951     
          52           4  -1.9999982941176455      -0.10751654870762017        1.0000004647189482     
          53           5  -1.8848251542036463      -0.99999894117647159        1.9999994705882358     
          54           6  -1.0000015882352926      -0.89248168658650151       0.99999953528105157     
          55           1  -1.9999994117647049      -0.99999780605667277        2.1075372430866355     
          56           2  -1.0000004705882333       -2.7233550914385063E-006   2.8924626392663026     
          57           3  -1.1151751399140013       -2.4117647043908619E-006   2.0000005882352951     
          58           4  -1.9999982941176455      -0.10751654870762017        2.0000004647189482     
          59           5  -1.8848251542036463      -0.99999894117647159        2.9999994705882358     
          60           6  -1.0000015882352926      -0.89248168658650151        1.9999995352810516     
          61           1  -1.9999994117647049        2.1939433272000002E-006  -1.8924627569133643     
          62           2  -1.0000004705882333       0.99999727664490856       -1.1075373607336974     
          63           3  -1.1151751399140013       0.99999758823529561       -1.9999994117647049     
          64           4  -1.9999982941176455       0.89248345129237983       -1.9999995352810518     
          65           5  -1.8848251542036463        1.0588235284000000E-006  -1.0000005294117642     
          66           6  -1.0000015882352926       0.10751831341349850       -2.0000004647189482     
          67           1  -1.9999994117647049        2.1939433272000002E-006 -0.89246275691336441     
          68           2  -1.0000004705882333       0.99999727664490856      -0.10753736073369746     
          69           3  -1.1151751399140013       0.99999758823529561      -0.99999941176470486     
          70           4  -1.9999982941176455       0.89248345129237983      -0.99999953528105168     
          71           5  -1.8848251542036463        1.0588235284000000E-006  -5.2941176420517877E-007
          72           6  -1.0000015882352926       0.10751831341349850       -1.0000004647189484     
          73           1  -1.9999994117647049        2.1939433272000002E-006  0.10753724308663561     
          74           2  -1.0000004705882333       0.99999727664490856       0.89246263926630254     
          75           3  -1.1151751399140013       0.99999758823529561        5.8823529510000003E-007
          76           4  -1.9999982941176455       0.89248345129237983        4.6471894830000000E-007
          77           5  -1.8848251542036463        1.0588235284000000E-006  0.99999947058823579     
          78           6  -1.0000015882352926       0.10751831341349850       -4.6471894840000002E-007
          79           1  -1.9999994117647049        2.1939433272000002E-006   1.1075372430866357     
          80           2  -1.0000004705882333       0.99999727664490856        1.8924626392663026     
          81           3  -1.1151751399140013       0.99999758823529561        1.0000005882352951     
          82           4  -1.9999982941176455       0.89248345129237983        1.0000004647189482     
          83           5  -1.8848251542036463        1.0588235284000000E-006   1.9999994705882358     
          84           6  -1.0000015882352926       0.10751831341349850       0.99999953528105157     
          85           1  -1.9999994117647049        2.1939433272000002E-006   2.1075372430866355     
          86           2  -1.0000004705882333       0.99999727664490856        2.8924626392663026     
          87           3  -1.1151751399140013       0.99999758823529561        2.0000005882352951     
          88           4  -1.9999982941176455       0.89248345129237983        2.0000004647189482     
          89           5  -1.8848251542036463        1.0588235284000000E-006   2.9999994705882358     
          90           6  -1.0000015882352926       0.10751831341349850        1.9999995352810516     
          91           1  -1.9999994117647049        1.0000021939433272       -1.8924627569133643     
          92           2  -1.0000004705882333        1.9999972766449086       -1.1075373607336974     
          93           3  -1.1151751399140013        1.9999975882352956       -1.9999994117647049     
          94           4  -1.9999982941176455        1.8924834512923798       -1.9999995352810518     
          95           5  -1.8848251542036463        1.0000010588235284       -1.0000005294117642     
          96           6  -1.0000015882352926        1.1075183134134985       -2.0000004647189482     
          97           1  -1.9999994117647049        1.0000021939433272      -0.89246275691336441     
          98           2  -1.0000004705882333        1.9999972766449086      -0.10753736073369746     
          99           3  -1.1151751399140013        1.9999975882352956      -0.99999941176470486     
         100           4  -1.9999982941176455        1.8924834512923798      -0.99999953528105168     
         101           5  -1.8848251542036463        1.0000010588235284       -5.2941176420517877E-007
         102           6  -1.0000015882352926        1.1075183134134985       -1.0000004647189484     
         103           1  -1.9999994117647049        1.0000021939433272       0.10753724308663561     
         104           2  -1.0000004705882333        1.9999972766449086       0.89246263926630254     
         105           3  -1.1151751399140013        1.9999975882352956        5.8823529510000003E-007
         106           4  -1.9999982941176455        1.8924834512923798        4.6471894830000000E-007
         107           5  -1.8848251542036463        1.0000010588235284       0.99999947058823579     
         108           6  -1.0000015882352926        1.1075183134134985       -4.6471894840000002E-007
         109           1  -1.9999994117647049        1.0000021939433272        1.1075372430866357     
         110           2  -1.0000004705882333        1.9999972766449086        1.8924626392663026     
         111           3  -1.1151751399140013        1.9999975882352956        1.0000005882352951     
         112           4  -1.9999982941176455        1.8924834512923798        1.0000004647189482     
         113           5  -1.8848251542036463        1.0000010588235284        1.9999994705882358     
         114           6  -1.0000015882352926        1.1075183134134985       0.99999953528105157     
         115           1  -1.9999994117647049        1.0000021939433272        2.1075372430866355     
         116           2  -1.0000004705882333        1.9999972766449086        2.8924626392663026     
         117           3  -1.1151751399140013        1.9999975882352956        2.0000005882352951     
         118           4  -1.9999982941176455        1.8924834512923798        2.0000004647189482     
         119           5  -1.8848251542036463        1.0000010588235284        2.9999994705882358     
         120           6  -1.0000015882352926        1.1075183134134985        1.9999995352810516     
         121           1  -1.9999994117647049        2.0000021939433270       -1.8924627569133643     
         122           2  -1.0000004705882333        2.9999972766449083       -1.1075373607336974     
         123           3  -1.1151751399140013        2.9999975882352956       -1.9999994117647049     
         124           4  -1.9999982941176455        2.8924834512923798       -1.9999995352810518     
         125           5  -1.8848251542036463        2.0000010588235284       -1.0000005294117642     
         126           6  -1.0000015882352926        2.1075183134134985       -2.0000004647189482     
         127           1  -1.9999994117647049        2.0000021939433270      -0.89246275691336441     
         128           2  -1.0000004705882333        2.9999972766449083      -0.10753736073369746     
         129           3  -1.1151751399140013        2.9999975882352956      -0.99999941176470486     
         130           4  -1.9999982941176455        2.8924834512923798      -0.99999953528105168     
         131           5  -1.8848251542036463        2.0000010588235284       -5.2941176420517877E-007
         132           6  -1.0000015882352926        2.1075183134134985       -1.0000004647189484     
         133           1  -1.9999994117647049        2.0000021939433270       0.10753724308663561     
         134           2  -1.0000004705882333        2.9999972766449083       0.89246263926630254     
         135           3  -1.1151751399140013        2.9999975882352956        5.8823529510000003E-007
         136           4  -1.9999982941176455        2.8924834512923798        4.6471894830000000E-007
         137           5  -1.8848251542036463        2.0000010588235284       0.99999947058823579     
         138           6  -1.0000015882352926        2.1075183134134985       -4.6471894840000002E-007
         139           1  -1.9999994117647049        2.0000021939433270        1.1075372430866357     
         140           2  -1.0000004705882333        2.9999972766449083        1.8924626392663026     
         141           3  -1.1151751399140013        2.9999975882352956        1.0000005882352951     
         142           4  -1.9999982941176455        2.8924834512923798        1.0000004647189482     
         143           5  -1.8848251542036463        2.0000010588235284        1.9999994705882358     
         144           6  -1.0000015882352926        2.1075183134134985       0.99999953528105157     
         145           1  -1.9999994117647049        2.0000021939433270        2.1075372430866355     
         146           2  -1.0000004705882333        2.9999972766449083        2.8924626392663026     
         147           3  -1.1151751399140013        2.9999975882352956        2.0000005882352951     
         148           4  -1.9999982941176455        2.8924834512923798        2.0000004647189482     
         149           5  -1.8848251542036463        2.0000010588235284        2.9999994705882358     
         150           6  -1.0000015882352926        2.1075183134134985        1.9999995352810516     
         151           1 -0.99999941176470486       -1.9999978060566728       -1.8924627569133643     
         152           2  -4.7058823327006394E-007  -1.0000027233550914       -1.1075373607336974     
         153           3 -0.11517513991400130       -1.0000024117647044       -1.9999994117647049     
         154           4 -0.99999829411764551       -1.1075165487076202       -1.9999995352810518     
         155           5 -0.88482515420364616       -1.9999989411764716       -1.0000005294117642     
         156           6  -1.5882352926155363E-006  -1.8924816865865015       -2.0000004647189482     
         157           1 -0.99999941176470486       -1.9999978060566728      -0.89246275691336441     
         158           2  -4.7058823327006394E-007  -1.0000027233550914      -0.10753736073369746     
         159           3 -0.11517513991400130       -1.0000024117647044      -0.99999941176470486     
         160           4 -0.99999829411764551       -1.1075165487076202      -0.99999953528105168     
         161           5 -0.88482515420364616       -1.9999989411764716       -5.2941176420517877E-007
         162           6  -1.5882352926155363E-006  -1.8924816865865015       -1.0000004647189484     
         163           1 -0.99999941176470486       -1.9999978060566728       0.10753724308663561     
         164           2  -4.7058823327006394E-007  -1.0000027233550914       0.89246263926630254     
         165           3 -0.11517513991400130       -1.0000024117647044        5.8823529510000003E-007
         166           4 -0.99999829411764551       -1.1075165487076202        4.6471894830000000E-007
         167           5 -0.88482515420364616       -1.9999989411764716       0.99999947058823579     
         168           6  -1.5882352926155363E-006  -1.8924816865865015       -4.6471894840000002E-007
         169           1 -0.99999941176470486       -1.9999978060566728        1.1075372430866357     
         170           2  -4.7058823327006394E-007  -1.0000027233550914        1.8924626392663026     
         171           3 -0.11517513991400130       -1.0000024117647044        1.0000005882352951     
         172           4 -0.99999829411764551       -1.1075165487076202        1.0000004647189482     
         173           5 -0.88482515420364616       -1.9999989411764716        1.9999994705882358     
         174           6  -1.5882352926155363E-006  -1.8924816865865015       0.99999953528105157     
         175           1 -0.99999941176470486       -1.9999978060566728        2.1075372430866355     
         176           2  -4.7058823327006394E-007  -1.0000027233550914        2.8924626392663026     
         177           3 -0.11517513991400130       -1.0000024117647044        2.0000005882352951     
         178           4 -0.99999829411764551       -1.1075165487076202        2.0000004647189482     
         179           5 -0.88482515420364616       -1.9999989411764716        2.9999994705882358     
         180           6  -1.5882352926155363E-006  -1.8924816865865015        1.9999995352810516     
         181           1 -0.99999941176470486      -0.99999780605667277       -1.8924627569133643     
         182           2  -4.7058823327006394E-007  -2.7233550914385063E-006  -1.1075373607336974     
         183           3 -0.11517513991400130       -2.4117647043908619E-006  -1.9999994117647049     
         184           4 -0.99999829411764551      -0.10751654870762017       -1.9999995352810518     
         185           5 -0.88482515420364616      -0.99999894117647159       -1.0000005294117642     
         186           6  -1.5882352926155363E-006 -0.89248168658650151       -2.0000004647189482     
         187           1 -0.99999941176470486      -0.99999780605667277      -0.89246275691336441     
         188           2  -4.7058823327006394E-007  -2.7233550914385063E-006 -0.10753736073369746     
         189           3 -0.11517513991400130       -2.4117647043908619E-006 -0.99999941176470486     
         190           4 -0.99999829411764551      -0.10751654870762017      -0.99999953528105168     
         191           5 -0.88482515420364616      -0.99999894117647159       -5.2941176420517877E-007
         192           6  -1.5882352926155363E-006 -0.89248168658650151       -1.0000004647189484     
         193           1 -0.99999941176470486      -0.99999780605667277       0.10753724308663561     
         194           2  -4.7058823327006394E-007  -2.7233550914385063E-006  0.89246263926630254     
         195           3 -0.11517513991400130       -2.4117647043908619E-006   5.8823529510000003E-007
         196           4 -0.99999829411764551      -0.10751654870762017        4.6471894830000000E-007
         197           5 -0.88482515420364616      -0.99999894117647159       0.99999947058823579     
         198           6  -1.5882352926155363E-006 -0.89248168658650151       -4.6471894840000002E-007
         199           1 -0.99999941176470486      -0.99999780605667277        1.1075372430866357     
         200           2  -4.7058823327006394E-007  -2.7233550914385063E-006   1.8924626392663026     
         201           3 -0.11517513991400130       -2.4117647043908619E-006   1.0000005882352951     
         202           4 -0.99999829411764551      -0.10751654870762017        1.0000004647189482     
         203           5 -0.88482515420364616      -0.99999894117647159        1.9999994705882358     
         204           6  -1.5882352926155363E-006 -0.89248168658650151       0.99999953528105157     
         205           1 -0.99999941176470486      -0.99999780605667277        2.1075372430866355     
         206           2  -4.7058823327006394E-007  -2.7233550914385063E-006   2.8924626392663026     
         207           3 -0.11517513991400130       -2.4117647043908619E-006   2.0000005882352951     
         208           4 -0.99999829411764551      -0.10751654870762017        2.0000004647189482     
         209           5 -0.88482515420364616      -0.99999894117647159        2.9999994705882358     
         210           6  -1.5882352926155363E-006 -0.89248168658650151        1.9999995352810516     
         211           1 -0.99999941176470486        2.1939433272000002E-006  -1.8924627569133643     
         212           2  -4.7058823327006394E-007  0.99999727664490856       -1.1075373607336974     
         213           3 -0.11517513991400130       0.99999758823529561       -1.9999994117647049     
         214           4 -0.99999829411764551       0.89248345129237983       -1.9999995352810518     
         215           5 -0.88482515420364616        1.0588235284000000E-006  -1.0000005294117642     
         216           6  -1.5882352926155363E-006  0.10751831341349850       -2.0000004647189482     
         217           1 -0.99999941176470486        2.1939433272000002E-006 -0.89246275691336441     
         218           2  -4.7058823327006394E-007  0.99999727664490856      -0.10753736073369746     
         219           3 -0.11517513991400130       0.99999758823529561      -0.99999941176470486     
         220           4 -0.99999829411764551       0.89248345129237983      -0.99999953528105168     
         221           5 -0.88482515420364616        1.0588235284000000E-006  -5.2941176420517877E-007
         222           6  -1.5882352926155363E-006  0.10751831341349850       -1.0000004647189484     
         223           1 -0.99999941176470486        2.1939433272000002E-006  0.10753724308663561     
         224           2  -4.7058823327006394E-007  0.99999727664490856       0.89246263926630254     
         225           3 -0.11517513991400130       0.99999758823529561        5.8823529510000003E-007
         226           4 -0.99999829411764551       0.89248345129237983        4.6471894830000000E-007
         227           5 -0.88482515420364616        1.0588235284000000E-006  0.99999947058823579     
         228           6  -1.5882352926155363E-006  0.10751831341349850       -4.6471894840000002E-007
         229           1 -0.99999941176470486        2.1939433272000002E-006   1.1075372430866357     
         230           2  -4.7058823327006394E-007  0.99999727664490856        1.8924626392663026     
         231           3 -0.11517513991400130       0.99999758823529561        1.0000005882352951     
         232           4 -0.99999829411764551       0.89248345129237983        1.0000004647189482     
         233           5 -0.88482515420364616        1.0588235284000000E-006   1.9999994705882358     
         234           6  -1.5882352926155363E-006  0.10751831341349850       0.99999953528105157     
         235           1 -0.99999941176470486        2.1939433272000002E-006   2.1075372430866355     
         236           2  -4.7058823327006394E-007  0.99999727664490856        2.8924626392663026     
         237           3 -0.11517513991400130       0.99999758823529561        2.0000005882352951     
         238           4 -0.99999829411764551       0.89248345129237983        2.0000004647189482     
         239           5 -0.88482515420364616        1.0588235284000000E-006   2.9999994705882358     
         240           6  -1.5882352926155363E-006  0.10751831341349850        1.9999995352810516     
         241           1 -0.99999941176470486        1.0000021939433272       -1.8924627569133643     
         242           2  -4.7058823327006394E-007   1.9999972766449086       -1.1075373607336974     
         243           3 -0.11517513991400130        1.9999975882352956       -1.9999994117647049     
         244           4 -0.99999829411764551        1.8924834512923798       -1.9999995352810518     
         245           5 -0.88482515420364616        1.0000010588235284       -1.0000005294117642     
         246           6  -1.5882352926155363E-006   1.1075183134134985       -2.0000004647189482     
         247           1 -0.99999941176470486        1.0000021939433272      -0.89246275691336441     
         248           2  -4.7058823327006394E-007   1.9999972766449086      -0.10753736073369746     
         249           3 -0.11517513991400130        1.9999975882352956      -0.99999941176470486     
         250           4 -0.99999829411764551        1.8924834512923798      -0.99999953528105168     
         251           5 -0.88482515420364616        1.0000010588235284       -5.2941176420517877E-007
         252           6  -1.5882352926155363E-006   1.1075183134134985       -1.0000004647189484     
         253           1 -0.99999941176470486        1.0000021939433272       0.10753724308663561     
         254           2  -4.7058823327006394E-007   1.9999972766449086       0.89246263926630254     
         255           3 -0.11517513991400130        1.9999975882352956        5.8823529510000003E-007
         256           4 -0.99999829411764551        1.8924834512923798        4.6471894830000000E-007
         257           5 -0.88482515420364616        1.0000010588235284       0.99999947058823579     
         258           6  -1.5882352926155363E-006   1.1075183134134985       -4.6471894840000002E-007
         259           1 -0.99999941176470486        1.0000021939433272        1.1075372430866357     
         260           2  -4.7058823327006394E-007   1.9999972766449086        1.8924626392663026     
         261           3 -0.11517513991400130        1.9999975882352956        1.0000005882352951     
         262           4 -0.99999829411764551        1.8924834512923798        1.0000004647189482     
         263           5 -0.88482515420364616        1.0000010588235284        1.9999994705882358     
         264           6  -1.5882352926155363E-006   1.1075183134134985       0.99999953528105157     
         265           1 -0.99999941176470486        1.0000021939433272        2.1075372430866355     
         266           2  -4.7058823327006394E-007   1.9999972766449086        2.8924626392663026     
         267           3 -0.11517513991400130        1.9999975882352956        2.0000005882352951     
         268           4 -0.99999829411764551        1.8924834512923798        2.0000004647189482     
         269           5 -0.88482515420364616        1.0000010588235284        2.9999994705882358     
         270           6  -1.5882352926155363E-006   1.1075183134134985        1.9999995352810516     
         271           1 -0.99999941176470486        2.0000021939433270       -1.8924627569133643     
         272           2  -4.7058823327006394E-007   2.9999972766449083       -1.1075373607336974     
         273           3 -0.11517513991400130        2.9999975882352956       -1.9999994117647049     
         274           4 -0.99999829411764551        2.8924834512923798       -1.9999995352810518     
         275           5 -0.88482515420364616        2.0000010588235284       -1.0000005294117642     
         276           6  -1.5882352926155363E-006   2.1075183134134985       -2.0000004647189482     
         277           1 -0.99999941176470486        2.0000021939433270      -0.89246275691336441     
         278           2  -4.7058823327006394E-007   2.9999972766449083      -0.10753736073369746     
         279           3 -0.11517513991400130        2.9999975882352956      -0.99999941176470486     
         280           4 -0.99999829411764551        2.8924834512923798      -0.99999953528105168     
         281           5 -0.88482515420364616        2.0000010588235284       -5.2941176420517877E-007
         282           6  -1.5882352926155363E-006   2.1075183134134985       -1.0000004647189484     
         283           1 -0.99999941176470486        2.0000021939433270       0.10753724308663561     
         284           2  -4.7058823327006394E-007   2.9999972766449083       0.89246263926630254     
         285           3 -0.11517513991400130        2.9999975882352956        5.8823529510000003E-007
         286           4 -0.99999829411764551        2.8924834512923798        4.6471894830000000E-007
         287           5 -0.88482515420364616        2.0000010588235284       0.99999947058823579     
         288           6  -1.5882352926155363E-006   2.1075183134134985       -4.6471894840000002E-007
         289           1 -0.99999941176470486        2.0000021939433270        1.1075372430866357     
         290           2  -4.7058823327006394E-007   2.9999972766449083        1.8924626392663026     
         291           3 -0.11517513991400130        2.9999975882352956        1.0000005882352951     
         292           4 -0.99999829411764551        2.8924834512923798        1.0000004647189482     
         293           5 -0.88482515420364616        2.0000010588235284        1.9999994705882358     
         294           6  -1.5882352926155363E-006   2.1075183134134985       0.99999953528105157     
         295           1 -0.99999941176470486        2.0000021939433270        2.1075372430866355     
         296           2  -4.7058823327006394E-007   2.9999972766449083        2.8924626392663026     
         297           3 -0.11517513991400130        2.9999975882352956        2.0000005882352951     
         298           4 -0.99999829411764551        2.8924834512923798        2.0000004647189482     
         299           5 -0.88482515420364616        2.0000010588235284        2.9999994705882358     
         300           6  -1.5882352926155363E-006   2.1075183134134985        1.9999995352810516     
         301           1   5.8823529510000003E-007  -1.9999978060566728       -1.8924627569133643     
         302           2  0.99999952941176673       -1.0000027233550914       -1.1075373607336974     
         303           3  0.88482486008599870       -1.0000024117647044       -1.9999994117647049     
         304           4   1.7058823544999999E-006  -1.1075165487076202       -1.9999995352810518     
         305           5  0.11517484579635380       -1.9999989411764716       -1.0000005294117642     
         306           6  0.99999841176470738       -1.8924816865865015       -2.0000004647189482     
         307           1   5.8823529510000003E-007  -1.9999978060566728      -0.89246275691336441     
         308           2  0.99999952941176673       -1.0000027233550914      -0.10753736073369746     
         309           3  0.88482486008599870       -1.0000024117647044      -0.99999941176470486     
         310           4   1.7058823544999999E-006  -1.1075165487076202      -0.99999953528105168     
         311           5  0.11517484579635380       -1.9999989411764716       -5.2941176420517877E-007
         312           6  0.99999841176470738       -1.8924816865865015       -1.0000004647189484     
         313           1   5.8823529510000003E-007  -1.9999978060566728       0.10753724308663561     
         314           2  0.99999952941176673       -1.0000027233550914       0.89246263926630254     
         315           3  0.88482486008599870       -1.0000024117647044        5.8823529510000003E-007
         316           4   1.7058823544999999E-006  -1.1075165487076202        4.6471894830000000E-007
         317           5  0.11517484579635380       -1.9999989411764716       0.99999947058823579     
         318           6  0.99999841176470738       -1.8924816865865015       -4.6471894840000002E-007
         319           1   5.8823529510000003E-007  -1.9999978060566728        1.1075372430866357     
         320           2  0.99999952941176673       -1.0000027233550914        1.8924626392663026     
         321           3  0.88482486008599870       -1.0000024117647044        1.0000005882352951     
         322           4   1.7058823544999999E-006  -1.1075165487076202        1.0000004647189482     
         323           5  0.11517484579635380       -1.9999989411764716        1.9999994705882358     
         324           6  0.99999841176470738       -1.8924816865865015       0.99999953528105157     
         325           1   5.8823529510000003E-007  -1.9999978060566728        2.1075372430866355     
         326           2  0.99999952941176673       -1.0000027233550914        2.8924626392663026     
         327           3  0.88482486008599870       -1.0000024117647044        2.0000005882352951     
         328           4   1.7058823544999999E-006  -1.1075165487076202        2.0000004647189482     
         329           5  0.11517484579635380       -1.9999989411764716        2.9999994705882358     
         330           6  0.99999841176470738       -1.8924816865865015        1.9999995352810516     
         331           1   5.8823529510000003E-007 -0.99999780605667277       -1.8924627569133643     
         332           2  0.99999952941176673       -2.7233550914385063E-006  -1.1075373607336974     
         333           3  0.88482486008599870       -2.4117647043908619E-006  -1.9999994117647049     
         334           4   1.7058823544999999E-006 -0.10751654870762017       -1.9999995352810518     
         335           5  0.11517484579635380      -0.99999894117647159       -1.0000005294117642     
         336           6  0.99999841176470738      -0.89248168658650151       -2.0000004647189482     
         337           1   5.8823529510000003E-007 -0.99999780605667277      -0.89246275691336441     
         338           2  0.99999952941176673       -2.7233550914385063E-006 -0.10753736073369746     
         339           3  0.88482486008599870       -2.4117647043908619E-006 -0.99999941176470486     
         340           4   1.7058823544999999E-006 -0.10751654870762017      -0.99999953528105168     
         341           5  0.11517484579635380      -0.99999894117647159       -5.2941176420517877E-007
         342           6  0.99999841176470738      -0.89248168658650151       -1.0000004647189484     
         343           1   5.8823529510000003E-007 -0.99999780605667277       0.10753724308663561     
         344           2  0.99999952941176673       -2.7233550914385063E-006  0.89246263926630254     
         345           3  0.88482486008599870       -2.4117647043908619E-006   5.8823529510000003E-007
         346           4   1.7058823544999999E-006 -0.10751654870762017        4.6471894830000000E-007
         347           5  0.11517484579635380      -0.99999894117647159       0.99999947058823579     
         348           6  0.99999841176470738      -0.89248168658650151       -4.6471894840000002E-007
         349           1   5.8823529510000003E-007 -0.99999780605667277        1.1075372430866357     
         350           2  0.99999952941176673       -2.7233550914385063E-006   1.8924626392663026     
         351           3  0.88482486008599870       -2.4117647043908619E-006   1.0000005882352951     
         352           4   1.7058823544999999E-006 -0.10751654870762017        1.0000004647189482     
         353           5  0.11517484579635380      -0.99999894117647159        1.9999994705882358     
         354           6  0.99999841176470738      -0.89248168658650151       0.99999953528105157     
         355           1   5.8823529510000003E-007 -0.99999780605667277        2.1075372430866355     
         356           2  0.99999952941176673       -2.7233550914385063E-006   2.8924626392663026     
         357           3  0.88482486008599870       -2.4117647043908619E-006   2.0000005882352951     
         358           4   1.7058823544999999E-006 -0.10751654870762017        2.0000004647189482     
         359           5  0.11517484579635380      -0.99999894117647159        2.9999994705882358     
         360           6  0.99999841176470738      -0.89248168658650151        1.9999995352810516     
         361           1   5.8823529510000003E-007   2.1939433272000002E-006  -1.8924627569133643     
         362           2  0.99999952941176673       0.99999727664490856       -1.1075373607336974     
         363           3  0.88482486008599870       0.99999758823529561       -1.9999994117647049     
         364           4   1.7058823544999999E-006  0.89248345129237983       -1.9999995352810518     
         365           5  0.11517484579635380        1.0588235284000000E-006  -1.0000005294117642     
         366           6  0.99999841176470738       0.10751831341349850       -2.0000004647189482     
         367           1   5.8823529510000003E-007   2.1939433272000002E-006 -0.89246275691336441     
         368           2  0.99999952941176673       0.99999727664490856      -0.10753736073369746     
         369           3  0.88482486008599870       0.99999758823529561      -0.99999941176470486     
         370           4   1.7058823544999999E-006  0.89248345129237983      -0.99999953528105168     
         371           5  0.11517484579635380        1.0588235284000000E-006  -5.2941176420517877E-007
         372           6  0.99999841176470738       0.10751831341349850       -1.0000004647189484     
         373           1   5.8823529510000003E-007   2.1939433272000002E-006  0.10753724308663561     
         374           2  0.99999952941176673       0.99999727664490856       0.89246263926630254     
         375           3  0.88482486008599870       0.99999758823529561        5.8823529510000003E-007
         376           4   1.7058823544999999E-006  0.89248345129237983        4.6471894830000000E-007
         377           5  0.11517484579635380        1.0588235284000000E-006  0.99999947058823579     
         378           6  0.99999841176470738       0.10751831341349850       -4.6471894840000002E-007
         379           1   5.8823529510000003E-007   2.1939433272000002E-006   1.1075372430866357     
         380           2  0.99999952941176673       0.99999727664490856        1.8924626392663026     
         381           3  0.88482486008599870       0.99999758823529561        1.0000005882352951     
         382           4   1.7058823544999999E-006  0.89248345129237983        1.0000004647189482     
         383           5  0.11517484579635380        1.0588235284000000E-006   1.9999994705882358     
         384           6  0.99999841176470738       0.10751831341349850       0.99999953528105157     
         385           1   5.8823529510000003E-007   2.1939433272000002E-006   2.1075372430866355     
         386           2  0.99999952941176673       0.99999727664490856        2.8924626392663026     
         387           3  0.88482486008599870       0.99999758823529561        2.0000005882352951     
         388           4   1.7058823544999999E-006  0.89248345129237983        2.0000004647189482     
         389           5  0.11517484579635380        1.0588235284000000E-006   2.9999994705882358     
         390           6  0.99999841176470738       0.10751831341349850        1.9999995352810516     
         391           1   5.8823529510000003E-007   1.0000021939433272       -1.8924627569133643     
         392           2  0.99999952941176673        1.9999972766449086       -1.1075373607336974     
         393           3  0.88482486008599870        1.9999975882352956       -1.9999994117647049     
         394           4   1.7058823544999999E-006   1.8924834512923798       -1.9999995352810518     
         395           5  0.11517484579635380        1.0000010588235284       -1.0000005294117642     
         396           6  0.99999841176470738        1.1075183134134985       -2.0000004647189482     
         397           1   5.8823529510000003E-007   1.0000021939433272      -0.89246275691336441     
         398           2  0.99999952941176673        1.9999972766449086      -0.10753736073369746     
         399           3  0.88482486008599870        1.9999975882352956      -0.99999941176470486     
         400           4   1.7058823544999999E-006   1.8924834512923798      -0.99999953528105168     
         401           5  0.11517484579635380        1.0000010588235284       -5.2941176420517877E-007
         402           6  0.99999841176470738        1.1075183134134985       -1.0000004647189484     
         403           1   5.8823529510000003E-007   1.0000021939433272       0.10753724308663561     
         404           2  0.99999952941176673        1.9999972766449086       0.89246263926630254     
         405           3  0.88482486008599870        1.9999975882352956        5.8823529510000003E-007
         406           4   1.7058823544999999E-006   1.8924834512923798        4.6471894830000000E-007
         407           5  0.11517484579635380        1.0000010588235284       0.99999947058823579     
         408           6  0.99999841176470738        1.1075183134134985       -4.6471894840000002E-007
         409           1   5.8823529510000003E-007   1.0000021939433272        1.1075372430866357     
         410           2  0.99999952941176673        1.9999972766449086        1.8924626392663026     
         411           3  0.88482486008599870        1.9999975882352956        1.0000005882352951     
         412           4   1.7058823544999999E-006   1.8924834512923798        1.0000004647189482     
         413           5  0.11517484579635380        1.0000010588235284        1.9999994705882358     
         414           6  0.99999841176470738        1.1075183134134985       0.99999953528105157     
         415           1   5.8823529510000003E-007   1.0000021939433272        2.1075372430866355     
         416           2  0.99999952941176673        1.9999972766449086        2.8924626392663026     
         417           3  0.88482486008599870        1.9999975882352956        2.0000005882352951     
         418           4   1.7058823544999999E-006   1.8924834512923798        2.0000004647189482     
         419           5  0.11517484579635380        1.0000010588235284        2.9999994705882358     
         420           6  0.99999841176470738        1.1075183134134985        1.9999995352810516     
         421           1   5.8823529510000003E-007   2.0000021939433270       -1.8924627569133643     
         422           2  0.99999952941176673        2.9999972766449083       -1.1075373607336974     
         423           3  0.88482486008599870        2.9999975882352956       -1.9999994117647049     
         424           4   1.7058823544999999E-006   2.8924834512923798       -1.9999995352810518     
         425           5  0.11517484579635380        2.0000010588235284       -1.0000005294117642     
         426           6  0.99999841176470738        2.1075183134134985       -2.0000004647189482     
         427           1   5.8823529510000003E-007   2.0000021939433270      -0.89246275691336441     
         428           2  0.99999952941176673        2.9999972766449083      -0.10753736073369746     
         429           3  0.88482486008599870        2.9999975882352956      -0.99999941176470486     
         430           4   1.7058823544999999E-006   2.8924834512923798      -0.99999953528105168     
         431           5  0.11517484579635380        2.0000010588235284       -5.2941176420517877E-007
         432           6  0.99999841176470738        2.1075183134134985       -1.0000004647189484     
         433           1   5.8823529510000003E-007   2.0000021939433270       0.10753724308663561     
         434           2  0.99999952941176673        2.9999972766449083       0.89246263926630254     
         435           3  0.88482486008599870        2.9999975882352956        5.8823529510000003E-007
         436           4   1.7058823544999999E-006   2.8924834512923798        4.6471894830000000E-007
         437           5  0.11517484579635380        2.0000010588235284       0.99999947058823579     
         438           6  0.99999841176470738        2.1075183134134985       -4.6471894840000002E-007
         439           1   5.8823529510000003E-007   2.0000021939433270        1.1075372430866357     
         440           2  0.99999952941176673        2.9999972766449083        1.8924626392663026     
         441           3  0.88482486008599870        2.9999975882352956        1.0000005882352951     
         442           4   1.7058823544999999E-006   2.8924834512923798        1.0000004647189482     
         443           5  0.11517484579635380        2.0000010588235284        1.9999994705882358     
         444           6  0.99999841176470738        2.1075183134134985       0.99999953528105157     
         445           1   5.8823529510000003E-007   2.0000021939433270        2.1075372430866355     
         446           2  0.99999952941176673        2.9999972766449083        2.8924626392663026     
         447           3  0.88482486008599870        2.9999975882352956        2.0000005882352951     
         448           4   1.7058823544999999E-006   2.8924834512923798        2.0000004647189482     
         449           5  0.11517484579635380        2.0000010588235284        2.9999994705882358     
         450           6  0.99999841176470738        2.1075183134134985        1.9999995352810516     
         451           1   1.0000005882352951       -1.9999978060566728       -1.8924627569133643     
         452           2   1.9999995294117667       -1.0000027233550914       -1.1075373607336974     
         453           3   1.8848248600859987       -1.0000024117647044       -1.9999994117647049     
         454           4   1.0000017058823545       -1.1075165487076202       -1.9999995352810518     
         455           5   1.1151748457963537       -1.9999989411764716       -1.0000005294117642     
         456           6   1.9999984117647074       -1.8924816865865015       -2.0000004647189482     
         457           1   1.0000005882352951       -1.9999978060566728      -0.89246275691336441     
         458           2   1.9999995294117667       -1.0000027233550914      -0.10753736073369746     
         459           3   1.8848248600859987       -1.0000024117647044      -0.99999941176470486     
         460           4   1.0000017058823545       -1.1075165487076202      -0.99999953528105168     
         461           5   1.1151748457963537       -1.9999989411764716       -5.2941176420517877E-007
         462           6   1.9999984117647074       -1.8924816865865015       -1.0000004647189484     
         463           1   1.0000005882352951       -1.9999978060566728       0.10753724308663561     
         464           2   1.9999995294117667       -1.0000027233550914       0.89246263926630254     
         465           3   1.8848248600859987       -1.0000024117647044        5.8823529510000003E-007
         466           4   1.0000017058823545       -1.1075165487076202        4.6471894830000000E-007
         467           5   1.1151748457963537       -1.9999989411764716       0.99999947058823579     
         468           6   1.9999984117647074       -1.8924816865865015       -4.6471894840000002E-007
         469           1   1.0000005882352951       -1.9999978060566728        1.1075372430866357     
         470           2   1.9999995294117667       -1.0000027233550914        1.8924626392663026     
         471           3   1.8848248600859987       -1.0000024117647044        1.0000005882352951     
         472           4   1.0000017058823545       -1.1075165487076202        1.0000004647189482     
         473           5   1.1151748457963537       -1.9999989411764716        1.9999994705882358     
         474           6   1.9999984117647074       -1.8924816865865015       0.99999953528105157     
         475           1   1.0000005882352951       -1.9999978060566728        2.1075372430866355     
         476           2   1.9999995294117667       -1.0000027233550914        2.8924626392663026     
         477           3   1.8848248600859987       -1.0000024117647044        2.0000005882352951     
         478           4   1.0000017058823545       -1.1075165487076202        2.0000004647189482     
         479           5   1.1151748457963537       -1.9999989411764716        2.9999994705882358     
         480           6   1.9999984117647074       -1.8924816865865015        1.9999995352810516     
         481           1   1.0000005882352951      -0.99999780605667277       -1.8924627569133643     
         482           2   1.9999995294117667       -2.7233550914385063E-006  -1.1075373607336974     
         483           3   1.8848248600859987       -2.4117647043908619E-006  -1.9999994117647049     
         484           4   1.0000017058823545      -0.10751654870762017       -1.9999995352810518     
         485           5   1.1151748457963537      -0.99999894117647159       -1.0000005294117642     
         486           6   1.9999984117647074      -0.89248168658650151       -2.0000004647189482     
         487           1   1.0000005882352951      -0.99999780605667277      -0.89246275691336441     
         488           2   1.9999995294117667       -2.7233550914385063E-006 -0.10753736073369746     
         489           3   1.8848248600859987       -2.4117647043908619E-006 -0.99999941176470486     
         490           4   1.0000017058823545      -0.10751654870762017      -0.99999953528105168     
         491           5   1.1151748457963537      -0.99999894117647159       -5.2941176420517877E-007
         492           6   1.9999984117647074      -0.89248168658650151       -1.0000004647189484     
         493           1   1.0000005882352951      -0.99999780605667277       0.10753724308663561     
         494           2   1.9999995294117667       -2.7233550914385063E-006  0.89246263926630254     
         495           3   1.8848248600859987       -2.4117647043908619E-006   5.8823529510000003E-007
         496           4   1.0000017058823545      -0.10751654870762017        4.6471894830000000E-007
         497           5   1.1151748457963537      -0.99999894117647159       0.99999947058823579     
         498           6   1.9999984117647074      -0.89248168658650151       -4.6471894840000002E-007
         499           1   1.0000005882352951      -0.99999780605667277        1.1075372430866357     
         500           2   1.9999995294117667       -2.7233550914385063E-006   1.8924626392663026     
         501           3   1.8848248600859987       -2.4117647043908619E-006   1.0000005882352951     
         502           4   1.0000017058823545      -0.10751654870762017        1.0000004647189482     
         503           5   1.1151748457963537      -0.99999894117647159        1.9999994705882358     
         504           6   1.9999984117647074      -0.89248168658650151       0.99999953528105157     
         505           1   1.0000005882352951      -0.99999780605667277        2.1075372430866355     
         506           2   1.9999995294117667       -2.7233550914385063E-006   2.8924626392663026     
         507           3   1.8848248600859987       -2.4117647043908619E-006   2.0000005882352951     
         508           4   1.0000017058823545      -0.10751654870762017        2.0000004647189482     
         509           5   1.1151748457963537      -0.99999894117647159        2.9999994705882358     
         510           6   1.9999984117647074      -0.89248168658650151        1.9999995352810516     
         511           1   1.0000005882352951        2.1939433272000002E-006  -1.8924627569133643     
         512           2   1.9999995294117667       0.99999727664490856       -1.1075373607336974     
         513           3   1.8848248600859987       0.99999758823529561       -1.9999994117647049     
         514           4   1.0000017058823545       0.89248345129237983       -1.9999995352810518     
         515           5   1.1151748457963537        1.0588235284000000E-006  -1.0000005294117642     
         516           6   1.9999984117647074       0.10751831341349850       -2.0000004647189482     
         517           1   1.0000005882352951        2.1939433272000002E-006 -0.89246275691336441     
         518           2   1.9999995294117667       0.99999727664490856      -0.10753736073369746     
         519           3   1.8848248600859987       0.99999758823529561      -0.99999941176470486     
         520           4   1.0000017058823545       0.89248345129237983      -0.99999953528105168     
         521           5   1.1151748457963537        1.0588235284000000E-006  -5.2941176420517877E-007
         522           6   1.9999984117647074       0.10751831341349850       -1.0000004647189484     
         523           1   1.0000005882352951        2.1939433272000002E-006  0.10753724308663561     
         524           2   1.9999995294117667       0.99999727664490856       0.89246263926630254     
         525           3   1.8848248600859987       0.99999758823529561        5.8823529510000003E-007
         526           4   1.0000017058823545       0.89248345129237983        4.6471894830000000E-007
         527           5   1.1151748457963537        1.0588235284000000E-006  0.99999947058823579     
         528           6   1.9999984117647074       0.10751831341349850       -4.6471894840000002E-007
         529           1   1.0000005882352951        2.1939433272000002E-006   1.1075372430866357     
         530           2   1.9999995294117667       0.99999727664490856        1.8924626392663026     
         531           3   1.8848248600859987       0.99999758823529561        1.0000005882352951     
         532           4   1.0000017058823545       0.89248345129237983        1.0000004647189482     
         533           5   1.1151748457963537        1.0588235284000000E-006   1.9999994705882358     
         534           6   1.9999984117647074       0.10751831341349850       0.99999953528105157     
         535           1   1.0000005882352951        2.1939433272000002E-006   2.1075372430866355     
         536           2   1.9999995294117667       0.99999727664490856        2.8924626392663026     
         537           3   1.8848248600859987       0.99999758823529561        2.0000005882352951     
         538           4   1.0000017058823545       0.89248345129237983        2.0000004647189482     
         539           5   1.1151748457963537        1.0588235284000000E-006   2.9999994705882358     
         540           6   1.9999984117647074       0.10751831341349850        1.9999995352810516     
         541           1   1.0000005882352951        1.0000021939433272       -1.8924627569133643     
         542           2   1.9999995294117667        1.9999972766449086       -1.1075373607336974     
         543           3   1.8848248600859987        1.9999975882352956       -1.9999994117647049     
         544           4   1.0000017058823545        1.8924834512923798       -1.9999995352810518     
         545           5   1.1151748457963537        1.0000010588235284       -1.0000005294117642     
         546           6   1.9999984117647074        1.1075183134134985       -2.0000004647189482     
         547           1   1.0000005882352951        1.0000021939433272      -0.89246275691336441     
         548           2   1.9999995294117667        1.9999972766449086      -0.10753736073369746     
         549           3   1.8848248600859987        1.9999975882352956      -0.99999941176470486     
         550           4   1.0000017058823545        1.8924834512923798      -0.99999953528105168     
         551           5   1.1151748457963537        1.0000010588235284       -5.2941176420517877E-007
         552           6   1.9999984117647074        1.1075183134134985       -1.0000004647189484     
         553           1   1.0000005882352951        1.0000021939433272       0.10753724308663561     
         554           2   1.9999995294117667        1.9999972766449086       0.89246263926630254     
         555           3   1.8848248600859987        1.9999975882352956        5.8823529510000003E-007
         556           4   1.0000017058823545        1.8924834512923798        4.6471894830000000E-007
         557           5   1.1151748457963537        1.0000010588235284       0.99999947058823579     
         558           6   1.9999984117647074        1.1075183134134985       -4.6471894840000002E-007
         559           1   1.0000005882352951        1.0000021939433272        1.1075372430866357     
         560           2   1.9999995294117667        1.9999972766449086        1.8924626392663026     
         561           3   1.8848248600859987        1.9999975882352956        1.0000005882352951     
         562           4   1.0000017058823545        1.8924834512923798        1.0000004647189482     
         563           5   1.1151748457963537        1.0000010588235284        1.9999994705882358     
         564           6   1.9999984117647074        1.1075183134134985       0.99999953528105157     
         565           1   1.0000005882352951        1.0000021939433272        2.1075372430866355     
         566           2   1.9999995294117667        1.9999972766449086        2.8924626392663026     
         567           3   1.8848248600859987        1.9999975882352956        2.0000005882352951     
         568           4   1.0000017058823545        1.8924834512923798        2.0000004647189482     
         569           5   1.1151748457963537        1.0000010588235284        2.9999994705882358     
         570           6   1.9999984117647074        1.1075183134134985        1.9999995352810516     
         571           1   1.0000005882352951        2.0000021939433270       -1.8924627569133643     
         572           2   1.9999995294117667        2.9999972766449083       -1.1075373607336974     
         573           3   1.8848248600859987        2.9999975882352956       -1.9999994117647049     
         574           4   1.0000017058823545        2.8924834512923798       -1.9999995352810518     
         575           5   1.1151748457963537        2.0000010588235284       -1.0000005294117642     
         576           6   1.9999984117647074        2.1075183134134985       -2.0000004647189482     
         577           1   1.0000005882352951        2.0000021939433270      -0.89246275691336441     
         578           2   1.9999995294117667        2.9999972766449083      -0.10753736073369746     
         579           3   1.8848248600859987        2.9999975882352956      -0.99999941176470486     
         580           4   1.0000017058823545        2.8924834512923798      -0.99999953528105168     
         581           5   1.1151748457963537        2.0000010588235284       -5.2941176420517877E-007
         582           6   1.9999984117647074        2.1075183134134985       -1.0000004647189484     
         583           1   1.0000005882352951        2.0000021939433270       0.10753724308663561     
         584           2   1.9999995294117667        2.9999972766449083       0.89246263926630254     
         585           3   1.8848248600859987        2.9999975882352956        5.8823529510000003E-007
         586           4   1.0000017058823545        2.8924834512923798        4.6471894830000000E-007
         587           5   1.1151748457963537        2.0000010588235284       0.99999947058823579     
         588           6   1.9999984117647074        2.1075183134134985       -4.6471894840000002E-007
         589           1   1.0000005882352951        2.0000021939433270        1.1075372430866357     
         590           2   1.9999995294117667        2.9999972766449083        1.8924626392663026     
         591           3   1.8848248600859987        2.9999975882352956        1.0000005882352951     
         592           4   1.0000017058823545        2.8924834512923798        1.0000004647189482     
         593           5   1.1151748457963537        2.0000010588235284        1.9999994705882358     
         594           6   1.9999984117647074        2.1075183134134985       0.99999953528105157     
         595           1   1.0000005882352951        2.0000021939433270        2.1075372430866355     
         596           2   1.9999995294117667        2.9999972766449083        2.8924626392663026     
         597           3   1.8848248600859987        2.9999975882352956        2.0000005882352951     
         598           4   1.0000017058823545        2.8924834512923798        2.0000004647189482     
         599           5   1.1151748457963537        2.0000010588235284        2.9999994705882358     
         600           6   1.9999984117647074        2.1075183134134985        1.9999995352810516     
         601           1   2.0000005882352951       -1.9999978060566728       -1.8924627569133643     
         602           2   2.9999995294117667       -1.0000027233550914       -1.1075373607336974     
         603           3   2.8848248600859989       -1.0000024117647044       -1.9999994117647049     
         604           4   2.0000017058823545       -1.1075165487076202       -1.9999995352810518     
         605           5   2.1151748457963540       -1.9999989411764716       -1.0000005294117642     
         606           6   2.9999984117647074       -1.8924816865865015       -2.0000004647189482     
         607           1   2.0000005882352951       -1.9999978060566728      -0.89246275691336441     
         608           2   2.9999995294117667       -1.0000027233550914      -0.10753736073369746     
         609           3   2.8848248600859989       -1.0000024117647044      -0.99999941176470486     
         610           4   2.0000017058823545       -1.1075165487076202      -0.99999953528105168     
         611           5   2.1151748457963540       -1.9999989411764716       -5.2941176420517877E-007
         612           6   2.9999984117647074       -1.8924816865865015       -1.0000004647189484     
         613           1   2.0000005882352951       -1.9999978060566728       0.10753724308663561     
         614           2   2.9999995294117667       -1.0000027233550914       0.89246263926630254     
         615           3   2.8848248600859989       -1.0000024117647044        5.8823529510000003E-007
         616           4   2.0000017058823545       -1.1075165487076202        4.6471894830000000E-007
         617           5   2.1151748457963540       -1.9999989411764716       0.99999947058823579     
         618           6   2.9999984117647074       -1.8924816865865015       -4.6471894840000002E-007
         619           1   2.0000005882352951       -1.9999978060566728        1.1075372430866357     
         620           2   2.9999995294117667       -1.0000027233550914        1.8924626392663026     
         621           3   2.8848248600859989       -1.0000024117647044        1.0000005882352951     
         622           4   2.0000017058823545       -1.1075165487076202        1.0000004647189482     
         623           5   2.1151748457963540       -1.9999989411764716        1.9999994705882358     
         624           6   2.9999984117647074       -1.8924816865865015       0.99999953528105157     
         625           1   2.0000005882352951       -1.9999978060566728        2.1075372430866355     
         626           2   2.9999995294117667       -1.0000027233550914        2.8924626392663026     
         627           3   2.8848248600859989       -1.0000024117647044        2.0000005882352951     
         628           4   2.0000017058823545       -1.1075165487076202        2.0000004647189482     
         629           5   2.1151748457963540       -1.9999989411764716        2.9999994705882358     
         630           6   2.9999984117647074       -1.8924816865865015        1.9999995352810516     
         631           1   2.0000005882352951      -0.99999780605667277       -1.8924627569133643     
         632           2   2.9999995294117667       -2.7233550914385063E-006  -1.1075373607336974     
         633           3   2.8848248600859989       -2.4117647043908619E-006  -1.9999994117647049     
         634           4   2.0000017058823545      -0.10751654870762017       -1.9999995352810518     
         635           5   2.1151748457963540      -0.99999894117647159       -1.0000005294117642     
         636           6   2.9999984117647074      -0.89248168658650151       -2.0000004647189482     
         637           1   2.0000005882352951      -0.99999780605667277      -0.89246275691336441     
         638           2   2.9999995294117667       -2.7233550914385063E-006 -0.10753736073369746     
         639           3   2.8848248600859989       -2.4117647043908619E-006 -0.99999941176470486     
         640           4   2.0000017058823545      -0.10751654870762017      -0.99999953528105168     
         641           5   2.1151748457963540      -0.99999894117647159       -5.2941176420517877E-007
         642           6   2.9999984117647074      -0.89248168658650151       -1.0000004647189484     
         643           1   2.0000005882352951      -0.99999780605667277       0.10753724308663561     
         644           2   2.9999995294117667       -2.7233550914385063E-006  0.89246263926630254     
         645           3   2.8848248600859989       -2.4117647043908619E-006   5.8823529510000003E-007
         646           4   2.0000017058823545      -0.10751654870762017        4.6471894830000000E-007
         647           5   2.1151748457963540      -0.99999894117647159       0.99999947058823579     
         648           6   2.9999984117647074      -0.89248168658650151       -4.6471894840000002E-007
         649           1   2.0000005882352951      -0.99999780605667277        1.1075372430866357     
         650           2   2.9999995294117667       -2.7233550914385063E-006   1.8924626392663026     
         651           3   2.8848248600859989       -2.4117647043908619E-006   1.0000005882352951     
         652           4   2.0000017058823545      -0.10751654870762017        1.0000004647189482     
         653           5   2.1151748457963540      -0.99999894117647159        1.9999994705882358     
         654           6   2.9999984117647074      -0.89248168658650151       0.99999953528105157     
         655           1   2.0000005882352951      -0.99999780605667277        2.1075372430866355     
         656           2   2.9999995294117667       -2.7233550914385063E-006   2.8924626392663026     
         657           3   2.8848248600859989       -2.4117647043908619E-006   2.0000005882352951     
         658           4   2.0000017058823545      -0.10751654870762017        2.0000004647189482     
         659           5   2.1151748457963540      -0.99999894117647159        2.9999994705882358     
         660           6   2.9999984117647074      -0.89248168658650151        1.9999995352810516     
         661           1   2.0000005882352951        2.1939433272000002E-006  -1.8924627569133643     
         662           2   2.9999995294117667       0.99999727664490856       -1.1075373607336974     
         663           3   2.8848248600859989       0.99999758823529561       -1.9999994117647049     
         664           4   2.0000017058823545       0.89248345129237983       -1.9999995352810518     
         665           5   2.1151748457963540        1.0588235284000000E-006  -1.0000005294117642     
         666           6   2.9999984117647074       0.10751831341349850       -2.0000004647189482     
         667           1   2.0000005882352951        2.1939433272000002E-006 -0.89246275691336441     
         668           2   2.9999995294117667       0.99999727664490856      -0.10753736073369746     
         669           3   2.8848248600859989       0.99999758823529561      -0.99999941176470486     
         670           4   2.0000017058823545       0.89248345129237983      -0.99999953528105168     
         671           5   2.1151748457963540        1.0588235284000000E-006  -5.2941176420517877E-007
         672           6   2.9999984117647074       0.10751831341349850       -1.0000004647189484     
         673           1   2.0000005882352951        2.1939433272000002E-006  0.10753724308663561     
         674           2   2.9999995294117667       0.99999727664490856       0.89246263926630254     
         675           3   2.8848248600859989       0.99999758823529561        5.8823529510000003E-007
         676           4   2.0000017058823545       0.89248345129237983        4.6471894830000000E-007
         677           5   2.1151748457963540        1.0588235284000000E-006  0.99999947058823579     
         678           6   2.9999984117647074       0.10751831341349850       -4.6471894840000002E-007
         679           1   2.0000005882352951        2.1939433272000002E-006   1.1075372430866357     
         680           2   2.9999995294117667       0.99999727664490856        1.8924626392663026     
         681           3   2.8848248600859989       0.99999758823529561        1.0000005882352951     
         682           4   2.0000017058823545       0.89248345129237983        1.0000004647189482     
         683           5   2.1151748457963540        1.0588235284000000E-006   1.9999994705882358     
         684           6   2.9999984117647074       0.10751831341349850       0.99999953528105157     
         685           1   2.0000005882352951        2.1939433272000002E-006   2.1075372430866355     
         686           2   2.9999995294117667       0.99999727664490856        2.8924626392663026     
         687           3   2.8848248600859989       0.99999758823529561        2.0000005882352951     
         688           4   2.0000017058823545       0.89248345129237983        2.0000004647189482     
         689           5   2.1151748457963540        1.0588235284000000E-006   2.9999994705882358     
         690           6   2.9999984117647074       0.10751831341349850        1.9999995352810516     
         691           1   2.0000005882352951        1.0000021939433272       -1.8924627569133643     
         692           2   2.9999995294117667        1.9999972766449086       -1.1075373607336974     
         693           3   2.8848248600859989        1.9999975882352956       -1.9999994117647049     
         694           4   2.0000017058823545        1.8924834512923798       -1.9999995352810518     
         695           5   2.1151748457963540        1.0000010588235284       -1.0000005294117642     
         696           6   2.9999984117647074        1.1075183134134985       -2.0000004647189482     
         697           1   2.0000005882352951        1.0000021939433272      -0.89246275691336441     
         698           2   2.9999995294117667        1.9999972766449086      -0.10753736073369746     
         699           3   2.8848248600859989        1.9999975882352956      -0.99999941176470486     
         700           4   2.0000017058823545        1.8924834512923798      -0.99999953528105168     
         701           5   2.1151748457963540        1.0000010588235284       -5.2941176420517877E-007
         702           6   2.9999984117647074        1.1075183134134985       -1.0000004647189484     
         703           1   2.0000005882352951        1.0000021939433272       0.10753724308663561     
         704           2   2.9999995294117667        1.9999972766449086       0.89246263926630254     
         705           3   2.8848248600859989        1.9999975882352956        5.8823529510000003E-007
         706           4   2.0000017058823545        1.8924834512923798        4.6471894830000000E-007
         707           5   2.1151748457963540        1.0000010588235284       0.99999947058823579     
         708           6   2.9999984117647074        1.1075183134134985       -4.6471894840000002E-007
         709           1   2.0000005882352951        1.0000021939433272        1.1075372430866357     
         710           2   2.9999995294117667        1.9999972766449086        1.8924626392663026     
         711           3   2.8848248600859989        1.9999975882352956        1.0000005882352951     
         712           4   2.0000017058823545        1.8924834512923798        1.0000004647189482     
         713           5   2.1151748457963540        1.0000010588235284        1.9999994705882358     
         714           6   2.9999984117647074        1.1075183134134985       0.99999953528105157     
         715           1   2.0000005882352951        1.0000021939433272        2.1075372430866355     
         716           2   2.9999995294117667        1.9999972766449086        2.8924626392663026     
         717           3   2.8848248600859989        1.9999975882352956        2.0000005882352951     
         718           4   2.0000017058823545        1.8924834512923798        2.0000004647189482     
         719           5   2.1151748457963540        1.0000010588235284        2.9999994705882358     
         720           6   2.9999984117647074        1.1075183134134985        1.9999995352810516     
         721           1   2.0000005882352951        2.0000021939433270       -1.8924627569133643     
         722           2   2.9999995294117667        2.9999972766449083       -1.1075373607336974     
         723           3   2.8848248600859989        2.9999975882352956       -1.9999994117647049     
         724           4   2.0000017058823545        2.8924834512923798       -1.9999995352810518     
         725           5   2.1151748457963540        2.0000010588235284       -1.0000005294117642     
         726           6   2.9999984117647074        2.1075183134134985       -2.0000004647189482     
         727           1   2.0000005882352951        2.0000021939433270      -0.89246275691336441     
         728           2   2.9999995294117667        2.9999972766449083      -0.10753736073369746     
         729           3   2.8848248600859989        2.9999975882352956      -0.99999941176470486     
         730           4   2.0000017058823545        2.8924834512923798      -0.99999953528105168     
         731           5   2.1151748457963540        2.0000010588235284       -5.2941176420517877E-007
         732           6   2.9999984117647074        2.1075183134134985       -1.0000004647189484     
         733           1   2.0000005882352951        2.0000021939433270       0.10753724308663561     
         734           2   2.9999995294117667        2.9999972766449083       0.89246263926630254     
         735           3   2.8848248600859989        2.9999975882352956        5.8823529510000003E-007
         736           4   2.0000017058823545        2.8924834512923798        4.6471894830000000E-007
         737           5   2.1151748457963540        2.0000010588235284       0.99999947058823579     
         738           6   2.9999984117647074        2.1075183134134985       -4.6471894840000002E-007
         739           1   2.0000005882352951        2.0000021939433270        1.1075372430866357     
         740           2   2.9999995294117667        2.9999972766449083        1.8924626392663026     
         741           3   2.8848248600859989        2.9999975882352956        1.0000005882352951     
         742           4   2.0000017058823545        2.8924834512923798        1.0000004647189482     
         743           5   2.1151748457963540        2.0000010588235284        1.9999994705882358     
         744           6   2.9999984117647074        2.1075183134134985       0.99999953528105157     
         745           1   2.0000005882352951        2.0000021939433270        2.1075372430866355     
         746           2   2.9999995294117667        2.9999972766449083        2.8924626392663026     
         747           3   2.8848248600859989        2.9999975882352956        2.0000005882352951     
         748           4   2.0000017058823545        2.8924834512923798        2.0000004647189482     
         749           5   2.1151748457963540        2.0000010588235284        2.9999994705882358     
         750           6   2.9999984117647074        2.1075183134134985        1.9999995352810516     
         750
   1.0000000016700001E-005   3.7297036562400004E-005   1.8281331324728054     
   16.999992000000034        16.999953702963445        15.171864867527143     
   15.042022621461978        16.999959000000025        1.0000000016700001E-005
   2.9000000026499999E-005   15.172218671970457        7.9002221211000001E-006
   1.9579723785380145        1.7999999982800000E-005   16.999991000000009     
   16.999973000000026        1.8278113280294745       -7.9002221228000004E-006
  -33.999989999999983       -33.999962702963437       -32.171866867527193     
  -17.000007999999966       -17.000046297036555       -18.828135132472855     
  -18.957977378538022       -17.000040999999975       -33.999989999999983     
  -33.999970999999974       -18.827781328029545       -33.999992099777877     
  -32.042027621461983       -33.999982000000017       -17.000008999999991     
  -17.000026999999974       -32.172188671970524       -34.000007900222123     
  -33.999989999999983       -33.999962702963437       -15.171866867527195     
  -17.000007999999966       -17.000046297036555       -1.8281351324728567     
  -18.957977378538022       -17.000040999999975       -16.999989999999983     
  -33.999970999999974       -18.827781328029545       -16.999992099777877     
  -32.042027621461983       -33.999982000000017       -8.9999999914880391E-006
  -17.000026999999974       -32.172188671970524       -17.000007900222123     
  -33.999989999999983       -33.999962702963437        1.8281331324728054     
  -17.000007999999966       -17.000046297036555        15.171864867527143     
  -18.957977378538022       -17.000040999999975        1.0000000016700001E-005
  -33.999970999999974       -18.827781328029545        7.9002221211000001E-006
  -32.042027621461983       -33.999982000000017        16.999991000000009     
  -17.000026999999974       -32.172188671970524       -7.9002221228000004E-006
  -33.999989999999983       -33.999962702963437        18.828133132472807     
  -17.000007999999966       -17.000046297036555        32.171864867527148     
  -18.957977378538022       -17.000040999999975        17.000010000000017     
  -33.999970999999974       -18.827781328029545        17.000007900222119     
  -32.042027621461983       -33.999982000000017        33.999991000000009     
  -17.000026999999974       -32.172188671970524        16.999992099777877     
  -33.999989999999983       -33.999962702963437        35.828133132472800     
  -17.000007999999966       -17.000046297036555        49.171864867527148     
  -18.957977378538022       -17.000040999999975        34.000010000000017     
  -33.999970999999974       -18.827781328029545        34.000007900222123     
  -32.042027621461983       -33.999982000000017        50.999991000000009     
  -17.000026999999974       -32.172188671970524        33.999992099777877     
  -33.999989999999983       -16.999962702963437       -32.171866867527193     
  -17.000007999999966       -4.6297036554454607E-005  -18.828135132472855     
  -18.957977378538022       -4.0999999974644652E-005  -33.999989999999983     
  -33.999970999999974       -1.8277813280295430       -33.999992099777877     
  -32.042027621461983       -16.999982000000017       -17.000008999999991     
  -17.000026999999974       -15.172188671970526       -34.000007900222123     
  -33.999989999999983       -16.999962702963437       -15.171866867527195     
  -17.000007999999966       -4.6297036554454607E-005  -1.8281351324728567     
  -18.957977378538022       -4.0999999974644652E-005  -16.999989999999983     
  -33.999970999999974       -1.8277813280295430       -16.999992099777877     
  -32.042027621461983       -16.999982000000017       -8.9999999914880391E-006
  -17.000026999999974       -15.172188671970526       -17.000007900222123     
  -33.999989999999983       -16.999962702963437        1.8281331324728054     
  -17.000007999999966       -4.6297036554454607E-005   15.171864867527143     
  -18.957977378538022       -4.0999999974644652E-005   1.0000000016700001E-005
  -33.999970999999974       -1.8277813280295430        7.9002221211000001E-006
  -32.042027621461983       -16.999982000000017        16.999991000000009     
  -17.000026999999974       -15.172188671970526       -7.9002221228000004E-006
  -33.999989999999983       -16.999962702963437        18.828133132472807     
  -17.000007999999966       -4.6297036554454607E-005   32.171864867527148     
  -18.957977378538022       -4.0999999974644652E-005   17.000010000000017     
  -33.999970999999974       -1.8277813280295430        17.000007900222119     
  -32.042027621461983       -16.999982000000017        33.999991000000009     
  -17.000026999999974       -15.172188671970526        16.999992099777877     
  -33.999989999999983       -16.999962702963437        35.828133132472800     
  -17.000007999999966       -4.6297036554454607E-005   49.171864867527148     
  -18.957977378538022       -4.0999999974644652E-005   34.000010000000017     
  -33.999970999999974       -1.8277813280295430        34.000007900222123     
  -32.042027621461983       -16.999982000000017        50.999991000000009     
  -17.000026999999974       -15.172188671970526        33.999992099777877     
  -33.999989999999983        3.7297036562400004E-005  -32.171866867527193     
  -17.000007999999966        16.999953702963445       -18.828135132472855     
  -18.957977378538022        16.999959000000025       -33.999989999999983     
  -33.999970999999974        15.172218671970457       -33.999992099777877     
  -32.042027621461983        1.7999999982800000E-005  -17.000008999999991     
  -17.000026999999974        1.8278113280294745       -34.000007900222123     
  -33.999989999999983        3.7297036562400004E-005  -15.171866867527195     
  -17.000007999999966        16.999953702963445       -1.8281351324728567     
  -18.957977378538022        16.999959000000025       -16.999989999999983     
  -33.999970999999974        15.172218671970457       -16.999992099777877     
  -32.042027621461983        1.7999999982800000E-005  -8.9999999914880391E-006
  -17.000026999999974        1.8278113280294745       -17.000007900222123     
  -33.999989999999983        3.7297036562400004E-005   1.8281331324728054     
  -17.000007999999966        16.999953702963445        15.171864867527143     
  -18.957977378538022        16.999959000000025        1.0000000016700001E-005
  -33.999970999999974        15.172218671970457        7.9002221211000001E-006
  -32.042027621461983        1.7999999982800000E-005   16.999991000000009     
  -17.000026999999974        1.8278113280294745       -7.9002221228000004E-006
  -33.999989999999983        3.7297036562400004E-005   18.828133132472807     
  -17.000007999999966        16.999953702963445        32.171864867527148     
  -18.957977378538022        16.999959000000025        17.000010000000017     
  -33.999970999999974        15.172218671970457        17.000007900222119     
  -32.042027621461983        1.7999999982800000E-005   33.999991000000009     
  -17.000026999999974        1.8278113280294745        16.999992099777877     
  -33.999989999999983        3.7297036562400004E-005   35.828133132472800     
  -17.000007999999966        16.999953702963445        49.171864867527148     
  -18.957977378538022        16.999959000000025        34.000010000000017     
  -33.999970999999974        15.172218671970457        34.000007900222123     
  -32.042027621461983        1.7999999982800000E-005   50.999991000000009     
  -17.000026999999974        1.8278113280294745        33.999992099777877     
  -33.999989999999983        17.000037297036563       -32.171866867527193     
  -17.000007999999966        33.999953702963445       -18.828135132472855     
  -18.957977378538022        33.999959000000025       -33.999989999999983     
  -33.999970999999974        32.172218671970455       -33.999992099777877     
  -32.042027621461983        17.000017999999983       -17.000008999999991     
  -17.000026999999974        18.827811328029476       -34.000007900222123     
  -33.999989999999983        17.000037297036563       -15.171866867527195     
  -17.000007999999966        33.999953702963445       -1.8281351324728567     
  -18.957977378538022        33.999959000000025       -16.999989999999983     
  -33.999970999999974        32.172218671970455       -16.999992099777877     
  -32.042027621461983        17.000017999999983       -8.9999999914880391E-006
  -17.000026999999974        18.827811328029476       -17.000007900222123     
  -33.999989999999983        17.000037297036563        1.8281331324728054     
  -17.000007999999966        33.999953702963445        15.171864867527143     
  -18.957977378538022        33.999959000000025        1.0000000016700001E-005
  -33.999970999999974        32.172218671970455        7.9002221211000001E-006
  -32.042027621461983        17.000017999999983        16.999991000000009     
  -17.000026999999974        18.827811328029476       -7.9002221228000004E-006
  -33.999989999999983        17.000037297036563        18.828133132472807     
  -17.000007999999966        33.999953702963445        32.171864867527148     
  -18.957977378538022        33.999959000000025        17.000010000000017     
  -33.999970999999974        32.172218671970455        17.000007900222119     
  -32.042027621461983        17.000017999999983        33.999991000000009     
  -17.000026999999974        18.827811328029476        16.999992099777877     
  -33.999989999999983        17.000037297036563        35.828133132472800     
  -17.000007999999966        33.999953702963445        49.171864867527148     
  -18.957977378538022        33.999959000000025        34.000010000000017     
  -33.999970999999974        32.172218671970455        34.000007900222123     
  -32.042027621461983        17.000017999999983        50.999991000000009     
  -17.000026999999974        18.827811328029476        33.999992099777877     
  -33.999989999999983        34.000037297036556       -32.171866867527193     
  -17.000007999999966        50.999953702963438       -18.828135132472855     
  -18.957977378538022        50.999959000000025       -33.999989999999983     
  -33.999970999999974        49.172218671970455       -33.999992099777877     
  -32.042027621461983        34.000017999999983       -17.000008999999991     
  -17.000026999999974        35.827811328029476       -34.000007900222123     
  -33.999989999999983        34.000037297036556       -15.171866867527195     
  -17.000007999999966        50.999953702963438       -1.8281351324728567     
  -18.957977378538022        50.999959000000025       -16.999989999999983     
  -33.999970999999974        49.172218671970455       -16.999992099777877     
  -32.042027621461983        34.000017999999983       -8.9999999914880391E-006
  -17.000026999999974        35.827811328029476       -17.000007900222123     
  -33.999989999999983        34.000037297036556        1.8281331324728054     
  -17.000007999999966        50.999953702963438        15.171864867527143     
  -18.957977378538022        50.999959000000025        1.0000000016700001E-005
  -33.999970999999974        49.172218671970455        7.9002221211000001E-006
  -32.042027621461983        34.000017999999983        16.999991000000009     
  -17.000026999999974        35.827811328029476       -7.9002221228000004E-006
  -33.999989999999983        34.000037297036556        18.828133132472807     
  -17.000007999999966        50.999953702963438        32.171864867527148     
  -18.957977378538022        50.999959000000025        17.000010000000017     
  -33.999970999999974        49.172218671970455        17.000007900222119     
  -32.042027621461983        34.000017999999983        33.999991000000009     
  -17.000026999999974        35.827811328029476        16.999992099777877     
  -33.999989999999983        34.000037297036556        35.828133132472800     
  -17.000007999999966        50.999953702963438        49.171864867527148     
  -18.957977378538022        50.999959000000025        34.000010000000017     
  -33.999970999999974        49.172218671970455        34.000007900222123     
  -32.042027621461983        34.000017999999983        50.999991000000009     
  -17.000026999999974        35.827811328029476        33.999992099777877     
  -16.999989999999983       -33.999962702963437       -32.171866867527193     
  -7.9999999655910869E-006  -17.000046297036555       -18.828135132472855     
  -1.9579773785380221       -17.000040999999975       -33.999989999999983     
  -16.999970999999974       -18.827781328029545       -33.999992099777877     
  -15.042027621461985       -33.999982000000017       -17.000008999999991     
  -2.6999999974464117E-005  -32.172188671970524       -34.000007900222123     
  -16.999989999999983       -33.999962702963437       -15.171866867527195     
  -7.9999999655910869E-006  -17.000046297036555       -1.8281351324728567     
  -1.9579773785380221       -17.000040999999975       -16.999989999999983     
  -16.999970999999974       -18.827781328029545       -16.999992099777877     
  -15.042027621461985       -33.999982000000017       -8.9999999914880391E-006
  -2.6999999974464117E-005  -32.172188671970524       -17.000007900222123     
  -16.999989999999983       -33.999962702963437        1.8281331324728054     
  -7.9999999655910869E-006  -17.000046297036555        15.171864867527143     
  -1.9579773785380221       -17.000040999999975        1.0000000016700001E-005
  -16.999970999999974       -18.827781328029545        7.9002221211000001E-006
  -15.042027621461985       -33.999982000000017        16.999991000000009     
  -2.6999999974464117E-005  -32.172188671970524       -7.9002221228000004E-006
  -16.999989999999983       -33.999962702963437        18.828133132472807     
  -7.9999999655910869E-006  -17.000046297036555        32.171864867527148     
  -1.9579773785380221       -17.000040999999975        17.000010000000017     
  -16.999970999999974       -18.827781328029545        17.000007900222119     
  -15.042027621461985       -33.999982000000017        33.999991000000009     
  -2.6999999974464117E-005  -32.172188671970524        16.999992099777877     
  -16.999989999999983       -33.999962702963437        35.828133132472800     
  -7.9999999655910869E-006  -17.000046297036555        49.171864867527148     
  -1.9579773785380221       -17.000040999999975        34.000010000000017     
  -16.999970999999974       -18.827781328029545        34.000007900222123     
  -15.042027621461985       -33.999982000000017        50.999991000000009     
  -2.6999999974464117E-005  -32.172188671970524        33.999992099777877     
  -16.999989999999983       -16.999962702963437       -32.171866867527193     
  -7.9999999655910869E-006  -4.6297036554454607E-005  -18.828135132472855     
  -1.9579773785380221       -4.0999999974644652E-005  -33.999989999999983     
  -16.999970999999974       -1.8277813280295430       -33.999992099777877     
  -15.042027621461985       -16.999982000000017       -17.000008999999991     
  -2.6999999974464117E-005  -15.172188671970526       -34.000007900222123     
  -16.999989999999983       -16.999962702963437       -15.171866867527195     
  -7.9999999655910869E-006  -4.6297036554454607E-005  -1.8281351324728567     
  -1.9579773785380221       -4.0999999974644652E-005  -16.999989999999983     
  -16.999970999999974       -1.8277813280295430       -16.999992099777877     
  -15.042027621461985       -16.999982000000017       -8.9999999914880391E-006
  -2.6999999974464117E-005  -15.172188671970526       -17.000007900222123     
  -16.999989999999983       -16.999962702963437        1.8281331324728054     
  -7.9999999655910869E-006  -4.6297036554454607E-005   15.171864867527143     
  -1.9579773785380221       -4.0999999974644652E-005   1.0000000016700001E-005
  -16.999970999999974       -1.8277813280295430        7.9002221211000001E-006
  -15.042027621461985       -16.999982000000017        16.999991000000009     
  -2.6999999974464117E-005  -15.172188671970526       -7.9002221228000004E-006
  -16.999989999999983       -16.999962702963437        18.828133132472807     
  -7.9999999655910869E-006  -4.6297036554454607E-005   32.171864867527148     
  -1.9579773785380221       -4.0999999974644652E-005   17.000010000000017     
  -16.999970999999974       -1.8277813280295430        17.000007900222119     
  -15.042027621461985       -16.999982000000017        33.999991000000009     
  -2.6999999974464117E-005  -15.172188671970526        16.999992099777877     
  -16.999989999999983       -16.999962702963437        35.828133132472800     
  -7.9999999655910869E-006  -4.6297036554454607E-005   49.171864867527148     
  -1.9579773785380221       -4.0999999974644652E-005   34.000010000000017     
  -16.999970999999974       -1.8277813280295430        34.000007900222123     
  -15.042027621461985       -16.999982000000017        50.999991000000009     
  -2.6999999974464117E-005  -15.172188671970526        33.999992099777877     
  -16.999989999999983        3.7297036562400004E-005  -32.171866867527193     
  -7.9999999655910869E-006   16.999953702963445       -18.828135132472855     
  -1.9579773785380221        16.999959000000025       -33.999989999999983     
  -16.999970999999974        15.172218671970457       -33.999992099777877     
  -15.042027621461985        1.7999999982800000E-005  -17.000008999999991     
  -2.6999999974464117E-005   1.8278113280294745       -34.000007900222123     
  -16.999989999999983        3.7297036562400004E-005  -15.171866867527195     
  -7.9999999655910869E-006   16.999953702963445       -1.8281351324728567     
  -1.9579773785380221        16.999959000000025       -16.999989999999983     
  -16.999970999999974        15.172218671970457       -16.999992099777877     
  -15.042027621461985        1.7999999982800000E-005  -8.9999999914880391E-006
  -2.6999999974464117E-005   1.8278113280294745       -17.000007900222123     
  -16.999989999999983        3.7297036562400004E-005   1.8281331324728054     
  -7.9999999655910869E-006   16.999953702963445        15.171864867527143     
  -1.9579773785380221        16.999959000000025        1.0000000016700001E-005
  -16.999970999999974        15.172218671970457        7.9002221211000001E-006
  -15.042027621461985        1.7999999982800000E-005   16.999991000000009     
  -2.6999999974464117E-005   1.8278113280294745       -7.9002221228000004E-006
  -16.999989999999983        3.7297036562400004E-005   18.828133132472807     
  -7.9999999655910869E-006   16.999953702963445        32.171864867527148     
  -1.9579773785380221        16.999959000000025        17.000010000000017     
  -16.999970999999974        15.172218671970457        17.000007900222119     
  -15.042027621461985        1.7999999982800000E-005   33.999991000000009     
  -2.6999999974464117E-005   1.8278113280294745        16.999992099777877     
  -16.999989999999983        3.7297036562400004E-005   35.828133132472800     
  -7.9999999655910869E-006   16.999953702963445        49.171864867527148     
  -1.9579773785380221        16.999959000000025        34.000010000000017     
  -16.999970999999974        15.172218671970457        34.000007900222123     
  -15.042027621461985        1.7999999982800000E-005   50.999991000000009     
  -2.6999999974464117E-005   1.8278113280294745        33.999992099777877     
  -16.999989999999983        17.000037297036563       -32.171866867527193     
  -7.9999999655910869E-006   33.999953702963445       -18.828135132472855     
  -1.9579773785380221        33.999959000000025       -33.999989999999983     
  -16.999970999999974        32.172218671970455       -33.999992099777877     
  -15.042027621461985        17.000017999999983       -17.000008999999991     
  -2.6999999974464117E-005   18.827811328029476       -34.000007900222123     
  -16.999989999999983        17.000037297036563       -15.171866867527195     
  -7.9999999655910869E-006   33.999953702963445       -1.8281351324728567     
  -1.9579773785380221        33.999959000000025       -16.999989999999983     
  -16.999970999999974        32.172218671970455       -16.999992099777877     
  -15.042027621461985        17.000017999999983       -8.9999999914880391E-006
  -2.6999999974464117E-005   18.827811328029476       -17.000007900222123     
  -16.999989999999983        17.000037297036563        1.8281331324728054     
  -7.9999999655910869E-006   33.999953702963445        15.171864867527143     
  -1.9579773785380221        33.999959000000025        1.0000000016700001E-005
  -16.999970999999974        32.172218671970455        7.9002221211000001E-006
  -15.042027621461985        17.000017999999983        16.999991000000009     
  -2.6999999974464117E-005   18.827811328029476       -7.9002221228000004E-006
  -16.999989999999983        17.000037297036563        18.828133132472807     
  -7.9999999655910869E-006   33.999953702963445        32.171864867527148     
  -1.9579773785380221        33.999959000000025        17.000010000000017     
  -16.999970999999974        32.172218671970455        17.000007900222119     
  -15.042027621461985        17.000017999999983        33.999991000000009     
  -2.6999999974464117E-005   18.827811328029476        16.999992099777877     
  -16.999989999999983        17.000037297036563        35.828133132472800     
  -7.9999999655910869E-006   33.999953702963445        49.171864867527148     
  -1.9579773785380221        33.999959000000025        34.000010000000017     
  -16.999970999999974        32.172218671970455        34.000007900222123     
  -15.042027621461985        17.000017999999983        50.999991000000009     
  -2.6999999974464117E-005   18.827811328029476        33.999992099777877     
  -16.999989999999983        34.000037297036556       -32.171866867527193     
  -7.9999999655910869E-006   50.999953702963438       -18.828135132472855     
  -1.9579773785380221        50.999959000000025       -33.999989999999983     
  -16.999970999999974        49.172218671970455       -33.999992099777877     
  -15.042027621461985        34.000017999999983       -17.000008999999991     
  -2.6999999974464117E-005   35.827811328029476       -34.000007900222123     
  -16.999989999999983        34.000037297036556       -15.171866867527195     
  -7.9999999655910869E-006   50.999953702963438       -1.8281351324728567     
  -1.9579773785380221        50.999959000000025       -16.999989999999983     
  -16.999970999999974        49.172218671970455       -16.999992099777877     
  -15.042027621461985        34.000017999999983       -8.9999999914880391E-006
  -2.6999999974464117E-005   35.827811328029476       -17.000007900222123     
  -16.999989999999983        34.000037297036556        1.8281331324728054     
  -7.9999999655910869E-006   50.999953702963438        15.171864867527143     
  -1.9579773785380221        50.999959000000025        1.0000000016700001E-005
  -16.999970999999974        49.172218671970455        7.9002221211000001E-006
  -15.042027621461985        34.000017999999983        16.999991000000009     
  -2.6999999974464117E-005   35.827811328029476       -7.9002221228000004E-006
  -16.999989999999983        34.000037297036556        18.828133132472807     
  -7.9999999655910869E-006   50.999953702963438        32.171864867527148     
  -1.9579773785380221        50.999959000000025        17.000010000000017     
  -16.999970999999974        49.172218671970455        17.000007900222119     
  -15.042027621461985        34.000017999999983        33.999991000000009     
  -2.6999999974464117E-005   35.827811328029476        16.999992099777877     
  -16.999989999999983        34.000037297036556        35.828133132472800     
  -7.9999999655910869E-006   50.999953702963438        49.171864867527148     
  -1.9579773785380221        50.999959000000025        34.000010000000017     
  -16.999970999999974        49.172218671970455        34.000007900222123     
  -15.042027621461985        34.000017999999983        50.999991000000009     
  -2.6999999974464117E-005   35.827811328029476        33.999992099777877     
   1.0000000016700001E-005  -33.999962702963437       -32.171866867527193     
   16.999992000000034       -17.000046297036555       -18.828135132472855     
   15.042022621461978       -17.000040999999975       -33.999989999999983     
   2.9000000026499999E-005  -18.827781328029545       -33.999992099777877     
   1.9579723785380145       -33.999982000000017       -17.000008999999991     
   16.999973000000026       -32.172188671970524       -34.000007900222123     
   1.0000000016700001E-005  -33.999962702963437       -15.171866867527195     
   16.999992000000034       -17.000046297036555       -1.8281351324728567     
   15.042022621461978       -17.000040999999975       -16.999989999999983     
   2.9000000026499999E-005  -18.827781328029545       -16.999992099777877     
   1.9579723785380145       -33.999982000000017       -8.9999999914880391E-006
   16.999973000000026       -32.172188671970524       -17.000007900222123     
   1.0000000016700001E-005  -33.999962702963437        1.8281331324728054     
   16.999992000000034       -17.000046297036555        15.171864867527143     
   15.042022621461978       -17.000040999999975        1.0000000016700001E-005
   2.9000000026499999E-005  -18.827781328029545        7.9002221211000001E-006
   1.9579723785380145       -33.999982000000017        16.999991000000009     
   16.999973000000026       -32.172188671970524       -7.9002221228000004E-006
   1.0000000016700001E-005  -33.999962702963437        18.828133132472807     
   16.999992000000034       -17.000046297036555        32.171864867527148     
   15.042022621461978       -17.000040999999975        17.000010000000017     
   2.9000000026499999E-005  -18.827781328029545        17.000007900222119     
   1.9579723785380145       -33.999982000000017        33.999991000000009     
   16.999973000000026       -32.172188671970524        16.999992099777877     
   1.0000000016700001E-005  -33.999962702963437        35.828133132472800     
   16.999992000000034       -17.000046297036555        49.171864867527148     
   15.042022621461978       -17.000040999999975        34.000010000000017     
   2.9000000026499999E-005  -18.827781328029545        34.000007900222123     
   1.9579723785380145       -33.999982000000017        50.999991000000009     
   16.999973000000026       -32.172188671970524        33.999992099777877     
   1.0000000016700001E-005  -16.999962702963437       -32.171866867527193     
   16.999992000000034       -4.6297036554454607E-005  -18.828135132472855     
   15.042022621461978       -4.0999999974644652E-005  -33.999989999999983     
   2.9000000026499999E-005  -1.8277813280295430       -33.999992099777877     
   1.9579723785380145       -16.999982000000017       -17.000008999999991     
   16.999973000000026       -15.172188671970526       -34.000007900222123     
   1.0000000016700001E-005  -16.999962702963437       -15.171866867527195     
   16.999992000000034       -4.6297036554454607E-005  -1.8281351324728567     
   15.042022621461978       -4.0999999974644652E-005  -16.999989999999983     
   2.9000000026499999E-005  -1.8277813280295430       -16.999992099777877     
   1.9579723785380145       -16.999982000000017       -8.9999999914880391E-006
   16.999973000000026       -15.172188671970526       -17.000007900222123     
   1.0000000016700001E-005  -16.999962702963437        1.8281331324728054     
   16.999992000000034       -4.6297036554454607E-005   15.171864867527143     
   15.042022621461978       -4.0999999974644652E-005   1.0000000016700001E-005
   2.9000000026499999E-005  -1.8277813280295430        7.9002221211000001E-006
   1.9579723785380145       -16.999982000000017        16.999991000000009     
   16.999973000000026       -15.172188671970526       -7.9002221228000004E-006
   1.0000000016700001E-005  -16.999962702963437        18.828133132472807     
   16.999992000000034       -4.6297036554454607E-005   32.171864867527148     
   15.042022621461978       -4.0999999974644652E-005   17.000010000000017     
   2.9000000026499999E-005  -1.8277813280295430        17.000007900222119     
   1.9579723785380145       -16.999982000000017        33.999991000000009     
   16.999973000000026       -15.172188671970526        16.999992099777877     
   1.0000000016700001E-005  -16.999962702963437        35.828133132472800     
   16.999992000000034       -4.6297036554454607E-005   49.171864867527148     
   15.042022621461978       -4.0999999974644652E-005   34.000010000000017     
   2.9000000026499999E-005  -1.8277813280295430        34.000007900222123     
   1.9579723785380145       -16.999982000000017        50.999991000000009     
   16.999973000000026       -15.172188671970526        33.999992099777877     
   1.0000000016700001E-005   3.7297036562400004E-005  -32.171866867527193     
   16.999992000000034        16.999953702963445       -18.828135132472855     
   15.042022621461978        16.999959000000025       -33.999989999999983     
   2.9000000026499999E-005   15.172218671970457       -33.999992099777877     
   1.9579723785380145        1.7999999982800000E-005  -17.000008999999991     
   16.999973000000026        1.8278113280294745       -34.000007900222123     
   1.0000000016700001E-005   3.7297036562400004E-005  -15.171866867527195     
   16.999992000000034        16.999953702963445       -1.8281351324728567     
   15.042022621461978        16.999959000000025       -16.999989999999983     
   2.9000000026499999E-005   15.172218671970457       -16.999992099777877     
   1.9579723785380145        1.7999999982800000E-005  -8.9999999914880391E-006
   16.999973000000026        1.8278113280294745       -17.000007900222123     
   1.0000000016700001E-005   3.7297036562400004E-005   1.8281331324728054     
   16.999992000000034        16.999953702963445        15.171864867527143     
   15.042022621461978        16.999959000000025        1.0000000016700001E-005
   2.9000000026499999E-005   15.172218671970457        7.9002221211000001E-006
   1.9579723785380145        1.7999999982800000E-005   16.999991000000009     
   16.999973000000026        1.8278113280294745       -7.9002221228000004E-006
   1.0000000016700001E-005   3.7297036562400004E-005   18.828133132472807     
   16.999992000000034        16.999953702963445        32.171864867527148     
   15.042022621461978        16.999959000000025        17.000010000000017     
   2.9000000026499999E-005   15.172218671970457        17.000007900222119     
   1.9579723785380145        1.7999999982800000E-005   33.999991000000009     
   16.999973000000026        1.8278113280294745        16.999992099777877     
   1.0000000016700001E-005   3.7297036562400004E-005   35.828133132472800     
   16.999992000000034        16.999953702963445        49.171864867527148     
   15.042022621461978        16.999959000000025        34.000010000000017     
   2.9000000026499999E-005   15.172218671970457        34.000007900222123     
   1.9579723785380145        1.7999999982800000E-005   50.999991000000009     
   16.999973000000026        1.8278113280294745        33.999992099777877     
   1.0000000016700001E-005   17.000037297036563       -32.171866867527193     
   16.999992000000034        33.999953702963445       -18.828135132472855     
   15.042022621461978        33.999959000000025       -33.999989999999983     
   2.9000000026499999E-005   32.172218671970455       -33.999992099777877     
   1.9579723785380145        17.000017999999983       -17.000008999999991     
   16.999973000000026        18.827811328029476       -34.000007900222123     
   1.0000000016700001E-005   17.000037297036563       -15.171866867527195     
   16.999992000000034        33.999953702963445       -1.8281351324728567     
   15.042022621461978        33.999959000000025       -16.999989999999983     
   2.9000000026499999E-005   32.172218671970455       -16.999992099777877     
   1.9579723785380145        17.000017999999983       -8.9999999914880391E-006
   16.999973000000026        18.827811328029476       -17.000007900222123     
   1.0000000016700001E-005   17.000037297036563        1.8281331324728054     
   16.999992000000034        33.999953702963445        15.171864867527143     
   15.042022621461978        33.999959000000025        1.0000000016700001E-005
   2.9000000026499999E-005   32.172218671970455        7.9002221211000001E-006
   1.9579723785380145        17.000017999999983        16.999991000000009     
   16.999973000000026        18.827811328029476       -7.9002221228000004E-006
   1.0000000016700001E-005   17.000037297036563        18.828133132472807     
   16.999992000000034        33.999953702963445        32.171864867527148     
   15.042022621461978        33.999959000000025        17.000010000000017     
   2.9000000026499999E-005   32.172218671970455        17.000007900222119     
   1.9579723785380145        17.000017999999983        33.999991000000009     
   16.999973000000026        18.827811328029476        16.999992099777877     
   1.0000000016700001E-005   17.000037297036563        35.828133132472800     
   16.999992000000034        33.999953702963445        49.171864867527148     
   15.042022621461978        33.999959000000025        34.000010000000017     
   2.9000000026499999E-005   32.172218671970455        34.000007900222123     
   1.9579723785380145        17.000017999999983        50.999991000000009     
   16.999973000000026        18.827811328029476        33.999992099777877     
   1.0000000016700001E-005   34.000037297036556       -32.171866867527193     
   16.999992000000034        50.999953702963438       -18.828135132472855     
   15.042022621461978        50.999959000000025       -33.999989999999983     
   2.9000000026499999E-005   49.172218671970455       -33.999992099777877     
   1.9579723785380145        34.000017999999983       -17.000008999999991     
   16.999973000000026        35.827811328029476       -34.000007900222123     
   1.0000000016700001E-005   34.000037297036556       -15.171866867527195     
   16.999992000000034        50.999953702963438       -1.8281351324728567     
   15.042022621461978        50.999959000000025       -16.999989999999983     
   2.9000000026499999E-005   49.172218671970455       -16.999992099777877     
   1.9579723785380145        34.000017999999983       -8.9999999914880391E-006
   16.999973000000026        35.827811328029476       -17.000007900222123     
   1.0000000016700001E-005   34.000037297036556        1.8281331324728054     
   16.999992000000034        50.999953702963438        15.171864867527143     
   15.042022621461978        50.999959000000025        1.0000000016700001E-005
   2.9000000026499999E-005   49.172218671970455        7.9002221211000001E-006
   1.9579723785380145        34.000017999999983        16.999991000000009     
   16.999973000000026        35.827811328029476       -7.9002221228000004E-006
   1.0000000016700001E-005   34.000037297036556        18.828133132472807     
   16.999992000000034        50.999953702963438        32.171864867527148     
   15.042022621461978        50.999959000000025        17.000010000000017     
   2.9000000026499999E-005   49.172218671970455        17.000007900222119     
   1.9579723785380145        34.000017999999983        33.999991000000009     
   16.999973000000026        35.827811328029476        16.999992099777877     
   1.0000000016700001E-005   34.000037297036556        35.828133132472800     
   16.999992000000034        50.999953702963438        49.171864867527148     
   15.042022621461978        50.999959000000025        34.000010000000017     
   2.9000000026499999E-005   49.172218671970455        34.000007900222123     
   1.9579723785380145        34.000017999999983        50.999991000000009     
   16.999973000000026        35.827811328029476        33.999992099777877     
   17.000010000000017       -33.999962702963437       -32.171866867527193     
   33.999992000000034       -17.000046297036555       -18.828135132472855     
   32.042022621461975       -17.000040999999975       -33.999989999999983     
   17.000029000000026       -18.827781328029545       -33.999992099777877     
   18.957972378538013       -33.999982000000017       -17.000008999999991     
   33.999973000000026       -32.172188671970524       -34.000007900222123     
   17.000010000000017       -33.999962702963437       -15.171866867527195     
   33.999992000000034       -17.000046297036555       -1.8281351324728567     
   32.042022621461975       -17.000040999999975       -16.999989999999983     
   17.000029000000026       -18.827781328029545       -16.999992099777877     
   18.957972378538013       -33.999982000000017       -8.9999999914880391E-006
   33.999973000000026       -32.172188671970524       -17.000007900222123     
   17.000010000000017       -33.999962702963437        1.8281331324728054     
   33.999992000000034       -17.000046297036555        15.171864867527143     
   32.042022621461975       -17.000040999999975        1.0000000016700001E-005
   17.000029000000026       -18.827781328029545        7.9002221211000001E-006
   18.957972378538013       -33.999982000000017        16.999991000000009     
   33.999973000000026       -32.172188671970524       -7.9002221228000004E-006
   17.000010000000017       -33.999962702963437        18.828133132472807     
   33.999992000000034       -17.000046297036555        32.171864867527148     
   32.042022621461975       -17.000040999999975        17.000010000000017     
   17.000029000000026       -18.827781328029545        17.000007900222119     
   18.957972378538013       -33.999982000000017        33.999991000000009     
   33.999973000000026       -32.172188671970524        16.999992099777877     
   17.000010000000017       -33.999962702963437        35.828133132472800     
   33.999992000000034       -17.000046297036555        49.171864867527148     
   32.042022621461975       -17.000040999999975        34.000010000000017     
   17.000029000000026       -18.827781328029545        34.000007900222123     
   18.957972378538013       -33.999982000000017        50.999991000000009     
   33.999973000000026       -32.172188671970524        33.999992099777877     
   17.000010000000017       -16.999962702963437       -32.171866867527193     
   33.999992000000034       -4.6297036554454607E-005  -18.828135132472855     
   32.042022621461975       -4.0999999974644652E-005  -33.999989999999983     
   17.000029000000026       -1.8277813280295430       -33.999992099777877     
   18.957972378538013       -16.999982000000017       -17.000008999999991     
   33.999973000000026       -15.172188671970526       -34.000007900222123     
   17.000010000000017       -16.999962702963437       -15.171866867527195     
   33.999992000000034       -4.6297036554454607E-005  -1.8281351324728567     
   32.042022621461975       -4.0999999974644652E-005  -16.999989999999983     
   17.000029000000026       -1.8277813280295430       -16.999992099777877     
   18.957972378538013       -16.999982000000017       -8.9999999914880391E-006
   33.999973000000026       -15.172188671970526       -17.000007900222123     
   17.000010000000017       -16.999962702963437        1.8281331324728054     
   33.999992000000034       -4.6297036554454607E-005   15.171864867527143     
   32.042022621461975       -4.0999999974644652E-005   1.0000000016700001E-005
   17.000029000000026       -1.8277813280295430        7.9002221211000001E-006
   18.957972378538013       -16.999982000000017        16.999991000000009     
   33.999973000000026       -15.172188671970526       -7.9002221228000004E-006
   17.000010000000017       -16.999962702963437        18.828133132472807     
   33.999992000000034       -4.6297036554454607E-005   32.171864867527148     
   32.042022621461975       -4.0999999974644652E-005   17.000010000000017     
   17.000029000000026       -1.8277813280295430        17.000007900222119     
   18.957972378538013       -16.999982000000017        33.999991000000009     
   33.999973000000026       -15.172188671970526        16.999992099777877     
   17.000010000000017       -16.999962702963437        35.828133132472800     
   33.999992000000034       -4.6297036554454607E-005   49.171864867527148     
   32.042022621461975       -4.0999999974644652E-005   34.000010000000017     
   17.000029000000026       -1.8277813280295430        34.000007900222123     
   18.957972378538013       -16.999982000000017        50.999991000000009     
   33.999973000000026       -15.172188671970526        33.999992099777877     
   17.000010000000017        3.7297036562400004E-005  -32.171866867527193     
   33.999992000000034        16.999953702963445       -18.828135132472855     
   32.042022621461975        16.999959000000025       -33.999989999999983     
   17.000029000000026        15.172218671970457       -33.999992099777877     
   18.957972378538013        1.7999999982800000E-005  -17.000008999999991     
   33.999973000000026        1.8278113280294745       -34.000007900222123     
   17.000010000000017        3.7297036562400004E-005  -15.171866867527195     
   33.999992000000034        16.999953702963445       -1.8281351324728567     
   32.042022621461975        16.999959000000025       -16.999989999999983     
   17.000029000000026        15.172218671970457       -16.999992099777877     
   18.957972378538013        1.7999999982800000E-005  -8.9999999914880391E-006
   33.999973000000026        1.8278113280294745       -17.000007900222123     
   17.000010000000017        3.7297036562400004E-005   1.8281331324728054     
   33.999992000000034        16.999953702963445        15.171864867527143     
   32.042022621461975        16.999959000000025        1.0000000016700001E-005
   17.000029000000026        15.172218671970457        7.9002221211000001E-006
   18.957972378538013        1.7999999982800000E-005   16.999991000000009     
   33.999973000000026        1.8278113280294745       -7.9002221228000004E-006
   17.000010000000017        3.7297036562400004E-005   18.828133132472807     
   33.999992000000034        16.999953702963445        32.171864867527148     
   32.042022621461975        16.999959000000025        17.000010000000017     
   17.000029000000026        15.172218671970457        17.000007900222119     
   18.957972378538013        1.7999999982800000E-005   33.999991000000009     
   33.999973000000026        1.8278113280294745        16.999992099777877     
   17.000010000000017        3.7297036562400004E-005   35.828133132472800     
   33.999992000000034        16.999953702963445        49.171864867527148     
   32.042022621461975        16.999959000000025        34.000010000000017     
   17.000029000000026        15.172218671970457        34.000007900222123     
   18.957972378538013        1.7999999982800000E-005   50.999991000000009     
   33.999973000000026        1.8278113280294745        33.999992099777877     
   17.000010000000017        17.000037297036563       -32.171866867527193     
   33.999992000000034        33.999953702963445       -18.828135132472855     
   32.042022621461975        33.999959000000025       -33.999989999999983     
   17.000029000000026        32.172218671970455       -33.999992099777877     
   18.957972378538013        17.000017999999983       -17.000008999999991     
   33.999973000000026        18.827811328029476       -34.000007900222123     
   17.000010000000017        17.000037297036563       -15.171866867527195     
   33.999992000000034        33.999953702963445       -1.8281351324728567     
   32.042022621461975        33.999959000000025       -16.999989999999983     
   17.000029000000026        32.172218671970455       -16.999992099777877     
   18.957972378538013        17.000017999999983       -8.9999999914880391E-006
   33.999973000000026        18.827811328029476       -17.000007900222123     
   17.000010000000017        17.000037297036563        1.8281331324728054     
   33.999992000000034        33.999953702963445        15.171864867527143     
   32.042022621461975        33.999959000000025        1.0000000016700001E-005
   17.000029000000026        32.172218671970455        7.9002221211000001E-006
   18.957972378538013        17.000017999999983        16.999991000000009     
   33.999973000000026        18.827811328029476       -7.9002221228000004E-006
   17.000010000000017        17.000037297036563        18.828133132472807     
   33.999992000000034        33.999953702963445        32.171864867527148     
   32.042022621461975        33.999959000000025        17.000010000000017     
   17.000029000000026        32.172218671970455        17.000007900222119     
   18.957972378538013        17.000017999999983        33.999991000000009     
   33.999973000000026        18.827811328029476        16.999992099777877     
   17.000010000000017        17.000037297036563        35.828133132472800     
   33.999992000000034        33.999953702963445        49.171864867527148     
   32.042022621461975        33.999959000000025        34.000010000000017     
   17.000029000000026        32.172218671970455        34.000007900222123     
   18.957972378538013        17.000017999999983        50.999991000000009     
   33.999973000000026        18.827811328029476        33.999992099777877     
   17.000010000000017        34.000037297036556       -32.171866867527193     
   33.999992000000034        50.999953702963438       -18.828135132472855     
   32.042022621461975        50.999959000000025       -33.999989999999983     
   17.000029000000026        49.172218671970455       -33.999992099777877     
   18.957972378538013        34.000017999999983       -17.000008999999991     
   33.999973000000026        35.827811328029476       -34.000007900222123     
   17.000010000000017        34.000037297036556       -15.171866867527195     
   33.999992000000034        50.999953702963438       -1.8281351324728567     
   32.042022621461975        50.999959000000025       -16.999989999999983     
   17.000029000000026        49.172218671970455       -16.999992099777877     
   18.957972378538013        34.000017999999983       -8.9999999914880391E-006
   33.999973000000026        35.827811328029476       -17.000007900222123     
   17.000010000000017        34.000037297036556        1.8281331324728054     
   33.999992000000034        50.999953702963438        15.171864867527143     
   32.042022621461975        50.999959000000025        1.0000000016700001E-005
   17.000029000000026        49.172218671970455        7.9002221211000001E-006
   18.957972378538013        34.000017999999983        16.999991000000009     
   33.999973000000026        35.827811328029476       -7.9002221228000004E-006
   17.000010000000017        34.000037297036556        18.828133132472807     
   33.999992000000034        50.999953702963438        32.171864867527148     
   32.042022621461975        50.999959000000025        17.000010000000017     
   17.000029000000026        49.172218671970455        17.000007900222119     
   18.957972378538013        34.000017999999983        33.999991000000009     
   33.999973000000026        35.827811328029476        16.999992099777877     
   17.000010000000017        34.000037297036556        35.828133132472800     
   33.999992000000034        50.999953702963438        49.171864867527148     
   32.042022621461975        50.999959000000025        34.000010000000017     
   17.000029000000026        49.172218671970455        34.000007900222123     
   18.957972378538013        34.000017999999983        50.999991000000009     
   33.999973000000026        35.827811328029476        33.999992099777877     
   34.000010000000017       -33.999962702963437       -32.171866867527193     
   50.999992000000034       -17.000046297036555       -18.828135132472855     
   49.042022621461982       -17.000040999999975       -33.999989999999983     
   34.000029000000026       -18.827781328029545       -33.999992099777877     
   35.957972378538017       -33.999982000000017       -17.000008999999991     
   50.999973000000026       -32.172188671970524       -34.000007900222123     
   34.000010000000017       -33.999962702963437       -15.171866867527195     
   50.999992000000034       -17.000046297036555       -1.8281351324728567     
   49.042022621461982       -17.000040999999975       -16.999989999999983     
   34.000029000000026       -18.827781328029545       -16.999992099777877     
   35.957972378538017       -33.999982000000017       -8.9999999914880391E-006
   50.999973000000026       -32.172188671970524       -17.000007900222123     
   34.000010000000017       -33.999962702963437        1.8281331324728054     
   50.999992000000034       -17.000046297036555        15.171864867527143     
   49.042022621461982       -17.000040999999975        1.0000000016700001E-005
   34.000029000000026       -18.827781328029545        7.9002221211000001E-006
   35.957972378538017       -33.999982000000017        16.999991000000009     
   50.999973000000026       -32.172188671970524       -7.9002221228000004E-006
   34.000010000000017       -33.999962702963437        18.828133132472807     
   50.999992000000034       -17.000046297036555        32.171864867527148     
   49.042022621461982       -17.000040999999975        17.000010000000017     
   34.000029000000026       -18.827781328029545        17.000007900222119     
   35.957972378538017       -33.999982000000017        33.999991000000009     
   50.999973000000026       -32.172188671970524        16.999992099777877     
   34.000010000000017       -33.999962702963437        35.828133132472800     
   50.999992000000034       -17.000046297036555        49.171864867527148     
   49.042022621461982       -17.000040999999975        34.000010000000017     
   34.000029000000026       -18.827781328029545        34.000007900222123     
   35.957972378538017       -33.999982000000017        50.999991000000009     
   50.999973000000026       -32.172188671970524        33.999992099777877     
   34.000010000000017       -16.999962702963437       -32.171866867527193     
   50.999992000000034       -4.6297036554454607E-005  -18.828135132472855     
   49.042022621461982       -4.0999999974644652E-005  -33.999989999999983     
   34.000029000000026       -1.8277813280295430       -33.999992099777877     
   35.957972378538017       -16.999982000000017       -17.000008999999991     
   50.999973000000026       -15.172188671970526       -34.000007900222123     
   34.000010000000017       -16.999962702963437       -15.171866867527195     
   50.999992000000034       -4.6297036554454607E-005  -1.8281351324728567     
   49.042022621461982       -4.0999999974644652E-005  -16.999989999999983     
   34.000029000000026       -1.8277813280295430       -16.999992099777877     
   35.957972378538017       -16.999982000000017       -8.9999999914880391E-006
   50.999973000000026       -15.172188671970526       -17.000007900222123     
   34.000010000000017       -16.999962702963437        1.8281331324728054     
   50.999992000000034       -4.6297036554454607E-005   15.171864867527143     
   49.042022621461982       -4.0999999974644652E-005   1.0000000016700001E-005
   34.000029000000026       -1.8277813280295430        7.9002221211000001E-006
   35.957972378538017       -16.999982000000017        16.999991000000009     
   50.999973000000026       -15.172188671970526       -7.9002221228000004E-006
   34.000010000000017       -16.999962702963437        18.828133132472807     
   50.999992000000034       -4.6297036554454607E-005   32.171864867527148     
   49.042022621461982       -4.0999999974644652E-005   17.000010000000017     
   34.000029000000026       -1.8277813280295430        17.000007900222119     
   35.957972378538017       -16.999982000000017        33.999991000000009     
   50.999973000000026       -15.172188671970526        16.999992099777877     
   34.000010000000017       -16.999962702963437        35.828133132472800     
   50.999992000000034       -4.6297036554454607E-005   49.171864867527148     
   49.042022621461982       -4.0999999974644652E-005   34.000010000000017     
   34.000029000000026       -1.8277813280295430        34.000007900222123     
   35.957972378538017       -16.999982000000017        50.999991000000009     
   50.999973000000026       -15.172188671970526        33.999992099777877     
   34.000010000000017        3.7297036562400004E-005  -32.171866867527193     
   50.999992000000034        16.999953702963445       -18.828135132472855     
   49.042022621461982        16.999959000000025       -33.999989999999983     
   34.000029000000026        15.172218671970457       -33.999992099777877     
   35.957972378538017        1.7999999982800000E-005  -17.000008999999991     
   50.999973000000026        1.8278113280294745       -34.000007900222123     
   34.000010000000017        3.7297036562400004E-005  -15.171866867527195     
   50.999992000000034        16.999953702963445       -1.8281351324728567     
   49.042022621461982        16.999959000000025       -16.999989999999983     
   34.000029000000026        15.172218671970457       -16.999992099777877     
   35.957972378538017        1.7999999982800000E-005  -8.9999999914880391E-006
   50.999973000000026        1.8278113280294745       -17.000007900222123     
   34.000010000000017        3.7297036562400004E-005   1.8281331324728054     
   50.999992000000034        16.999953702963445        15.171864867527143     
   49.042022621461982        16.999959000000025        1.0000000016700001E-005
   34.000029000000026        15.172218671970457        7.9002221211000001E-006
   35.957972378538017        1.7999999982800000E-005   16.999991000000009     
   50.999973000000026        1.8278113280294745       -7.9002221228000004E-006
   34.000010000000017        3.7297036562400004E-005   18.828133132472807     
   50.999992000000034        16.999953702963445        32.171864867527148     
   49.042022621461982        16.999959000000025        17.000010000000017     
   34.000029000000026        15.172218671970457        17.000007900222119     
   35.957972378538017        1.7999999982800000E-005   33.999991000000009     
   50.999973000000026        1.8278113280294745        16.999992099777877     
   34.000010000000017        3.7297036562400004E-005   35.828133132472800     
   50.999992000000034        16.999953702963445        49.171864867527148     
   49.042022621461982        16.999959000000025        34.000010000000017     
   34.000029000000026        15.172218671970457        34.000007900222123     
   35.957972378538017        1.7999999982800000E-005   50.999991000000009     
   50.999973000000026        1.8278113280294745        33.999992099777877     
   34.000010000000017        17.000037297036563       -32.171866867527193     
   50.999992000000034        33.999953702963445       -18.828135132472855     
   49.042022621461982        33.999959000000025       -33.999989999999983     
   34.000029000000026        32.172218671970455       -33.999992099777877     
   35.957972378538017        17.000017999999983       -17.000008999999991     
   50.999973000000026        18.827811328029476       -34.000007900222123     
   34.000010000000017        17.000037297036563       -15.171866867527195     
   50.999992000000034        33.999953702963445       -1.8281351324728567     
   49.042022621461982        33.999959000000025       -16.999989999999983     
   34.000029000000026        32.172218671970455       -16.999992099777877     
   35.957972378538017        17.000017999999983       -8.9999999914880391E-006
   50.999973000000026        18.827811328029476       -17.000007900222123     
   34.000010000000017        17.000037297036563        1.8281331324728054     
   50.999992000000034        33.999953702963445        15.171864867527143     
   49.042022621461982        33.999959000000025        1.0000000016700001E-005
   34.000029000000026        32.172218671970455        7.9002221211000001E-006
   35.957972378538017        17.000017999999983        16.999991000000009     
   50.999973000000026        18.827811328029476       -7.9002221228000004E-006
   34.000010000000017        17.000037297036563        18.828133132472807     
   50.999992000000034        33.999953702963445        32.171864867527148     
   49.042022621461982        33.999959000000025        17.000010000000017     
   34.000029000000026        32.172218671970455        17.000007900222119     
   35.957972378538017        17.000017999999983        33.999991000000009     
   50.999973000000026        18.827811328029476        16.999992099777877     
   34.000010000000017        17.000037297036563        35.828133132472800     
   50.999992000000034        33.999953702963445        49.171864867527148     
   49.042022621461982        33.999959000000025        34.000010000000017     
   34.000029000000026        32.172218671970455        34.000007900222123     
   35.957972378538017        17.000017999999983        50.999991000000009     
   50.999973000000026        18.827811328029476        33.999992099777877     
   34.000010000000017        34.000037297036556       -32.171866867527193     
   50.999992000000034        50.999953702963438       -18.828135132472855     
   49.042022621461982        50.999959000000025       -33.999989999999983     
   34.000029000000026        49.172218671970455       -33.999992099777877     
   35.957972378538017        34.000017999999983       -17.000008999999991     
   50.999973000000026        35.827811328029476       -34.000007900222123     
   34.000010000000017        34.000037297036556       -15.171866867527195     
   50.999992000000034        50.999953702963438       -1.8281351324728567     
   49.042022621461982        50.999959000000025       -16.999989999999983     
   34.000029000000026        49.172218671970455       -16.999992099777877     
   35.957972378538017        34.000017999999983       -8.9999999914880391E-006
   50.999973000000026        35.827811328029476       -17.000007900222123     
   34.000010000000017        34.000037297036556        1.8281331324728054     
   50.999992000000034        50.999953702963438        15.171864867527143     
   49.042022621461982        50.999959000000025        1.0000000016700001E-005
   34.000029000000026        49.172218671970455        7.9002221211000001E-006
   35.957972378538017        34.000017999999983        16.999991000000009     
   50.999973000000026        35.827811328029476       -7.9002221228000004E-006
   34.000010000000017        34.000037297036556        18.828133132472807     
   50.999992000000034        50.999953702963438        32.171864867527148     
   49.042022621461982        50.999959000000025        17.000010000000017     
   34.000029000000026        49.172218671970455        17.000007900222119     
   35.957972378538017        34.000017999999983        33.999991000000009     
   50.999973000000026        35.827811328029476        16.999992099777877     
   34.000010000000017        34.000037297036556        35.828133132472800     
   50.999992000000034        50.999953702963438        49.171864867527148     
   49.042022621461982        50.999959000000025        34.000010000000017     
   34.000029000000026        49.172218671970455        34.000007900222123     
   35.957972378538017        34.000017999999983        50.999991000000009     
   50.999973000000026        35.827811328029476        33.999992099777877     
           1           1   58.889727457341827     
           1           2   31.696764390694494     
           1           3   43.955231255742611     
           1           4   52.859625611960070     
           1           5   50.370551151388476     
           1           6   51.065732851501316     
           1           1   51.000000000000000     
           1           2   24.318136273798743     
           1           3   31.668693819634200     
           1           4   43.185457759992097     
           1           5   46.755059520768107     
           1           6   40.970138839760764     
           1           1   48.083261120685229     
           1           2   27.496520340270216     
           1           3   25.529394464766735     
           1           4   38.907936260402430     
           1           5   49.121062267488604     
           1           6   36.433439055867971     
           1           1   51.000000000000000     
           1           2   38.713634675844389     
           1           3   29.641082895764583     
           1           4   41.721352400743378     
           1           5   56.724967393401094     
           1           6   39.423833988160233     
           1           1   58.889727457341827     
           1           2   53.098327551878590     
           1           3   41.029716166816371     
           1           4   50.453096914366832     
           1           5   67.827465626236858     
           1           6   48.570380801620139     
           1           1   51.000000000000000     
           1           2   26.752234124287874     
           1           3   40.534672721591939     
           1           4   49.426654616556213     
           1           5   40.867979729800680     
           1           6   42.460021063521154     
           1           1   41.641325627314025     
           1           2   17.388758139457810     
           1           3   26.718972774837265     
           1           4   38.908070225697571     
           1           5   36.318520546565829     
           1           6   29.558359115536714     
           1           1   38.013155617496423     
           1           2   21.611473541255990     
           1           3   19.045926589127138     
           1           4   34.098118288129783     
           1           5   39.317656366920566     
           1           6   22.859129434241467     
           1           1   41.641325627314025     
           1           2   34.781355172222021     
           1           3   24.281497753111221     
           1           4   37.276338512450053     
           1           5   48.484237332180179     
           1           6   27.374860791970747     
           1           1   50.999999999999993     
           1           2   50.303375101558572     
           1           3   37.342133664672545     
           1           4   46.844094131472367     
           1           5   61.102900399073519     
           1           6   39.423675732586752     
           1           1   48.083261120685229     
           1           2   31.696674722157002     
           1           3   43.955170691823362     
           1           4   51.670575314506507     
           1           5   37.164379600582009     
           1           6   39.698837587118582     
           1           1   38.013155617496423     
           1           2   24.318019397847230     
           1           3   31.668609758611961     
           1           4   41.721602263522506     
           1           5   32.094147108033276     
           1           6   25.433067267964187     
           1           1   34.000000000000000     
           1           2   27.496416974324521     
           1           3   25.529290188706341     
           1           4   37.276478341429232     
           1           5   35.452467418897740     
           1           6   17.195467878053325     
           1           1   38.013155617496423     
           1           2   38.713561259819137     
           1           3   29.640993084495381     
           1           4   40.204223405539366     
           1           5   45.406173738644071     
           1           6   22.858856498817612     
           1           1   48.083261120685229     
           1           2   53.098274024770490     
           1           3   41.029651284540890     
           1           4   49.205927709433503     
           1           5   58.690406209872627     
           1           6   36.433096565100101     
           1           1   51.000000000000000     
           1           2   43.262874918846300     
           1           3   52.906090088458484     
           1           4   58.946607367004944     
           1           5   40.867963675682596     
           1           6   43.899225765634846     
           1           1   41.641325627314025     
           1           2   38.188522166163857     
           1           3   43.242319340479533     
           1           4   50.453406844169784     
           1           5   36.318502481418982     
           1           6   31.590904192671509     
           1           1   38.013155617496423     
           1           2   40.287096001417574     
           1           3   38.971040471610905     
           1           4   46.844316670080637     
           1           5   39.317639679776832     
           1           6   25.432821955082428     
           1           1   41.641325627314025     
           1           2   48.638842330171506     
           1           3   41.780208340024593     
           1           4   49.206033638063857     
           1           5   48.484223799960809     
           1           6   29.557936962638227     
           1           1   50.999999999999993     
           1           2   60.715927582563793     
           1           3   50.501778408604444     
           1           4   56.798569422950685     
           1           5   61.102889661460466     
           1           6   40.969681990170095     
           1           1   58.889727457341827     
           1           2   57.590567839232612     
           1           3   65.146386748221445     
           1           4   69.696174119011687     
           1           5   50.370525100475859     
           1           6   53.444235796537846     
           1           1   50.999999999999993     
           1           2   53.882839411422090     
           1           3   57.575129351524417     
           1           4   62.676952932725371     
           1           5   46.755031455380220     
           1           6   43.899083643788160     
           1           1   48.083261120685229     
           1           2   55.389956328101114     
           1           3   54.440236345378715     
           1           4   59.810067472245407     
           1           5   49.121035553920464     
           1           6   39.698523267908620     
           1           1   50.999999999999993     
           1           2   61.731144011923156     
           1           3   56.485247160976634     
           1           4   61.677288471024930     
           1           5   56.724944260752189     
           1           6   42.459580244522606     
           1           1   58.889727457341820     
           1           2   71.633937627444737     
           1           3   63.209389811423932     
           1           4   67.889112936033428     
           1           5   67.827446280111175     
           1           6   51.065244143442875     
           1           1   51.000000000000000     
           1           2   26.752275806727159     
           1           3   39.705047335011692     
           1           4   43.899210309942767     
           1           5   41.674490328796288     
           1           6   48.152962667533771     
           1           1   41.641325627314025     
           1           2   17.388822266934778     
           1           3   25.442771023837871     
           1           4   31.590891217882124     
           1           5   37.223733177381064     
           1           6   37.276681968078563     
           1           1   38.013155617496423     
           1           2   21.611525138751645     
           1           3   17.209834713540079     
           1           4   25.432816400146063     
           1           5   40.155316947532427     
           1           6   32.224124866901285     
           1           1   41.641325627314025     
           1           2   34.781387232465903     
           1           3   22.869679148673999     
           1           4   29.557941270443976     
           1           5   49.165970413007308     
           1           6   35.570176107604787     
           1           1   50.999999999999993     
           1           2   50.303397269037298     
           1           3   36.439896238315768     
           1           4   40.969691654325295     
           1           5   61.645241618057064     
           1           6   45.498138788464644     
           1           1   41.641325627314025     
           1           2   20.656268265122652     
           1           3   35.881584716624161     
           1           4   39.698801399845024     
           1           5   29.491735928318832     
           1           6   38.908252732738596     
           1           1   29.444863728670914     
           1           2   3.6562682659455845     
           1           3   18.929657558239178     
           1           4   25.433021344067914     
           1           5   22.772914955306369     
           1           6   24.180474263401713     
           1           1   24.041630560342615     
           1           2   13.343731735328323     
           1           3   2.6787588111151046     
           1           4   17.195415574835373     
           1           5   27.302908692253677     
           1           6   15.281967821305113     
           1           1   29.444863728670914     
           1           2   30.343731735174828     
           1           3   15.297697940018688     
           1           4   22.858828904709171     
           1           5   39.373747479170255     
           1           6   21.456508228968136     
           1           1   41.641325627314025     
           1           2   47.343731735131563     
           1           3   32.231403564846147     
           1           4   36.433086624636189     
           1           5   54.158426473166585     
           1           6   35.570000706608788     
           1           1   38.013155617496423     
           1           2   26.752169565144193     
           1           3   39.704980288082680     
           1           4   42.459969375072447     
           1           5   24.099000642484079     
           1           6   35.874732720515418     
           1           1   24.041630560342615     
           1           2   17.388658816426148     
           1           3   25.442666392753715     
           1           4   29.558293953399385     
           1           5   15.152722509911307     
           1           6   18.916650143637789     
           1           1   17.000000000000000     
           1           2   21.611393625259854     
           1           3   17.209680028079678     
           1           4   22.859056925845461     
           1           5   21.364647597334663     
           1           6   2.5851223462660249     
           1           1   24.041630560342615     
           1           2   34.781305516293806     
           1           3   22.869562745378619     
           1           4   27.374810056738660     
           1           5   35.514663653964433     
           1           6   15.281559555017164     
           1           1   38.013155617496416     
           1           2   50.303340767881586     
           1           3   36.439823183719412     
           1           4   39.423647316629605     
           1           5   51.421148391981170     
           1           6   32.223737637367719     
           1           1   41.641325627314025     
           1           2   39.782857291096391     
           1           3   49.431597157868488     
           1           4   51.065675028142358     
           1           5   29.491713681425910     
           1           6   40.473951682806785     
           1           1   29.444863728670914     
           1           2   34.195944397480659     
           1           3   38.914349680724683     
           1           4   40.970073324114502     
           1           5   22.772886144780358     
           1           6   26.626752894608657     
           1           1   24.041630560342615     
           1           2   36.524642260088413     
           1           3   34.105284408279637     
           1           4   36.433372754753236     
           1           5   27.302884661864102     
           1           6   18.916320323966897     
           1           1   29.444863728670914     
           1           2   45.571223060384099     
           1           3   37.282894711456720     
           1           4   39.423779529495548     
           1           5   39.373730815798737     
           1           6   24.179958219304172     
           1           1   41.641325627314025     
           1           2   58.287419313357248     
           1           3   46.849312178104519     
           1           4   48.570342128646246     
           1           5   54.158414358720883     
           1           6   37.276179852228260     
           1           1   50.999999999999993     
           1           2   55.024293653306032     
           1           3   62.357679041787229     
           1           4   63.170858256221237     
           1           5   41.674458841932918     
           1           6   50.668383454339029     
           1           1   41.641325627314025     
           1           2   51.130810389012041     
           1           3   54.399668647653314     
           1           4   55.329929287240837     
           1           5   37.223697925701650     
           1           6   40.473797533272183     
           1           1   38.013155617496416     
           1           2   52.716663874233817     
           1           3   51.070223834152131     
           1           4   52.060011688766913     
           1           5   40.155284269443420     
           1           6   35.874384895809463     
           1           1   41.641325627314025     
           1           2   59.344195411352544     
           1           3   53.244826753087715     
           1           4   54.194912668423264     
           1           5   49.165943723839320     
           1           6   38.907771672778367     
           1           1   50.999999999999993     
           1           2   69.587501808964547     
           1           3   60.331214055928385     
           1           4   61.171335617603624     
           1           5   61.645220331763440     
           1           6   48.152444397241418     
           1           1   48.083261120685229     
           1           2   31.696745082724185     
           1           3   42.413667761763136     
           1           4   40.473958440416787     
           1           5   38.914442884811123     
           1           6   51.065708216580148     
           1           1   38.013155617496423     
           1           2   24.318111107383469     
           1           3   29.491745056899408     
           1           4   26.626773254378048     
           1           5   34.105381284060613     
           1           6   40.970108134459124     
           1           1   34.000000000000000     
           1           2   27.496498082899482     
           1           3   22.772940960646164     
           1           4   18.916363182269968     
           1           5   37.282974667092709     
           1           6   36.433404527132048     
           1           1   38.013155617496423     
           1           2   38.713618867457257     
           1           3   27.302942213120566     
           1           4   24.180002856637870     
           1           5   46.849368912750592     
           1           6   39.423802078516204     
           1           1   48.083261120685229     
           1           2   53.098316026090600     
           1           3   39.373778926957549     
           1           4   37.276216013035608     
           1           5   59.813932616230197     
           1           6   48.570354901054522     
           1           1   38.013155617496423     
           1           2   26.752211247684063     
           1           3   38.857644690665225     
           1           4   35.874719212620157     
           1           5   25.442743738362488     
           1           6   42.459991435640454     
           1           1   24.041630560342615     
           1           2   17.388722944269407     
           1           3   24.098970193805133     
           1           4   18.916638725942157     
           1           5   17.209775606669265     
           1           6   29.558316555633422     
           1           1   17.000000000000000     
           1           2   21.611445222946308     
           1           3   15.152695400417494     
           1           4   2.5851427023070053     
           1           5   22.869620546214435     
           1           6   22.859074401458280     
           1           1   24.041630560342615     
           1           2   34.781337576583461     
           1           3   21.364643488571456     
           1           4   15.281580575803270     
           1           5   36.439850595519161     
           1           6   27.374814837360592     
           1           1   38.013155617496416     
           1           2   50.303362935375439     
           1           3   35.514670277079638     
           1           4   32.223755941824109     
           1           5   52.064439677381365     
           1           6   39.423643822814626     
           1           1   34.000000000000000     
           1           2   31.696655414132067     
           1           3   42.413604996589726     
           1           4   38.908220793710036     
           1           5   18.929673870321693     
           1           6   39.698805898520668     
           1           1   17.000000000000000     
           1           2   24.317994231311005     
           1           3   29.491654790850006     
           1           4   24.180433979471228     
           1           5   2.6787535035282239     
           1           6   25.433017804751209     
           1           1   0.0000000000000000     
           1           2   27.496394716870114     
           1           3   22.772824062873521     
           1           4   15.281921657273459     
           1           5   15.297675896311492     
           1           6   17.195394719085812     
           1           1   17.000000000000000     
           1           2   38.713545451402027     
           1           3   27.302844710661862     
           1           4   21.456487868300353     
           1           5   32.231383081160423     
           1           6   22.858801465377329     
           1           1   33.999999999999993     
           1           2   53.098262498970890     
           1           3   39.373711315933143     
           1           4   35.569995976187528     
           1           5   49.210824244473280     
           1           6   36.433062036039587     
           1           1   38.013155617496423     
           1           2   43.262860772766075     
           1           3   51.632462915374269     
           1           4   48.152921116790438     
           1           5   25.442717951066001     
           1           6   43.899197109083651     
           1           1   24.041630560342615     
           1           2   38.188506140402893     
           1           3   41.674393099401264     
           1           4   37.276635499778131     
           1           5   17.209737482989713     
           1           6   31.590864371057513     
           1           1   17.000000000000000     
           1           2   40.287080810446383     
           1           3   37.223632999740218     
           1           4   32.224079448244844     
           1           5   22.869591857515648     
           1           6   25.432772491392349     
           1           1   24.041630560342615     
           1           2   48.638829747633572     
           1           3   40.155232127274196     
           1           4   35.570142512931717     
           1           5   36.439832590522016     
           1           6   29.557894402127086     
           1           1   38.013155617496416     
           1           2   60.715917502835545     
           1           3   49.165907707386012     
           1           4   45.498118428059740     
           1           5   52.064427075703001     
           1           6   40.969651284526066     
           1           1   48.083261120685229     
           1           2   57.590557212491483     
           1           3   64.116367369091151     
           1           4   60.840430462214805     
           1           5   38.914409164707259     
           1           6   53.444212257979231     
           1           1   38.013155617496416     
           1           2   53.882828053444840     
           1           3   56.407024191178365     
           1           4   52.653601215216717     
           1           5   34.105342809216523     
           1           6   43.899054987144197     
           1           1   33.999999999999993     
           1           2   55.389945279165509     
           1           3   53.203347560093498     
           1           4   49.206152694907459     
           1           5   37.282939471427170     
           1           6   39.698491579059805     
           1           1   38.013155617496416     
           1           2   61.731134097963874     
           1           3   55.294122699397555     
           1           4   51.459588077811361     
           1           5   46.849340903859328     
           1           6   42.459550616334305     
           1           1   48.083261120685222     
           1           2   71.633929084007704     
           1           3   62.147275230632253     
           1           4   58.761662223268516     
           1           5   59.813910678218924     
           1           6   51.065219508285942     
           1           1   51.000000000000000     
           1           2   43.262952243683053     
           1           3   50.983797839460060     
           1           4   43.899225025466976     
           1           5   43.242393387803126     
           1           6   58.946630927143765     
           1           1   41.641325627314025     
           1           2   38.188609765623148     
           1           3   40.867975917958759     
           1           4   31.590911666807948     
           1           5   38.971114346416165     
           1           6   50.453429046490726     
           1           1   38.013155617496423     
           1           2   40.287179037789372     
           1           3   36.318525150765446     
           1           4   25.432841800387529     
           1           5   41.780269516811032     
           1           6   46.844334848918990     
           1           1   41.641325627314025     
           1           2   48.638911108440155     
           1           3   39.317668835050576     
           1           4   29.557963125814602     
           1           5   50.501822624468652     
           1           6   49.206045485550035     
           1           1   50.999999999999993     
           1           2   60.715982680070248     
           1           3   48.484254105004361     
           1           4   40.969707422075800     
           1           5   62.715845333449977     
           1           6   56.798574957602511     
           1           1   41.641325627314025     
           1           2   39.782913350340671     
           1           3   48.066048100875626     
           1           4   39.698817672373295     
           1           5   31.668658478159056     
           1           6   51.670587520509777     
           1           1   29.444863728670914     
           1           2   34.196009615634416     
           1           3   37.164348420651947     
           1           4   25.433046744104701     
           1           5   25.529337972266347     
           1           6   41.721610942088908     
           1           1   24.041630560342615     
           1           2   36.524703320142237     
           1           3   32.094121066443613     
           1           4   17.195453142947162     
           1           5   29.641023342626436     
           1           6   37.276480849074332     
           1           1   29.444863728670914     
           1           2   45.571271999103303     
           1           3   35.452452954957359     
           1           4   22.858857165107096     
           1           5   41.029665271533105     
           1           6   40.204219049495016     
           1           1   41.641325627314025     
           1           2   58.287457575434736     
           1           3   45.406169558986036     
           1           4   36.433104355767505     
           1           5   55.373970417426051     
           1           6   49.205918691435386     
           1           1   38.013155617496423     
           1           2   43.262886547735441     
           1           3   50.983745624820926     
           1           4   42.459984589400058     
           1           5   26.718968425203691     
           1           6   49.426652038838519     
           1           1   24.041630560342615     
           1           2   38.188535340257232     
           1           3   40.867910778902953     
           1           4   29.558315808509239     
           1           5   19.045903528133199     
           1           6   38.908060047460502     
           1           1   17.000000000000000     
           1           2   40.287108489266430     
           1           3   36.318451852031046     
           1           4   22.859085185961490     
           1           5   24.281466362204764     
           1           6   34.098098796636222     
           1           1   24.041630560342615     
           1           2   48.638852673739862     
           1           3   39.317601127538573     
           1           4   27.374833655065753     
           1           5   37.342104603179585     
           1           6   37.276313476972703     
           1           1   38.013155617496416     
           1           2   60.715935868679637     
           1           3   48.484199198503298     
           1           4   39.423663702730593     
           1           5   52.699866638263245     
           1           6   46.844068475335376     
           1           1   41.641325627314025     
           1           2   52.332346691541957     
           1           3   58.875628708636349     
           1           4   51.065687678517001     
           1           5   31.668637760531919     
           1           6   52.859608859905300     
           1           1   29.444863728670914     
           1           2   48.222001091157452     
           1           3   50.370462270393446     
           1           4   40.970089091718108     
           1           5   25.529312272439164     
           1           6   43.185431035368296     
           1           1   24.041630560342615     
           1           2   49.900383447699454     
           1           3   46.754970675095656     
           1           4   36.433390485745299     
           1           5   29.641001207780377     
           1           6   38.907899694007178     
           1           1   29.444863728670914     
           1           2   56.857146843816260     
           1           3   49.120984276834072     
           1           4   39.423795915541575     
           1           5   41.029649280679486     
           1           6   41.721311862012392     
           1           1   41.641325627314025     
           1           2   67.479048794504592     
           1           3   56.724905551449844     
           1           4   48.570355428941937     
           1           5   55.373958568911142     
           1           6   50.453058067630238     
           1           1   50.999999999999993     
           1           2   64.681308490515676     
           1           3   70.080931741365731     
           1           4   63.170868482454757     
           1           5   43.242363042606080     
           1           6   61.018706687998048     
           1           1   41.641325627314025     
           1           2   61.403245411273687     
           1           3   63.104522874623555     
           1           4   55.329940962656664     
           1           5   38.971080675347828     
           1           6   52.859490829597576     
           1           1   38.013155617496416     
           1           2   62.729940427430265     
           1           3   60.257983875415320     
           1           4   52.060024097521783     
           1           5   41.780238109666080     
           1           6   49.426399582133058     
           1           1   41.641325627314025     
           1           2   68.393949330483892     
           1           3   62.111741516606486     
           1           4   54.194924588359981     
           1           5   50.501796641271277     
           1           6   51.670225280533231     
           1           1   50.999999999999993     
           1           2   77.449462128620667     
           1           3   68.284055589293047     
           1           4   61.171346178104521     
           1           5   62.715824410528512     
           1           6   58.946207557648926     
           1           1   58.889727457341827     
           1           2   57.590645289310665     
           1           3   63.069612899276933     
           1           4   52.859650054049602     
           1           5   52.947854600312290     
           1           6   70.140601933979028     
           1           1   51.000000000000000     
           1           2   53.882922190904310     
           1           3   55.214308695849525     
           1           4   43.185487677460152     
           1           5   49.520889271818781     
           1           6   63.170778407023562     
           1           1   48.083261120685229     
           1           2   55.390036855222398     
           1           3   51.937112917994291     
           1           4   38.907969466981179     
           1           5   51.760618637798956     
           1           6   60.327360703395989     
           1           1   51.000000000000000     
           1           2   61.731216267094105     
           1           3   54.076866696882639     
           1           4   41.721383368088553     
           1           5   59.025458992400779     
           1           6   62.179045138422794     
           1           1   58.889727457341827     
           1           2   71.633999893951128     
           1           3   61.066777590178603     
           1           4   50.453122522302749     
           1           5   69.762797942452906     
           1           6   68.345276787898030     
           1           1   51.000000000000000     
           1           2   55.024354450013455     
           1           3   60.735273187542319     
           1           4   49.426680756291319     
           1           5   44.005393427130812     
           1           6   64.147083774047445     
           1           1   41.641325627314025     
           1           2   51.130875815230887     
           1           3   52.532058998875364     
           1           4   38.908103432161987     
           1           5   39.816049756002819     
           1           6   56.441930881243188     
           1           1   38.013155617496423     
           1           2   52.716727332265322     
           1           3   49.076073968454807     
           1           4   34.098156178762686     
           1           5   42.569484207216057     
           1           6   53.240349045544455     
           1           1   41.641325627314025     
           1           2   59.344251782428408     
           1           3   51.335220362370826     
           1           4   37.276373172490487     
           1           5   51.156662842335031     
           1           6   55.329720506973274     
           1           1   50.999999999999993     
           1           2   69.587549882203106     
           1           3   58.652780523595787     
           1           4   46.844121712315683     
           1           5   63.244346155686259     
           1           6   62.178944798606473     
           1           1   48.083261120685229     
           1           2   57.590595937550681     
           1           3   63.069570690358717     
           1           4   51.670600319060462     
           1           5   40.589087136536143     
           1           6   62.353770325205033     
           1           1   38.013155617496423     
           1           2   53.882869443210581     
           1           3   55.214260481890726     
           1           4   41.721633230682230     
           1           5   36.004404759324224     
           1           6   54.395182494930488     
           1           1   34.000000000000000     
           1           2   55.389985542748825     
           1           3   51.937061661765242     
           1           4   37.276513001339652     
           1           5   39.027686705327206     
           1           6   51.065439227966742     
           1           1   38.013155617496423     
           1           2   61.731170225565720     
           1           3   54.076817468800158     
           1           4   40.204255541453826     
           1           5   48.249388566748685     
           1           6   53.240231859314221     
           1           1   48.083261120685229     
           1           2   71.633960217271380     
           1           3   61.066733996914024     
           1           4   49.205953966425625     
           1           5   60.916719088941612     
           1           6   60.327153863926895     
           1           1   51.000000000000000     
           1           2   64.681325730412667     
           1           3   69.604368289403453     
           1           4   58.946629285141007     
           1           5   44.005378517609415     
           1           6   65.108655268114532     
           1           1   41.641325627314025     
           1           2   61.403263571536570     
           1           3   62.574850367083080     
           1           4   50.453432451948402     
           1           5   39.816033277738818     
           1           6   57.532427340679376     
           1           1   38.013155617496423     
           1           2   62.729958203616214     
           1           3   59.703062835659971     
           1           4   46.844344250792929     
           1           5   42.569468794782132     
           1           6   54.395067796620346     
           1           1   41.641325627314025     
           1           2   68.393965634544728     
           1           3   61.573529421779028     
           1           4   49.206059894999449     
           1           5   51.156650017039375     
           1           6   56.441709803010895     
           1           1   50.999999999999993     
           1           2   77.449476526385453     
           1           3   67.794862186972637     
           1           4   56.798592169997924     
           1           5   63.244335781647514     
           1           6   63.170482112895648     
           1           1   58.889727457341827     
           1           2   75.024469715188630     
           1           3   79.308041350594905     
           1           4   69.696192656612141     
           1           5   52.947829817461226     
           1           6   71.890759544436150     
           1           1   50.999999999999993     
           1           2   72.217435118100823     
           1           3   73.216181519959065     
           1           4   62.676973546359690     
           1           5   49.520862773933587     
           1           6   65.108559443166229     
           1           1   48.083261120685229     
           1           2   73.348788770019581     
           1           3   70.777489711486098     
           1           4   59.810089073955979     
           1           5   51.760593286502100     
           1           6   62.353570207748994     
           1           1   50.999999999999993     
           1           2   78.247886188834514     
           1           3   72.362261320079313     
           1           4   61.677309418764580     
           1           5   59.025436761337147     
           1           6   64.146791989475631     
           1           1   58.889727457341820     
           1           2   86.275248895686445     
           1           3   77.724775180449200     
           1           4   67.889131967064515     
           1           5   69.762779133020032     
           1           6   70.140246131799586     
           2           1   86.275248895686460     
           2           2   58.889727457341827     
           2           3   69.762787449632285     
           2           4   79.388250648729596     
           2           5   77.724787541725377     
           2           6   77.406549782488440     
           2           1   78.247886188834514     
           2           2   51.000000000000000     
           2           3   59.025447454861784     
           2           4   70.140225293173572     
           2           5   72.362275302193382     
           2           6   67.889102771544898     
           2           1   73.348788770019596     
           2           2   48.083261120685229     
           2           3   51.760606466218370     
           2           4   64.146769733859358     
           2           5   70.777504727240157     
           2           6   61.677277834076868     
           2           1   72.217435118100838     
           2           2   51.000000000000000     
           2           3   49.520877579610854     
           2           4   62.353547857362564     
           2           5   73.216196732134208     
           2           6   59.810057071686821     
           2           1   75.024469715188644     
           2           2   58.889727457341834     
           2           3   52.947844628076055     
           2           4   65.108538560714393     
           2           5   79.308056037345025     
           2           6   62.676943550359567     
           2           1   77.449476526385453     
           2           2   51.000000000000000     
           2           3   63.244341192250673     
           2           4   73.303146931163553     
           2           5   67.794872848214638     
           2           6   67.889035259613948     
           2           1   68.393965634544728     
           2           2   41.641325627314025     
           2           3   51.156657703038945     
           2           4   63.170469470500080     
           2           5   61.573541988500779     
           2           6   56.798568946564409     
           2           1   62.729958203616214     
           2           2   38.013155617496423     
           2           3   42.569479229254981     
           2           4   56.441696255826798     
           2           5   59.703076650317996     
           2           6   49.206033779142935     
           2           1   61.403263571536570     
           2           2   41.641325627314032     
           2           3   39.816045714687050     
           2           4   54.395054364773294     
           2           5   62.574864362760096     
           2           6   46.844317544080845     
           2           1   64.681325730412667     
           2           2   51.000000000000007     
           2           3   44.005390929500066     
           2           4   57.532415232269464     
           2           5   69.604381604335089     
           2           6   50.453408329539101     
           2           1   71.633960217271380     
           2           2   48.083261120685229     
           2           3   60.916720799309765     
           2           4   70.867540940532095     
           2           5   61.066741935400749     
           2           6   61.677129211186134     
           2           1   61.731170225565720     
           2           2   38.013155617496423     
           2           3   48.249391783162785     
           2           4   60.327151615749450     
           2           5   54.076827376510451     
           2           6   49.205940633523873     
           2           1   55.389985542748825     
           2           2   34.000000000000000     
           2           3   39.027691988499839     
           2           4   53.240229950491866     
           2           5   51.937072959620927     
           2           6   40.204240069007653     
           2           1   53.882869443210581     
           2           2   38.013155617496430     
           2           3   36.004411902616773     
           2           4   51.065437903663181     
           2           5   55.214272032845500     
           2           6   37.276497225771166     
           2           1   57.590595937550681     
           2           2   48.083261120685236     
           2           3   40.589094729463604     
           2           4   54.395181876748140     
           2           5   63.069581611273932     
           2           6   41.721619950805490     
           2           1   69.587549882203106     
           2           2   51.000000000000000     
           2           3   63.244344039924258     
           2           4   72.450433869675550     
           2           5   58.652784731025982     
           2           6   59.809827177359367     
           2           1   59.344251782428408     
           2           2   41.641325627314025     
           2           3   51.156661223582418     
           2           4   62.178953280156300     
           2           5   51.335226163017460     
           2           6   46.844121860507968     
           2           1   52.716727332265322     
           2           2   38.013155617496423     
           2           3   42.569483459967643     
           2           4   55.329730652945429     
           2           5   49.076081075328638     
           2           6   37.276374270825286     
           2           1   51.130875815230887     
           2           2   41.641325627314032     
           2           3   39.816050237969819     
           2           4   53.240360228299721     
           2           5   52.532066609037074     
           2           6   34.098158376592281     
           2           1   55.024354450013455     
           2           2   51.000000000000007     
           2           3   44.005395022163064     
           2           4   56.441942032062890     
           2           5   60.735280609546749     
           2           6   38.908106232142622     
           2           1   71.633999893951128     
           2           2   58.889727457341827     
           2           3   69.762792612821528     
           2           4   77.806955838475446     
           2           5   61.066777733914513     
           2           6   62.676651045168647     
           2           1   61.731216267094098     
           2           2   50.999999999999993     
           2           3   59.025453557288529     
           2           4   68.345294204956772     
           2           5   54.076867802299674     
           2           6   50.453135800803956     
           2           1   55.390036855222398     
           2           2   48.083261120685229     
           2           3   51.760613425148883     
           2           4   62.179064829520613     
           2           5   51.937115050910101     
           2           6   41.721400240534720     
           2           1   53.882922190904310     
           2           2   51.000000000000000     
           2           3   49.520884853279632     
           2           4   60.327381562482529     
           2           5   55.214311625841624     
           2           6   38.907988433320675     
           2           1   57.590645289310665     
           2           2   58.889727457341827     
           2           3   52.947851430967980     
           2           4   63.170798865432957     
           2           5   63.069616272969569     
           2           6   43.185505552487641     
           2           1   77.449462128620667     
           2           2   51.000000000000000     
           2           3   62.715831764174808     
           2           4   69.695735874338212     
           2           5   68.284067916876765     
           2           6   71.587521979943261     
           2           1   68.393949330483892     
           2           2   41.641325627314025     
           2           3   50.501806783286035     
           2           4   58.946182761711924     
           2           5   62.111755890336227     
           2           6   61.171313776355866     
           2           1   62.729940427430272     
           2           2   38.013155617496423     
           2           3   41.780251589482248     
           2           4   51.670197650955174     
           2           5   60.257999537694531     
           2           6   54.194888642951469     
           2           1   61.403245411273694     
           2           2   41.641325627314032     
           2           3   38.971096435493209     
           2           4   49.426371386137617     
           2           5   63.104538638586618     
           2           6   52.059987331139787     
           2           1   64.681308490515690     
           2           2   51.000000000000007     
           2           3   43.242378425435724     
           2           4   52.859465108077217     
           2           5   70.080946663789788     
           2           6   55.329906983610229     
           2           1   67.479048794504592     
           2           2   41.641325627314025     
           2           3   55.373962599506292     
           2           4   62.676571444294503     
           2           5   56.724916195406415     
           2           6   61.171238850305336     
           2           1   56.857146843816260     
           2           2   29.444863728670914     
           2           3   41.029655963407734     
           2           4   50.453042238534856     
           2           5   49.120997606725773     
           2           6   48.570328271256614     
           2           1   49.900383447699454     
           2           2   24.041630560342615     
           2           3   29.641012178730968     
           2           4   41.721293535016528     
           2           5   46.754985770332951     
           2           6   39.423763319527922     
           2           1   48.222001091157452     
           2           2   29.444863728670917     
           2           3   25.529327008046163     
           2           4   38.907880915653081     
           2           5   50.370477294622830     
           2           6   36.433356147501428     
           2           1   52.332346691541957     
           2           2   41.641325627314032     
           2           3   31.668651249900634     
           2           4   43.185414904320076     
           2           5   58.875642428700445     
           2           6   40.970059385692927     
           2           1   60.715935868679630     
           2           2   38.013155617496423     
           2           3   52.699866357238193     
           2           4   59.809778606495378     
           2           5   48.484206742764435     
           2           6   54.194719500458248     
           2           1   48.638852673739855     
           2           2   24.041630560342615     
           2           3   37.342105572327377     
           2           4   46.844065580067031     
           2           5   39.317611727814821     
           2           6   39.423647061501995     
           2           1   40.287108489266430     
           2           2   17.000000000000000     
           2           3   24.281469953009875     
           2           4   37.276310750679855     
           2           5   36.318464731913970     
           2           6   27.374810931336128     
           2           1   38.188535340257232     
           2           2   24.041630560342622     
           2           3   19.045910783761407     
           2           4   34.098096813354253     
           2           5   40.867923472906675     
           2           6   22.859059460592974     
           2           1   43.262886547735441     
           2           2   38.013155617496430     
           2           3   26.718975505941032     
           2           4   38.908059183214334     
           2           5   50.983756800489253     
           2           6   29.558297063928599     
           2           1   58.287457575434729     
           2           2   41.641325627314025     
           2           3   55.373965851923678     
           2           4   61.677115901314892     
           2           5   45.406172373085646     
           2           6   52.059723212725544     
           2           1   45.571271999103303     
           2           2   29.444863728670914     
           2           3   41.029660352896990     
           2           4   49.205929409125673     
           2           5   35.452457997696627     
           2           6   36.433104546306787     
           2           1   36.524703320142237     
           2           2   24.041630560342615     
           2           3   29.641018254745649     
           2           4   40.204233012550908     
           2           5   32.094128225931314     
           2           6   22.858858956182505     
           2           1   34.196009615634416     
           2           2   29.444863728670917     
           2           3   25.529334062647280     
           2           4   37.276496820907376     
           2           5   37.164355975673772     
           2           6   17.195457501188216     
           2           1   39.782913350340671     
           2           2   41.641325627314032     
           2           3   31.668656936888251     
           2           4   41.721626027166621     
           2           5   48.066055003408344     
           2           6   25.433051027584071     
           2           1   60.715982680070240     
           2           2   50.999999999999993     
           2           3   62.715837507516817     
           2           4   67.889053866219612     
           2           5   48.484251831637124     
           2           6   55.329575637608500     
           2           1   48.638911108440148     
           2           2   41.641325627314025     
           2           3   50.501813915673672     
           2           4   56.798595915410601     
           2           5   39.317667328793625     
           2           6   40.969723774201420     
           2           1   40.287179037789372     
           2           2   38.013155617496416     
           2           3   41.780260210743165     
           2           4   49.206070368133716     
           2           5   36.318524924365569     
           2           6   29.557986941449347     
           2           1   38.188609765623148     
           2           2   41.641325627314025     
           2           3   38.971105678200693     
           2           4   46.844361711793624     
           2           5   40.867976964682761     
           2           6   25.432870815686837     
           2           1   43.262952243683046     
           2           2   51.000000000000000     
           2           3   43.242386755191532     
           2           4   50.453454661667976     
           2           5   50.983799678818748     
           2           6   31.590936102368669     
           2           1   71.633929084007704     
           2           2   48.083261120685229     
           2           3   59.813916399128928     
           2           4   63.170379586207289     
           2           5   62.147286860706402     
           2           6   69.539719996767744     
           2           1   61.731134097963874     
           2           2   38.013155617496423     
           2           3   46.849349296506368     
           2           4   51.065190885544958     
           2           5   55.294136693242699     
           2           6   58.761628492796085     
           2           1   55.389945279165516     
           2           2   34.000000000000000     
           2           3   37.282951385454183     
           2           4   42.459516993116786     
           2           5   53.203363062452041     
           2           6   51.459550221721813     
           2           1   53.882828053444854     
           2           2   38.013155617496430     
           2           3   34.105357328639990     
           2           4   39.698456473777448     
           2           5   56.407039717212278     
           2           6   49.206113796137515     
           2           1   57.590557212491490     
           2           2   48.083261120685236     
           2           3   38.914423200380284     
           2           4   43.899024015483903     
           2           5   64.116381823705879     
           2           6   52.653565509041826     
           2           1   60.715917502835545     
           2           2   38.013155617496423     
           2           3   52.064429076877701     
           2           4   55.329502672731053     
           2           5   49.165917567418319     
           2           6   58.761550494188839     
           2           1   48.638829747633572     
           2           2   24.041630560342615     
           2           3   36.439836849323378     
           2           4   40.969631791405966     
           2           5   40.155245469928964     
           2           6   45.498089436564584     
           2           1   40.287080810446383     
           2           2   17.000000000000000     
           2           3   22.869600873416736     
           2           4   29.557868533353549     
           2           5   37.223648763310777     
           2           6   35.570106385477047     
           2           1   38.188506140402893     
           2           2   24.041630560342622     
           2           3   17.209752427430832     
           2           4   25.432743763633546     
           2           5   41.674408403220383     
           2           6   32.224040624519446     
           2           1   43.262860772766075     
           2           2   38.013155617496430     
           2           3   25.442730064156621     
           2           4   31.590842319543658     
           2           5   51.632476255381000     
           2           6   37.276602850410136     
           2           1   53.098262498970882     
           2           2   34.000000000000000     
           2           3   49.210821525356309     
           2           4   52.059685697841005     
           2           5   39.373717583502518     
           2           6   51.459372088409218     
           2           1   38.713545451402020     
           2           2   17.000000000000000     
           2           3   32.231380511925792     
           2           4   36.433058313427665     
           2           5   27.302855617123516     
           2           6   35.569977532040625     
           2           1   27.496394716870114     
           2           2   0.0000000000000000     
           2           3   15.297673816911749     
           2           4   22.858797019555738     
           2           5   22.772839378381661     
           2           6   21.456458876673938     
           2           1   24.317994231311008     
           2           2   17.000000000000007     
           2           3   2.6787606673058764     
           2           4   17.195390786279891     
           2           5   29.491668346460969     
           2           6   15.281883176589357     
           2           1   31.696655414132067     
           2           2   34.000000000000007     
           2           3   18.929677578257451     
           2           4   25.433016482606007     
           2           5   42.413615624722745     
           2           6   24.180411065973420     
           2           1   50.303362935375439     
           2           2   38.013155617496423     
           2           3   52.064432536038609     
           2           4   54.194721919244401     
           2           5   35.514670524230660     
           2           6   49.205834359205767     
           2           1   34.781337576583454     
           2           2   24.041630560342615     
           2           3   36.439841791695436     
           2           4   39.423657199908014     
           2           5   21.364646286534569     
           2           6   32.223756157253298     
           2           1   21.611445222946308     
           2           2   17.000000000000000     
           2           3   22.869608748465090     
           2           4   27.374835344299122     
           2           5   15.152702711160565     
           2           6   15.281583254972135     
           2           1   17.388722944269407     
           2           2   24.041630560342622     
           2           3   17.209762892380265     
           2           4   22.859100446848686     
           2           5   24.098976906850012     
           2           6   2.5851716916231622     
           2           1   26.752211247684063     
           2           2   38.013155617496430     
           2           3   25.442737142768792     
           2           4   29.558337848240843     
           2           5   38.857650166485463     
           2           6   18.916644484995082     
           2           1   53.098316026090593     
           2           2   48.083261120685229     
           2           3   59.813922421113290     
           2           4   61.171275063141096     
           2           5   39.373773105252432     
           2           6   52.653217320861216     
           2           1   38.713618867457249     
           2           2   38.013155617496416     
           2           3   46.849356984947370     
           2           4   48.570379409287071     
           2           5   27.302935685526155     
           2           6   37.276233985400999     
           2           1   27.496498082899475     
           2           2   33.999999999999993     
           2           3   37.282961046664660     
           2           4   39.423833135220718     
           2           5   22.772935374080674     
           2           6   24.180031969186679     
           2           1   24.318111107383466     
           2           2   38.013155617496423     
           2           3   34.105367889984599     
           2           4   36.433439066129289     
           2           5   29.491742472362201     
           2           6   18.916402193002106     
           2           1   31.696745082724178     
           2           2   48.083261120685229     
           2           3   38.914432456548433     
           2           4   40.970139678758549     
           2           5   42.413667167084363     
           2           6   26.626802245555883     
           2           1   69.587501808964547     
           2           2   51.000000000000000     
           2           3   61.645223952320023     
           2           4   60.839938486700611     
           2           5   60.331224063640732     
           2           6   71.587512956023687     
           2           1   59.344195411352551     
           2           2   41.641325627314025     
           2           3   49.165949300667101     
           2           4   48.152414043089713     
           2           5   53.244839050571841     
           2           6   61.171303215849377     
           2           1   52.716663874233831     
           2           2   38.013155617496423     
           2           3   40.155292367754541     
           2           4   38.907734980190931     
           2           5   51.070237653895610     
           2           6   54.194876723006850     
           2           1   51.130810389012055     
           2           2   41.641325627314032     
           2           3   37.223708031897139     
           2           4   35.874346048400696     
           2           5   54.399682559087189     
           2           6   52.059974922376156     
           2           1   55.024293653306039     
           2           2   51.000000000000007     
           2           3   41.674469092575151     
           2           4   40.473763940508817     
           2           5   62.357691995723613     
           2           6   55.329895308187226     
           2           1   58.287419313357240     
           2           2   41.641325627314025     
           2           3   54.158414085264113     
           2           4   52.653158727770098     
           2           5   46.849319985635489     
           2           6   61.171228289785908     
           2           1   45.571223060384099     
           2           2   29.444863728670914     
           2           3   39.373731734939881     
           2           4   37.276158427651609     
           2           5   37.282905890240663     
           2           6   48.570314970953497     
           2           1   36.524642260088413     
           2           2   24.041630560342615     
           2           3   27.302887855300025     
           2           4   24.179926596973193     
           2           5   34.105298123966307     
           2           6   39.423746933468344     
           2           1   34.195944397480659     
           2           2   29.444863728670917     
           2           3   22.772892212961604     
           2           4   18.916281699811957     
           2           5   38.914363011986936     
           2           6   36.433338416492653     
           2           1   39.782857291096391     
           2           2   41.641325627314032     
           2           3   29.491720096448176     
           2           4   26.626726731956186     
           2           5   49.431608684451838     
           2           6   40.970043618077888     
           2           1   50.303340767881579     
           2           2   38.013155617496423     
           2           3   51.421143475521603     
           2           4   49.205814015804989     
           2           5   36.439826690253440     
           2           6   54.194707580476432     
           2           1   34.781305516293799     
           2           2   24.041630560342615     
           2           3   35.514657971522908     
           2           4   32.223733428478155     
           2           5   22.869570562644686     
           2           6   39.423630675394101     
           2           1   21.611393625259854     
           2           2   17.000000000000000     
           2           3   21.364640538476966     
           2           4   15.281552904768869     
           2           5   17.209693379716612     
           2           6   27.374787332989445     
           2           1   17.388658816426148     
           2           2   24.041630560342622     
           2           3   15.152715922976018     
           2           4   2.5850961863882600     
           2           5   25.442677428445680     
           2           6   22.859031200445141     
           2           1   26.752169565144193     
           2           2   38.013155617496430     
           2           3   24.098998617089649     
           2           4   18.916648366042768     
           2           5   39.704988644149196     
           2           6   29.558275208804886     
           2           1   47.343731735131556     
           2           2   41.641325627314025     
           2           3   54.158417410679768     
           2           4   51.459393135794265     
           2           5   32.231400145121668     
           2           6   52.059710803898959     
           2           1   30.343731735174824     
           2           2   29.444863728670914     
           2           3   39.373736309035991     
           2           4   35.570015532971851     
           2           5   15.297694068683247     
           2           6   36.433086815175564     
           2           1   13.343731735328323     
           2           2   24.041630560342615     
           2           3   27.302894451643347     
           2           4   21.456534392289175     
           2           5   2.6787557415904932     
           2           6   22.858830695786793     
           2           1   3.6562682659455867     
           2           2   29.444863728670917     
           2           3   22.772900121452576     
           2           4   15.282006780495729     
           2           5   18.929659818052240     
           2           6   17.195419933085947     
           2           1   20.656268265122652     
           2           2   41.641325627314032     
           2           3   29.491726203220669     
           2           4   24.180500291572688     
           2           5   35.881587330151092     
           2           6   25.433025627551562     
           2           1   50.303397269037291     
           2           2   50.999999999999993     
           2           3   61.645229795408056     
           2           4   58.761604393093862     
           2           5   36.439886682235873     
           2           6   55.329563962115579     
           2           1   34.781387232465889     
           2           2   41.641325627314025     
           2           3   49.165956626844384     
           2           4   45.498164951590049     
           2           5   22.869666152313393     
           2           6   40.969708006457218     
           2           1   21.611525138751635     
           2           2   38.013155617496416     
           2           3   40.155301337890876     
           2           4   35.570210528948607     
           2           5   17.209820406452426     
           2           6   29.557965086096328     
           2           1   17.388822266934771     
           2           2   41.641325627314025     
           2           3   37.223717708483910     
           2           4   32.224163917553483     
           2           5   25.442763350831683     
           2           6   25.432845415474347     
           2           1   26.752275806727152     
           2           2   51.000000000000000     
           2           3   41.674477735719449     
           2           4   37.276716637828841     
           2           5   39.705043702664547     
           2           6   31.590915653458662     
           2           1   71.633937627444752     
           2           2   58.889727457341827     
           2           3   67.827447816215212     
           2           4   63.170399500600865     
           2           5   63.209397480813827     
           2           6   77.406533091392603     
           2           1   61.731144011923163     
           2           2   51.000000000000000     
           2           3   56.724946996585857     
           2           4   51.065215520715697     
           2           5   56.485256646239918     
           2           6   67.889083740505612     
           2           1   55.389956328101121     
           2           2   48.083261120685229     
           2           3   49.121039751511290     
           2           4   42.459546621328556     
           2           5   54.440247123756414     
           2           6   61.677256886326496     
           2           1   53.882839411422097     
           2           2   51.000000000000000     
           2           3   46.755036956178635     
           2           4   39.698488162654286     
           2           5   57.575140428832185     
           2           6   59.810035469964689     
           2           1   57.590567839232627     
           2           2   58.889727457341834     
           2           3   50.370531218935021     
           2           4   43.899052672148080     
           2           5   65.146397320986395     
           2           6   62.676922936715386     
           2           1   60.715927582563786     
           2           2   51.000000000000000     
           2           3   61.102887471547859     
           2           4   55.329525409240162     
           2           5   50.501783295114997     
           2           6   67.889016228555732     
           2           1   48.638842330171499     
           2           2   41.641325627314025     
           2           3   48.484222091982851     
           2           4   40.969662497064604     
           2           5   41.780215467261932     
           2           6   56.798546199507861     
           2           1   40.287096001417574     
           2           2   38.013155617496423     
           2           3   39.317638870725645     
           2           4   29.557911093901936     
           2           5   38.971049421267971     
           2           6   49.206007522193403     
           2           1   38.188522166163857     
           2           2   41.641325627314032     
           2           3   36.318503009800303     
           2           4   25.432793227379499     
           2           5   43.242328585530501     
           2           6   46.844289963352836     
           2           1   43.262874918846300     
           2           2   51.000000000000007     
           2           3   40.867965393165235     
           2           4   31.590882141185453     
           2           5   52.906098608790515     
           2           6   50.453382721748241     
           2           1   53.098274024770490     
           2           2   48.083261120685229     
           2           3   58.690399874765582     
           2           4   52.059709862406940     
           2           5   41.029651498471175     
           2           6   61.677108263385279     
           2           1   38.713561259819137     
           2           2   38.013155617496423     
           2           3   45.406166673305094     
           2           4   36.433092842491703     
           2           5   29.640995101212031     
           2           6   49.205914376524639     
           2           1   27.496416974324521     
           2           2   34.000000000000000     
           2           3   35.452459808425701     
           2           4   22.858852053006721     
           2           5   25.529294527936980     
           2           6   40.204207933080824     
           2           1   24.318019397847230     
           2           2   38.013155617496430     
           2           3   32.094140290279114     
           2           4   17.195463945264137     
           2           5   31.668614867060899     
           2           6   37.276462565846082     
           2           1   31.696674722157002     
           2           2   48.083261120685236     
           2           3   37.164375085237140     
           2           4   25.433065945821561     
           2           5   43.955175532607171     
           2           6   41.721588983635911     
           2           1   50.303375101558565     
           2           2   51.000000000000000     
           2           3   61.102890419022962     
           2           4   54.194745131832008     
           2           5   37.342127526230215     
           2           6   59.809805575554194     
           2           1   34.781355172222014     
           2           2   41.641325627314025     
           2           3   48.484225806577605     
           2           4   39.423689109669311     
           2           5   24.281490413261661     
           2           6   46.844094279664745     
           2           1   21.611473541255990     
           2           2   38.013155617496423     
           2           3   39.317643451347429     
           2           4   27.374881298874847     
           2           5   19.045919909350545     
           2           6   37.276339610785875     
           2           1   17.388758139457810     
           2           2   41.641325627314032     
           2           3   36.318507968683974     
           2           4   22.859155479569168     
           2           5   26.718969922088558     
           2           6   34.098120485961822     
           2           1   26.752234124287874     
           2           2   51.000000000000007     
           2           3   40.867969800021129     
           2           4   29.558380408113479     
           2           5   40.534672099346636     
           2           6   38.908073025680601     
           2           1   53.098327551878583     
           2           2   58.889727457341827     
           2           3   67.827453126727164     
           2           4   61.171295628345717     
           2           5   41.029704779397115     
           2           6   62.676630431428258     
           2           1   38.713634675844389     
           2           2   50.999999999999993     
           2           3   56.724953346498658     
           2           4   48.570405309839622     
           2           5   29.641068853679354     
           2           6   50.453110192874774     
           2           1   27.496520340270209     
           2           2   48.083261120685229     
           2           3   49.121047084386618     
           2           4   39.423865044839609     
           2           5   25.529380158802084     
           2           6   41.721369273202065     
           2           1   24.318136273798739     
           2           2   51.000000000000000     
           2           3   46.755044660128434     
           2           4   36.433473594832478     
           2           5   31.668683897451679     
           2           6   38.907955226758119     
           2           1   31.696764390694490     
           2           2   58.889727457341827     
           2           3   50.370538369911060     
           2           4   40.970170384036543     
           2           5   43.955225267319385     
           2           6   43.185475635031963     
           3           1   77.724775180449200     
           3           2   50.370538369911060     
           3           3   58.889727457341827     
           3           4   69.604197130382403     
           3           5   71.462594518265533     
           3           6   67.827680690362214     
           3           1   72.362261320079313     
           3           2   46.755044660128434     
           3           3   51.000000000000000     
           3           4   63.069360126551821     
           3           5   69.411106959059765     
           3           6   61.103139520209460     
           3           1   70.777489711486098     
           3           2   49.121047084386618     
           3           3   48.083261120685229     
           3           4   60.735032027490000     
           3           5   71.462585478570773     
           3           6   58.690655564737305     
           3           1   73.216181519959065     
           3           2   56.724953346498658     
           3           3   51.000000000000000     
           3           4   63.069358994584583     
           3           5   77.291011620252675     
           3           6   61.103129559876699     
           3           1   79.308041350594891     
           3           2   67.827453126727178     
           3           3   58.889727457341827     
           3           4   69.604195078998927     
           3           5   86.133035655792568     
           3           6   67.827662744661367     
           3           1   67.794862186972637     
           3           2   40.867969800021122     
           3           3   51.000000000000000     
           3           4   62.574763978876717     
           3           5   60.513671358479264     
           3           6   56.725137699143012     
           3           1   61.573529421779028     
           3           2   36.318507968683974     
           3           3   41.641325627314025     
           3           4   55.214137823746547     
           3           5   58.076705961013602     
           3           6   48.484437073964088     
           3           1   59.703062835659971     
           3           2   39.317643451347429     
           3           3   38.013155617496423     
           3           4   52.531904060553821     
           3           5   60.513660683204684     
           3           6   45.406387543732556     
           3           1   62.574850367083080     
           3           2   48.484225806577605     
           3           3   41.641325627314025     
           3           4   55.214136530736241     
           3           5   67.297120913765937     
           3           6   48.484424521325174     
           3           1   69.604368289403453     
           3           2   61.102890419022962     
           3           3   51.000000000000000     
           3           4   62.574761697047904     
           3           5   77.291020418170390     
           3           6   56.725116241013779     
           3           1   61.066733996914024     
           3           2   37.164375085237140     
           3           3   48.083261120685229     
           3           4   59.703081292837162     
           3           5   52.866874574557855     
           3           6   49.121158640037571     
           3           1   54.076817468800158     
           3           2   32.094140290279114     
           3           3   38.013155617496423     
           3           4   51.937056563369794     
           3           5   50.059022975703705     
           3           6   39.317777372737957     
           3           1   51.937061661765242     
           3           2   35.452459808425701     
           3           3   34.000000000000000     
           3           4   49.076040723292110     
           3           5   52.866862355184566     
           3           6   35.452602287062540     
           3           1   55.214260481890726     
           3           2   45.406166673305094     
           3           3   38.013155617496423     
           3           4   51.937055188774195     
           3           5   60.513671920335746     
           3           6   39.317761893539661     
           3           1   63.069570690358709     
           3           2   58.690399874765589     
           3           3   48.083261120685229     
           3           4   59.703078901253733     
           3           5   71.462604509505738     
           3           6   49.121133860178013     
           3           1   58.652780523595787     
           3           2   40.867965393165235     
           3           3   51.000000000000000     
           3           4   61.573653007647003     
           3           5   50.059049464427815     
           3           6   46.755055398242654     
           3           1   51.335220362370826     
           3           2   36.318503009800303     
           3           3   41.641325627314025     
           3           4   54.076932913338091     
           3           5   47.084050242964764     
           3           6   36.318515893207781     
           3           1   49.076073968454807     
           3           2   39.317638870725645     
           3           3   38.013155617496423     
           3           4   51.335315348415072     
           3           5   50.059036559666524     
           3           6   32.094142582060570     
           3           1   52.532058998875364     
           3           2   48.484222091982858     
           3           3   41.641325627314025     
           3           4   54.076931593136564     
           3           5   58.076729378314944     
           3           6   36.318499135703291     
           3           1   60.735273187542319     
           3           2   61.102887471547866     
           3           3   51.000000000000000     
           3           4   61.573650688718487     
           3           5   69.411136349162518     
           3           6   46.755029364363878     
           3           1   61.066777590178603     
           3           2   50.370531218935014     
           3           3   58.889727457341827     
           3           4   67.795070422215147     
           3           5   52.866912518909494     
           3           6   50.370449516018219     
           3           1   54.076866696882639     
           3           2   46.755036956178628     
           3           3   51.000000000000000     
           3           4   61.066942793631505     
           3           5   50.059063048383443     
           3           6   40.867855043275604     
           3           1   51.937112917994291     
           3           2   49.121039751511283     
           3           3   48.083261120685229     
           3           4   58.652974611422863     
           3           5   52.866900299544973     
           3           6   37.164243127374931     
           3           1   55.214308695849525     
           3           2   56.724946996585849     
           3           3   51.000000000000000     
           3           4   61.066941624546466     
           3           5   60.513705069860229     
           3           6   40.867840151188339     
           3           1   63.069612899276926     
           3           2   67.827447816215198     
           3           3   58.889727457341827     
           3           4   67.795068316090052     
           3           5   71.462632580125600     
           3           6   50.370425350750502     
           3           1   68.284055589293047     
           3           2   41.674477735719449     
           3           3   51.000000000000000     
           3           4   58.875431845850834     
           3           5   61.603934184616975     
           3           6   61.645474941020844     
           3           1   62.111741516606493     
           3           2   37.223717708483910     
           3           3   41.641325627314025     
           3           4   50.983491481488180     
           3           5   59.211857436012082     
           3           6   54.158692488800689     
           3           1   60.257983875415327     
           3           2   40.155301337890876     
           3           3   38.013155617496423     
           3           4   48.065750095577719     
           3           5   61.603923698272816     
           3           6   51.421429030015524     
           3           1   63.104522874623562     
           3           2   49.165956626844384     
           3           3   41.641325627314025     
           3           4   50.983490081182957     
           3           5   68.279153253556231     
           3           6   54.158681251313446     
           3           1   70.080931741365731     
           3           2   61.645229795408063     
           3           3   51.000000000000000     
           3           4   58.875429420647393     
           3           5   78.147566328214069     
           3           6   61.645455195608847     
           3           1   56.724905551449851     
           3           2   29.491726203220665     
           3           3   41.641325627314025     
           3           4   50.370361363429005     
           3           5   48.477280379809045     
           3           6   49.166162753025880     
           3           1   49.120984276834079     
           3           2   22.772900121452579     
           3           3   29.444863728670914     
           3           4   40.867752965999642     
           3           5   45.398745214186462     
           3           6   39.373988256836221     
           3           1   46.754970675095670     
           3           2   27.302894451643347     
           3           3   24.041630560342615     
           3           4   37.164138105134690     
           3           5   48.477267053977144     
           3           6   35.514931263370400     
           3           1   50.370462270393453     
           3           2   39.373736309035998     
           3           3   29.444863728670914     
           3           4   40.867751219085640     
           3           5   56.718998360537164     
           3           6   39.373972799736265     
           3           1   58.875628708636356     
           3           2   54.158417410679775     
           3           3   41.641325627314025     
           3           4   50.370358528728254     
           3           5   68.279163212671378     
           3           6   49.166137995848509     
           3           1   48.484199198503305     
           3           2   24.098998617089649     
           3           3   38.013155617496423     
           3           4   46.755001152063031     
           3           5   38.510371577311702     
           3           6   40.155429757506404     
           3           1   39.317601127538580     
           3           2   15.152715922976023     
           3           3   24.041630560342615     
           3           4   36.318453454641585     
           3           5   34.555000694872184     
           3           6   27.303075475163567     
           3           1   36.318451852031053     
           3           2   21.364640538476966     
           3           3   17.000000000000000     
           3           4   32.094080294417516     
           3           5   38.510354802606230     
           3           6   21.364861848252740     
           3           1   40.867910778902960     
           3           2   35.514657971522915     
           3           3   24.041630560342615     
           3           4   36.318451488906710     
           3           5   48.477281081168492     
           3           6   27.303053184348684     
           3           1   50.983745624820926     
           3           2   51.421143475521610     
           3           3   38.013155617496423     
           3           4   46.754998098167235     
           3           5   61.603945774784719     
           3           6   40.155399444904290     
           3           1   45.406169558986043     
           3           2   29.491720096448173     
           3           3   41.641325627314025     
           3           4   49.121145768155799     
           3           5   34.555039068457376     
           3           6   37.223722518886156     
           3           1   35.452452954957366     
           3           2   22.772892212961608     
           3           3   29.444863728670914     
           3           4   39.317768123126747     
           3           5   30.084050242987818     
           3           6   22.772898576059209     
           3           1   32.094121066443620     
           3           2   27.302887855300025     
           3           3   24.041630560342615     
           3           4   35.452599605550979     
           3           5   34.555020373639124     
           3           6   15.152699460753743     
           3           1   37.164348420651947     
           3           2   39.373731734939888     
           3           3   29.444863728670914     
           3           4   39.317766307345906     
           3           5   45.398775170951637     
           3           6   22.772871850962801     
           3           1   48.066048100875626     
           3           2   54.158414085264120     
           3           3   41.641325627314025     
           3           4   49.121142861364866     
           3           5   59.211891888560821     
           3           6   37.223689818888474     
           3           1   48.484254105004361     
           3           2   41.674469092575144     
           3           3   51.000000000000000     
           3           4   56.725160118094024     
           3           5   38.510423667139968     
           3           6   41.674362590398829     
           3           1   39.317668835050576     
           3           2   37.223708031897132     
           3           3   41.641325627314025     
           3           4   48.484468843444667     
           3           5   34.555058747202473     
           3           6   29.491556227308198     
           3           1   36.318525150765446     
           3           2   40.155292367754534     
           3           3   38.013155617496423     
           3           4   45.406427382458844     
           3           5   38.510406892457183     
           3           6   24.098781714039571     
           3           1   40.867975917958759     
           3           2   49.165949300667101     
           3           3   41.641325627314025     
           3           4   48.484467370963863     
           3           5   48.477322461359321     
           3           6   29.491535590629653     
           3           1   50.983797839460053     
           3           2   61.645223952320023     
           3           3   51.000000000000000     
           3           4   56.725157600958774     
           3           5   61.603978337625350     
           3           6   41.674333382620802     
           3           1   62.147275230632253     
           3           2   38.914432456548433     
           3           3   48.083261120685229     
           3           4   51.632244691720693     
           3           5   55.327994711205697     
           3           6   59.814169672196591     
           3           1   55.294122699397555     
           3           2   34.105367889984599     
           3           3   38.013155617496423     
           3           4   42.413307115966226     
           3           5   52.651556033636886     
           3           6   52.064712473678078     
           3           1   53.203347560093498     
           3           2   37.282961046664660     
           3           3   34.000000000000000     
           3           4   38.857284376559598     
           3           5   55.327983035379162     
           3           6   49.211113342000466     
           3           1   56.407024191178365     
           3           2   46.849356984947370     
           3           3   38.013155617496423     
           3           4   42.413305432710317     
           3           5   62.675234828145669     
           3           6   52.064700784232535     
           3           1   64.116367369091151     
           3           2   59.813922421113297     
           3           3   48.083261120685229     
           3           4   51.632241926299557     
           3           5   73.302008258731931     
           3           6   59.814149322247417     
           3           1   49.165907707386012     
           3           2   25.442737142768788     
           3           3   38.013155617496423     
           3           4   41.674278887015120     
           3           5   40.201853250356557     
           3           6   46.849566409170997     
           3           1   40.155232127274196     
           3           2   17.209762892380265     
           3           3   24.041630560342615     
           3           4   29.491447054362489     
           3           5   36.430596464554405     
           3           6   36.440105160657410     
           3           1   37.223632999740218     
           3           2   22.869608748465090     
           3           3   17.000000000000000     
           3           4   24.098659256643668     
           3           5   40.201837181442386     
           3           6   32.231671621438096     
           3           1   41.674393099401264     
           3           2   36.439841791695443     
           3           3   24.041630560342615     
           3           4   29.491444633577530     
           3           5   49.831587038375595     
           3           6   36.440088459067510     
           3           1   51.632462915374255     
           3           2   52.064432536038609     
           3           3   38.013155617496423     
           3           4   41.674275460803401     
           3           5   62.675245677725130     
           3           6   46.849540427811164     
           3           1   39.373711315933143     
           3           2   18.929677578257447     
           3           3   34.000000000000000     
           3           4   37.223679957786402     
           3           5   27.371353835044449     
           3           6   37.283090696458153     
           3           1   27.302844710661862     
           3           2   2.6787606673058755     
           3           3   17.000000000000000     
           3           4   22.772840802307922     
           3           5   21.452048031905999     
           3           6   22.869810739767214     
           3           1   22.772824062873521     
           3           2   15.297673816911749     
           3           3   0.0000000000000000     
           3           4   15.152630359604634     
           3           5   27.371330233717210     
           3           6   15.297961781401440     
           3           1   29.491654790850006     
           3           2   32.231380511925799     
           3           3   17.000000000000000     
           3           4   22.772837667325597     
           3           5   40.201854096088674     
           3           6   22.869784127920106     
           3           1   42.413604996589719     
           3           2   49.210821525356316     
           3           3   34.000000000000000     
           3           4   37.223676121924271     
           3           5   55.328007616063687     
           3           6   37.283058048530748     
           3           1   35.514670277079638     
           3           2   25.442730064156621     
           3           3   38.013155617496423     
           3           4   40.155437719525651     
           3           5   21.452109844096942     
           3           6   34.105363669565605     
           3           1   21.364643488571456     
           3           2   17.209752427430832     
           3           3   24.041630560342615     
           3           4   27.303097023126426     
           3           5   13.084050243070784     
           3           6   17.209742079002030     
           3           1   15.152695400417494     
           3           2   22.869600873416736     
           3           3   17.000000000000000     
           3           4   21.364901957692357     
           3           5   21.452079730487679     
           3           6   2.6785469602417620     
           3           1   24.098970193805133     
           3           2   36.439836849323385     
           3           3   24.041630560342615     
           3           4   27.303094408314934     
           3           5   36.430633795793341     
           3           6   17.209706714835892     
           3           1   38.857644690665218     
           3           2   52.064429076877708     
           3           3   38.013155617496423     
           3           4   40.155434163720727     
           3           5   52.651594778916241     
           3           6   34.105327979703034     
           3           1   39.373778926957542     
           3           2   38.914423200380277     
           3           3   48.083261120685229     
           3           4   49.166207981638138     
           3           5   27.371427123246594     
           3           6   38.914300844115488     
           3           1   27.302942213120563     
           3           2   34.105357328639982     
           3           3   38.013155617496423     
           3           4   39.374051555577182     
           3           5   21.452141542587285     
           3           6   25.442527421205121     
           3           1   22.772940960646157     
           3           2   37.282951385454176     
           3           3   34.000000000000000     
           3           4   35.515009003360838     
           3           5   27.371403521982550     
           3           6   18.929384379086969     
           3           1   29.491745056899401     
           3           2   46.849349296506368     
           3           3   38.013155617496423     
           3           4   39.374049742391911     
           3           5   40.201903994253790     
           3           6   25.442503500317514     
           3           1   42.413667761763129     
           3           2   59.813916399128928     
           3           3   48.083261120685229     
           3           4   49.166205077511364     
           3           5   55.328043872553444     
           3           6   38.914269564725430     
           3           1   60.331214055928385     
           3           2   43.242386755191532     
           3           3   51.000000000000000     
           3           4   49.431375752410673     
           3           5   53.901106579585083     
           3           6   62.716068167931375     
           3           1   53.244826753087715     
           3           2   38.971105678200693     
           3           3   41.641325627314025     
           3           4   39.704670221317350     
           3           5   51.150060063540394     
           3           6   55.374223225586320     
           3           1   51.070223834152131     
           3           2   41.780260210743165     
           3           3   38.013155617496423     
           3           4   35.881203519267807     
           3           5   53.901094594672102     
           3           6   52.700132724970537     
           3           1   54.399668647653314     
           3           2   50.501813915673672     
           3           3   41.641325627314025     
           3           4   39.704668423230387     
           3           5   61.419275089370679     
           3           6   55.374212234775477     
           3           1   62.357679041787222     
           3           2   62.715837507516817     
           3           3   51.000000000000000     
           3           4   49.431372863862677     
           3           5   72.231064691750106     
           3           6   62.716048759583096     
           3           1   46.849312178104519     
           3           2   31.668656936888251     
           3           3   41.641325627314025     
           3           4   38.914235667978986     
           3           5   38.214281316070682     
           3           6   50.502001797924969     
           3           1   37.282894711456720     
           3           2   25.529334062647280     
           3           3   29.444863728670914     
           3           4   25.442438291770692     
           3           5   34.224708187270039     
           3           6   41.029886387730393     
           3           1   34.105284408279637     
           3           2   29.641018254745649     
           3           3   24.041630560342615     
           3           4   18.929278772264702     
           3           5   38.214264411392094     
           3           6   37.342348190526415     
           3           1   38.914349680724683     
           3           2   41.029660352896997     
           3           3   29.444863728670914     
           3           4   25.442435485732542     
           3           5   48.242402080574180     
           3           6   41.029871554453571     
           3           1   49.431597157868488     
           3           2   55.373965851923678     
           3           3   41.641325627314025     
           3           4   38.914231998758687     
           3           5   61.419286160812611     
           3           6   50.501977695605206     
           3           1   36.439823183719412     
           3           2   26.718975505941028     
           3           3   38.013155617496423     
           3           4   34.105345130492417     
           3           5   24.358433909095790     
           3           6   41.780368173947657     
           3           1   22.869562745378619     
           3           2   19.045910783761407     
           3           3   24.041630560342615     
           3           4   17.209720947114572     
           3           5   17.445132745375926     
           3           6   29.641163204959845     
           3           1   17.209680028079678     
           3           2   24.281469953009875     
           3           3   16.999999999999996     
           3           4   2.6785114681676698     
           3           5   24.358407388492932     
           3           6   24.281638073563172     
           3           1   25.442666392753715     
           3           2   37.342105572327384     
           3           3   24.041630560342615     
           3           4   17.209716798734870     
           3           5   38.214282205790376     
           3           6   29.641142672440278     
           3           1   39.704980288082673     
           3           2   52.699866357238193     
           3           3   38.013155617496423     
           3           4   34.105340943908026     
           3           5   53.901119826064715     
           3           6   41.780339040275955     
           3           1   32.231403564846147     
           3           2   31.668651249900631     
           3           3   41.641325627314025     
           3           4   37.283124806231001     
           3           5   17.445208754950059     
           3           6   38.971093696528705     
           3           1   15.297697940018688     
           3           2   25.529327008046163     
           3           3   29.444863728670914     
           3           4   22.869878091597883     
           3           5   3.9159497575665929     
           3           6   25.529307379873561     
           3           1   2.6787588111151051     
           3           2   29.641012178730968     
           3           3   24.041630560342615     
           3           4   15.298080027640735     
           3           5   17.445171724686048     
           3           6   19.045863768506642     
           3           1   18.929657558239178     
           3           2   41.029655963407741     
           3           3   29.444863728670914     
           3           4   22.869874969917344     
           3           5   34.224747924620061     
           3           6   25.529283540298604     
           3           1   35.881584716624154     
           3           2   55.373962599506299     
           3           3   41.641325627314025     
           3           4   37.283120976484838     
           3           5   51.150099946175914     
           3           6   38.971062462722365     
           3           1   36.439896238315761     
           3           2   43.242378425435717     
           3           3   51.000000000000000     
           3           4   46.849634194559002     
           3           5   24.358516262362631     
           3           6   43.242260845804779     
           3           1   22.869679148673995     
           3           2   38.971096435493202     
           3           3   41.641325627314025     
           3           4   36.440199680730942     
           3           5   17.445247734090348     
           3           6   31.668478246500385     
           3           1   17.209834713540069     
           3           2   41.780251589482241     
           3           3   38.013155617496423     
           3           4   32.231786816419209     
           3           5   24.358489741849432     
           3           6   26.718755694109621     
           3           1   25.442771023837864     
           3           2   50.501806783286035     
           3           3   41.641325627314025     
           3           4   36.440197721563564     
           3           5   38.214334699217048     
           3           6   31.668459028408101     
           3           1   39.705047335011677     
           3           2   62.715831764174808     
           3           3   51.000000000000000     
           3           4   46.849631146831861     
           3           5   53.901157042347279     
           3           6   43.242232697056821     
           3           1   63.209389811423932     
           3           2   52.947851430967980     
           3           3   58.889727457341827     
           3           4   52.905889328564420     
           3           5   57.684240328224625     
           3           6   69.762995343626898     
           3           1   56.485247160976634     
           3           2   49.520884853279632     
           3           3   51.000000000000000     
           3           4   43.954897955220630     
           3           5   55.122327021311207     
           3           6   63.244564277946900     
           3           1   54.440236345378715     
           3           2   51.760613425148883     
           3           3   48.083261120685229     
           3           4   40.534343251882227     
           3           5   57.684229129324201     
           3           6   60.916945935427556     
           3           1   57.575129351524417     
           3           2   59.025453557288529     
           3           3   51.000000000000000     
           3           4   43.954896331000050     
           3           5   64.764725308182804     
           3           6   63.244554654865354     
           3           1   65.146386748221445     
           3           2   69.762792612821542     
           3           3   58.889727457341827     
           3           4   52.905886629717429     
           3           5   75.096398037751285     
           3           6   69.762977895762859     
           3           1   50.501778408604444     
           3           2   44.005395022163064     
           3           3   51.000000000000000     
           3           4   43.242224208443552     
           3           5   43.387481930210868     
           3           6   59.025608836062929     
           3           1   41.780208340024593     
           3           2   39.816050237969819     
           3           3   41.641325627314025     
           3           4   31.668436701246453     
           3           5   39.918328399926445     
           3           6   51.156836198697405     
           3           1   38.971040471610905     
           3           2   42.569483459967643     
           3           3   38.013155617496423     
           3           4   26.718716505633367     
           3           5   43.387467041121148     
           3           6   48.249572860832714     
           3           1   43.242319340479533     
           3           2   51.156661223582418     
           3           3   41.641325627314025     
           3           4   31.668434446874009     
           3           5   52.435404549258259     
           3           6   51.156824301800164     
           3           1   52.906090088458477     
           3           2   63.244344039924265     
           3           3   51.000000000000000     
           3           4   43.242220906464873     
           3           5   64.764735807724662     
           3           6   59.025588214245680     
           3           1   41.029651284540890     
           3           2   40.589094729463604     
           3           3   48.083261120685229     
           3           4   38.971101900514647     
           3           5   31.866527803392277     
           3           6   51.760694330939103     
           3           1   29.640993084495381     
           3           2   36.004411902616773     
           3           3   38.013155617496423     
           3           4   25.529330424980753     
           3           5   26.953199220952836     
           3           6   42.569576800966189     
           3           1   25.529290188706341     
           3           2   39.027691988499839     
           3           3   34.000000000000000     
           3           4   19.045908761605457     
           3           5   31.866507531330953     
           3           6   39.027788310456515     
           3           1   31.668609758611961     
           3           2   48.249391783162800     
           3           3   38.013155617496423     
           3           4   25.529327628493292     
           3           5   43.387482713847000     
           3           6   42.569562504191346     
           3           1   43.955170691823355     
           3           2   60.916720799309772     
           3           3   48.083261120685229     
           3           4   38.971098236648430     
           3           5   57.684252705954094     
           3           6   51.760670814728634     
           3           1   37.342133664672545     
           3           2   44.005390929500066     
           3           3   51.000000000000000     
           3           4   41.780421397914246     
           3           5   26.953248417294184     
           3           6   49.520868901645024     
           3           1   24.281497753111221     
           3           2   39.816045714687050     
           3           3   41.641325627314025     
           3           4   29.641247288109223     
           3           5   20.915949757167883     
           3           6   39.816025017150572     
           3           1   19.045926589127138     
           3           2   42.569479229254981     
           3           3   38.013155617496423     
           3           4   24.281751777876199     
           3           5   26.953224449857032     
           3           6   36.004378060991520     
           3           1   26.718972774837265     
           3           2   51.156657703038945     
           3           3   41.641325627314025     
           3           4   29.641244879558375     
           3           5   39.918362469474751     
           3           6   39.816009731655114     
           3           1   40.534672721591939     
           3           2   63.244341192250680     
           3           3   51.000000000000000     
           3           4   41.780417980406767     
           3           5   55.122364029895984     
           3           6   49.520844321797483     
           3           1   41.029716166816371     
           3           2   52.947844628076055     
           3           3   58.889727457341827     
           3           4   50.502083531615661     
           3           5   31.866590753395162     
           3           6   52.947742500761201     
           3           1   29.641082895764580     
           3           2   49.520877579610854     
           3           3   51.000000000000000     
           3           4   41.029993536946080     
           3           5   26.953273646152329     
           3           6   44.005259087060963     
           3           1   25.529394464766732     
           3           2   51.760606466218370     
           3           3   48.083261120685229     
           3           4   37.342473113726527     
           3           5   31.866570481373884     
           3           6   40.588942074311433     
           3           1   31.668693819634196     
           3           2   59.025447454861784     
           3           3   51.000000000000000     
           3           4   41.029991796939711     
           3           5   43.387528948355303     
           3           6   44.005245256722020     
           3           1   43.955231255742603     
           3           2   69.762787449632285     
           3           3   58.889727457341827     
           3           4   50.502080704308533     
           3           5   57.684287481465603     
           3           6   52.947719511766536     
           4           1   67.889131967064515     
           4           2   40.970170384036543     
           4           3   50.502080704308533     
           4           4   58.889727457341827     
           4           5   61.103185563973248     
           4           6   60.716520693980868     
           4           1   61.677309418764580     
           4           2   36.433473594832478     
           4           3   41.029991796939719     
           4           4   51.000000000000000     
           4           5   58.690703790786124     
           4           6   53.098920403031762     
           4           1   59.810089073955979     
           4           2   39.423865044839609     
           4           3   37.342473113726527     
           4           4   48.083261120685229     
           4           5   61.103176160083898     
           4           6   50.304023802797310     
           4           1   62.676973546359690     
           4           2   48.570405309839629     
           4           3   41.029993536946080     
           4           4   51.000000000000000     
           4           5   67.827704975494285     
           4           6   53.098910285779816     
           4           1   69.696192656612126     
           4           2   61.171295628345717     
           4           3   50.502083531615661     
           4           4   58.889727457341827     
           4           5   77.753437143544602     
           4           6   60.716502998132142     
           4           1   56.798592169997924     
           4           2   29.558380408113475     
           4           3   41.780417980406767     
           4           4   51.000000000000000     
           4           5   48.484476517936670     
           4           6   48.639346577525217     
           4           1   49.206059894999449     
           4           2   22.859155479569171     
           4           3   29.641244879558378     
           4           4   41.641325627314025     
           4           5   45.406430035962970     
           4           6   38.714151137194129     
           4           1   46.844344250792929     
           4           2   27.374881298874850     
           4           3   24.281751777876202     
           4           4   38.013155617496423     
           4           5   48.484464666563539     
           4           6   34.781963157050306     
           4           1   50.453432451948402     
           4           2   39.423689109669318     
           4           3   29.641247288109227     
           4           4   41.641325627314025     
           4           5   56.725150853882241     
           4           6   38.714137260738497     
           4           1   58.946629285141000     
           4           2   54.194745131832015     
           4           3   41.780421397914253     
           4           4   51.000000000000000     
           4           5   68.284274652280999     
           4           6   48.639324487786588     
           4           1   49.205953966425625     
           4           2   25.433065945821557     
           4           3   38.971098236648430     
           4           4   48.083261120685229     
           4           5   39.317803096960496     
           4           6   40.287419696409202     
           4           1   40.204255541453833     
           4           2   17.195463945264137     
           4           3   25.529327628493295     
           4           4   38.013155617496423     
           4           5   35.452631295346812     
           4           6   27.496829791441701     
           4           1   37.276513001339652     
           4           2   22.858852053006721     
           4           3   19.045908761605457     
           4           4   34.000000000000000     
           4           5   39.317788482520889     
           4           6   21.611920584816421     
           4           1   41.721633230682230     
           4           2   36.433092842491710     
           4           3   25.529330424980753     
           4           4   38.013155617496423     
           4           5   49.121155488737237     
           4           6   27.496810254087787     
           4           1   51.670600319060455     
           4           2   52.059709862406947     
           4           3   38.971101900514647     
           4           4   48.083261120685229     
           4           5   62.111893723675408     
           4           6   40.287393027275954     
           4           1   46.844121712315683     
           4           2   31.590882141185450     
           4           3   43.242220906464873     
           4           4   51.000000000000000     
           4           5   36.318518933518753     
           4           6   38.188562896509040     
           4           1   37.276373172490487     
           4           2   25.432793227379499     
           4           3   31.668434446874013     
           4           4   41.641325627314025     
           4           5   32.094146552242329     
           4           6   24.318013876250721     
           4           1   34.098156178762686     
           4           2   29.557911093901936     
           4           3   26.718716505633367     
           4           4   38.013155617496423     
           4           5   36.318503112177630     
           4           6   17.388653244872597     
           4           1   38.908103432161987     
           4           2   40.969662497064604     
           4           3   31.668436701246453     
           4           4   41.641325627314025     
           4           5   46.755032816817746     
           4           6   24.317991784999723     
           4           1   49.426680756291312     
           4           2   55.329525409240162     
           4           3   43.242224208443552     
           4           4   51.000000000000000     
           4           5   60.258049413287125     
           4           6   38.188534761629825     
           4           1   50.453122522302749     
           4           2   43.899052672148073     
           4           3   52.905886629717429     
           4           4   58.889727457341827     
           4           5   40.867835698472760     
           4           6   43.262645393071303     
           4           1   41.721383368088553     
           4           2   39.698488162654279     
           4           3   43.954896331000050     
           4           4   51.000000000000000     
           4           5   37.164222312189075     
           4           6   31.696308131887054     
           4           1   38.907969466981172     
           4           2   42.459546621328549     
           4           3   40.534343251882227     
           4           4   48.083261120685229     
           4           5   40.867821638328856     
           4           6   26.751736616085786     
           4           1   43.185487677460152     
           4           2   51.065215520715697     
           4           3   43.954897955220630     
           4           4   51.000000000000000     
           4           5   50.370410667918016     
           4           6   31.696291183059898     
           4           1   52.859650054049595     
           4           2   63.170399500600865     
           4           3   52.905889328564420     
           4           4   58.889727457341827     
           4           5   63.104498225143637     
           4           6   43.262620558008464     
           4           1   61.171346178104521     
           4           2   37.276716637828834     
           4           3   46.849631146831861     
           4           4   51.000000000000000     
           4           5   54.158742239232623     
           4           6   58.288026053235043     
           4           1   54.194924588359981     
           4           2   32.224163917553483     
           4           3   36.440197721563571     
           4           4   41.641325627314025     
           4           5   51.421481759358976     
           4           6   50.304010217551273     
           4           1   52.060024097521783     
           4           2   35.570210528948607     
           4           3   32.231786816419209     
           4           4   38.013155617496423     
           4           5   54.158731629540000     
           4           6   47.344407343976734     
           4           1   55.329940962656664     
           4           2   45.498164951590056     
           4           3   36.440199680730942     
           4           4   41.641325627314025     
           4           5   61.645499731229236     
           4           6   50.303999538180797     
           4           1   63.170868482454750     
           4           2   58.761604393093869     
           4           3   46.849634194559002     
           4           4   51.000000000000000     
           4           5   72.423525614992201     
           4           6   58.288007620111607     
           4           1   48.570355428941937     
           4           2   24.180500291572685     
           4           3   37.283120976484838     
           4           4   41.641325627314025     
           4           5   39.374033805144272     
           4           6   45.571747075228679     
           4           1   39.423795915541575     
           4           2   15.282006780495731     
           4           3   22.869874969917348     
           4           4   29.444863728670914     
           4           5   35.514982239627997     
           4           6   34.781943509147233     
           4           1   36.433390485745299     
           4           2   21.456534392289175     
           4           3   15.298080027640736     
           4           4   24.041630560342615     
           4           5   39.374019211575799     
           4           6   30.344407343996771     
           4           1   40.970089091718108     
           4           2   35.570015532971858     
           4           3   22.869878091597883     
           4           4   29.444863728670914     
           4           5   49.166175509856245     
           4           6   34.781928063914179     
           4           1   51.065687678516987     
           4           2   51.459393135794265     
           4           3   37.283124806231001     
           4           4   41.641325627314025     
           4           5   62.147503889202468     
           4           6   45.571723498548927     
           4           1   39.423663702730593     
           4           2   18.916648366042764     
           4           3   34.105340943908026     
           4           4   38.013155617496423     
           4           5   27.303108160823886     
           4           6   36.524981612515845     
           4           1   27.374833655065753     
           4           2   2.5850961863882609     
           4           3   17.209716798734874     
           4           4   24.041630560342615     
           4           5   21.364904414344945     
           4           6   21.611888963705045     
           4           1   22.859085185961490     
           4           2   15.281552904768869     
           4           3   2.6785114681676703     
           4           4   17.000000000000000     
           4           5   27.303087115316174     
           4           6   13.344407344067839     
           4           1   29.558315808509239     
           4           2   32.223733428478162     
           4           3   17.209720947114572     
           4           4   24.041630560342615     
           4           5   40.155422939112377     
           4           6   21.611864106302985     
           4           1   42.459984589400051     
           4           2   49.205814015804997     
           4           3   34.105345130492417     
           4           4   38.013155617496423     
           4           5   55.294280145521746     
           4           6   36.524952196193261     
           4           1   36.433104355767505     
           4           2   26.626726731956182     
           4           3   38.914231998758687     
           4           4   41.641325627314025     
           4           5   22.772898199277400     
           4           6   34.195970992218179     
           4           1   22.858857165107100     
           4           2   18.916281699811957     
           4           3   25.442435485732545     
           4           4   29.444863728670914     
           4           5   15.152700016403015     
           4           6   17.388613943771443     
           4           1   17.195453142947162     
           4           2   24.179926596973193     
           4           3   18.929278772264702     
           4           4   24.041630560342615     
           4           5   22.772872967185059     
           4           6   3.6555926565220980     
           4           1   25.433046744104701     
           4           2   37.276158427651616     
           4           3   25.442438291770692     
           4           4   29.444863728670914     
           4           5   37.223690958474229     
           4           6   17.388583049096148     
           4           1   39.698817672373288     
           4           2   52.653158727770105     
           4           3   38.914235667978986     
           4           4   41.641325627314025     
           4           5   53.203407728870566     
           4           6   34.195939572414289     
           4           1   40.969707422075793     
           4           2   40.473763940508810     
           4           3   49.431372863862677     
           4           4   51.000000000000000     
           4           5   29.491525385229835     
           4           6   39.782591449107912     
           4           1   29.557963125814599     
           4           2   35.874346048400689     
           4           3   39.704668423230387     
           4           4   41.641325627314025     
           4           5   24.098744675607147     
           4           6   26.751711070350797     
           4           1   25.432841800387525     
           4           2   38.907734980190931     
           4           3   35.881203519267807     
           4           4   38.013155617496423     
           4           5   29.491505901404086     
           4           6   20.655592656140975     
           4           1   31.590911666807944     
           4           2   48.152414043089713     
           4           3   39.704670221317350     
           4           4   41.641325627314025     
           4           5   41.674312780476662     
           4           6   26.751690988820137     
           4           1   43.899225025466961     
           4           2   60.839938486700611     
           4           3   49.431375752410673     
           4           4   51.000000000000000     
           4           5   56.406983354168553     
           4           6   39.782564441551735     
           4           1   58.761662223268516     
           4           2   40.970139678758542     
           4           3   49.166205077511364     
           4           4   48.083261120685229     
           4           5   52.064761939395552     
           4           6   60.716489335127129     
           4           1   51.459588077811361     
           4           2   36.433439066129289     
           4           3   39.374049742391918     
           4           4   38.013155617496423     
           4           5   49.211166021527873     
           4           6   53.098884545416794     
           4           1   49.206152694907459     
           4           2   39.423833135220718     
           4           3   35.515009003360838     
           4           4   34.000000000000000     
           4           5   52.064750902994128     
           4           6   50.303985952928201     
           4           1   52.653601215216717     
           4           2   48.570379409287071     
           4           3   39.374051555577182     
           4           4   38.013155617496423     
           4           5   59.814193231901712     
           4           6   53.098874428158020     
           4           1   60.840430462214798     
           4           2   61.171275063141103     
           4           3   49.166207981638138     
           4           4   48.083261120685229     
           4           5   70.871271594177884     
           4           6   60.716471639269265     
           4           1   45.498118428059740     
           4           2   29.558337848240843     
           4           3   40.155434163720727     
           4           4   38.013155617496423     
           4           5   36.440151110539261     
           4           6   48.639307432246753     
           4           1   35.570142512931724     
           4           2   22.859100446848686     
           4           3   27.303094408314937     
           4           4   24.041630560342615     
           4           5   32.231724098338020     
           4           6   38.714101956180116     
           4           1   32.224079448244844     
           4           2   27.374835344299125     
           4           3   21.364901957692361     
           4           4   17.000000000000000     
           4           5   36.440135342007608     
           4           6   34.781908415991282     
           4           1   37.276635499778131     
           4           2   39.423657199908021     
           4           3   27.303097023126426     
           4           4   24.041630560342615     
           4           5   46.849577256750997     
           4           6   38.714088079706855     
           4           1   48.152921116790431     
           4           2   54.194721919244408     
           4           3   40.155437719525651     
           4           4   38.013155617496423     
           4           5   60.331437199263931     
           4           6   48.639285342490346     
           4           1   35.569995976187528     
           4           2   25.433016482606003     
           4           3   37.223676121924271     
           4           4   34.000000000000000     
           4           5   22.869844558106195     
           4           6   40.287372435970809     
           4           1   21.456487868300357     
           4           2   17.195390786279891     
           4           3   22.772837667325600     
           4           4   17.000000000000000     
           4           5   15.298013449608012     
           4           6   27.496760547008368     
           4           1   15.281921657273459     
           4           2   22.858797019555738     
           4           3   15.152630359604634     
           4           4   0.0000000000000000     
           4           5   22.869819432974012     
           4           6   21.611832485108977     
           4           1   24.180433979471228     
           4           2   36.433058313427672     
           4           3   22.772840802307922     
           4           4   16.999999999999996     
           4           5   37.283080160969590     
           4           6   27.496741009605252     
           4           1   38.908220793710029     
           4           2   52.059685697841012     
           4           3   37.223679957786402     
           4           4   34.000000000000000     
           4           5   53.244976210734961     
           4           6   40.287345766806268     
           4           1   32.223755941824109     
           4           2   31.590842319543654     
           4           3   41.674275460803401     
           4           4   38.013155617496423     
           4           5   17.209734665733329     
           4           6   38.188513038617081     
           4           1   15.281580575803273     
           4           2   25.432743763633546     
           4           3   29.491444633577533     
           4           4   24.041630560342615     
           4           5   2.6785056761917745     
           4           6   24.317935580256862     
           4           1   2.5851427023070062     
           4           2   29.557868533353549     
           4           3   24.098659256643668     
           4           4   17.000000000000000     
           4           5   17.209701277181995     
           4           6   17.388543747836341     
           4           1   18.916638725942157     
           4           2   40.969631791405973     
           4           3   29.491447054362489     
           4           4   24.041630560342615     
           4           5   34.105325734293871     
           4           6   24.317913488934732     
           4           1   35.874719212620150     
           4           2   55.329502672731060     
           4           3   41.674278887015120     
           4           4   38.013155617496423     
           4           5   51.070271869598812     
           4           6   38.188484903701138     
           4           1   37.276216013035601     
           4           2   43.899024015483889     
           4           3   51.632241926299557     
           4           4   48.083261120685229     
           4           5   25.442486993569386     
           4           6   43.262601382795204     
           4           1   24.180002856637866     
           4           2   39.698456473777441     
           4           3   42.413305432710317     
           4           4   38.013155617496423     
           4           5   18.929330939322593     
           4           6   31.696248061742725     
           4           1   18.916363182269961     
           4           2   42.459516993116786     
           4           3   38.857284376559598     
           4           4   34.000000000000000     
           4           5   25.442464408992372     
           4           6   26.751665443041578     
           4           1   26.626773254378044     
           4           2   51.065190885544958     
           4           3   42.413307115966226     
           4           4   38.013155617496423     
           4           5   38.914244443330666     
           4           6   31.696231112883446     
           4           1   40.473958440416780     
           4           2   63.170379586207289     
           4           3   51.632244691720693     
           4           4   48.083261120685229     
           4           5   54.399612553654642     
           4           6   43.262576547707098     
           4           1   61.171335617603624     
           4           2   50.453454661667969     
           4           3   56.725157600958774     
           4           4   51.000000000000000     
           4           5   55.374267585912349     
           4           6   67.479553741726889     
           4           1   54.194912668423264     
           4           2   46.844361711793624     
           4           3   48.484467370963856     
           4           4   41.641325627314025     
           4           5   52.700179658789317     
           4           6   60.716469231729072     
           4           1   52.060011688766913     
           4           2   49.206070368133716     
           4           3   45.406427382458837     
           4           4   38.013155617496423     
           4           5   55.374257209114056     
           4           6   58.287984171288670     
           4           1   55.329929287240837     
           4           2   56.798595915410601     
           4           3   48.484468843444660     
           4           4   41.641325627314025     
           4           5   62.716088740079826     
           4           6   60.716460383797852     
           4           1   63.170858256221230     
           4           2   67.889053866219626     
           4           3   56.725160118094024     
           4           4   51.000000000000000     
           4           5   73.336943024958543     
           4           6   67.479537819417445     
           4           1   48.570342128646246     
           4           2   41.721626027166621     
           4           3   49.121142861364859     
           4           4   41.641325627314025     
           4           5   41.029924297142287     
           4           6   56.857544121150838     
           4           1   39.423779529495548     
           4           2   37.276496820907383     
           4           3   39.317766307345906     
           4           4   29.444863728670914     
           4           5   37.342390298716488     
           4           6   48.639282337155322     
           4           1   36.433372754753236     
           4           2   40.204233012550915     
           4           3   35.452599605550972     
           4           4   24.041630560342615     
           4           5   41.029910292542965     
           4           6   45.571693506588112     
           4           1   40.970073324114502     
           4           2   49.205929409125680     
           4           3   39.317768123126740     
           4           4   29.444863728670914     
           4           5   50.502009504638238     
           4           6   48.639271292272674     
           4           1   51.065675028142351     
           4           2   61.677115901314892     
           4           3   49.121145768155792     
           4           4   41.641325627314025     
           4           5   63.209590960541895     
           4           6   56.857525224267334     
           4           1   39.423647316629605     
           4           2   38.908059183214327     
           4           3   46.754998098167235     
           4           4   38.013155617496423     
           4           5   29.641185283018476     
           4           6   49.900605946166834     
           4           1   27.374810056738660     
           4           2   34.098096813354253     
           4           3   36.318451488906710     
           4           4   24.041630560342615     
           4           5   24.281665724877261     
           4           6   40.287342138437431     
           4           1   22.859056925845461     
           4           2   37.276310750679855     
           4           3   32.094080294417509     
           4           4   17.000000000000000     
           4           5   29.641165897567646     
           4           6   36.524914775594091     
           4           1   29.558293953399385     
           4           2   46.844065580067038     
           4           3   36.318453454641578     
           4           4   24.041630560342615     
           4           5   41.780355924280677     
           4           6   40.287328803847338     
           4           1   42.459969375072440     
           4           2   59.809778606495378     
           4           3   46.755001152063031     
           4           4   38.013155617496423     
           4           5   56.485374802262079     
           4           6   49.900584414756132     
           4           1   36.433086624636189     
           4           2   43.185414904320076     
           4           3   50.370358528728254     
           4           4   41.641325627314025     
           4           5   25.529297721152361     
           4           6   48.221993157693383     
           4           1   22.858828904709174     
           4           2   38.907880915653081     
           4           3   40.867751219085633     
           4           4   29.444863728670914     
           4           5   19.045851714420206     
           4           6   38.188481075915057     
           4           1   17.195415574835373     
           4           2   41.721293535016528     
           4           3   37.164138105134683     
           4           4   24.041630560342615     
           4           5   25.529275213372806     
           4           6   34.195899603174915     
           4           1   25.433021344067914     
           4           2   50.453042238534863     
           4           3   40.867752965999635     
           4           4   29.444863728670914     
           4           5   38.971057444115878     
           4           6   38.188467008447901     
           4           1   39.698801399845017     
           4           2   62.676571444294510     
           4           3   50.370361363428998     
           4           4   41.641325627314025     
           4           5   54.440267667463090     
           4           6   48.221970876771607     
           4           1   40.969691654325295     
           4           2   52.859465108077202     
           4           3   58.875429420647393     
           4           4   51.000000000000000     
           4           5   31.668442009171198     
           4           6   52.332119911261323     
           4           1   29.557941270443973     
           4           2   49.426371386137610     
           4           3   50.983490081182950     
           4           4   41.641325627314025     
           4           5   26.718713379964370     
           4           6   43.262573168866517     
           4           1   25.432816400146059     
           4           2   51.670197650955174     
           4           3   48.065750095577719     
           4           4   38.013155617496423     
           4           5   31.668423864681600     
           4           6   39.782530085157042     
           4           1   31.590891217882120     
           4           2   58.946182761711924     
           4           3   50.983491481488180     
           4           4   41.641325627314025     
           4           5   43.242207338034717     
           4           6   43.262560751316151     
           4           1   43.899210309942752     
           4           2   69.695735874338212     
           4           3   58.875431845850834     
           4           4   51.000000000000000     
           4           5   57.575063359565931     
           4           6   52.332099380267707     
           4           1   67.889112936033428     
           4           2   63.170798865432957     
           4           3   67.795068316090052     
           4           4   58.889727457341827     
           4           5   63.244601236362577     
           4           6   77.449908128948778     
           4           1   61.677288471024930     
           4           2   60.327381562482529     
           4           3   61.066941624546466     
           4           4   51.000000000000000     
           4           5   60.916984585080726     
           4           6   71.634403270827221     
           4           1   59.810067472245407     
           4           2   62.179064829520613     
           4           3   58.652974611422863     
           4           4   48.083261120685229     
           4           5   63.244592150882049     
           4           6   69.587981683279168     
           4           1   62.676952932725371     
           4           2   68.345294204956772     
           4           3   61.066942793631505     
           4           4   51.000000000000000     
           4           5   69.763012131959002     
           4           6   71.634395771425986     
           4           1   69.696174119011687     
           4           2   77.806955838475446     
           4           3   67.795070422215147     
           4           4   58.889727457341827     
           4           5   79.447323977062354     
           4           6   77.449894256365440     
           4           1   56.798569422950685     
           4           2   56.441942032062890     
           4           3   61.573650688718487     
           4           4   51.000000000000000     
           4           5   51.156864277431225     
           4           6   68.394286453538015     
           4           1   49.206033638063857     
           4           2   53.240360228299721     
           4           3   54.076931593136564     
           4           4   41.641325627314025     
           4           5   48.249602983775596     
           4           6   61.731498299275948     
           4           1   46.844316670080637     
           4           2   55.329730652945429     
           4           3   51.335315348415072     
           4           4   38.013155617496423     
           4           5   51.156853045163118     
           4           6   59.344564578893028     
           4           1   50.453406844169784     
           4           2   62.178953280156300     
           4           3   54.076932913338091     
           4           4   41.641325627314025     
           4           5   59.025613413812678     
           4           6   61.731489596828141     
           4           1   58.946607367004937     
           4           2   72.450433869675550     
           4           3   61.573653007647003     
           4           4   51.000000000000000     
           4           5   70.206997260026085     
           4           6   68.394270744180005     
           4           1   49.205927709433503     
           4           2   54.395181876748140     
           4           3   59.703078901253733     
           4           4   48.083261120685229     
           4           5   42.569589378481474     
           4           6   62.730124898605297     
           4           1   40.204223405539373     
           4           2   51.065437903663181     
           4           3   51.937055188774195     
           4           4   38.013155617496423     
           4           5   39.027802464973234     
           4           6   55.390143821617905     
           4           1   37.276478341429232     
           4           2   53.240229950491866     
           4           3   49.076040723292110     
           4           4   34.000000000000000     
           4           5   42.569575880403356     
           4           6   52.716861584927564     
           4           1   41.721602263522506     
           4           2   60.327151615749450     
           4           3   51.937056563369794     
           4           4   38.013155617496423     
           4           5   51.760682144170659     
           4           6   55.390134122868012     
           4           1   51.670575314506500     
           4           2   70.867540940532095     
           4           3   59.703081292837162     
           4           4   48.083261120685229     
           4           5   64.219682663668749     
           4           6   62.730107770784223     
           4           1   46.844094131472367     
           4           2   57.532415232269464     
           4           3   62.574761697047904     
           4           4   51.000000000000000     
           4           5   39.816015835408827     
           4           6   61.403246820511264     
           4           1   37.276338512450060     
           4           2   54.395054364773294     
           4           3   55.214136530736241     
           4           4   41.641325627314025     
           4           5   36.004368379378285     
           4           6   53.882818995348813     
           4           1   34.098118288129783     
           4           2   56.441696255826798     
           4           3   52.531904060553821     
           4           4   38.013155617496423     
           4           5   39.816001403837916     
           4           6   51.130789605387655     
           4           1   38.908070225697571     
           4           2   63.170469470500088     
           4           3   55.214137823746547     
           4           4   41.641325627314025     
           4           5   49.520837969312183     
           4           6   53.882809025284807     
           4           1   49.426654616556206     
           4           2   73.303146931163568     
           4           3   62.574763978876717     
           4           4   51.000000000000000     
           4           5   62.428461606668790     
           4           6   61.403229322570731     
           4           1   50.453096914366832     
           4           2   65.108538560714379     
           4           3   69.604195078998927     
           4           4   58.889727457341827     
           4           5   44.005230304573232     
           4           6   64.681132259775978     
           4           1   41.721352400743378     
           4           2   62.353547857362557     
           4           3   63.069358994584583     
           4           4   51.000000000000000     
           4           5   40.588911288071998     
           4           6   57.590349306038497     
           4           1   38.907936260402430     
           4           2   64.146769733859344     
           4           3   60.735032027490000     
           4           4   48.083261120685229     
           4           5   44.005217246860930     
           4           6   55.024065607481468     
           4           1   43.185457759992097     
           4           2   70.140225293173557     
           4           3   63.069360126551821     
           4           4   51.000000000000000     
           4           5   52.947696553635602     
           4           6   57.590339977823710     
           4           1   52.859625611960062     
           4           2   79.388250648729596     
           4           3   69.604197130382403     
           4           4   58.889727457341827     
           4           5   65.180196346193398     
           4           6   64.681115648589554     
           5           1   69.762779133020032     
           5           2   43.955225267319378     
           5           3   57.684287481465603     
           5           4   65.180196346193398     
           5           5   58.889727457341827     
           5           6   63.209623558468444     
           5           1   59.025436761337147     
           5           2   31.668683897451675     
           5           3   43.387528948355296     
           5           4   52.947696553635602     
           5           5   51.000000000000000     
           5           6   50.502044986274932     
           5           1   51.760593286502100     
           5           2   25.529380158802084     
           5           3   31.866570481373884     
           5           4   44.005217246860930     
           5           5   48.083261120685229     
           5           6   41.029947418784054     
           5           1   49.520862773933587     
           5           2   29.641068853679357     
           5           3   26.953273646152326     
           5           4   40.588911288071998     
           5           5   51.000000000000000     
           5           6   37.342423898036287     
           5           1   52.947829817461226     
           5           2   41.029704779397122     
           5           3   31.866590753395162     
           5           4   44.005230304573232     
           5           5   58.889727457341827     
           5           6   41.029948330129287     
           5           1   63.244335781647514     
           5           2   40.534672099346622     
           5           3   55.122364029895977     
           5           4   62.428461606668790     
           5           5   51.000000000000000     
           5           6   56.485409474981161     
           5           1   51.156650017039375     
           5           2   26.718969922088551     
           5           3   39.918362469474751     
           5           4   49.520837969312183     
           5           5   41.641325627314025     
           5           6   41.780396371369420     
           5           1   42.569468794782132     
           5           2   19.045919909350541     
           5           3   26.953224449857029     
           5           4   39.816001403837916     
           5           5   38.013155617496423     
           5           6   29.641213847296925     
           5           1   39.816033277738818     
           5           2   24.281490413261665     
           5           3   20.915949757167880     
           5           4   36.004368379378285     
           5           5   41.641325627314025     
           5           6   24.281713196017172     
           5           1   44.005378517609408     
           5           2   37.342127526230222     
           5           3   26.953248417294184     
           5           4   39.816015835408827     
           5           5   51.000000000000000     
           5           6   29.641215108798793     
           5           1   60.916719088941612     
           5           2   43.955175532607164     
           5           3   57.684252705954094     
           5           4   64.219682663668749     
           5           5   48.083261120685229     
           5           6   54.440301769087348     
           5           1   48.249388566748685     
           5           2   31.668614867060896     
           5           3   43.387482713847000     
           5           4   51.760682144170659     
           5           5   38.013155617496423     
           5           6   38.971098189578157     
           5           1   39.027686705327206     
           5           2   25.529294527936980     
           5           3   31.866507531330949     
           5           4   42.569575880403356     
           5           5   34.000000000000000     
           5           6   25.529326890738613     
           5           1   36.004404759324224     
           5           2   29.640995101212035     
           5           3   26.953199220952836     
           5           4   39.027802464973234     
           5           5   38.013155617496423     
           5           6   19.045906880131412     
           5           1   40.589087136536136     
           5           2   41.029651498471182     
           5           3   31.866527803392273     
           5           4   42.569589378481474     
           5           5   48.083261120685229     
           5           6   25.529328355424564     
           5           1   63.244346155686259     
           5           2   52.906098608790508     
           5           3   64.764735807724662     
           5           4   70.206997260026085     
           5           5   51.000000000000000     
           5           6   57.575093832857085     
           5           1   51.156662842335031     
           5           2   43.242328585530494     
           5           3   52.435404549258259     
           5           4   59.025613413812678     
           5           5   41.641325627314025     
           5           6   43.242241700156391     
           5           1   42.569484207216057     
           5           2   38.971049421267971     
           5           3   43.387467041121148     
           5           4   51.156853045163118     
           5           5   38.013155617496423     
           5           6   31.668462303168308     
           5           1   39.816049756002819     
           5           2   41.780215467261932     
           5           3   39.918328399926445     
           5           4   48.249602983775596     
           5           5   41.641325627314025     
           5           6   26.718748886121890     
           5           1   44.005393427130805     
           5           2   50.501783295114997     
           5           3   43.387481930210861     
           5           4   51.156864277431225     
           5           5   51.000000000000000     
           5           6   31.668463483915467     
           5           1   69.762797942452906     
           5           2   65.146397320986381     
           5           3   75.096398037751285     
           5           4   79.447323977062354     
           5           5   58.889727457341827     
           5           6   65.146269294682568     
           5           1   59.025458992400772     
           5           2   57.575140428832178     
           5           3   64.764725308182804     
           5           4   69.763012131959002     
           5           5   51.000000000000000     
           5           6   52.905920655515928     
           5           1   51.760618637798956     
           5           2   54.440247123756407     
           5           3   57.684229129324201     
           5           4   63.244592150882049     
           5           5   48.083261120685229     
           5           6   43.954936899058282     
           5           1   49.520889271818774     
           5           2   56.485256646239918     
           5           3   55.122327021311207     
           5           4   60.916984585080726     
           5           5   51.000000000000000     
           5           6   40.534386823938050     
           5           1   52.947854600312283     
           5           2   63.209397480813827     
           5           3   57.684240328224625     
           5           4   63.244601236362577     
           5           5   58.889727457341827     
           5           6   43.954937749757882     
           5           1   62.715824410528512     
           5           2   39.705043702664533     
           5           3   53.901157042347279     
           5           4   57.575063359565931     
           5           5   51.000000000000000     
           5           6   60.331455572802135     
           5           1   50.501796641271277     
           5           2   25.442763350831680     
           5           3   38.214334699217048     
           5           4   43.242207338034717     
           5           5   41.641325627314025     
           5           6   46.849595184221656     
           5           1   41.780238109666080     
           5           2   17.209820406452426     
           5           3   24.358489741849432     
           5           4   31.668423864681600     
           5           5   38.013155617496423     
           5           6   36.440151019416653     
           5           1   38.971080675347828     
           5           2   22.869666152313400     
           5           3   17.445247734090348     
           5           4   26.718713379964370     
           5           5   41.641325627314025     
           5           6   32.231733489068503     
           5           1   43.242363042606080     
           5           2   36.439886682235880     
           5           3   24.358516262362631     
           5           4   31.668442009171198     
           5           5   51.000000000000000     
           5           6   36.440152045549809     
           5           1   55.373958568911142     
           5           2   35.881587330151078     
           5           3   51.150099946175914     
           5           4   54.440267667463090     
           5           5   41.641325627314025     
           5           6   53.244995113963533     
           5           1   41.029649280679486     
           5           2   18.929659818052237     
           5           3   34.224747924620061     
           5           4   38.971057444115878     
           5           5   29.444863728670914     
           5           6   37.283099952638693     
           5           1   29.641001207780377     
           5           2   2.6787557415904941     
           5           3   17.445171724686048     
           5           4   25.529275213372806     
           5           5   24.041630560342615     
           5           6   22.869839952892001     
           5           1   25.529312272439164     
           5           2   15.297694068683253     
           5           3   3.9159497575665947     
           5           4   19.045851714420206     
           5           5   29.444863728670914     
           5           6   15.298026567611354     
           5           1   31.668637760531912     
           5           2   32.231400145121675     
           5           3   17.445208754950059     
           5           4   25.529297721152361     
           5           5   41.641325627314025     
           5           6   22.869841587903277     
           5           1   52.699866638263245     
           5           2   39.704988644149189     
           5           3   53.901119826064715     
           5           4   56.485374802262079     
           5           5   38.013155617496423     
           5           6   51.070289580528161     
           5           1   37.342104603179585     
           5           2   25.442677428445677     
           5           3   38.214282205790376     
           5           4   41.780355924280677     
           5           5   24.041630560342615     
           5           6   34.105344379311731     
           5           1   24.281466362204764     
           5           2   17.209693379716612     
           5           3   24.358407388492932     
           5           4   29.641165897567646     
           5           5   17.000000000000000     
           5           6   17.209722619028408     
           5           1   19.045903528133199     
           5           2   22.869570562644689     
           5           3   17.445132745375926     
           5           4   24.281665724877261     
           5           5   24.041630560342615     
           5           6   2.6785425171808428     
           5           1   26.718968425203684     
           5           2   36.439826690253440     
           5           3   24.358433909095790     
           5           4   29.641185283018476     
           5           5   38.013155617496423     
           5           6   17.209724791779589     
           5           1   55.373970417426051     
           5           2   49.431608684451831     
           5           3   61.419286160812611     
           5           4   63.209590960541895     
           5           5   41.641325627314025     
           5           6   54.399627305635157     
           5           1   41.029665271533105     
           5           2   38.914363011986936     
           5           3   48.242402080574180     
           5           4   50.502009504638238     
           5           5   29.444863728670914     
           5           6   38.914258163100747     
           5           1   29.641023342626436     
           5           2   34.105298123966307     
           5           3   38.214264411392094     
           5           4   41.029910292542965     
           5           5   24.041630560342615     
           5           6   25.442474835929399     
           5           1   25.529337972266347     
           5           2   37.282905890240663     
           5           3   34.224708187270039     
           5           4   37.342390298716488     
           5           5   29.444863728670914     
           5           6   18.929330763905739     
           5           1   31.668658478159053     
           5           2   46.849319985635489     
           5           3   38.214281316070682     
           5           4   41.029924297142287     
           5           5   41.641325627314025     
           5           6   25.442476305615298     
           5           1   62.715845333449970     
           5           2   62.357691995723599     
           5           3   72.231064691750106     
           5           4   73.336943024958543     
           5           5   51.000000000000000     
           5           6   62.357553064123742     
           5           1   50.501822624468645     
           5           2   54.399682559087182     
           5           3   61.419275089370679     
           5           4   62.716088740079826     
           5           5   41.641325627314025     
           5           6   49.431411688697054     
           5           1   41.780269516811025     
           5           2   51.070237653895603     
           5           3   53.901094594672102     
           5           4   55.374257209114056     
           5           5   38.013155617496423     
           5           6   39.704716331059508     
           5           1   38.971114346416158     
           5           2   53.244839050571834     
           5           3   51.150060063540394     
           5           4   52.700179658789317     
           5           5   41.641325627314025     
           5           6   35.881256058314776     
           5           1   43.242393387803112     
           5           2   60.331224063640732     
           5           3   53.901106579585083     
           5           4   55.374267585912349     
           5           5   51.000000000000000     
           5           6   39.704717272822869     
           5           1   59.813910678218924     
           5           2   42.413667167084355     
           5           3   55.328043872553444     
           5           4   54.399612553654642     
           5           5   48.083261120685229     
           5           6   62.147506407439273     
           5           1   46.849340903859328     
           5           2   29.491742472362198     
           5           3   40.201903994253790     
           5           4   38.914244443330666     
           5           5   38.013155617496423     
           5           6   49.166173229723228     
           5           1   37.282939471427170     
           5           2   22.772935374080674     
           5           3   27.371403521982550     
           5           4   25.442464408992372     
           5           5   34.000000000000000     
           5           6   39.374009542432944     
           5           1   34.105342809216523     
           5           2   27.302935685526158     
           5           3   21.452141542587285     
           5           4   18.929330939322593     
           5           5   38.013155617496423     
           5           6   35.514963956620427     
           5           1   38.914409164707251     
           5           2   39.373773105252440     
           5           3   27.371427123246594     
           5           4   25.442486993569386     
           5           5   48.083261120685229     
           5           6   39.374010492106287     
           5           1   52.064427075703001     
           5           2   38.857650166485456     
           5           3   52.651594778916241     
           5           4   51.070271869598812     
           5           5   38.013155617496423     
           5           6   55.294281131195739     
           5           1   36.439832590522016     
           5           2   24.098976906850009     
           5           3   36.430633795793341     
           5           4   34.105325734293871     
           5           5   24.041630560342615     
           5           6   40.155417607194124     
           5           1   22.869591857515648     
           5           2   15.152702711160565     
           5           3   21.452079730487679     
           5           4   17.209701277181995     
           5           5   17.000000000000000     
           5           6   27.303069435515919     
           5           1   17.209737482989713     
           5           2   21.364646286534573     
           5           3   13.084050243070784     
           5           4   2.6785056761917745     
           5           5   24.041630560342615     
           5           6   21.364869248208638     
           5           1   25.442717951065998     
           5           2   35.514670524230660     
           5           3   21.452109844096942     
           5           4   17.209734665733329     
           5           5   38.013155617496423     
           5           6   27.303070805048627     
           5           1   49.210824244473280     
           5           2   42.413615624722738     
           5           3   55.328007616063687     
           5           4   53.244976210734961     
           5           5   34.000000000000000     
           5           6   53.203406836110709     
           5           1   32.231383081160423     
           5           2   29.491668346460969     
           5           3   40.201854096088674     
           5           4   37.283080160969590     
           5           5   17.000000000000000     
           5           6   37.223682466423959     
           5           1   15.297675896311492     
           5           2   22.772839378381661     
           5           3   27.371330233717210     
           5           4   22.869819432974012     
           5           5   0.0000000000000000     
           5           6   22.772847291316172     
           5           1   2.6787535035282248     
           5           2   27.302855617123516     
           5           3   21.452048031905999     
           5           4   15.298013449608012     
           5           5   17.000000000000000     
           5           6   15.152643701547722     
           5           1   18.929673870321686     
           5           2   39.373717583502525     
           5           3   27.371353835044449     
           5           4   22.869844558106195     
           5           5   34.000000000000000     
           5           6   22.772848933291183     
           5           1   52.064439677381365     
           5           2   51.632476255381000     
           5           3   62.675245677725130     
           5           4   60.331437199263931     
           5           5   38.013155617496423     
           5           6   56.406980703825248     
           5           1   36.439850595519161     
           5           2   41.674408403220383     
           5           3   49.831587038375595     
           5           4   46.849577256750997     
           5           5   24.041630560342615     
           5           6   41.674302747786456     
           5           1   22.869620546214435     
           5           2   37.223648763310777     
           5           3   40.201837181442386     
           5           4   36.440135342007608     
           5           5   17.000000000000000     
           5           6   29.491482616284472     
           5           1   17.209775606669265     
           5           2   40.155245469928964     
           5           3   36.430596464554405     
           5           4   32.231724098338020     
           5           5   24.041630560342615     
           5           6   24.098705033653918     
           5           1   25.442743738362481     
           5           2   49.165917567418326     
           5           3   40.201853250356557     
           5           4   36.440151110539261     
           5           5   38.013155617496423     
           5           6   29.491483884191116     
           5           1   59.813932616230197     
           5           2   64.116381823705865     
           5           3   73.302008258731931     
           5           4   70.871271594177884     
           5           5   48.083261120685229     
           5           6   64.116241665234227     
           5           1   46.849368912750585     
           5           2   56.407039717212271     
           5           3   62.675234828145669     
           5           4   59.814193231901712     
           5           5   38.013155617496423     
           5           6   51.632281400952678     
           5           1   37.282974667092709     
           5           2   53.203363062452027     
           5           3   55.327983035379162     
           5           4   52.064750902994128     
           5           5   34.000000000000000     
           5           6   42.413353086729792     
           5           1   34.105381284060606     
           5           2   55.294136693242692     
           5           3   52.651556033636886     
           5           4   49.211166021527873     
           5           5   38.013155617496423     
           5           6   38.857335954129169     
           5           1   38.914442884811116     
           5           2   62.147286860706402     
           5           3   55.327994711205697     
           5           4   52.064761939395552     
           5           5   48.083261120685229     
           5           6   42.413353968349483     
           5           1   61.645220331763440     
           5           2   50.983799678818734     
           5           3   61.603978337625350     
           5           4   56.406983354168553     
           5           5   51.000000000000000     
           5           6   68.284263002484067     
           5           1   49.165943723839320     
           5           2   40.867976964682761     
           5           3   48.477322461359321     
           5           4   41.674312780476662     
           5           5   41.641325627314025     
           5           6   56.725132094908879     
           5           1   40.155284269443420     
           5           2   36.318524924365569     
           5           3   38.510406892457183     
           5           4   29.491505901404086     
           5           5   38.013155617496423     
           5           6   48.484437179133153     
           5           1   37.223697925701650     
           5           2   39.317667328793632     
           5           3   34.555058747202473     
           5           4   24.098744675607147     
           5           5   41.641325627314025     
           5           6   45.406394769566951     
           5           1   41.674458841932911     
           5           2   48.484251831637138     
           5           3   38.510423667139968     
           5           4   29.491525385229835     
           5           5   51.000000000000000     
           5           6   48.484437950358924     
           5           1   54.158414358720883     
           5           2   48.066055003408337     
           5           3   59.211891888560821     
           5           4   53.203407728870566     
           5           5   41.641325627314025     
           5           6   62.111879273979604     
           5           1   39.373730815798737     
           5           2   37.164355975673764     
           5           3   45.398775170951637     
           5           4   37.223690958474229     
           5           5   29.444863728670914     
           5           6   49.121131749358788     
           5           1   27.302884661864102     
           5           2   32.094128225931314     
           5           3   34.555020373639124     
           5           4   22.772872967185059     
           5           5   24.041630560342615     
           5           6   39.317751992329264     
           5           1   22.772886144780358     
           5           2   35.452457997696627     
           5           3   30.084050242987814     
           5           4   15.152700016403015     
           5           5   29.444863728670914     
           5           6   35.452583250346642     
           5           1   29.491713681425907     
           5           2   45.406172373085653     
           5           3   34.555039068457376     
           5           4   22.772898199277400     
           5           5   41.641325627314025     
           5           6   39.317752943361434     
           5           1   51.421148391981170     
           5           2   50.983756800489246     
           5           3   61.603945774784719     
           5           4   55.294280145521746     
           5           5   38.013155617496423     
           5           6   60.258032826324659     
           5           1   35.514663653964433     
           5           2   40.867923472906675     
           5           3   48.477281081168492     
           5           4   40.155422939112377     
           5           5   24.041630560342615     
           5           6   46.755005694480104     
           5           1   21.364647597334663     
           5           2   36.318464731913970     
           5           3   38.510354802606223     
           5           4   27.303087115316174     
           5           5   17.000000000000000     
           5           6   36.318460800029989     
           5           1   15.152722509911307     
           5           2   39.317611727814821     
           5           3   34.555000694872177     
           5           4   21.364904414344945     
           5           5   24.041630560342615     
           5           6   32.094090301420948     
           5           1   24.099000642484071     
           5           2   48.484206742764435     
           5           3   38.510371577311702     
           5           4   27.303108160823886     
           5           5   38.013155617496423     
           5           6   36.318461829601347     
           5           1   54.158426473166585     
           5           2   58.875642428700431     
           5           3   68.279163212671378     
           5           4   62.147503889202468     
           5           5   41.641325627314025     
           5           6   63.104480770000968     
           5           1   39.373747479170255     
           5           2   50.370477294622830     
           5           3   56.718998360537164     
           5           4   49.166175509856245     
           5           5   29.444863728670914     
           5           6   50.370383467310134     
           5           1   27.302908692253677     
           5           2   46.754985770332951     
           5           3   48.477267053977144     
           5           4   39.374019211575799     
           5           5   24.041630560342615     
           5           6   40.867781540430080     
           5           1   22.772914955306369     
           5           2   49.120997606725773     
           5           3   45.398745214186462     
           5           4   35.514982239627997     
           5           5   29.444863728670914     
           5           6   37.164170990737368     
           5           1   29.491735928318825     
           5           2   56.724916195406429     
           5           3   48.477280379809045     
           5           4   39.374033805144272     
           5           5   41.641325627314025     
           5           6   40.867782455391591     
           5           1   61.645241618057064     
           5           2   70.080946663789774     
           5           3   78.147566328214069     
           5           4   72.423525614992201     
           5           5   51.000000000000000     
           5           6   70.080813825214847     
           5           1   49.165970413007301     
           5           2   63.104538638586611     
           5           3   68.279153253556231     
           5           4   61.645499731229236     
           5           5   41.641325627314025     
           5           6   58.875466060124502     
           5           1   40.155316947532420     
           5           2   60.257999537694523     
           5           3   61.603923698272816     
           5           4   54.158731629540000     
           5           5   38.013155617496423     
           5           6   50.983532058786594     
           5           1   37.223733177381064     
           5           2   62.111755890336219     
           5           3   59.211857436012082     
           5           4   51.421481759358976     
           5           5   41.641325627314025     
           5           6   48.065794267667812     
           5           1   41.674490328796281     
           5           2   68.284067916876765     
           5           3   61.603934184616975     
           5           4   54.158742239232623     
           5           5   51.000000000000000     
           5           6   50.983532792208649     
           5           1   67.827446280111175     
           5           2   63.069616272969562     
           5           3   71.462632580125600     
           5           4   63.104498225143637     
           5           5   58.889727457341827     
           5           6   77.724954775941313     
           5           1   56.724944260752189     
           5           2   55.214311625841624     
           5           3   60.513705069860229     
           5           4   50.370410667918016     
           5           5   51.000000000000000     
           5           6   67.795048730084773     
           5           1   49.121035553920464     
           5           2   51.937115050910101     
           5           3   52.866900299544973     
           5           4   40.867821638328856     
           5           5   48.083261120685229     
           5           6   61.066919602244695     
           5           1   46.755031455380220     
           5           2   54.076867802299674     
           5           3   50.059063048383443     
           5           4   37.164222312189075     
           5           5   51.000000000000000     
           5           6   58.652951392913430     
           5           1   50.370525100475859     
           5           2   61.066777733914513     
           5           3   52.866912518909494     
           5           4   40.867835698472760     
           5           5   58.889727457341827     
           5           6   61.066920214563893     
           5           1   61.102889661460466     
           5           2   60.735280609546741     
           5           3   69.411136349162518     
           5           4   60.258049413287125     
           5           5   51.000000000000000     
           5           6   72.362376744238617     
           5           1   48.484223799960809     
           5           2   52.532066609037074     
           5           3   58.076729378314944     
           5           4   46.755032816817746     
           5           5   41.641325627314025     
           5           6   61.573643756623440     
           5           1   39.317639679776832     
           5           2   49.076081075328638     
           5           3   50.059036559666524     
           5           4   36.318503112177630     
           5           5   38.013155617496423     
           5           6   54.076923385673673     
           5           1   36.318502481418982     
           5           2   51.335226163017467     
           5           3   47.084050242964764     
           5           4   32.094146552242329     
           5           5   41.641325627314025     
           5           6   51.335306371467851     
           5           1   40.867963675682589     
           5           2   58.652784731025989     
           5           3   50.059049464427815     
           5           4   36.318518933518753     
           5           5   51.000000000000000     
           5           6   54.076924077141399     
           5           1   58.690406209872627     
           5           2   63.069581611273925     
           5           3   71.462604509505738     
           5           4   62.111893723675408     
           5           5   48.083261120685229     
           5           6   70.777528504661205     
           5           1   45.406173738644071     
           5           2   55.214272032845500     
           5           3   60.513671920335746     
           5           4   49.121155488737237     
           5           5   38.013155617496423     
           5           6   59.703086843316363     
           5           1   35.452467418897740     
           5           2   51.937072959620927     
           5           3   52.866862355184566     
           5           4   39.317788482520889     
           5           5   34.000000000000000     
           5           6   51.937063991075036     
           5           1   32.094147108033276     
           5           2   54.076827376510451     
           5           3   50.059022975703705     
           5           4   35.452631295346812     
           5           5   38.013155617496423     
           5           6   49.076049692344540     
           5           1   37.164379600582002     
           5           2   61.066741935400749     
           5           3   52.866874574557855     
           5           4   39.317803096960496     
           5           5   48.083261120685229     
           5           6   51.937064711031930     
           5           1   61.102900399073519     
           5           2   69.604381604335089     
           5           3   77.291020418170390     
           5           4   68.284274652280999     
           5           5   51.000000000000000     
           5           6   73.216142444007062     
           5           1   48.484237332180179     
           5           2   62.574864362760096     
           5           3   67.297120913765937     
           5           4   56.725150853882241     
           5           5   41.641325627314025     
           5           6   62.574783673406159     
           5           1   39.317656366920566     
           5           2   59.703076650317996     
           5           3   60.513660683204684     
           5           4   48.484464666563539     
           5           5   38.013155617496423     
           5           6   55.214161128880932     
           5           1   36.318520546565829     
           5           2   61.573541988500779     
           5           3   58.076705961013602     
           5           4   45.406430035962970     
           5           5   41.641325627314025     
           5           6   52.531929591044658     
           5           1   40.867979729800680     
           5           2   67.794872848214638     
           5           3   60.513671358479264     
           5           4   48.484476517936670     
           5           5   51.000000000000000     
           5           6   55.214161806106596     
           5           1   67.827465626236858     
           5           2   79.308056037345011     
           5           3   86.133035655792568     
           5           4   77.753437143544602     
           5           5   58.889727457341827     
           5           6   79.307934581188874     
           5           1   56.724967393401094     
           5           2   73.216196732134208     
           5           3   77.291011620252675     
           5           4   67.827704975494285     
           5           5   51.000000000000000     
           5           6   69.604227780549223     
           5           1   49.121062267488604     
           5           2   70.777504727240157     
           5           3   71.462585478570773     
           5           4   61.103176160083898     
           5           5   48.083261120685229     
           5           6   63.069394814910254     
           5           1   46.755059520768100     
           5           2   72.362275302193382     
           5           3   69.411106959059765     
           5           4   58.690703790786124     
           5           5   51.000000000000000     
           5           6   60.735068944650713     
           5           1   50.370551151388476     
           5           2   77.724787541725377     
           5           3   71.462594518265533     
           5           4   61.103185563973248     
           5           5   58.889727457341827     
           5           6   63.069395407788100     
           6           1   70.140246131799586     
           6           2   43.185475635031963     
           6           3   52.947719511766536     
           6           4   64.681115648589554     
           6           5   63.069395407788100     
           6           6   58.889727457341827     
           6           1   64.146791989475631     
           6           2   38.907955226758119     
           6           3   44.005245256722020     
           6           4   57.590339977823710     
           6           5   60.735068944650713     
           6           6   51.000000000000000     
           6           1   62.353570207748994     
           6           2   41.721369273202065     
           6           3   40.588942074311433     
           6           4   55.024065607481468     
           6           5   63.069394814910254     
           6           6   48.083261120685229     
           6           1   65.108559443166229     
           6           2   50.453110192874774     
           6           3   44.005259087060963     
           6           4   57.590349306038497     
           6           5   69.604227780549223     
           6           6   51.000000000000000     
           6           1   71.890759544436150     
           6           2   62.676630431428265     
           6           3   52.947742500761201     
           6           4   64.681132259775978     
           6           5   79.307934581188874     
           6           6   58.889727457341827     
           6           1   63.170482112895648     
           6           2   38.908073025680601     
           6           3   49.520844321797483     
           6           4   61.403229322570731     
           6           5   55.214161806106596     
           6           6   51.000000000000000     
           6           1   56.441709803010895     
           6           2   34.098120485961822     
           6           3   39.816009731655114     
           6           4   53.882809025284807     
           6           5   52.531929591044658     
           6           6   41.641325627314025     
           6           1   54.395067796620346     
           6           2   37.276339610785875     
           6           3   36.004378060991520     
           6           4   51.130789605387655     
           6           5   55.214161128880932     
           6           6   38.013155617496423     
           6           1   57.532427340679376     
           6           2   46.844094279664752     
           6           3   39.816025017150572     
           6           4   53.882818995348806     
           6           5   62.574783673406159     
           6           6   41.641325627314025     
           6           1   65.108655268114532     
           6           2   59.809805575554201     
           6           3   49.520868901645024     
           6           4   61.403246820511264     
           6           5   73.216142444007062     
           6           6   51.000000000000000     
           6           1   60.327153863926895     
           6           2   41.721588983635904     
           6           3   51.760670814728634     
           6           4   62.730107770784223     
           6           5   51.937064711031930     
           6           6   48.083261120685229     
           6           1   53.240231859314221     
           6           2   37.276462565846082     
           6           3   42.569562504191346     
           6           4   55.390134122868012     
           6           5   49.076049692344540     
           6           6   38.013155617496423     
           6           1   51.065439227966742     
           6           2   40.204207933080824     
           6           3   39.027788310456515     
           6           4   52.716861584927564     
           6           5   51.937063991075036     
           6           6   34.000000000000000     
           6           1   54.395182494930488     
           6           2   49.205914376524646     
           6           3   42.569576800966189     
           6           4   55.390143821617897     
           6           5   59.703086843316363     
           6           6   38.013155617496423     
           6           1   62.353770325205026     
           6           2   61.677108263385293     
           6           3   51.760694330939103     
           6           4   62.730124898605297     
           6           5   70.777528504661205     
           6           6   48.083261120685229     
           6           1   62.178944798606473     
           6           2   50.453382721748241     
           6           3   59.025588214245680     
           6           4   68.394270744179991     
           6           5   54.076924077141399     
           6           6   51.000000000000000     
           6           1   55.329720506973274     
           6           2   46.844289963352836     
           6           3   51.156824301800164     
           6           4   61.731489596828133     
           6           5   51.335306371467851     
           6           6   41.641325627314025     
           6           1   53.240349045544455     
           6           2   49.206007522193403     
           6           3   48.249572860832714     
           6           4   59.344564578893021     
           6           5   54.076923385673673     
           6           6   38.013155617496423     
           6           1   56.441930881243188     
           6           2   56.798546199507868     
           6           3   51.156836198697405     
           6           4   61.731498299275941     
           6           5   61.573643756623440     
           6           6   41.641325627314025     
           6           1   64.147083774047445     
           6           2   67.889016228555747     
           6           3   59.025608836062929     
           6           4   68.394286453538015     
           6           5   72.362376744238617     
           6           6   51.000000000000000     
           6           1   68.345276787898015     
           6           2   62.676922936715378     
           6           3   69.762977895762859     
           6           4   77.449894256365440     
           6           5   61.066920214563893     
           6           6   58.889727457341827     
           6           1   62.179045138422786     
           6           2   59.810035469964681     
           6           3   63.244554654865354     
           6           4   71.634395771425986     
           6           5   58.652951392913430     
           6           6   51.000000000000000     
           6           1   60.327360703395982     
           6           2   61.677256886326489     
           6           3   60.916945935427556     
           6           4   69.587981683279168     
           6           5   61.066919602244695     
           6           6   48.083261120685229     
           6           1   63.170778407023555     
           6           2   67.889083740505612     
           6           3   63.244564277946900     
           6           4   71.634403270827221     
           6           5   67.795048730084773     
           6           6   51.000000000000000     
           6           1   70.140601933979013     
           6           2   77.406533091392603     
           6           3   69.762995343626898     
           6           4   77.449908128948778     
           6           5   77.724954775941313     
           6           6   58.889727457341827     
           6           1   58.946207557648926     
           6           2   31.590915653458662     
           6           3   43.242232697056821     
           6           4   52.332099380267707     
           6           5   50.983532792208649     
           6           6   51.000000000000000     
           6           1   51.670225280533231     
           6           2   25.432845415474347     
           6           3   31.668459028408101     
           6           4   43.262560751316151     
           6           5   48.065794267667812     
           6           6   41.641325627314025     
           6           1   49.426399582133058     
           6           2   29.557965086096328     
           6           3   26.718755694109621     
           6           4   39.782530085157042     
           6           5   50.983532058786594     
           6           6   38.013155617496423     
           6           1   52.859490829597576     
           6           2   40.969708006457225     
           6           3   31.668478246500385     
           6           4   43.262573168866517     
           6           5   58.875466060124502     
           6           6   41.641325627314025     
           6           1   61.018706687998048     
           6           2   55.329563962115586     
           6           3   43.242260845804779     
           6           4   52.332119911261323     
           6           5   70.080813825214847     
           6           6   51.000000000000000     
           6           1   50.453058067630238     
           6           2   25.433025627551558     
           6           3   38.971062462722365     
           6           4   48.221970876771607     
           6           5   40.867782455391591     
           6           6   41.641325627314025     
           6           1   41.721311862012392     
           6           2   17.195419933085944     
           6           3   25.529283540298604     
           6           4   38.188467008447901     
           6           5   37.164170990737368     
           6           6   29.444863728670914     
           6           1   38.907899694007178     
           6           2   22.858830695786793     
           6           3   19.045863768506642     
           6           4   34.195899603174915     
           6           5   40.867781540430080     
           6           6   24.041630560342615     
           6           1   43.185431035368296     
           6           2   36.433086815175571     
           6           3   25.529307379873561     
           6           4   38.188481075915057     
           6           5   50.370383467310134     
           6           6   29.444863728670914     
           6           1   52.859608859905293     
           6           2   52.059710803898973     
           6           3   38.971093696528705     
           6           4   48.221993157693383     
           6           5   63.104480770000968     
           6           6   41.641325627314025     
           6           1   46.844068475335376     
           6           2   29.558275208804883     
           6           3   41.780339040275955     
           6           4   49.900584414756132     
           6           5   36.318461829601347     
           6           6   38.013155617496423     
           6           1   37.276313476972703     
           6           2   22.859031200445141     
           6           3   29.641142672440278     
           6           4   40.287328803847338     
           6           5   32.094090301420948     
           6           6   24.041630560342615     
           6           1   34.098098796636222     
           6           2   27.374787332989445     
           6           3   24.281638073563172     
           6           4   36.524914775594091     
           6           5   36.318460800029989     
           6           6   17.000000000000000     
           6           1   38.908060047460502     
           6           2   39.423630675394101     
           6           3   29.641163204959845     
           6           4   40.287342138437431     
           6           5   46.755005694480104     
           6           6   24.041630560342615     
           6           1   49.426652038838512     
           6           2   54.194707580476440     
           6           3   41.780368173947657     
           6           4   49.900605946166834     
           6           5   60.258032826324659     
           6           6   38.013155617496423     
           6           1   49.205918691435386     
           6           2   40.970043618077881     
           6           3   50.501977695605206     
           6           4   56.857525224267334     
           6           5   39.317752943361434     
           6           6   41.641325627314025     
           6           1   40.204219049495016     
           6           2   36.433338416492653     
           6           3   41.029871554453571     
           6           4   48.639271292272667     
           6           5   35.452583250346642     
           6           6   29.444863728670914     
           6           1   37.276480849074332     
           6           2   39.423746933468344     
           6           3   37.342348190526415     
           6           4   45.571693506588105     
           6           5   39.317751992329264     
           6           6   24.041630560342615     
           6           1   41.721610942088908     
           6           2   48.570314970953504     
           6           3   41.029886387730393     
           6           4   48.639282337155315     
           6           5   49.121131749358788     
           6           6   29.444863728670914     
           6           1   51.670587520509770     
           6           2   61.171228289785915     
           6           3   50.502001797924969     
           6           4   56.857544121150831     
           6           5   62.111879273979604     
           6           6   41.641325627314025     
           6           1   56.798574957602504     
           6           2   55.329895308187226     
           6           3   62.716048759583096     
           6           4   67.479537819417445     
           6           5   48.484437950358924     
           6           6   51.000000000000000     
           6           1   49.206045485550028     
           6           2   52.059974922376149     
           6           3   55.374212234775477     
           6           4   60.716460383797852     
           6           5   45.406394769566951     
           6           6   41.641325627314025     
           6           1   46.844334848918990     
           6           2   54.194876723006836     
           6           3   52.700132724970537     
           6           4   58.287984171288670     
           6           5   48.484437179133153     
           6           6   38.013155617496423     
           6           1   50.453429046490719     
           6           2   61.171303215849377     
           6           3   55.374223225586320     
           6           4   60.716469231729064     
           6           5   56.725132094908879     
           6           6   41.641325627314025     
           6           1   58.946630927143751     
           6           2   71.587512956023687     
           6           3   62.716068167931375     
           6           4   67.479553741726889     
           6           5   68.284263002484067     
           6           6   51.000000000000000     
           6           1   51.065219508285942     
           6           2   26.626802245555883     
           6           3   38.914269564725430     
           6           4   43.262576547707098     
           6           5   42.413353968349483     
           6           6   48.083261120685229     
           6           1   42.459550616334305     
           6           2   18.916402193002103     
           6           3   25.442503500317514     
           6           4   31.696231112883446     
           6           5   38.857335954129169     
           6           6   38.013155617496423     
           6           1   39.698491579059805     
           6           2   24.180031969186679     
           6           3   18.929384379086969     
           6           4   26.751665443041578     
           6           5   42.413353086729792     
           6           6   34.000000000000000     
           6           1   43.899054987144197     
           6           2   37.276233985401007     
           6           3   25.442527421205121     
           6           4   31.696248061742722     
           6           5   51.632281400952678     
           6           6   38.013155617496423     
           6           1   53.444212257979224     
           6           2   52.653217320861224     
           6           3   38.914300844115488     
           6           4   43.262601382795204     
           6           5   64.116241665234227     
           6           6   48.083261120685229     
           6           1   40.969651284526066     
           6           2   18.916644484995079     
           6           3   34.105327979703034     
           6           4   38.188484903701138     
           6           5   29.491483884191116     
           6           6   38.013155617496423     
           6           1   29.557894402127086     
           6           2   2.5851716916231604     
           6           3   17.209706714835892     
           6           4   24.317913488934732     
           6           5   24.098705033653918     
           6           6   24.041630560342615     
           6           1   25.432772491392349     
           6           2   15.281583254972135     
           6           3   2.6785469602417611     
           6           4   17.388543747836341     
           6           5   29.491482616284472     
           6           6   17.000000000000000     
           6           1   31.590864371057513     
           6           2   32.223756157253305     
           6           3   17.209742079002030     
           6           4   24.317935580256858     
           6           5   41.674302747786456     
           6           6   24.041630560342615     
           6           1   43.899197109083644     
           6           2   49.205834359205774     
           6           3   34.105363669565605     
           6           4   38.188513038617081     
           6           5   56.406980703825248     
           6           6   38.013155617496423     
           6           1   36.433062036039587     
           6           2   24.180411065973416     
           6           3   37.283058048530748     
           6           4   40.287345766806268     
           6           5   22.772848933291183     
           6           6   34.000000000000000     
           6           1   22.858801465377329     
           6           2   15.281883176589357     
           6           3   22.869784127920106     
           6           4   27.496741009605252     
           6           5   15.152643701547722     
           6           6   17.000000000000000     
           6           1   17.195394719085812     
           6           2   21.456458876673938     
           6           3   15.297961781401440     
           6           4   21.611832485108977     
           6           5   22.772847291316172     
           6           6   0.0000000000000000     
           6           1   25.433017804751209     
           6           2   35.569977532040632     
           6           3   22.869810739767214     
           6           4   27.496760547008364     
           6           5   37.223682466423959     
           6           6   17.000000000000000     
           6           1   39.698805898520661     
           6           2   51.459372088409225     
           6           3   37.283090696458153     
           6           4   40.287372435970809     
           6           5   53.203406836110709     
           6           6   34.000000000000000     
           6           1   39.423643822814626     
           6           2   37.276602850410129     
           6           3   46.849540427811164     
           6           4   48.639285342490346     
           6           5   27.303070805048627     
           6           6   38.013155617496423     
           6           1   27.374814837360592     
           6           2   32.224040624519446     
           6           3   36.440088459067510     
           6           4   38.714088079706855     
           6           5   21.364869248208638     
           6           6   24.041630560342615     
           6           1   22.859074401458280     
           6           2   35.570106385477047     
           6           3   32.231671621438096     
           6           4   34.781908415991282     
           6           5   27.303069435515919     
           6           6   17.000000000000000     
           6           1   29.558316555633422     
           6           2   45.498089436564591     
           6           3   36.440105160657410     
           6           4   38.714101956180116     
           6           5   40.155417607194124     
           6           6   24.041630560342615     
           6           1   42.459991435640447     
           6           2   58.761550494188846     
           6           3   46.849566409170997     
           6           4   48.639307432246753     
           6           5   55.294281131195739     
           6           6   38.013155617496423     
           6           1   48.570354901054515     
           6           2   52.653565509041826     
           6           3   59.814149322247417     
           6           4   60.716471639269265     
           6           5   39.374010492106287     
           6           6   48.083261120685229     
           6           1   39.423802078516196     
           6           2   49.206113796137508     
           6           3   52.064700784232535     
           6           4   53.098874428158020     
           6           5   35.514963956620427     
           6           6   38.013155617496423     
           6           1   36.433404527132041     
           6           2   51.459550221721805     
           6           3   49.211113342000466     
           6           4   50.303985952928201     
           6           5   39.374009542432944     
           6           6   34.000000000000000     
           6           1   40.970108134459117     
           6           2   58.761628492796085     
           6           3   52.064712473678078     
           6           4   53.098884545416787     
           6           5   49.166173229723228     
           6           6   38.013155617496423     
           6           1   51.065708216580141     
           6           2   69.539719996767744     
           6           3   59.814169672196591     
           6           4   60.716489335127129     
           6           5   62.147506407439273     
           6           6   48.083261120685229     
           6           1   48.152444397241418     
           6           2   31.590936102368666     
           6           3   41.674333382620802     
           6           4   39.782564441551735     
           6           5   39.704717272822869     
           6           6   51.000000000000000     
           6           1   38.907771672778367     
           6           2   25.432870815686837     
           6           3   29.491535590629649     
           6           4   26.751690988820137     
           6           5   35.881256058314776     
           6           6   41.641325627314025     
           6           1   35.874384895809463     
           6           2   29.557986941449347     
           6           3   24.098781714039571     
           6           4   20.655592656140975     
           6           5   39.704716331059508     
           6           6   38.013155617496423     
           6           1   40.473797533272183     
           6           2   40.969723774201427     
           6           3   29.491556227308195     
           6           4   26.751711070350794     
           6           5   49.431411688697054     
           6           6   41.641325627314025     
           6           1   50.668383454339022     
           6           2   55.329575637608507     
           6           3   41.674362590398829     
           6           4   39.782591449107912     
           6           5   62.357553064123742     
           6           6   51.000000000000000     
           6           1   37.276179852228260     
           6           2   25.433051027584067     
           6           3   37.223689818888474     
           6           4   34.195939572414289     
           6           5   25.442476305615298     
           6           6   41.641325627314025     
           6           1   24.179958219304172     
           6           2   17.195457501188216     
           6           3   22.772871850962801     
           6           4   17.388583049096148     
           6           5   18.929330763905739     
           6           6   29.444863728670914     
           6           1   18.916320323966897     
           6           2   22.858858956182505     
           6           3   15.152699460753739     
           6           4   3.6555926565220958     
           6           5   25.442474835929399     
           6           6   24.041630560342615     
           6           1   26.626752894608657     
           6           2   36.433104546306794     
           6           3   22.772898576059209     
           6           4   17.388613943771439     
           6           5   38.914258163100747     
           6           6   29.444863728670914     
           6           1   40.473951682806778     
           6           2   52.059723212725558     
           6           3   37.223722518886156     
           6           4   34.195970992218179     
           6           5   54.399627305635157     
           6           6   41.641325627314025     
           6           1   32.223737637367719     
           6           2   29.558297063928599     
           6           3   40.155399444904290     
           6           4   36.524952196193261     
           6           5   17.209724791779589     
           6           6   38.013155617496423     
           6           1   15.281559555017164     
           6           2   22.859059460592974     
           6           3   27.303053184348681     
           6           4   21.611864106302985     
           6           5   2.6785425171808419     
           6           6   24.041630560342615     
           6           1   2.5851223462660249     
           6           2   27.374810931336128     
           6           3   21.364861848252737     
           6           4   13.344407344067839     
           6           5   17.209722619028408     
           6           6   17.000000000000000     
           6           1   18.916650143637789     
           6           2   39.423647061502002     
           6           3   27.303075475163567     
           6           4   21.611888963705042     
           6           5   34.105344379311731     
           6           6   24.041630560342615     
           6           1   35.874732720515404     
           6           2   54.194719500458262     
           6           3   40.155429757506404     
           6           4   36.524981612515845     
           6           5   51.070289580528161     
           6           6   38.013155617496423     
           6           1   35.570000706608788     
           6           2   40.970059385692927     
           6           3   49.166137995848509     
           6           4   45.571723498548927     
           6           5   22.869841587903277     
           6           6   41.641325627314025     
           6           1   21.456508228968136     
           6           2   36.433356147501428     
           6           3   39.373972799736265     
           6           4   34.781928063914179     
           6           5   15.298026567611354     
           6           6   29.444863728670914     
           6           1   15.281967821305113     
           6           2   39.423763319527922     
           6           3   35.514931263370400     
           6           4   30.344407343996767     
           6           5   22.869839952892001     
           6           6   24.041630560342615     
           6           1   24.180474263401713     
           6           2   48.570328271256628     
           6           3   39.373988256836221     
           6           4   34.781943509147233     
           6           5   37.283099952638693     
           6           6   29.444863728670914     
           6           1   38.908252732738582     
           6           2   61.171238850305343     
           6           3   49.166162753025880     
           6           4   45.571747075228679     
           6           5   53.244995113963533     
           6           6   41.641325627314025     
           6           1   45.498138788464637     
           6           2   55.329906983610222     
           6           3   61.645455195608847     
           6           4   58.288007620111607     
           6           5   36.440152045549809     
           6           6   51.000000000000000     
           6           1   35.570176107604780     
           6           2   52.059987331139780     
           6           3   54.158681251313446     
           6           4   50.303999538180797     
           6           5   32.231733489068503     
           6           6   41.641325627314025     
           6           1   32.224124866901278     
           6           2   54.194888642951462     
           6           3   51.421429030015524     
           6           4   47.344407343976734     
           6           5   36.440151019416653     
           6           6   38.013155617496423     
           6           1   37.276681968078556     
           6           2   61.171313776355866     
           6           3   54.158692488800689     
           6           4   50.304010217551266     
           6           5   46.849595184221656     
           6           6   41.641325627314025     
           6           1   48.152962667533757     
           6           2   71.587521979943261     
           6           3   61.645474941020844     
           6           4   58.288026053235043     
           6           5   60.331455572802135     
           6           6   51.000000000000000     
           6           1   51.065244143442875     
           6           2   43.185505552487633     
           6           3   50.370425350750502     
           6           4   43.262620558008464     
           6           5   43.954937749757882     
           6           6   58.889727457341827     
           6           1   42.459580244522606     
           6           2   38.907988433320675     
           6           3   40.867840151188339     
           6           4   31.696291183059898     
           6           5   40.534386823938050     
           6           6   51.000000000000000     
           6           1   39.698523267908620     
           6           2   41.721400240534720     
           6           3   37.164243127374931     
           6           4   26.751736616085786     
           6           5   43.954936899058282     
           6           6   48.083261120685229     
           6           1   43.899083643788160     
           6           2   50.453135800803956     
           6           3   40.867855043275604     
           6           4   31.696308131887054     
           6           5   52.905920655515935     
           6           6   51.000000000000000     
           6           1   53.444235796537839     
           6           2   62.676651045168654     
           6           3   50.370449516018219     
           6           4   43.262645393071303     
           6           5   65.146269294682568     
           6           6   58.889727457341827     
           6           1   40.969681990170095     
           6           2   38.908106232142622     
           6           3   46.755029364363878     
           6           4   38.188534761629825     
           6           5   31.668463483915470     
           6           6   51.000000000000000     
           6           1   29.557936962638227     
           6           2   34.098158376592281     
           6           3   36.318499135703291     
           6           4   24.317991784999723     
           6           5   26.718748886121897     
           6           6   41.641325627314025     
           6           1   25.432821955082428     
           6           2   37.276374270825286     
           6           3   32.094142582060570     
           6           4   17.388653244872597     
           6           5   31.668462303168312     
           6           6   38.013155617496423     
           6           1   31.590904192671509     
           6           2   46.844121860507968     
           6           3   36.318515893207781     
           6           4   24.318013876250721     
           6           5   43.242241700156399     
           6           6   41.641325627314025     
           6           1   43.899225765634831     
           6           2   59.809827177359381     
           6           3   46.755055398242654     
           6           4   38.188562896509040     
           6           5   57.575093832857085     
           6           6   51.000000000000000     
           6           1   36.433096565100101     
           6           2   41.721619950805483     
           6           3   49.121133860178013     
           6           4   40.287393027275954     
           6           5   25.529328355424564     
           6           6   48.083261120685229     
           6           1   22.858856498817612     
           6           2   37.276497225771166     
           6           3   39.317761893539661     
           6           4   27.496810254087787     
           6           5   19.045906880131415     
           6           6   38.013155617496423     
           6           1   17.195467878053325     
           6           2   40.204240069007653     
           6           3   35.452602287062540     
           6           4   21.611920584816421     
           6           5   25.529326890738613     
           6           6   34.000000000000000     
           6           1   25.433067267964187     
           6           2   49.205940633523873     
           6           3   39.317777372737957     
           6           4   27.496829791441701     
           6           5   38.971098189578157     
           6           6   38.013155617496423     
           6           1   39.698837587118575     
           6           2   61.677129211186141     
           6           3   49.121158640037571     
           6           4   40.287419696409202     
           6           5   54.440301769087348     
           6           6   48.083261120685229     
           6           1   39.423675732586752     
           6           2   50.453408329539101     
           6           3   56.725116241013779     
           6           4   48.639324487786588     
           6           5   29.641215108798797     
           6           6   51.000000000000000     
           6           1   27.374860791970747     
           6           2   46.844317544080845     
           6           3   48.484424521325174     
           6           4   38.714137260738489     
           6           5   24.281713196017172     
           6           6   41.641325627314025     
           6           1   22.859129434241467     
           6           2   49.206033779142935     
           6           3   45.406387543732556     
           6           4   34.781963157050306     
           6           5   29.641213847296925     
           6           6   38.013155617496423     
           6           1   29.558359115536714     
           6           2   56.798568946564409     
           6           3   48.484437073964088     
           6           4   38.714151137194122     
           6           5   41.780396371369427     
           6           6   41.641325627314025     
           6           1   42.460021063521147     
           6           2   67.889035259613948     
           6           3   56.725137699143012     
           6           4   48.639346577525210     
           6           5   56.485409474981161     
           6           6   51.000000000000000     
           6           1   48.570380801620139     
           6           2   62.676943550359567     
           6           3   67.827662744661367     
           6           4   60.716502998132142     
           6           5   41.029948330129294     
           6           6   58.889727457341827     
           6           1   39.423833988160226     
           6           2   59.810057071686821     
           6           3   61.103129559876699     
           6           4   53.098910285779816     
           6           5   37.342423898036287     
           6           6   51.000000000000000     
           6           1   36.433439055867964     
           6           2   61.677277834076868     
           6           3   58.690655564737305     
           6           4   50.304023802797310     
           6           5   41.029947418784054     
           6           6   48.083261120685229     
           6           1   40.970138839760757     
           6           2   67.889102771544898     
           6           3   61.103139520209460     
           6           4   53.098920403031755     
           6           5   50.502044986274932     
           6           6   51.000000000000000     
           6           1   51.065732851501309     
           6           2   77.406549782488440     
           6           3   67.827680690362214     
           6           4   60.716520693980868     
           6           5   63.209623558468451     
           6           6   58.889727457341827     
   1   6  2.5851
   2   4  2.5851
   3   4  2.6785
   4   2  2.5851
   5   4  2.6785
   6   1  2.5851
