           6
  0.9854164590136270  0.0393119792288843  0.0813350689915363
  0.0904804356321939  0.1570472042066655  0.9665849599993745
  0.8182200923574779  0.0049541406499479  0.9863877258023238
  0.9316476784574687  0.8598569976469435  0.0334792206729923
  0.1598316845795249  0.9863666375612897  0.0150699719893329
 -0.0018498794520561  0.9931095112944974  0.9085065819562110
           1           1  -1.0145835409863730       -1.9606880207711157       -1.9186649310084638     
           2           2  -1.9095195643678060       -1.8429527957933345       -1.0334150400006255     
           3           3  -1.1817799076425222       -1.9950458593500522       -1.0136122741976763     
           4           4  -1.0683523215425312       -1.1401430023530565       -1.9665207793270076     
           5           5  -1.8401683154204751       -1.0136333624387102       -1.9849300280106672     
           6           6  -2.0018498794520561       -1.0068904887055026       -1.0914934180437890     
           7           1  -1.0145835409863730       -1.9606880207711157      -0.91866493100846369     
           8           2  -1.9095195643678060       -1.8429527957933345      -3.34150400006254511E-002
           9           3  -1.1817799076425222       -1.9950458593500522      -1.36122741976761885E-002
          10           4  -1.0683523215425312       -1.1401430023530565      -0.96652077932700775     
          11           5  -1.8401683154204751       -1.0136333624387102      -0.98493002801066709     
          12           6  -2.0018498794520561       -1.0068904887055026      -9.14934180437889655E-002
          13           1  -1.0145835409863730       -1.9606880207711157       8.13350689915362940E-002
          14           2  -1.9095195643678060       -1.8429527957933345       0.96658495999937455     
          15           3  -1.1817799076425222       -1.9950458593500522       0.98638772580232381     
          16           4  -1.0683523215425312       -1.1401430023530565       3.34792206729922978E-002
          17           5  -1.8401683154204751       -1.0136333624387102       1.50699719893329000E-002
          18           6  -2.0018498794520561       -1.0068904887055026       0.90850658195621103     
          19           1  -1.0145835409863730       -1.9606880207711157        1.0813350689915362     
          20           2  -1.9095195643678060       -1.8429527957933345        1.9665849599993745     
          21           3  -1.1817799076425222       -1.9950458593500522        1.9863877258023237     
          22           4  -1.0683523215425312       -1.1401430023530565        1.0334792206729924     
          23           5  -1.8401683154204751       -1.0136333624387102        1.0150699719893328     
          24           6  -2.0018498794520561       -1.0068904887055026        1.9085065819562110     
          25           1  -1.0145835409863730       -1.9606880207711157        2.0813350689915362     
          26           2  -1.9095195643678060       -1.8429527957933345        2.9665849599993743     
          27           3  -1.1817799076425222       -1.9950458593500522        2.9863877258023237     
          28           4  -1.0683523215425312       -1.1401430023530565        2.0334792206729921     
          29           5  -1.8401683154204751       -1.0136333624387102        2.0150699719893330     
          30           6  -2.0018498794520561       -1.0068904887055026        2.9085065819562113     
          31           1  -1.0145835409863730      -0.96068802077111570       -1.9186649310084638     
          32           2  -1.9095195643678060      -0.84295279579333449       -1.0334150400006255     
          33           3  -1.1817799076425222      -0.99504585935005208       -1.0136122741976763     
          34           4  -1.0683523215425312      -0.14014300235305654       -1.9665207793270076     
          35           5  -1.8401683154204751      -1.36333624387102725E-002  -1.9849300280106672     
          36           6  -2.0018498794520561      -6.89048870550257320E-003  -1.0914934180437890     
          37           1  -1.0145835409863730      -0.96068802077111570      -0.91866493100846369     
          38           2  -1.9095195643678060      -0.84295279579333449      -3.34150400006254511E-002
          39           3  -1.1817799076425222      -0.99504585935005208      -1.36122741976761885E-002
          40           4  -1.0683523215425312      -0.14014300235305654      -0.96652077932700775     
          41           5  -1.8401683154204751      -1.36333624387102725E-002 -0.98493002801066709     
          42           6  -2.0018498794520561      -6.89048870550257320E-003 -9.14934180437889655E-002
          43           1  -1.0145835409863730      -0.96068802077111570       8.13350689915362940E-002
          44           2  -1.9095195643678060      -0.84295279579333449       0.96658495999937455     
          45           3  -1.1817799076425222      -0.99504585935005208       0.98638772580232381     
          46           4  -1.0683523215425312      -0.14014300235305654       3.34792206729922978E-002
          47           5  -1.8401683154204751      -1.36333624387102725E-002  1.50699719893329000E-002
          48           6  -2.0018498794520561      -6.89048870550257320E-003  0.90850658195621103     
          49           1  -1.0145835409863730      -0.96068802077111570        1.0813350689915362     
          50           2  -1.9095195643678060      -0.84295279579333449        1.9665849599993745     
          51           3  -1.1817799076425222      -0.99504585935005208        1.9863877258023237     
          52           4  -1.0683523215425312      -0.14014300235305654        1.0334792206729924     
          53           5  -1.8401683154204751      -1.36333624387102725E-002   1.0150699719893328     
          54           6  -2.0018498794520561      -6.89048870550257320E-003   1.9085065819562110     
          55           1  -1.0145835409863730      -0.96068802077111570        2.0813350689915362     
          56           2  -1.9095195643678060      -0.84295279579333449        2.9665849599993743     
          57           3  -1.1817799076425222      -0.99504585935005208        2.9863877258023237     
          58           4  -1.0683523215425312      -0.14014300235305654        2.0334792206729921     
          59           5  -1.8401683154204751      -1.36333624387102725E-002   2.0150699719893330     
          60           6  -2.0018498794520561      -6.89048870550257320E-003   2.9085065819562113     
          61           1  -1.0145835409863730       3.93119792288842973E-002  -1.9186649310084638     
          62           2  -1.9095195643678060       0.15704720420666551       -1.0334150400006255     
          63           3  -1.1817799076425222       4.95414064994790029E-003  -1.0136122741976763     
          64           4  -1.0683523215425312       0.85985699764694346       -1.9665207793270076     
          65           5  -1.8401683154204751       0.98636663756128973       -1.9849300280106672     
          66           6  -2.0018498794520561       0.99310951129449743       -1.0914934180437890     
          67           1  -1.0145835409863730       3.93119792288842973E-002 -0.91866493100846369     
          68           2  -1.9095195643678060       0.15704720420666551      -3.34150400006254511E-002
          69           3  -1.1817799076425222       4.95414064994790029E-003 -1.36122741976761885E-002
          70           4  -1.0683523215425312       0.85985699764694346      -0.96652077932700775     
          71           5  -1.8401683154204751       0.98636663756128973      -0.98493002801066709     
          72           6  -2.0018498794520561       0.99310951129449743      -9.14934180437889655E-002
          73           1  -1.0145835409863730       3.93119792288842973E-002  8.13350689915362940E-002
          74           2  -1.9095195643678060       0.15704720420666551       0.96658495999937455     
          75           3  -1.1817799076425222       4.95414064994790029E-003  0.98638772580232381     
          76           4  -1.0683523215425312       0.85985699764694346       3.34792206729922978E-002
          77           5  -1.8401683154204751       0.98636663756128973       1.50699719893329000E-002
          78           6  -2.0018498794520561       0.99310951129449743       0.90850658195621103     
          79           1  -1.0145835409863730       3.93119792288842973E-002   1.0813350689915362     
          80           2  -1.9095195643678060       0.15704720420666551        1.9665849599993745     
          81           3  -1.1817799076425222       4.95414064994790029E-003   1.9863877258023237     
          82           4  -1.0683523215425312       0.85985699764694346        1.0334792206729924     
          83           5  -1.8401683154204751       0.98636663756128973        1.0150699719893328     
          84           6  -2.0018498794520561       0.99310951129449743        1.9085065819562110     
          85           1  -1.0145835409863730       3.93119792288842973E-002   2.0813350689915362     
          86           2  -1.9095195643678060       0.15704720420666551        2.9665849599993743     
          87           3  -1.1817799076425222       4.95414064994790029E-003   2.9863877258023237     
          88           4  -1.0683523215425312       0.85985699764694346        2.0334792206729921     
          89           5  -1.8401683154204751       0.98636663756128973        2.0150699719893330     
          90           6  -2.0018498794520561       0.99310951129449743        2.9085065819562113     
          91           1  -1.0145835409863730        1.0393119792288843       -1.9186649310084638     
          92           2  -1.9095195643678060        1.1570472042066655       -1.0334150400006255     
          93           3  -1.1817799076425222        1.0049541406499478       -1.0136122741976763     
          94           4  -1.0683523215425312        1.8598569976469435       -1.9665207793270076     
          95           5  -1.8401683154204751        1.9863666375612898       -1.9849300280106672     
          96           6  -2.0018498794520561        1.9931095112944974       -1.0914934180437890     
          97           1  -1.0145835409863730        1.0393119792288843      -0.91866493100846369     
          98           2  -1.9095195643678060        1.1570472042066655      -3.34150400006254511E-002
          99           3  -1.1817799076425222        1.0049541406499478      -1.36122741976761885E-002
         100           4  -1.0683523215425312        1.8598569976469435      -0.96652077932700775     
         101           5  -1.8401683154204751        1.9863666375612898      -0.98493002801066709     
         102           6  -2.0018498794520561        1.9931095112944974      -9.14934180437889655E-002
         103           1  -1.0145835409863730        1.0393119792288843       8.13350689915362940E-002
         104           2  -1.9095195643678060        1.1570472042066655       0.96658495999937455     
         105           3  -1.1817799076425222        1.0049541406499478       0.98638772580232381     
         106           4  -1.0683523215425312        1.8598569976469435       3.34792206729922978E-002
         107           5  -1.8401683154204751        1.9863666375612898       1.50699719893329000E-002
         108           6  -2.0018498794520561        1.9931095112944974       0.90850658195621103     
         109           1  -1.0145835409863730        1.0393119792288843        1.0813350689915362     
         110           2  -1.9095195643678060        1.1570472042066655        1.9665849599993745     
         111           3  -1.1817799076425222        1.0049541406499478        1.9863877258023237     
         112           4  -1.0683523215425312        1.8598569976469435        1.0334792206729924     
         113           5  -1.8401683154204751        1.9863666375612898        1.0150699719893328     
         114           6  -2.0018498794520561        1.9931095112944974        1.9085065819562110     
         115           1  -1.0145835409863730        1.0393119792288843        2.0813350689915362     
         116           2  -1.9095195643678060        1.1570472042066655        2.9665849599993743     
         117           3  -1.1817799076425222        1.0049541406499478        2.9863877258023237     
         118           4  -1.0683523215425312        1.8598569976469435        2.0334792206729921     
         119           5  -1.8401683154204751        1.9863666375612898        2.0150699719893330     
         120           6  -2.0018498794520561        1.9931095112944974        2.9085065819562113     
         121           1  -1.0145835409863730        2.0393119792288843       -1.9186649310084638     
         122           2  -1.9095195643678060        2.1570472042066653       -1.0334150400006255     
         123           3  -1.1817799076425222        2.0049541406499478       -1.0136122741976763     
         124           4  -1.0683523215425312        2.8598569976469435       -1.9665207793270076     
         125           5  -1.8401683154204751        2.9863666375612898       -1.9849300280106672     
         126           6  -2.0018498794520561        2.9931095112944974       -1.0914934180437890     
         127           1  -1.0145835409863730        2.0393119792288843      -0.91866493100846369     
         128           2  -1.9095195643678060        2.1570472042066653      -3.34150400006254511E-002
         129           3  -1.1817799076425222        2.0049541406499478      -1.36122741976761885E-002
         130           4  -1.0683523215425312        2.8598569976469435      -0.96652077932700775     
         131           5  -1.8401683154204751        2.9863666375612898      -0.98493002801066709     
         132           6  -2.0018498794520561        2.9931095112944974      -9.14934180437889655E-002
         133           1  -1.0145835409863730        2.0393119792288843       8.13350689915362940E-002
         134           2  -1.9095195643678060        2.1570472042066653       0.96658495999937455     
         135           3  -1.1817799076425222        2.0049541406499478       0.98638772580232381     
         136           4  -1.0683523215425312        2.8598569976469435       3.34792206729922978E-002
         137           5  -1.8401683154204751        2.9863666375612898       1.50699719893329000E-002
         138           6  -2.0018498794520561        2.9931095112944974       0.90850658195621103     
         139           1  -1.0145835409863730        2.0393119792288843        1.0813350689915362     
         140           2  -1.9095195643678060        2.1570472042066653        1.9665849599993745     
         141           3  -1.1817799076425222        2.0049541406499478        1.9863877258023237     
         142           4  -1.0683523215425312        2.8598569976469435        1.0334792206729924     
         143           5  -1.8401683154204751        2.9863666375612898        1.0150699719893328     
         144           6  -2.0018498794520561        2.9931095112944974        1.9085065819562110     
         145           1  -1.0145835409863730        2.0393119792288843        2.0813350689915362     
         146           2  -1.9095195643678060        2.1570472042066653        2.9665849599993743     
         147           3  -1.1817799076425222        2.0049541406499478        2.9863877258023237     
         148           4  -1.0683523215425312        2.8598569976469435        2.0334792206729921     
         149           5  -1.8401683154204751        2.9863666375612898        2.0150699719893330     
         150           6  -2.0018498794520561        2.9931095112944974        2.9085065819562113     
         151           1 -1.45835409863730447E-002  -1.9606880207711157       -1.9186649310084638     
         152           2 -0.90951956436780612       -1.8429527957933345       -1.0334150400006255     
         153           3 -0.18177990764252205       -1.9950458593500522       -1.0136122741976763     
         154           4 -6.83523215425313468E-002  -1.1401430023530565       -1.9665207793270076     
         155           5 -0.84016831542047510       -1.0136333624387102       -1.9849300280106672     
         156           6  -1.0018498794520561       -1.0068904887055026       -1.0914934180437890     
         157           1 -1.45835409863730447E-002  -1.9606880207711157      -0.91866493100846369     
         158           2 -0.90951956436780612       -1.8429527957933345      -3.34150400006254511E-002
         159           3 -0.18177990764252205       -1.9950458593500522      -1.36122741976761885E-002
         160           4 -6.83523215425313468E-002  -1.1401430023530565      -0.96652077932700775     
         161           5 -0.84016831542047510       -1.0136333624387102      -0.98493002801066709     
         162           6  -1.0018498794520561       -1.0068904887055026      -9.14934180437889655E-002
         163           1 -1.45835409863730447E-002  -1.9606880207711157       8.13350689915362940E-002
         164           2 -0.90951956436780612       -1.8429527957933345       0.96658495999937455     
         165           3 -0.18177990764252205       -1.9950458593500522       0.98638772580232381     
         166           4 -6.83523215425313468E-002  -1.1401430023530565       3.34792206729922978E-002
         167           5 -0.84016831542047510       -1.0136333624387102       1.50699719893329000E-002
         168           6  -1.0018498794520561       -1.0068904887055026       0.90850658195621103     
         169           1 -1.45835409863730447E-002  -1.9606880207711157        1.0813350689915362     
         170           2 -0.90951956436780612       -1.8429527957933345        1.9665849599993745     
         171           3 -0.18177990764252205       -1.9950458593500522        1.9863877258023237     
         172           4 -6.83523215425313468E-002  -1.1401430023530565        1.0334792206729924     
         173           5 -0.84016831542047510       -1.0136333624387102        1.0150699719893328     
         174           6  -1.0018498794520561       -1.0068904887055026        1.9085065819562110     
         175           1 -1.45835409863730447E-002  -1.9606880207711157        2.0813350689915362     
         176           2 -0.90951956436780612       -1.8429527957933345        2.9665849599993743     
         177           3 -0.18177990764252205       -1.9950458593500522        2.9863877258023237     
         178           4 -6.83523215425313468E-002  -1.1401430023530565        2.0334792206729921     
         179           5 -0.84016831542047510       -1.0136333624387102        2.0150699719893330     
         180           6  -1.0018498794520561       -1.0068904887055026        2.9085065819562113     
         181           1 -1.45835409863730447E-002 -0.96068802077111570       -1.9186649310084638     
         182           2 -0.90951956436780612      -0.84295279579333449       -1.0334150400006255     
         183           3 -0.18177990764252205      -0.99504585935005208       -1.0136122741976763     
         184           4 -6.83523215425313468E-002 -0.14014300235305654       -1.9665207793270076     
         185           5 -0.84016831542047510      -1.36333624387102725E-002  -1.9849300280106672     
         186           6  -1.0018498794520561      -6.89048870550257320E-003  -1.0914934180437890     
         187           1 -1.45835409863730447E-002 -0.96068802077111570      -0.91866493100846369     
         188           2 -0.90951956436780612      -0.84295279579333449      -3.34150400006254511E-002
         189           3 -0.18177990764252205      -0.99504585935005208      -1.36122741976761885E-002
         190           4 -6.83523215425313468E-002 -0.14014300235305654      -0.96652077932700775     
         191           5 -0.84016831542047510      -1.36333624387102725E-002 -0.98493002801066709     
         192           6  -1.0018498794520561      -6.89048870550257320E-003 -9.14934180437889655E-002
         193           1 -1.45835409863730447E-002 -0.96068802077111570       8.13350689915362940E-002
         194           2 -0.90951956436780612      -0.84295279579333449       0.96658495999937455     
         195           3 -0.18177990764252205      -0.99504585935005208       0.98638772580232381     
         196           4 -6.83523215425313468E-002 -0.14014300235305654       3.34792206729922978E-002
         197           5 -0.84016831542047510      -1.36333624387102725E-002  1.50699719893329000E-002
         198           6  -1.0018498794520561      -6.89048870550257320E-003  0.90850658195621103     
         199           1 -1.45835409863730447E-002 -0.96068802077111570        1.0813350689915362     
         200           2 -0.90951956436780612      -0.84295279579333449        1.9665849599993745     
         201           3 -0.18177990764252205      -0.99504585935005208        1.9863877258023237     
         202           4 -6.83523215425313468E-002 -0.14014300235305654        1.0334792206729924     
         203           5 -0.84016831542047510      -1.36333624387102725E-002   1.0150699719893328     
         204           6  -1.0018498794520561      -6.89048870550257320E-003   1.9085065819562110     
         205           1 -1.45835409863730447E-002 -0.96068802077111570        2.0813350689915362     
         206           2 -0.90951956436780612      -0.84295279579333449        2.9665849599993743     
         207           3 -0.18177990764252205      -0.99504585935005208        2.9863877258023237     
         208           4 -6.83523215425313468E-002 -0.14014300235305654        2.0334792206729921     
         209           5 -0.84016831542047510      -1.36333624387102725E-002   2.0150699719893330     
         210           6  -1.0018498794520561      -6.89048870550257320E-003   2.9085065819562113     
         211           1 -1.45835409863730447E-002  3.93119792288842973E-002  -1.9186649310084638     
         212           2 -0.90951956436780612       0.15704720420666551       -1.0334150400006255     
         213           3 -0.18177990764252205       4.95414064994790029E-003  -1.0136122741976763     
         214           4 -6.83523215425313468E-002  0.85985699764694346       -1.9665207793270076     
         215           5 -0.84016831542047510       0.98636663756128973       -1.9849300280106672     
         216           6  -1.0018498794520561       0.99310951129449743       -1.0914934180437890     
         217           1 -1.45835409863730447E-002  3.93119792288842973E-002 -0.91866493100846369     
         218           2 -0.90951956436780612       0.15704720420666551      -3.34150400006254511E-002
         219           3 -0.18177990764252205       4.95414064994790029E-003 -1.36122741976761885E-002
         220           4 -6.83523215425313468E-002  0.85985699764694346      -0.96652077932700775     
         221           5 -0.84016831542047510       0.98636663756128973      -0.98493002801066709     
         222           6  -1.0018498794520561       0.99310951129449743      -9.14934180437889655E-002
         223           1 -1.45835409863730447E-002  3.93119792288842973E-002  8.13350689915362940E-002
         224           2 -0.90951956436780612       0.15704720420666551       0.96658495999937455     
         225           3 -0.18177990764252205       4.95414064994790029E-003  0.98638772580232381     
         226           4 -6.83523215425313468E-002  0.85985699764694346       3.34792206729922978E-002
         227           5 -0.84016831542047510       0.98636663756128973       1.50699719893329000E-002
         228           6  -1.0018498794520561       0.99310951129449743       0.90850658195621103     
         229           1 -1.45835409863730447E-002  3.93119792288842973E-002   1.0813350689915362     
         230           2 -0.90951956436780612       0.15704720420666551        1.9665849599993745     
         231           3 -0.18177990764252205       4.95414064994790029E-003   1.9863877258023237     
         232           4 -6.83523215425313468E-002  0.85985699764694346        1.0334792206729924     
         233           5 -0.84016831542047510       0.98636663756128973        1.0150699719893328     
         234           6  -1.0018498794520561       0.99310951129449743        1.9085065819562110     
         235           1 -1.45835409863730447E-002  3.93119792288842973E-002   2.0813350689915362     
         236           2 -0.90951956436780612       0.15704720420666551        2.9665849599993743     
         237           3 -0.18177990764252205       4.95414064994790029E-003   2.9863877258023237     
         238           4 -6.83523215425313468E-002  0.85985699764694346        2.0334792206729921     
         239           5 -0.84016831542047510       0.98636663756128973        2.0150699719893330     
         240           6  -1.0018498794520561       0.99310951129449743        2.9085065819562113     
         241           1 -1.45835409863730447E-002   1.0393119792288843       -1.9186649310084638     
         242           2 -0.90951956436780612        1.1570472042066655       -1.0334150400006255     
         243           3 -0.18177990764252205        1.0049541406499478       -1.0136122741976763     
         244           4 -6.83523215425313468E-002   1.8598569976469435       -1.9665207793270076     
         245           5 -0.84016831542047510        1.9863666375612898       -1.9849300280106672     
         246           6  -1.0018498794520561        1.9931095112944974       -1.0914934180437890     
         247           1 -1.45835409863730447E-002   1.0393119792288843      -0.91866493100846369     
         248           2 -0.90951956436780612        1.1570472042066655      -3.34150400006254511E-002
         249           3 -0.18177990764252205        1.0049541406499478      -1.36122741976761885E-002
         250           4 -6.83523215425313468E-002   1.8598569976469435      -0.96652077932700775     
         251           5 -0.84016831542047510        1.9863666375612898      -0.98493002801066709     
         252           6  -1.0018498794520561        1.9931095112944974      -9.14934180437889655E-002
         253           1 -1.45835409863730447E-002   1.0393119792288843       8.13350689915362940E-002
         254           2 -0.90951956436780612        1.1570472042066655       0.96658495999937455     
         255           3 -0.18177990764252205        1.0049541406499478       0.98638772580232381     
         256           4 -6.83523215425313468E-002   1.8598569976469435       3.34792206729922978E-002
         257           5 -0.84016831542047510        1.9863666375612898       1.50699719893329000E-002
         258           6  -1.0018498794520561        1.9931095112944974       0.90850658195621103     
         259           1 -1.45835409863730447E-002   1.0393119792288843        1.0813350689915362     
         260           2 -0.90951956436780612        1.1570472042066655        1.9665849599993745     
         261           3 -0.18177990764252205        1.0049541406499478        1.9863877258023237     
         262           4 -6.83523215425313468E-002   1.8598569976469435        1.0334792206729924     
         263           5 -0.84016831542047510        1.9863666375612898        1.0150699719893328     
         264           6  -1.0018498794520561        1.9931095112944974        1.9085065819562110     
         265           1 -1.45835409863730447E-002   1.0393119792288843        2.0813350689915362     
         266           2 -0.90951956436780612        1.1570472042066655        2.9665849599993743     
         267           3 -0.18177990764252205        1.0049541406499478        2.9863877258023237     
         268           4 -6.83523215425313468E-002   1.8598569976469435        2.0334792206729921     
         269           5 -0.84016831542047510        1.9863666375612898        2.0150699719893330     
         270           6  -1.0018498794520561        1.9931095112944974        2.9085065819562113     
         271           1 -1.45835409863730447E-002   2.0393119792288843       -1.9186649310084638     
         272           2 -0.90951956436780612        2.1570472042066653       -1.0334150400006255     
         273           3 -0.18177990764252205        2.0049541406499478       -1.0136122741976763     
         274           4 -6.83523215425313468E-002   2.8598569976469435       -1.9665207793270076     
         275           5 -0.84016831542047510        2.9863666375612898       -1.9849300280106672     
         276           6  -1.0018498794520561        2.9931095112944974       -1.0914934180437890     
         277           1 -1.45835409863730447E-002   2.0393119792288843      -0.91866493100846369     
         278           2 -0.90951956436780612        2.1570472042066653      -3.34150400006254511E-002
         279           3 -0.18177990764252205        2.0049541406499478      -1.36122741976761885E-002
         280           4 -6.83523215425313468E-002   2.8598569976469435      -0.96652077932700775     
         281           5 -0.84016831542047510        2.9863666375612898      -0.98493002801066709     
         282           6  -1.0018498794520561        2.9931095112944974      -9.14934180437889655E-002
         283           1 -1.45835409863730447E-002   2.0393119792288843       8.13350689915362940E-002
         284           2 -0.90951956436780612        2.1570472042066653       0.96658495999937455     
         285           3 -0.18177990764252205        2.0049541406499478       0.98638772580232381     
         286           4 -6.83523215425313468E-002   2.8598569976469435       3.34792206729922978E-002
         287           5 -0.84016831542047510        2.9863666375612898       1.50699719893329000E-002
         288           6  -1.0018498794520561        2.9931095112944974       0.90850658195621103     
         289           1 -1.45835409863730447E-002   2.0393119792288843        1.0813350689915362     
         290           2 -0.90951956436780612        2.1570472042066653        1.9665849599993745     
         291           3 -0.18177990764252205        2.0049541406499478        1.9863877258023237     
         292           4 -6.83523215425313468E-002   2.8598569976469435        1.0334792206729924     
         293           5 -0.84016831542047510        2.9863666375612898        1.0150699719893328     
         294           6  -1.0018498794520561        2.9931095112944974        1.9085065819562110     
         295           1 -1.45835409863730447E-002   2.0393119792288843        2.0813350689915362     
         296           2 -0.90951956436780612        2.1570472042066653        2.9665849599993743     
         297           3 -0.18177990764252205        2.0049541406499478        2.9863877258023237     
         298           4 -6.83523215425313468E-002   2.8598569976469435        2.0334792206729921     
         299           5 -0.84016831542047510        2.9863666375612898        2.0150699719893330     
         300           6  -1.0018498794520561        2.9931095112944974        2.9085065819562113     
         301           1  0.98541645901362696       -1.9606880207711157       -1.9186649310084638     
         302           2  9.04804356321939063E-002  -1.8429527957933345       -1.0334150400006255     
         303           3  0.81822009235747795       -1.9950458593500522       -1.0136122741976763     
         304           4  0.93164767845746865       -1.1401430023530565       -1.9665207793270076     
         305           5  0.15983168457952490       -1.0136333624387102       -1.9849300280106672     
         306           6 -1.84987945205610004E-003  -1.0068904887055026       -1.0914934180437890     
         307           1  0.98541645901362696       -1.9606880207711157      -0.91866493100846369     
         308           2  9.04804356321939063E-002  -1.8429527957933345      -3.34150400006254511E-002
         309           3  0.81822009235747795       -1.9950458593500522      -1.36122741976761885E-002
         310           4  0.93164767845746865       -1.1401430023530565      -0.96652077932700775     
         311           5  0.15983168457952490       -1.0136333624387102      -0.98493002801066709     
         312           6 -1.84987945205610004E-003  -1.0068904887055026      -9.14934180437889655E-002
         313           1  0.98541645901362696       -1.9606880207711157       8.13350689915362940E-002
         314           2  9.04804356321939063E-002  -1.8429527957933345       0.96658495999937455     
         315           3  0.81822009235747795       -1.9950458593500522       0.98638772580232381     
         316           4  0.93164767845746865       -1.1401430023530565       3.34792206729922978E-002
         317           5  0.15983168457952490       -1.0136333624387102       1.50699719893329000E-002
         318           6 -1.84987945205610004E-003  -1.0068904887055026       0.90850658195621103     
         319           1  0.98541645901362696       -1.9606880207711157        1.0813350689915362     
         320           2  9.04804356321939063E-002  -1.8429527957933345        1.9665849599993745     
         321           3  0.81822009235747795       -1.9950458593500522        1.9863877258023237     
         322           4  0.93164767845746865       -1.1401430023530565        1.0334792206729924     
         323           5  0.15983168457952490       -1.0136333624387102        1.0150699719893328     
         324           6 -1.84987945205610004E-003  -1.0068904887055026        1.9085065819562110     
         325           1  0.98541645901362696       -1.9606880207711157        2.0813350689915362     
         326           2  9.04804356321939063E-002  -1.8429527957933345        2.9665849599993743     
         327           3  0.81822009235747795       -1.9950458593500522        2.9863877258023237     
         328           4  0.93164767845746865       -1.1401430023530565        2.0334792206729921     
         329           5  0.15983168457952490       -1.0136333624387102        2.0150699719893330     
         330           6 -1.84987945205610004E-003  -1.0068904887055026        2.9085065819562113     
         331           1  0.98541645901362696      -0.96068802077111570       -1.9186649310084638     
         332           2  9.04804356321939063E-002 -0.84295279579333449       -1.0334150400006255     
         333           3  0.81822009235747795      -0.99504585935005208       -1.0136122741976763     
         334           4  0.93164767845746865      -0.14014300235305654       -1.9665207793270076     
         335           5  0.15983168457952490      -1.36333624387102725E-002  -1.9849300280106672     
         336           6 -1.84987945205610004E-003 -6.89048870550257320E-003  -1.0914934180437890     
         337           1  0.98541645901362696      -0.96068802077111570      -0.91866493100846369     
         338           2  9.04804356321939063E-002 -0.84295279579333449      -3.34150400006254511E-002
         339           3  0.81822009235747795      -0.99504585935005208      -1.36122741976761885E-002
         340           4  0.93164767845746865      -0.14014300235305654      -0.96652077932700775     
         341           5  0.15983168457952490      -1.36333624387102725E-002 -0.98493002801066709     
         342           6 -1.84987945205610004E-003 -6.89048870550257320E-003 -9.14934180437889655E-002
         343           1  0.98541645901362696      -0.96068802077111570       8.13350689915362940E-002
         344           2  9.04804356321939063E-002 -0.84295279579333449       0.96658495999937455     
         345           3  0.81822009235747795      -0.99504585935005208       0.98638772580232381     
         346           4  0.93164767845746865      -0.14014300235305654       3.34792206729922978E-002
         347           5  0.15983168457952490      -1.36333624387102725E-002  1.50699719893329000E-002
         348           6 -1.84987945205610004E-003 -6.89048870550257320E-003  0.90850658195621103     
         349           1  0.98541645901362696      -0.96068802077111570        1.0813350689915362     
         350           2  9.04804356321939063E-002 -0.84295279579333449        1.9665849599993745     
         351           3  0.81822009235747795      -0.99504585935005208        1.9863877258023237     
         352           4  0.93164767845746865      -0.14014300235305654        1.0334792206729924     
         353           5  0.15983168457952490      -1.36333624387102725E-002   1.0150699719893328     
         354           6 -1.84987945205610004E-003 -6.89048870550257320E-003   1.9085065819562110     
         355           1  0.98541645901362696      -0.96068802077111570        2.0813350689915362     
         356           2  9.04804356321939063E-002 -0.84295279579333449        2.9665849599993743     
         357           3  0.81822009235747795      -0.99504585935005208        2.9863877258023237     
         358           4  0.93164767845746865      -0.14014300235305654        2.0334792206729921     
         359           5  0.15983168457952490      -1.36333624387102725E-002   2.0150699719893330     
         360           6 -1.84987945205610004E-003 -6.89048870550257320E-003   2.9085065819562113     
         361           1  0.98541645901362696       3.93119792288842973E-002  -1.9186649310084638     
         362           2  9.04804356321939063E-002  0.15704720420666551       -1.0334150400006255     
         363           3  0.81822009235747795       4.95414064994790029E-003  -1.0136122741976763     
         364           4  0.93164767845746865       0.85985699764694346       -1.9665207793270076     
         365           5  0.15983168457952490       0.98636663756128973       -1.9849300280106672     
         366           6 -1.84987945205610004E-003  0.99310951129449743       -1.0914934180437890     
         367           1  0.98541645901362696       3.93119792288842973E-002 -0.91866493100846369     
         368           2  9.04804356321939063E-002  0.15704720420666551      -3.34150400006254511E-002
         369           3  0.81822009235747795       4.95414064994790029E-003 -1.36122741976761885E-002
         370           4  0.93164767845746865       0.85985699764694346      -0.96652077932700775     
         371           5  0.15983168457952490       0.98636663756128973      -0.98493002801066709     
         372           6 -1.84987945205610004E-003  0.99310951129449743      -9.14934180437889655E-002
         373           1  0.98541645901362696       3.93119792288842973E-002  8.13350689915362940E-002
         374           2  9.04804356321939063E-002  0.15704720420666551       0.96658495999937455     
         375           3  0.81822009235747795       4.95414064994790029E-003  0.98638772580232381     
         376           4  0.93164767845746865       0.85985699764694346       3.34792206729922978E-002
         377           5  0.15983168457952490       0.98636663756128973       1.50699719893329000E-002
         378           6 -1.84987945205610004E-003  0.99310951129449743       0.90850658195621103     
         379           1  0.98541645901362696       3.93119792288842973E-002   1.0813350689915362     
         380           2  9.04804356321939063E-002  0.15704720420666551        1.9665849599993745     
         381           3  0.81822009235747795       4.95414064994790029E-003   1.9863877258023237     
         382           4  0.93164767845746865       0.85985699764694346        1.0334792206729924     
         383           5  0.15983168457952490       0.98636663756128973        1.0150699719893328     
         384           6 -1.84987945205610004E-003  0.99310951129449743        1.9085065819562110     
         385           1  0.98541645901362696       3.93119792288842973E-002   2.0813350689915362     
         386           2  9.04804356321939063E-002  0.15704720420666551        2.9665849599993743     
         387           3  0.81822009235747795       4.95414064994790029E-003   2.9863877258023237     
         388           4  0.93164767845746865       0.85985699764694346        2.0334792206729921     
         389           5  0.15983168457952490       0.98636663756128973        2.0150699719893330     
         390           6 -1.84987945205610004E-003  0.99310951129449743        2.9085065819562113     
         391           1  0.98541645901362696        1.0393119792288843       -1.9186649310084638     
         392           2  9.04804356321939063E-002   1.1570472042066655       -1.0334150400006255     
         393           3  0.81822009235747795        1.0049541406499478       -1.0136122741976763     
         394           4  0.93164767845746865        1.8598569976469435       -1.9665207793270076     
         395           5  0.15983168457952490        1.9863666375612898       -1.9849300280106672     
         396           6 -1.84987945205610004E-003   1.9931095112944974       -1.0914934180437890     
         397           1  0.98541645901362696        1.0393119792288843      -0.91866493100846369     
         398           2  9.04804356321939063E-002   1.1570472042066655      -3.34150400006254511E-002
         399           3  0.81822009235747795        1.0049541406499478      -1.36122741976761885E-002
         400           4  0.93164767845746865        1.8598569976469435      -0.96652077932700775     
         401           5  0.15983168457952490        1.9863666375612898      -0.98493002801066709     
         402           6 -1.84987945205610004E-003   1.9931095112944974      -9.14934180437889655E-002
         403           1  0.98541645901362696        1.0393119792288843       8.13350689915362940E-002
         404           2  9.04804356321939063E-002   1.1570472042066655       0.96658495999937455     
         405           3  0.81822009235747795        1.0049541406499478       0.98638772580232381     
         406           4  0.93164767845746865        1.8598569976469435       3.34792206729922978E-002
         407           5  0.15983168457952490        1.9863666375612898       1.50699719893329000E-002
         408           6 -1.84987945205610004E-003   1.9931095112944974       0.90850658195621103     
         409           1  0.98541645901362696        1.0393119792288843        1.0813350689915362     
         410           2  9.04804356321939063E-002   1.1570472042066655        1.9665849599993745     
         411           3  0.81822009235747795        1.0049541406499478        1.9863877258023237     
         412           4  0.93164767845746865        1.8598569976469435        1.0334792206729924     
         413           5  0.15983168457952490        1.9863666375612898        1.0150699719893328     
         414           6 -1.84987945205610004E-003   1.9931095112944974        1.9085065819562110     
         415           1  0.98541645901362696        1.0393119792288843        2.0813350689915362     
         416           2  9.04804356321939063E-002   1.1570472042066655        2.9665849599993743     
         417           3  0.81822009235747795        1.0049541406499478        2.9863877258023237     
         418           4  0.93164767845746865        1.8598569976469435        2.0334792206729921     
         419           5  0.15983168457952490        1.9863666375612898        2.0150699719893330     
         420           6 -1.84987945205610004E-003   1.9931095112944974        2.9085065819562113     
         421           1  0.98541645901362696        2.0393119792288843       -1.9186649310084638     
         422           2  9.04804356321939063E-002   2.1570472042066653       -1.0334150400006255     
         423           3  0.81822009235747795        2.0049541406499478       -1.0136122741976763     
         424           4  0.93164767845746865        2.8598569976469435       -1.9665207793270076     
         425           5  0.15983168457952490        2.9863666375612898       -1.9849300280106672     
         426           6 -1.84987945205610004E-003   2.9931095112944974       -1.0914934180437890     
         427           1  0.98541645901362696        2.0393119792288843      -0.91866493100846369     
         428           2  9.04804356321939063E-002   2.1570472042066653      -3.34150400006254511E-002
         429           3  0.81822009235747795        2.0049541406499478      -1.36122741976761885E-002
         430           4  0.93164767845746865        2.8598569976469435      -0.96652077932700775     
         431           5  0.15983168457952490        2.9863666375612898      -0.98493002801066709     
         432           6 -1.84987945205610004E-003   2.9931095112944974      -9.14934180437889655E-002
         433           1  0.98541645901362696        2.0393119792288843       8.13350689915362940E-002
         434           2  9.04804356321939063E-002   2.1570472042066653       0.96658495999937455     
         435           3  0.81822009235747795        2.0049541406499478       0.98638772580232381     
         436           4  0.93164767845746865        2.8598569976469435       3.34792206729922978E-002
         437           5  0.15983168457952490        2.9863666375612898       1.50699719893329000E-002
         438           6 -1.84987945205610004E-003   2.9931095112944974       0.90850658195621103     
         439           1  0.98541645901362696        2.0393119792288843        1.0813350689915362     
         440           2  9.04804356321939063E-002   2.1570472042066653        1.9665849599993745     
         441           3  0.81822009235747795        2.0049541406499478        1.9863877258023237     
         442           4  0.93164767845746865        2.8598569976469435        1.0334792206729924     
         443           5  0.15983168457952490        2.9863666375612898        1.0150699719893328     
         444           6 -1.84987945205610004E-003   2.9931095112944974        1.9085065819562110     
         445           1  0.98541645901362696        2.0393119792288843        2.0813350689915362     
         446           2  9.04804356321939063E-002   2.1570472042066653        2.9665849599993743     
         447           3  0.81822009235747795        2.0049541406499478        2.9863877258023237     
         448           4  0.93164767845746865        2.8598569976469435        2.0334792206729921     
         449           5  0.15983168457952490        2.9863666375612898        2.0150699719893330     
         450           6 -1.84987945205610004E-003   2.9931095112944974        2.9085065819562113     
         451           1   1.9854164590136270       -1.9606880207711157       -1.9186649310084638     
         452           2   1.0904804356321940       -1.8429527957933345       -1.0334150400006255     
         453           3   1.8182200923574778       -1.9950458593500522       -1.0136122741976763     
         454           4   1.9316476784574688       -1.1401430023530565       -1.9665207793270076     
         455           5   1.1598316845795249       -1.0136333624387102       -1.9849300280106672     
         456           6  0.99815012054794394       -1.0068904887055026       -1.0914934180437890     
         457           1   1.9854164590136270       -1.9606880207711157      -0.91866493100846369     
         458           2   1.0904804356321940       -1.8429527957933345      -3.34150400006254511E-002
         459           3   1.8182200923574778       -1.9950458593500522      -1.36122741976761885E-002
         460           4   1.9316476784574688       -1.1401430023530565      -0.96652077932700775     
         461           5   1.1598316845795249       -1.0136333624387102      -0.98493002801066709     
         462           6  0.99815012054794394       -1.0068904887055026      -9.14934180437889655E-002
         463           1   1.9854164590136270       -1.9606880207711157       8.13350689915362940E-002
         464           2   1.0904804356321940       -1.8429527957933345       0.96658495999937455     
         465           3   1.8182200923574778       -1.9950458593500522       0.98638772580232381     
         466           4   1.9316476784574688       -1.1401430023530565       3.34792206729922978E-002
         467           5   1.1598316845795249       -1.0136333624387102       1.50699719893329000E-002
         468           6  0.99815012054794394       -1.0068904887055026       0.90850658195621103     
         469           1   1.9854164590136270       -1.9606880207711157        1.0813350689915362     
         470           2   1.0904804356321940       -1.8429527957933345        1.9665849599993745     
         471           3   1.8182200923574778       -1.9950458593500522        1.9863877258023237     
         472           4   1.9316476784574688       -1.1401430023530565        1.0334792206729924     
         473           5   1.1598316845795249       -1.0136333624387102        1.0150699719893328     
         474           6  0.99815012054794394       -1.0068904887055026        1.9085065819562110     
         475           1   1.9854164590136270       -1.9606880207711157        2.0813350689915362     
         476           2   1.0904804356321940       -1.8429527957933345        2.9665849599993743     
         477           3   1.8182200923574778       -1.9950458593500522        2.9863877258023237     
         478           4   1.9316476784574688       -1.1401430023530565        2.0334792206729921     
         479           5   1.1598316845795249       -1.0136333624387102        2.0150699719893330     
         480           6  0.99815012054794394       -1.0068904887055026        2.9085065819562113     
         481           1   1.9854164590136270      -0.96068802077111570       -1.9186649310084638     
         482           2   1.0904804356321940      -0.84295279579333449       -1.0334150400006255     
         483           3   1.8182200923574778      -0.99504585935005208       -1.0136122741976763     
         484           4   1.9316476784574688      -0.14014300235305654       -1.9665207793270076     
         485           5   1.1598316845795249      -1.36333624387102725E-002  -1.9849300280106672     
         486           6  0.99815012054794394      -6.89048870550257320E-003  -1.0914934180437890     
         487           1   1.9854164590136270      -0.96068802077111570      -0.91866493100846369     
         488           2   1.0904804356321940      -0.84295279579333449      -3.34150400006254511E-002
         489           3   1.8182200923574778      -0.99504585935005208      -1.36122741976761885E-002
         490           4   1.9316476784574688      -0.14014300235305654      -0.96652077932700775     
         491           5   1.1598316845795249      -1.36333624387102725E-002 -0.98493002801066709     
         492           6  0.99815012054794394      -6.89048870550257320E-003 -9.14934180437889655E-002
         493           1   1.9854164590136270      -0.96068802077111570       8.13350689915362940E-002
         494           2   1.0904804356321940      -0.84295279579333449       0.96658495999937455     
         495           3   1.8182200923574778      -0.99504585935005208       0.98638772580232381     
         496           4   1.9316476784574688      -0.14014300235305654       3.34792206729922978E-002
         497           5   1.1598316845795249      -1.36333624387102725E-002  1.50699719893329000E-002
         498           6  0.99815012054794394      -6.89048870550257320E-003  0.90850658195621103     
         499           1   1.9854164590136270      -0.96068802077111570        1.0813350689915362     
         500           2   1.0904804356321940      -0.84295279579333449        1.9665849599993745     
         501           3   1.8182200923574778      -0.99504585935005208        1.9863877258023237     
         502           4   1.9316476784574688      -0.14014300235305654        1.0334792206729924     
         503           5   1.1598316845795249      -1.36333624387102725E-002   1.0150699719893328     
         504           6  0.99815012054794394      -6.89048870550257320E-003   1.9085065819562110     
         505           1   1.9854164590136270      -0.96068802077111570        2.0813350689915362     
         506           2   1.0904804356321940      -0.84295279579333449        2.9665849599993743     
         507           3   1.8182200923574778      -0.99504585935005208        2.9863877258023237     
         508           4   1.9316476784574688      -0.14014300235305654        2.0334792206729921     
         509           5   1.1598316845795249      -1.36333624387102725E-002   2.0150699719893330     
         510           6  0.99815012054794394      -6.89048870550257320E-003   2.9085065819562113     
         511           1   1.9854164590136270       3.93119792288842973E-002  -1.9186649310084638     
         512           2   1.0904804356321940       0.15704720420666551       -1.0334150400006255     
         513           3   1.8182200923574778       4.95414064994790029E-003  -1.0136122741976763     
         514           4   1.9316476784574688       0.85985699764694346       -1.9665207793270076     
         515           5   1.1598316845795249       0.98636663756128973       -1.9849300280106672     
         516           6  0.99815012054794394       0.99310951129449743       -1.0914934180437890     
         517           1   1.9854164590136270       3.93119792288842973E-002 -0.91866493100846369     
         518           2   1.0904804356321940       0.15704720420666551      -3.34150400006254511E-002
         519           3   1.8182200923574778       4.95414064994790029E-003 -1.36122741976761885E-002
         520           4   1.9316476784574688       0.85985699764694346      -0.96652077932700775     
         521           5   1.1598316845795249       0.98636663756128973      -0.98493002801066709     
         522           6  0.99815012054794394       0.99310951129449743      -9.14934180437889655E-002
         523           1   1.9854164590136270       3.93119792288842973E-002  8.13350689915362940E-002
         524           2   1.0904804356321940       0.15704720420666551       0.96658495999937455     
         525           3   1.8182200923574778       4.95414064994790029E-003  0.98638772580232381     
         526           4   1.9316476784574688       0.85985699764694346       3.34792206729922978E-002
         527           5   1.1598316845795249       0.98636663756128973       1.50699719893329000E-002
         528           6  0.99815012054794394       0.99310951129449743       0.90850658195621103     
         529           1   1.9854164590136270       3.93119792288842973E-002   1.0813350689915362     
         530           2   1.0904804356321940       0.15704720420666551        1.9665849599993745     
         531           3   1.8182200923574778       4.95414064994790029E-003   1.9863877258023237     
         532           4   1.9316476784574688       0.85985699764694346        1.0334792206729924     
         533           5   1.1598316845795249       0.98636663756128973        1.0150699719893328     
         534           6  0.99815012054794394       0.99310951129449743        1.9085065819562110     
         535           1   1.9854164590136270       3.93119792288842973E-002   2.0813350689915362     
         536           2   1.0904804356321940       0.15704720420666551        2.9665849599993743     
         537           3   1.8182200923574778       4.95414064994790029E-003   2.9863877258023237     
         538           4   1.9316476784574688       0.85985699764694346        2.0334792206729921     
         539           5   1.1598316845795249       0.98636663756128973        2.0150699719893330     
         540           6  0.99815012054794394       0.99310951129449743        2.9085065819562113     
         541           1   1.9854164590136270        1.0393119792288843       -1.9186649310084638     
         542           2   1.0904804356321940        1.1570472042066655       -1.0334150400006255     
         543           3   1.8182200923574778        1.0049541406499478       -1.0136122741976763     
         544           4   1.9316476784574688        1.8598569976469435       -1.9665207793270076     
         545           5   1.1598316845795249        1.9863666375612898       -1.9849300280106672     
         546           6  0.99815012054794394        1.9931095112944974       -1.0914934180437890     
         547           1   1.9854164590136270        1.0393119792288843      -0.91866493100846369     
         548           2   1.0904804356321940        1.1570472042066655      -3.34150400006254511E-002
         549           3   1.8182200923574778        1.0049541406499478      -1.36122741976761885E-002
         550           4   1.9316476784574688        1.8598569976469435      -0.96652077932700775     
         551           5   1.1598316845795249        1.9863666375612898      -0.98493002801066709     
         552           6  0.99815012054794394        1.9931095112944974      -9.14934180437889655E-002
         553           1   1.9854164590136270        1.0393119792288843       8.13350689915362940E-002
         554           2   1.0904804356321940        1.1570472042066655       0.96658495999937455     
         555           3   1.8182200923574778        1.0049541406499478       0.98638772580232381     
         556           4   1.9316476784574688        1.8598569976469435       3.34792206729922978E-002
         557           5   1.1598316845795249        1.9863666375612898       1.50699719893329000E-002
         558           6  0.99815012054794394        1.9931095112944974       0.90850658195621103     
         559           1   1.9854164590136270        1.0393119792288843        1.0813350689915362     
         560           2   1.0904804356321940        1.1570472042066655        1.9665849599993745     
         561           3   1.8182200923574778        1.0049541406499478        1.9863877258023237     
         562           4   1.9316476784574688        1.8598569976469435        1.0334792206729924     
         563           5   1.1598316845795249        1.9863666375612898        1.0150699719893328     
         564           6  0.99815012054794394        1.9931095112944974        1.9085065819562110     
         565           1   1.9854164590136270        1.0393119792288843        2.0813350689915362     
         566           2   1.0904804356321940        1.1570472042066655        2.9665849599993743     
         567           3   1.8182200923574778        1.0049541406499478        2.9863877258023237     
         568           4   1.9316476784574688        1.8598569976469435        2.0334792206729921     
         569           5   1.1598316845795249        1.9863666375612898        2.0150699719893330     
         570           6  0.99815012054794394        1.9931095112944974        2.9085065819562113     
         571           1   1.9854164590136270        2.0393119792288843       -1.9186649310084638     
         572           2   1.0904804356321940        2.1570472042066653       -1.0334150400006255     
         573           3   1.8182200923574778        2.0049541406499478       -1.0136122741976763     
         574           4   1.9316476784574688        2.8598569976469435       -1.9665207793270076     
         575           5   1.1598316845795249        2.9863666375612898       -1.9849300280106672     
         576           6  0.99815012054794394        2.9931095112944974       -1.0914934180437890     
         577           1   1.9854164590136270        2.0393119792288843      -0.91866493100846369     
         578           2   1.0904804356321940        2.1570472042066653      -3.34150400006254511E-002
         579           3   1.8182200923574778        2.0049541406499478      -1.36122741976761885E-002
         580           4   1.9316476784574688        2.8598569976469435      -0.96652077932700775     
         581           5   1.1598316845795249        2.9863666375612898      -0.98493002801066709     
         582           6  0.99815012054794394        2.9931095112944974      -9.14934180437889655E-002
         583           1   1.9854164590136270        2.0393119792288843       8.13350689915362940E-002
         584           2   1.0904804356321940        2.1570472042066653       0.96658495999937455     
         585           3   1.8182200923574778        2.0049541406499478       0.98638772580232381     
         586           4   1.9316476784574688        2.8598569976469435       3.34792206729922978E-002
         587           5   1.1598316845795249        2.9863666375612898       1.50699719893329000E-002
         588           6  0.99815012054794394        2.9931095112944974       0.90850658195621103     
         589           1   1.9854164590136270        2.0393119792288843        1.0813350689915362     
         590           2   1.0904804356321940        2.1570472042066653        1.9665849599993745     
         591           3   1.8182200923574778        2.0049541406499478        1.9863877258023237     
         592           4   1.9316476784574688        2.8598569976469435        1.0334792206729924     
         593           5   1.1598316845795249        2.9863666375612898        1.0150699719893328     
         594           6  0.99815012054794394        2.9931095112944974        1.9085065819562110     
         595           1   1.9854164590136270        2.0393119792288843        2.0813350689915362     
         596           2   1.0904804356321940        2.1570472042066653        2.9665849599993743     
         597           3   1.8182200923574778        2.0049541406499478        2.9863877258023237     
         598           4   1.9316476784574688        2.8598569976469435        2.0334792206729921     
         599           5   1.1598316845795249        2.9863666375612898        2.0150699719893330     
         600           6  0.99815012054794394        2.9931095112944974        2.9085065819562113     
         601           1   2.9854164590136270       -1.9606880207711157       -1.9186649310084638     
         602           2   2.0904804356321938       -1.8429527957933345       -1.0334150400006255     
         603           3   2.8182200923574778       -1.9950458593500522       -1.0136122741976763     
         604           4   2.9316476784574688       -1.1401430023530565       -1.9665207793270076     
         605           5   2.1598316845795251       -1.0136333624387102       -1.9849300280106672     
         606           6   1.9981501205479439       -1.0068904887055026       -1.0914934180437890     
         607           1   2.9854164590136270       -1.9606880207711157      -0.91866493100846369     
         608           2   2.0904804356321938       -1.8429527957933345      -3.34150400006254511E-002
         609           3   2.8182200923574778       -1.9950458593500522      -1.36122741976761885E-002
         610           4   2.9316476784574688       -1.1401430023530565      -0.96652077932700775     
         611           5   2.1598316845795251       -1.0136333624387102      -0.98493002801066709     
         612           6   1.9981501205479439       -1.0068904887055026      -9.14934180437889655E-002
         613           1   2.9854164590136270       -1.9606880207711157       8.13350689915362940E-002
         614           2   2.0904804356321938       -1.8429527957933345       0.96658495999937455     
         615           3   2.8182200923574778       -1.9950458593500522       0.98638772580232381     
         616           4   2.9316476784574688       -1.1401430023530565       3.34792206729922978E-002
         617           5   2.1598316845795251       -1.0136333624387102       1.50699719893329000E-002
         618           6   1.9981501205479439       -1.0068904887055026       0.90850658195621103     
         619           1   2.9854164590136270       -1.9606880207711157        1.0813350689915362     
         620           2   2.0904804356321938       -1.8429527957933345        1.9665849599993745     
         621           3   2.8182200923574778       -1.9950458593500522        1.9863877258023237     
         622           4   2.9316476784574688       -1.1401430023530565        1.0334792206729924     
         623           5   2.1598316845795251       -1.0136333624387102        1.0150699719893328     
         624           6   1.9981501205479439       -1.0068904887055026        1.9085065819562110     
         625           1   2.9854164590136270       -1.9606880207711157        2.0813350689915362     
         626           2   2.0904804356321938       -1.8429527957933345        2.9665849599993743     
         627           3   2.8182200923574778       -1.9950458593500522        2.9863877258023237     
         628           4   2.9316476784574688       -1.1401430023530565        2.0334792206729921     
         629           5   2.1598316845795251       -1.0136333624387102        2.0150699719893330     
         630           6   1.9981501205479439       -1.0068904887055026        2.9085065819562113     
         631           1   2.9854164590136270      -0.96068802077111570       -1.9186649310084638     
         632           2   2.0904804356321938      -0.84295279579333449       -1.0334150400006255     
         633           3   2.8182200923574778      -0.99504585935005208       -1.0136122741976763     
         634           4   2.9316476784574688      -0.14014300235305654       -1.9665207793270076     
         635           5   2.1598316845795251      -1.36333624387102725E-002  -1.9849300280106672     
         636           6   1.9981501205479439      -6.89048870550257320E-003  -1.0914934180437890     
         637           1   2.9854164590136270      -0.96068802077111570      -0.91866493100846369     
         638           2   2.0904804356321938      -0.84295279579333449      -3.34150400006254511E-002
         639           3   2.8182200923574778      -0.99504585935005208      -1.36122741976761885E-002
         640           4   2.9316476784574688      -0.14014300235305654      -0.96652077932700775     
         641           5   2.1598316845795251      -1.36333624387102725E-002 -0.98493002801066709     
         642           6   1.9981501205479439      -6.89048870550257320E-003 -9.14934180437889655E-002
         643           1   2.9854164590136270      -0.96068802077111570       8.13350689915362940E-002
         644           2   2.0904804356321938      -0.84295279579333449       0.96658495999937455     
         645           3   2.8182200923574778      -0.99504585935005208       0.98638772580232381     
         646           4   2.9316476784574688      -0.14014300235305654       3.34792206729922978E-002
         647           5   2.1598316845795251      -1.36333624387102725E-002  1.50699719893329000E-002
         648           6   1.9981501205479439      -6.89048870550257320E-003  0.90850658195621103     
         649           1   2.9854164590136270      -0.96068802077111570        1.0813350689915362     
         650           2   2.0904804356321938      -0.84295279579333449        1.9665849599993745     
         651           3   2.8182200923574778      -0.99504585935005208        1.9863877258023237     
         652           4   2.9316476784574688      -0.14014300235305654        1.0334792206729924     
         653           5   2.1598316845795251      -1.36333624387102725E-002   1.0150699719893328     
         654           6   1.9981501205479439      -6.89048870550257320E-003   1.9085065819562110     
         655           1   2.9854164590136270      -0.96068802077111570        2.0813350689915362     
         656           2   2.0904804356321938      -0.84295279579333449        2.9665849599993743     
         657           3   2.8182200923574778      -0.99504585935005208        2.9863877258023237     
         658           4   2.9316476784574688      -0.14014300235305654        2.0334792206729921     
         659           5   2.1598316845795251      -1.36333624387102725E-002   2.0150699719893330     
         660           6   1.9981501205479439      -6.89048870550257320E-003   2.9085065819562113     
         661           1   2.9854164590136270       3.93119792288842973E-002  -1.9186649310084638     
         662           2   2.0904804356321938       0.15704720420666551       -1.0334150400006255     
         663           3   2.8182200923574778       4.95414064994790029E-003  -1.0136122741976763     
         664           4   2.9316476784574688       0.85985699764694346       -1.9665207793270076     
         665           5   2.1598316845795251       0.98636663756128973       -1.9849300280106672     
         666           6   1.9981501205479439       0.99310951129449743       -1.0914934180437890     
         667           1   2.9854164590136270       3.93119792288842973E-002 -0.91866493100846369     
         668           2   2.0904804356321938       0.15704720420666551      -3.34150400006254511E-002
         669           3   2.8182200923574778       4.95414064994790029E-003 -1.36122741976761885E-002
         670           4   2.9316476784574688       0.85985699764694346      -0.96652077932700775     
         671           5   2.1598316845795251       0.98636663756128973      -0.98493002801066709     
         672           6   1.9981501205479439       0.99310951129449743      -9.14934180437889655E-002
         673           1   2.9854164590136270       3.93119792288842973E-002  8.13350689915362940E-002
         674           2   2.0904804356321938       0.15704720420666551       0.96658495999937455     
         675           3   2.8182200923574778       4.95414064994790029E-003  0.98638772580232381     
         676           4   2.9316476784574688       0.85985699764694346       3.34792206729922978E-002
         677           5   2.1598316845795251       0.98636663756128973       1.50699719893329000E-002
         678           6   1.9981501205479439       0.99310951129449743       0.90850658195621103     
         679           1   2.9854164590136270       3.93119792288842973E-002   1.0813350689915362     
         680           2   2.0904804356321938       0.15704720420666551        1.9665849599993745     
         681           3   2.8182200923574778       4.95414064994790029E-003   1.9863877258023237     
         682           4   2.9316476784574688       0.85985699764694346        1.0334792206729924     
         683           5   2.1598316845795251       0.98636663756128973        1.0150699719893328     
         684           6   1.9981501205479439       0.99310951129449743        1.9085065819562110     
         685           1   2.9854164590136270       3.93119792288842973E-002   2.0813350689915362     
         686           2   2.0904804356321938       0.15704720420666551        2.9665849599993743     
         687           3   2.8182200923574778       4.95414064994790029E-003   2.9863877258023237     
         688           4   2.9316476784574688       0.85985699764694346        2.0334792206729921     
         689           5   2.1598316845795251       0.98636663756128973        2.0150699719893330     
         690           6   1.9981501205479439       0.99310951129449743        2.9085065819562113     
         691           1   2.9854164590136270        1.0393119792288843       -1.9186649310084638     
         692           2   2.0904804356321938        1.1570472042066655       -1.0334150400006255     
         693           3   2.8182200923574778        1.0049541406499478       -1.0136122741976763     
         694           4   2.9316476784574688        1.8598569976469435       -1.9665207793270076     
         695           5   2.1598316845795251        1.9863666375612898       -1.9849300280106672     
         696           6   1.9981501205479439        1.9931095112944974       -1.0914934180437890     
         697           1   2.9854164590136270        1.0393119792288843      -0.91866493100846369     
         698           2   2.0904804356321938        1.1570472042066655      -3.34150400006254511E-002
         699           3   2.8182200923574778        1.0049541406499478      -1.36122741976761885E-002
         700           4   2.9316476784574688        1.8598569976469435      -0.96652077932700775     
         701           5   2.1598316845795251        1.9863666375612898      -0.98493002801066709     
         702           6   1.9981501205479439        1.9931095112944974      -9.14934180437889655E-002
         703           1   2.9854164590136270        1.0393119792288843       8.13350689915362940E-002
         704           2   2.0904804356321938        1.1570472042066655       0.96658495999937455     
         705           3   2.8182200923574778        1.0049541406499478       0.98638772580232381     
         706           4   2.9316476784574688        1.8598569976469435       3.34792206729922978E-002
         707           5   2.1598316845795251        1.9863666375612898       1.50699719893329000E-002
         708           6   1.9981501205479439        1.9931095112944974       0.90850658195621103     
         709           1   2.9854164590136270        1.0393119792288843        1.0813350689915362     
         710           2   2.0904804356321938        1.1570472042066655        1.9665849599993745     
         711           3   2.8182200923574778        1.0049541406499478        1.9863877258023237     
         712           4   2.9316476784574688        1.8598569976469435        1.0334792206729924     
         713           5   2.1598316845795251        1.9863666375612898        1.0150699719893328     
         714           6   1.9981501205479439        1.9931095112944974        1.9085065819562110     
         715           1   2.9854164590136270        1.0393119792288843        2.0813350689915362     
         716           2   2.0904804356321938        1.1570472042066655        2.9665849599993743     
         717           3   2.8182200923574778        1.0049541406499478        2.9863877258023237     
         718           4   2.9316476784574688        1.8598569976469435        2.0334792206729921     
         719           5   2.1598316845795251        1.9863666375612898        2.0150699719893330     
         720           6   1.9981501205479439        1.9931095112944974        2.9085065819562113     
         721           1   2.9854164590136270        2.0393119792288843       -1.9186649310084638     
         722           2   2.0904804356321938        2.1570472042066653       -1.0334150400006255     
         723           3   2.8182200923574778        2.0049541406499478       -1.0136122741976763     
         724           4   2.9316476784574688        2.8598569976469435       -1.9665207793270076     
         725           5   2.1598316845795251        2.9863666375612898       -1.9849300280106672     
         726           6   1.9981501205479439        2.9931095112944974       -1.0914934180437890     
         727           1   2.9854164590136270        2.0393119792288843      -0.91866493100846369     
         728           2   2.0904804356321938        2.1570472042066653      -3.34150400006254511E-002
         729           3   2.8182200923574778        2.0049541406499478      -1.36122741976761885E-002
         730           4   2.9316476784574688        2.8598569976469435      -0.96652077932700775     
         731           5   2.1598316845795251        2.9863666375612898      -0.98493002801066709     
         732           6   1.9981501205479439        2.9931095112944974      -9.14934180437889655E-002
         733           1   2.9854164590136270        2.0393119792288843       8.13350689915362940E-002
         734           2   2.0904804356321938        2.1570472042066653       0.96658495999937455     
         735           3   2.8182200923574778        2.0049541406499478       0.98638772580232381     
         736           4   2.9316476784574688        2.8598569976469435       3.34792206729922978E-002
         737           5   2.1598316845795251        2.9863666375612898       1.50699719893329000E-002
         738           6   1.9981501205479439        2.9931095112944974       0.90850658195621103     
         739           1   2.9854164590136270        2.0393119792288843        1.0813350689915362     
         740           2   2.0904804356321938        2.1570472042066653        1.9665849599993745     
         741           3   2.8182200923574778        2.0049541406499478        1.9863877258023237     
         742           4   2.9316476784574688        2.8598569976469435        1.0334792206729924     
         743           5   2.1598316845795251        2.9863666375612898        1.0150699719893328     
         744           6   1.9981501205479439        2.9931095112944974        1.9085065819562110     
         745           1   2.9854164590136270        2.0393119792288843        2.0813350689915362     
         746           2   2.0904804356321938        2.1570472042066653        2.9665849599993743     
         747           3   2.8182200923574778        2.0049541406499478        2.9863877258023237     
         748           4   2.9316476784574688        2.8598569976469435        2.0334792206729921     
         749           5   2.1598316845795251        2.9863666375612898        2.0150699719893330     
         750           6   1.9981501205479439        2.9931095112944974        2.9085065819562113     
         750
   16.752079803231659       0.66830364689103305        1.3826961728561169     
   1.5381674057472965        2.6698024715133135        16.431944319989366     
   13.909741570077125       8.42203910491143015E-002   16.768591338639506     
   15.838010533776966        14.617568959998039       0.56914675144086901     
   2.7171386378519236        16.768232838541927       0.25618952381865928     
 -3.14479506849537002E-002   16.882861692006458        15.444611893255587     
  -17.247920196768341       -33.331696353108967       -32.617303827143886     
  -32.461832594252705       -31.330197528486686       -17.568055680010634     
  -20.090258429922876       -33.915779608950885       -17.231408661360497     
  -18.161989466223030       -19.382431040001961       -33.430853248559131     
  -31.282861362148076       -17.231767161458073       -33.743810476181345     
  -34.031447950684949       -17.117138307993542       -18.555388106744413     
  -17.247920196768341       -33.331696353108967       -15.617303827143882     
  -32.461832594252705       -31.330197528486686      -0.56805568001063267     
  -20.090258429922876       -33.915779608950885      -0.23140866136049520     
  -18.161989466223030       -19.382431040001961       -16.430853248559131     
  -31.282861362148076       -17.231767161458073       -16.743810476181341     
  -34.031447950684949       -17.117138307993542       -1.5553881067444124     
  -17.247920196768341       -33.331696353108967        1.3826961728561169     
  -32.461832594252705       -31.330197528486686        16.431944319989366     
  -20.090258429922876       -33.915779608950885        16.768591338639506     
  -18.161989466223030       -19.382431040001961       0.56914675144086901     
  -31.282861362148076       -17.231767161458073       0.25618952381865928     
  -34.031447950684949       -17.117138307993542        15.444611893255587     
  -17.247920196768341       -33.331696353108967        18.382696172856114     
  -32.461832594252705       -31.330197528486686        33.431944319989370     
  -20.090258429922876       -33.915779608950885        33.768591338639503     
  -18.161989466223030       -19.382431040001961        17.569146751440869     
  -31.282861362148076       -17.231767161458073        17.256189523818659     
  -34.031447950684949       -17.117138307993542        32.444611893255590     
  -17.247920196768341       -33.331696353108967        35.382696172856114     
  -32.461832594252705       -31.330197528486686        50.431944319989363     
  -20.090258429922876       -33.915779608950885        50.768591338639503     
  -18.161989466223030       -19.382431040001961        34.569146751440869     
  -31.282861362148076       -17.231767161458073        34.256189523818662     
  -34.031447950684949       -17.117138307993542        49.444611893255590     
  -17.247920196768341       -16.331696353108967       -32.617303827143886     
  -32.461832594252705       -14.330197528486686       -17.568055680010634     
  -20.090258429922876       -16.915779608950885       -17.231408661360497     
  -18.161989466223030       -2.3824310400019613       -33.430853248559131     
  -31.282861362148076      -0.23176716145807463       -33.743810476181345     
  -34.031447950684949      -0.11713830799354374       -18.555388106744413     
  -17.247920196768341       -16.331696353108967       -15.617303827143882     
  -32.461832594252705       -14.330197528486686      -0.56805568001063267     
  -20.090258429922876       -16.915779608950885      -0.23140866136049520     
  -18.161989466223030       -2.3824310400019613       -16.430853248559131     
  -31.282861362148076      -0.23176716145807463       -16.743810476181341     
  -34.031447950684949      -0.11713830799354374       -1.5553881067444124     
  -17.247920196768341       -16.331696353108967        1.3826961728561169     
  -32.461832594252705       -14.330197528486686        16.431944319989366     
  -20.090258429922876       -16.915779608950885        16.768591338639506     
  -18.161989466223030       -2.3824310400019613       0.56914675144086901     
  -31.282861362148076      -0.23176716145807463       0.25618952381865928     
  -34.031447950684949      -0.11713830799354374        15.444611893255587     
  -17.247920196768341       -16.331696353108967        18.382696172856114     
  -32.461832594252705       -14.330197528486686        33.431944319989370     
  -20.090258429922876       -16.915779608950885        33.768591338639503     
  -18.161989466223030       -2.3824310400019613        17.569146751440869     
  -31.282861362148076      -0.23176716145807463        17.256189523818659     
  -34.031447950684949      -0.11713830799354374        32.444611893255590     
  -17.247920196768341       -16.331696353108967        35.382696172856114     
  -32.461832594252705       -14.330197528486686        50.431944319989363     
  -20.090258429922876       -16.915779608950885        50.768591338639503     
  -18.161989466223030       -2.3824310400019613        34.569146751440869     
  -31.282861362148076      -0.23176716145807463        34.256189523818662     
  -34.031447950684949      -0.11713830799354374        49.444611893255590     
  -17.247920196768341       0.66830364689103305       -32.617303827143886     
  -32.461832594252705        2.6698024715133135       -17.568055680010634     
  -20.090258429922876       8.42203910491143015E-002  -17.231408661360497     
  -18.161989466223030        14.617568959998039       -33.430853248559131     
  -31.282861362148076        16.768232838541927       -33.743810476181345     
  -34.031447950684949        16.882861692006458       -18.555388106744413     
  -17.247920196768341       0.66830364689103305       -15.617303827143882     
  -32.461832594252705        2.6698024715133135      -0.56805568001063267     
  -20.090258429922876       8.42203910491143015E-002 -0.23140866136049520     
  -18.161989466223030        14.617568959998039       -16.430853248559131     
  -31.282861362148076        16.768232838541927       -16.743810476181341     
  -34.031447950684949        16.882861692006458       -1.5553881067444124     
  -17.247920196768341       0.66830364689103305        1.3826961728561169     
  -32.461832594252705        2.6698024715133135        16.431944319989366     
  -20.090258429922876       8.42203910491143015E-002   16.768591338639506     
  -18.161989466223030        14.617568959998039       0.56914675144086901     
  -31.282861362148076        16.768232838541927       0.25618952381865928     
  -34.031447950684949        16.882861692006458        15.444611893255587     
  -17.247920196768341       0.66830364689103305        18.382696172856114     
  -32.461832594252705        2.6698024715133135        33.431944319989370     
  -20.090258429922876       8.42203910491143015E-002   33.768591338639503     
  -18.161989466223030        14.617568959998039        17.569146751440869     
  -31.282861362148076        16.768232838541927        17.256189523818659     
  -34.031447950684949        16.882861692006458        32.444611893255590     
  -17.247920196768341       0.66830364689103305        35.382696172856114     
  -32.461832594252705        2.6698024715133135        50.431944319989363     
  -20.090258429922876       8.42203910491143015E-002   50.768591338639503     
  -18.161989466223030        14.617568959998039        34.569146751440869     
  -31.282861362148076        16.768232838541927        34.256189523818662     
  -34.031447950684949        16.882861692006458        49.444611893255590     
  -17.247920196768341        17.668303646891033       -32.617303827143886     
  -32.461832594252705        19.669802471513314       -17.568055680010634     
  -20.090258429922876        17.084220391049111       -17.231408661360497     
  -18.161989466223030        31.617568959998039       -33.430853248559131     
  -31.282861362148076        33.768232838541927       -33.743810476181345     
  -34.031447950684949        33.882861692006458       -18.555388106744413     
  -17.247920196768341        17.668303646891033       -15.617303827143882     
  -32.461832594252705        19.669802471513314      -0.56805568001063267     
  -20.090258429922876        17.084220391049111      -0.23140866136049520     
  -18.161989466223030        31.617568959998039       -16.430853248559131     
  -31.282861362148076        33.768232838541927       -16.743810476181341     
  -34.031447950684949        33.882861692006458       -1.5553881067444124     
  -17.247920196768341        17.668303646891033        1.3826961728561169     
  -32.461832594252705        19.669802471513314        16.431944319989366     
  -20.090258429922876        17.084220391049111        16.768591338639506     
  -18.161989466223030        31.617568959998039       0.56914675144086901     
  -31.282861362148076        33.768232838541927       0.25618952381865928     
  -34.031447950684949        33.882861692006458        15.444611893255587     
  -17.247920196768341        17.668303646891033        18.382696172856114     
  -32.461832594252705        19.669802471513314        33.431944319989370     
  -20.090258429922876        17.084220391049111        33.768591338639503     
  -18.161989466223030        31.617568959998039        17.569146751440869     
  -31.282861362148076        33.768232838541927        17.256189523818659     
  -34.031447950684949        33.882861692006458        32.444611893255590     
  -17.247920196768341        17.668303646891033        35.382696172856114     
  -32.461832594252705        19.669802471513314        50.431944319989363     
  -20.090258429922876        17.084220391049111        50.768591338639503     
  -18.161989466223030        31.617568959998039        34.569146751440869     
  -31.282861362148076        33.768232838541927        34.256189523818662     
  -34.031447950684949        33.882861692006458        49.444611893255590     
  -17.247920196768341        34.668303646891033       -32.617303827143886     
  -32.461832594252705        36.669802471513307       -17.568055680010634     
  -20.090258429922876        34.084220391049115       -17.231408661360497     
  -18.161989466223030        48.617568959998039       -33.430853248559131     
  -31.282861362148076        50.768232838541927       -33.743810476181345     
  -34.031447950684949        50.882861692006458       -18.555388106744413     
  -17.247920196768341        34.668303646891033       -15.617303827143882     
  -32.461832594252705        36.669802471513307      -0.56805568001063267     
  -20.090258429922876        34.084220391049115      -0.23140866136049520     
  -18.161989466223030        48.617568959998039       -16.430853248559131     
  -31.282861362148076        50.768232838541927       -16.743810476181341     
  -34.031447950684949        50.882861692006458       -1.5553881067444124     
  -17.247920196768341        34.668303646891033        1.3826961728561169     
  -32.461832594252705        36.669802471513307        16.431944319989366     
  -20.090258429922876        34.084220391049115        16.768591338639506     
  -18.161989466223030        48.617568959998039       0.56914675144086901     
  -31.282861362148076        50.768232838541927       0.25618952381865928     
  -34.031447950684949        50.882861692006458        15.444611893255587     
  -17.247920196768341        34.668303646891033        18.382696172856114     
  -32.461832594252705        36.669802471513307        33.431944319989370     
  -20.090258429922876        34.084220391049115        33.768591338639503     
  -18.161989466223030        48.617568959998039        17.569146751440869     
  -31.282861362148076        50.768232838541927        17.256189523818659     
  -34.031447950684949        50.882861692006458        32.444611893255590     
  -17.247920196768341        34.668303646891033        35.382696172856114     
  -32.461832594252705        36.669802471513307        50.431944319989363     
  -20.090258429922876        34.084220391049115        50.768591338639503     
  -18.161989466223030        48.617568959998039        34.569146751440869     
  -31.282861362148076        50.768232838541927        34.256189523818662     
  -34.031447950684949        50.882861692006458        49.444611893255590     
 -0.24792019676834176       -33.331696353108967       -32.617303827143886     
  -15.461832594252703       -31.330197528486686       -17.568055680010634     
  -3.0902584299228750       -33.915779608950885       -17.231408661360497     
  -1.1619894662230328       -19.382431040001961       -33.430853248559131     
  -14.282861362148077       -17.231767161458073       -33.743810476181345     
  -17.031447950684953       -17.117138307993542       -18.555388106744413     
 -0.24792019676834176       -33.331696353108967       -15.617303827143882     
  -15.461832594252703       -31.330197528486686      -0.56805568001063267     
  -3.0902584299228750       -33.915779608950885      -0.23140866136049520     
  -1.1619894662230328       -19.382431040001961       -16.430853248559131     
  -14.282861362148077       -17.231767161458073       -16.743810476181341     
  -17.031447950684953       -17.117138307993542       -1.5553881067444124     
 -0.24792019676834176       -33.331696353108967        1.3826961728561169     
  -15.461832594252703       -31.330197528486686        16.431944319989366     
  -3.0902584299228750       -33.915779608950885        16.768591338639506     
  -1.1619894662230328       -19.382431040001961       0.56914675144086901     
  -14.282861362148077       -17.231767161458073       0.25618952381865928     
  -17.031447950684953       -17.117138307993542        15.444611893255587     
 -0.24792019676834176       -33.331696353108967        18.382696172856114     
  -15.461832594252703       -31.330197528486686        33.431944319989370     
  -3.0902584299228750       -33.915779608950885        33.768591338639503     
  -1.1619894662230328       -19.382431040001961        17.569146751440869     
  -14.282861362148077       -17.231767161458073        17.256189523818659     
  -17.031447950684953       -17.117138307993542        32.444611893255590     
 -0.24792019676834176       -33.331696353108967        35.382696172856114     
  -15.461832594252703       -31.330197528486686        50.431944319989363     
  -3.0902584299228750       -33.915779608950885        50.768591338639503     
  -1.1619894662230328       -19.382431040001961        34.569146751440869     
  -14.282861362148077       -17.231767161458073        34.256189523818662     
  -17.031447950684953       -17.117138307993542        49.444611893255590     
 -0.24792019676834176       -16.331696353108967       -32.617303827143886     
  -15.461832594252703       -14.330197528486686       -17.568055680010634     
  -3.0902584299228750       -16.915779608950885       -17.231408661360497     
  -1.1619894662230328       -2.3824310400019613       -33.430853248559131     
  -14.282861362148077      -0.23176716145807463       -33.743810476181345     
  -17.031447950684953      -0.11713830799354374       -18.555388106744413     
 -0.24792019676834176       -16.331696353108967       -15.617303827143882     
  -15.461832594252703       -14.330197528486686      -0.56805568001063267     
  -3.0902584299228750       -16.915779608950885      -0.23140866136049520     
  -1.1619894662230328       -2.3824310400019613       -16.430853248559131     
  -14.282861362148077      -0.23176716145807463       -16.743810476181341     
  -17.031447950684953      -0.11713830799354374       -1.5553881067444124     
 -0.24792019676834176       -16.331696353108967        1.3826961728561169     
  -15.461832594252703       -14.330197528486686        16.431944319989366     
  -3.0902584299228750       -16.915779608950885        16.768591338639506     
  -1.1619894662230328       -2.3824310400019613       0.56914675144086901     
  -14.282861362148077      -0.23176716145807463       0.25618952381865928     
  -17.031447950684953      -0.11713830799354374        15.444611893255587     
 -0.24792019676834176       -16.331696353108967        18.382696172856114     
  -15.461832594252703       -14.330197528486686        33.431944319989370     
  -3.0902584299228750       -16.915779608950885        33.768591338639503     
  -1.1619894662230328       -2.3824310400019613        17.569146751440869     
  -14.282861362148077      -0.23176716145807463        17.256189523818659     
  -17.031447950684953      -0.11713830799354374        32.444611893255590     
 -0.24792019676834176       -16.331696353108967        35.382696172856114     
  -15.461832594252703       -14.330197528486686        50.431944319989363     
  -3.0902584299228750       -16.915779608950885        50.768591338639503     
  -1.1619894662230328       -2.3824310400019613        34.569146751440869     
  -14.282861362148077      -0.23176716145807463        34.256189523818662     
  -17.031447950684953      -0.11713830799354374        49.444611893255590     
 -0.24792019676834176       0.66830364689103305       -32.617303827143886     
  -15.461832594252703        2.6698024715133135       -17.568055680010634     
  -3.0902584299228750       8.42203910491143015E-002  -17.231408661360497     
  -1.1619894662230328        14.617568959998039       -33.430853248559131     
  -14.282861362148077        16.768232838541927       -33.743810476181345     
  -17.031447950684953        16.882861692006458       -18.555388106744413     
 -0.24792019676834176       0.66830364689103305       -15.617303827143882     
  -15.461832594252703        2.6698024715133135      -0.56805568001063267     
  -3.0902584299228750       8.42203910491143015E-002 -0.23140866136049520     
  -1.1619894662230328        14.617568959998039       -16.430853248559131     
  -14.282861362148077        16.768232838541927       -16.743810476181341     
  -17.031447950684953        16.882861692006458       -1.5553881067444124     
 -0.24792019676834176       0.66830364689103305        1.3826961728561169     
  -15.461832594252703        2.6698024715133135        16.431944319989366     
  -3.0902584299228750       8.42203910491143015E-002   16.768591338639506     
  -1.1619894662230328        14.617568959998039       0.56914675144086901     
  -14.282861362148077        16.768232838541927       0.25618952381865928     
  -17.031447950684953        16.882861692006458        15.444611893255587     
 -0.24792019676834176       0.66830364689103305        18.382696172856114     
  -15.461832594252703        2.6698024715133135        33.431944319989370     
  -3.0902584299228750       8.42203910491143015E-002   33.768591338639503     
  -1.1619894662230328        14.617568959998039        17.569146751440869     
  -14.282861362148077        16.768232838541927        17.256189523818659     
  -17.031447950684953        16.882861692006458        32.444611893255590     
 -0.24792019676834176       0.66830364689103305        35.382696172856114     
  -15.461832594252703        2.6698024715133135        50.431944319989363     
  -3.0902584299228750       8.42203910491143015E-002   50.768591338639503     
  -1.1619894662230328        14.617568959998039        34.569146751440869     
  -14.282861362148077        16.768232838541927        34.256189523818662     
  -17.031447950684953        16.882861692006458        49.444611893255590     
 -0.24792019676834176        17.668303646891033       -32.617303827143886     
  -15.461832594252703        19.669802471513314       -17.568055680010634     
  -3.0902584299228750        17.084220391049111       -17.231408661360497     
  -1.1619894662230328        31.617568959998039       -33.430853248559131     
  -14.282861362148077        33.768232838541927       -33.743810476181345     
  -17.031447950684953        33.882861692006458       -18.555388106744413     
 -0.24792019676834176        17.668303646891033       -15.617303827143882     
  -15.461832594252703        19.669802471513314      -0.56805568001063267     
  -3.0902584299228750        17.084220391049111      -0.23140866136049520     
  -1.1619894662230328        31.617568959998039       -16.430853248559131     
  -14.282861362148077        33.768232838541927       -16.743810476181341     
  -17.031447950684953        33.882861692006458       -1.5553881067444124     
 -0.24792019676834176        17.668303646891033        1.3826961728561169     
  -15.461832594252703        19.669802471513314        16.431944319989366     
  -3.0902584299228750        17.084220391049111        16.768591338639506     
  -1.1619894662230328        31.617568959998039       0.56914675144086901     
  -14.282861362148077        33.768232838541927       0.25618952381865928     
  -17.031447950684953        33.882861692006458        15.444611893255587     
 -0.24792019676834176        17.668303646891033        18.382696172856114     
  -15.461832594252703        19.669802471513314        33.431944319989370     
  -3.0902584299228750        17.084220391049111        33.768591338639503     
  -1.1619894662230328        31.617568959998039        17.569146751440869     
  -14.282861362148077        33.768232838541927        17.256189523818659     
  -17.031447950684953        33.882861692006458        32.444611893255590     
 -0.24792019676834176        17.668303646891033        35.382696172856114     
  -15.461832594252703        19.669802471513314        50.431944319989363     
  -3.0902584299228750        17.084220391049111        50.768591338639503     
  -1.1619894662230328        31.617568959998039        34.569146751440869     
  -14.282861362148077        33.768232838541927        34.256189523818662     
  -17.031447950684953        33.882861692006458        49.444611893255590     
 -0.24792019676834176        34.668303646891033       -32.617303827143886     
  -15.461832594252703        36.669802471513307       -17.568055680010634     
  -3.0902584299228750        34.084220391049115       -17.231408661360497     
  -1.1619894662230328        48.617568959998039       -33.430853248559131     
  -14.282861362148077        50.768232838541927       -33.743810476181345     
  -17.031447950684953        50.882861692006458       -18.555388106744413     
 -0.24792019676834176        34.668303646891033       -15.617303827143882     
  -15.461832594252703        36.669802471513307      -0.56805568001063267     
  -3.0902584299228750        34.084220391049115      -0.23140866136049520     
  -1.1619894662230328        48.617568959998039       -16.430853248559131     
  -14.282861362148077        50.768232838541927       -16.743810476181341     
  -17.031447950684953        50.882861692006458       -1.5553881067444124     
 -0.24792019676834176        34.668303646891033        1.3826961728561169     
  -15.461832594252703        36.669802471513307        16.431944319989366     
  -3.0902584299228750        34.084220391049115        16.768591338639506     
  -1.1619894662230328        48.617568959998039       0.56914675144086901     
  -14.282861362148077        50.768232838541927       0.25618952381865928     
  -17.031447950684953        50.882861692006458        15.444611893255587     
 -0.24792019676834176        34.668303646891033        18.382696172856114     
  -15.461832594252703        36.669802471513307        33.431944319989370     
  -3.0902584299228750        34.084220391049115        33.768591338639503     
  -1.1619894662230328        48.617568959998039        17.569146751440869     
  -14.282861362148077        50.768232838541927        17.256189523818659     
  -17.031447950684953        50.882861692006458        32.444611893255590     
 -0.24792019676834176        34.668303646891033        35.382696172856114     
  -15.461832594252703        36.669802471513307        50.431944319989363     
  -3.0902584299228750        34.084220391049115        50.768591338639503     
  -1.1619894662230328        48.617568959998039        34.569146751440869     
  -14.282861362148077        50.768232838541927        34.256189523818662     
  -17.031447950684953        50.882861692006458        49.444611893255590     
   16.752079803231659       -33.331696353108967       -32.617303827143886     
   1.5381674057472965       -31.330197528486686       -17.568055680010634     
   13.909741570077125       -33.915779608950885       -17.231408661360497     
   15.838010533776966       -19.382431040001961       -33.430853248559131     
   2.7171386378519236       -17.231767161458073       -33.743810476181345     
 -3.14479506849537002E-002  -17.117138307993542       -18.555388106744413     
   16.752079803231659       -33.331696353108967       -15.617303827143882     
   1.5381674057472965       -31.330197528486686      -0.56805568001063267     
   13.909741570077125       -33.915779608950885      -0.23140866136049520     
   15.838010533776966       -19.382431040001961       -16.430853248559131     
   2.7171386378519236       -17.231767161458073       -16.743810476181341     
 -3.14479506849537002E-002  -17.117138307993542       -1.5553881067444124     
   16.752079803231659       -33.331696353108967        1.3826961728561169     
   1.5381674057472965       -31.330197528486686        16.431944319989366     
   13.909741570077125       -33.915779608950885        16.768591338639506     
   15.838010533776966       -19.382431040001961       0.56914675144086901     
   2.7171386378519236       -17.231767161458073       0.25618952381865928     
 -3.14479506849537002E-002  -17.117138307993542        15.444611893255587     
   16.752079803231659       -33.331696353108967        18.382696172856114     
   1.5381674057472965       -31.330197528486686        33.431944319989370     
   13.909741570077125       -33.915779608950885        33.768591338639503     
   15.838010533776966       -19.382431040001961        17.569146751440869     
   2.7171386378519236       -17.231767161458073        17.256189523818659     
 -3.14479506849537002E-002  -17.117138307993542        32.444611893255590     
   16.752079803231659       -33.331696353108967        35.382696172856114     
   1.5381674057472965       -31.330197528486686        50.431944319989363     
   13.909741570077125       -33.915779608950885        50.768591338639503     
   15.838010533776966       -19.382431040001961        34.569146751440869     
   2.7171386378519236       -17.231767161458073        34.256189523818662     
 -3.14479506849537002E-002  -17.117138307993542        49.444611893255590     
   16.752079803231659       -16.331696353108967       -32.617303827143886     
   1.5381674057472965       -14.330197528486686       -17.568055680010634     
   13.909741570077125       -16.915779608950885       -17.231408661360497     
   15.838010533776966       -2.3824310400019613       -33.430853248559131     
   2.7171386378519236      -0.23176716145807463       -33.743810476181345     
 -3.14479506849537002E-002 -0.11713830799354374       -18.555388106744413     
   16.752079803231659       -16.331696353108967       -15.617303827143882     
   1.5381674057472965       -14.330197528486686      -0.56805568001063267     
   13.909741570077125       -16.915779608950885      -0.23140866136049520     
   15.838010533776966       -2.3824310400019613       -16.430853248559131     
   2.7171386378519236      -0.23176716145807463       -16.743810476181341     
 -3.14479506849537002E-002 -0.11713830799354374       -1.5553881067444124     
   16.752079803231659       -16.331696353108967        1.3826961728561169     
   1.5381674057472965       -14.330197528486686        16.431944319989366     
   13.909741570077125       -16.915779608950885        16.768591338639506     
   15.838010533776966       -2.3824310400019613       0.56914675144086901     
   2.7171386378519236      -0.23176716145807463       0.25618952381865928     
 -3.14479506849537002E-002 -0.11713830799354374        15.444611893255587     
   16.752079803231659       -16.331696353108967        18.382696172856114     
   1.5381674057472965       -14.330197528486686        33.431944319989370     
   13.909741570077125       -16.915779608950885        33.768591338639503     
   15.838010533776966       -2.3824310400019613        17.569146751440869     
   2.7171386378519236      -0.23176716145807463        17.256189523818659     
 -3.14479506849537002E-002 -0.11713830799354374        32.444611893255590     
   16.752079803231659       -16.331696353108967        35.382696172856114     
   1.5381674057472965       -14.330197528486686        50.431944319989363     
   13.909741570077125       -16.915779608950885        50.768591338639503     
   15.838010533776966       -2.3824310400019613        34.569146751440869     
   2.7171386378519236      -0.23176716145807463        34.256189523818662     
 -3.14479506849537002E-002 -0.11713830799354374        49.444611893255590     
   16.752079803231659       0.66830364689103305       -32.617303827143886     
   1.5381674057472965        2.6698024715133135       -17.568055680010634     
   13.909741570077125       8.42203910491143015E-002  -17.231408661360497     
   15.838010533776966        14.617568959998039       -33.430853248559131     
   2.7171386378519236        16.768232838541927       -33.743810476181345     
 -3.14479506849537002E-002   16.882861692006458       -18.555388106744413     
   16.752079803231659       0.66830364689103305       -15.617303827143882     
   1.5381674057472965        2.6698024715133135      -0.56805568001063267     
   13.909741570077125       8.42203910491143015E-002 -0.23140866136049520     
   15.838010533776966        14.617568959998039       -16.430853248559131     
   2.7171386378519236        16.768232838541927       -16.743810476181341     
 -3.14479506849537002E-002   16.882861692006458       -1.5553881067444124     
   16.752079803231659       0.66830364689103305        1.3826961728561169     
   1.5381674057472965        2.6698024715133135        16.431944319989366     
   13.909741570077125       8.42203910491143015E-002   16.768591338639506     
   15.838010533776966        14.617568959998039       0.56914675144086901     
   2.7171386378519236        16.768232838541927       0.25618952381865928     
 -3.14479506849537002E-002   16.882861692006458        15.444611893255587     
   16.752079803231659       0.66830364689103305        18.382696172856114     
   1.5381674057472965        2.6698024715133135        33.431944319989370     
   13.909741570077125       8.42203910491143015E-002   33.768591338639503     
   15.838010533776966        14.617568959998039        17.569146751440869     
   2.7171386378519236        16.768232838541927        17.256189523818659     
 -3.14479506849537002E-002   16.882861692006458        32.444611893255590     
   16.752079803231659       0.66830364689103305        35.382696172856114     
   1.5381674057472965        2.6698024715133135        50.431944319989363     
   13.909741570077125       8.42203910491143015E-002   50.768591338639503     
   15.838010533776966        14.617568959998039        34.569146751440869     
   2.7171386378519236        16.768232838541927        34.256189523818662     
 -3.14479506849537002E-002   16.882861692006458        49.444611893255590     
   16.752079803231659        17.668303646891033       -32.617303827143886     
   1.5381674057472965        19.669802471513314       -17.568055680010634     
   13.909741570077125        17.084220391049111       -17.231408661360497     
   15.838010533776966        31.617568959998039       -33.430853248559131     
   2.7171386378519236        33.768232838541927       -33.743810476181345     
 -3.14479506849537002E-002   33.882861692006458       -18.555388106744413     
   16.752079803231659        17.668303646891033       -15.617303827143882     
   1.5381674057472965        19.669802471513314      -0.56805568001063267     
   13.909741570077125        17.084220391049111      -0.23140866136049520     
   15.838010533776966        31.617568959998039       -16.430853248559131     
   2.7171386378519236        33.768232838541927       -16.743810476181341     
 -3.14479506849537002E-002   33.882861692006458       -1.5553881067444124     
   16.752079803231659        17.668303646891033        1.3826961728561169     
   1.5381674057472965        19.669802471513314        16.431944319989366     
   13.909741570077125        17.084220391049111        16.768591338639506     
   15.838010533776966        31.617568959998039       0.56914675144086901     
   2.7171386378519236        33.768232838541927       0.25618952381865928     
 -3.14479506849537002E-002   33.882861692006458        15.444611893255587     
   16.752079803231659        17.668303646891033        18.382696172856114     
   1.5381674057472965        19.669802471513314        33.431944319989370     
   13.909741570077125        17.084220391049111        33.768591338639503     
   15.838010533776966        31.617568959998039        17.569146751440869     
   2.7171386378519236        33.768232838541927        17.256189523818659     
 -3.14479506849537002E-002   33.882861692006458        32.444611893255590     
   16.752079803231659        17.668303646891033        35.382696172856114     
   1.5381674057472965        19.669802471513314        50.431944319989363     
   13.909741570077125        17.084220391049111        50.768591338639503     
   15.838010533776966        31.617568959998039        34.569146751440869     
   2.7171386378519236        33.768232838541927        34.256189523818662     
 -3.14479506849537002E-002   33.882861692006458        49.444611893255590     
   16.752079803231659        34.668303646891033       -32.617303827143886     
   1.5381674057472965        36.669802471513307       -17.568055680010634     
   13.909741570077125        34.084220391049115       -17.231408661360497     
   15.838010533776966        48.617568959998039       -33.430853248559131     
   2.7171386378519236        50.768232838541927       -33.743810476181345     
 -3.14479506849537002E-002   50.882861692006458       -18.555388106744413     
   16.752079803231659        34.668303646891033       -15.617303827143882     
   1.5381674057472965        36.669802471513307      -0.56805568001063267     
   13.909741570077125        34.084220391049115      -0.23140866136049520     
   15.838010533776966        48.617568959998039       -16.430853248559131     
   2.7171386378519236        50.768232838541927       -16.743810476181341     
 -3.14479506849537002E-002   50.882861692006458       -1.5553881067444124     
   16.752079803231659        34.668303646891033        1.3826961728561169     
   1.5381674057472965        36.669802471513307        16.431944319989366     
   13.909741570077125        34.084220391049115        16.768591338639506     
   15.838010533776966        48.617568959998039       0.56914675144086901     
   2.7171386378519236        50.768232838541927       0.25618952381865928     
 -3.14479506849537002E-002   50.882861692006458        15.444611893255587     
   16.752079803231659        34.668303646891033        18.382696172856114     
   1.5381674057472965        36.669802471513307        33.431944319989370     
   13.909741570077125        34.084220391049115        33.768591338639503     
   15.838010533776966        48.617568959998039        17.569146751440869     
   2.7171386378519236        50.768232838541927        17.256189523818659     
 -3.14479506849537002E-002   50.882861692006458        32.444611893255590     
   16.752079803231659        34.668303646891033        35.382696172856114     
   1.5381674057472965        36.669802471513307        50.431944319989363     
   13.909741570077125        34.084220391049115        50.768591338639503     
   15.838010533776966        48.617568959998039        34.569146751440869     
   2.7171386378519236        50.768232838541927        34.256189523818662     
 -3.14479506849537002E-002   50.882861692006458        49.444611893255590     
   33.752079803231659       -33.331696353108967       -32.617303827143886     
   18.538167405747298       -31.330197528486686       -17.568055680010634     
   30.909741570077124       -33.915779608950885       -17.231408661360497     
   32.838010533776966       -19.382431040001961       -33.430853248559131     
   19.717138637851924       -17.231767161458073       -33.743810476181345     
   16.968552049315047       -17.117138307993542       -18.555388106744413     
   33.752079803231659       -33.331696353108967       -15.617303827143882     
   18.538167405747298       -31.330197528486686      -0.56805568001063267     
   30.909741570077124       -33.915779608950885      -0.23140866136049520     
   32.838010533776966       -19.382431040001961       -16.430853248559131     
   19.717138637851924       -17.231767161458073       -16.743810476181341     
   16.968552049315047       -17.117138307993542       -1.5553881067444124     
   33.752079803231659       -33.331696353108967        1.3826961728561169     
   18.538167405747298       -31.330197528486686        16.431944319989366     
   30.909741570077124       -33.915779608950885        16.768591338639506     
   32.838010533776966       -19.382431040001961       0.56914675144086901     
   19.717138637851924       -17.231767161458073       0.25618952381865928     
   16.968552049315047       -17.117138307993542        15.444611893255587     
   33.752079803231659       -33.331696353108967        18.382696172856114     
   18.538167405747298       -31.330197528486686        33.431944319989370     
   30.909741570077124       -33.915779608950885        33.768591338639503     
   32.838010533776966       -19.382431040001961        17.569146751440869     
   19.717138637851924       -17.231767161458073        17.256189523818659     
   16.968552049315047       -17.117138307993542        32.444611893255590     
   33.752079803231659       -33.331696353108967        35.382696172856114     
   18.538167405747298       -31.330197528486686        50.431944319989363     
   30.909741570077124       -33.915779608950885        50.768591338639503     
   32.838010533776966       -19.382431040001961        34.569146751440869     
   19.717138637851924       -17.231767161458073        34.256189523818662     
   16.968552049315047       -17.117138307993542        49.444611893255590     
   33.752079803231659       -16.331696353108967       -32.617303827143886     
   18.538167405747298       -14.330197528486686       -17.568055680010634     
   30.909741570077124       -16.915779608950885       -17.231408661360497     
   32.838010533776966       -2.3824310400019613       -33.430853248559131     
   19.717138637851924      -0.23176716145807463       -33.743810476181345     
   16.968552049315047      -0.11713830799354374       -18.555388106744413     
   33.752079803231659       -16.331696353108967       -15.617303827143882     
   18.538167405747298       -14.330197528486686      -0.56805568001063267     
   30.909741570077124       -16.915779608950885      -0.23140866136049520     
   32.838010533776966       -2.3824310400019613       -16.430853248559131     
   19.717138637851924      -0.23176716145807463       -16.743810476181341     
   16.968552049315047      -0.11713830799354374       -1.5553881067444124     
   33.752079803231659       -16.331696353108967        1.3826961728561169     
   18.538167405747298       -14.330197528486686        16.431944319989366     
   30.909741570077124       -16.915779608950885        16.768591338639506     
   32.838010533776966       -2.3824310400019613       0.56914675144086901     
   19.717138637851924      -0.23176716145807463       0.25618952381865928     
   16.968552049315047      -0.11713830799354374        15.444611893255587     
   33.752079803231659       -16.331696353108967        18.382696172856114     
   18.538167405747298       -14.330197528486686        33.431944319989370     
   30.909741570077124       -16.915779608950885        33.768591338639503     
   32.838010533776966       -2.3824310400019613        17.569146751440869     
   19.717138637851924      -0.23176716145807463        17.256189523818659     
   16.968552049315047      -0.11713830799354374        32.444611893255590     
   33.752079803231659       -16.331696353108967        35.382696172856114     
   18.538167405747298       -14.330197528486686        50.431944319989363     
   30.909741570077124       -16.915779608950885        50.768591338639503     
   32.838010533776966       -2.3824310400019613        34.569146751440869     
   19.717138637851924      -0.23176716145807463        34.256189523818662     
   16.968552049315047      -0.11713830799354374        49.444611893255590     
   33.752079803231659       0.66830364689103305       -32.617303827143886     
   18.538167405747298        2.6698024715133135       -17.568055680010634     
   30.909741570077124       8.42203910491143015E-002  -17.231408661360497     
   32.838010533776966        14.617568959998039       -33.430853248559131     
   19.717138637851924        16.768232838541927       -33.743810476181345     
   16.968552049315047        16.882861692006458       -18.555388106744413     
   33.752079803231659       0.66830364689103305       -15.617303827143882     
   18.538167405747298        2.6698024715133135      -0.56805568001063267     
   30.909741570077124       8.42203910491143015E-002 -0.23140866136049520     
   32.838010533776966        14.617568959998039       -16.430853248559131     
   19.717138637851924        16.768232838541927       -16.743810476181341     
   16.968552049315047        16.882861692006458       -1.5553881067444124     
   33.752079803231659       0.66830364689103305        1.3826961728561169     
   18.538167405747298        2.6698024715133135        16.431944319989366     
   30.909741570077124       8.42203910491143015E-002   16.768591338639506     
   32.838010533776966        14.617568959998039       0.56914675144086901     
   19.717138637851924        16.768232838541927       0.25618952381865928     
   16.968552049315047        16.882861692006458        15.444611893255587     
   33.752079803231659       0.66830364689103305        18.382696172856114     
   18.538167405747298        2.6698024715133135        33.431944319989370     
   30.909741570077124       8.42203910491143015E-002   33.768591338639503     
   32.838010533776966        14.617568959998039        17.569146751440869     
   19.717138637851924        16.768232838541927        17.256189523818659     
   16.968552049315047        16.882861692006458        32.444611893255590     
   33.752079803231659       0.66830364689103305        35.382696172856114     
   18.538167405747298        2.6698024715133135        50.431944319989363     
   30.909741570077124       8.42203910491143015E-002   50.768591338639503     
   32.838010533776966        14.617568959998039        34.569146751440869     
   19.717138637851924        16.768232838541927        34.256189523818662     
   16.968552049315047        16.882861692006458        49.444611893255590     
   33.752079803231659        17.668303646891033       -32.617303827143886     
   18.538167405747298        19.669802471513314       -17.568055680010634     
   30.909741570077124        17.084220391049111       -17.231408661360497     
   32.838010533776966        31.617568959998039       -33.430853248559131     
   19.717138637851924        33.768232838541927       -33.743810476181345     
   16.968552049315047        33.882861692006458       -18.555388106744413     
   33.752079803231659        17.668303646891033       -15.617303827143882     
   18.538167405747298        19.669802471513314      -0.56805568001063267     
   30.909741570077124        17.084220391049111      -0.23140866136049520     
   32.838010533776966        31.617568959998039       -16.430853248559131     
   19.717138637851924        33.768232838541927       -16.743810476181341     
   16.968552049315047        33.882861692006458       -1.5553881067444124     
   33.752079803231659        17.668303646891033        1.3826961728561169     
   18.538167405747298        19.669802471513314        16.431944319989366     
   30.909741570077124        17.084220391049111        16.768591338639506     
   32.838010533776966        31.617568959998039       0.56914675144086901     
   19.717138637851924        33.768232838541927       0.25618952381865928     
   16.968552049315047        33.882861692006458        15.444611893255587     
   33.752079803231659        17.668303646891033        18.382696172856114     
   18.538167405747298        19.669802471513314        33.431944319989370     
   30.909741570077124        17.084220391049111        33.768591338639503     
   32.838010533776966        31.617568959998039        17.569146751440869     
   19.717138637851924        33.768232838541927        17.256189523818659     
   16.968552049315047        33.882861692006458        32.444611893255590     
   33.752079803231659        17.668303646891033        35.382696172856114     
   18.538167405747298        19.669802471513314        50.431944319989363     
   30.909741570077124        17.084220391049111        50.768591338639503     
   32.838010533776966        31.617568959998039        34.569146751440869     
   19.717138637851924        33.768232838541927        34.256189523818662     
   16.968552049315047        33.882861692006458        49.444611893255590     
   33.752079803231659        34.668303646891033       -32.617303827143886     
   18.538167405747298        36.669802471513307       -17.568055680010634     
   30.909741570077124        34.084220391049115       -17.231408661360497     
   32.838010533776966        48.617568959998039       -33.430853248559131     
   19.717138637851924        50.768232838541927       -33.743810476181345     
   16.968552049315047        50.882861692006458       -18.555388106744413     
   33.752079803231659        34.668303646891033       -15.617303827143882     
   18.538167405747298        36.669802471513307      -0.56805568001063267     
   30.909741570077124        34.084220391049115      -0.23140866136049520     
   32.838010533776966        48.617568959998039       -16.430853248559131     
   19.717138637851924        50.768232838541927       -16.743810476181341     
   16.968552049315047        50.882861692006458       -1.5553881067444124     
   33.752079803231659        34.668303646891033        1.3826961728561169     
   18.538167405747298        36.669802471513307        16.431944319989366     
   30.909741570077124        34.084220391049115        16.768591338639506     
   32.838010533776966        48.617568959998039       0.56914675144086901     
   19.717138637851924        50.768232838541927       0.25618952381865928     
   16.968552049315047        50.882861692006458        15.444611893255587     
   33.752079803231659        34.668303646891033        18.382696172856114     
   18.538167405747298        36.669802471513307        33.431944319989370     
   30.909741570077124        34.084220391049115        33.768591338639503     
   32.838010533776966        48.617568959998039        17.569146751440869     
   19.717138637851924        50.768232838541927        17.256189523818659     
   16.968552049315047        50.882861692006458        32.444611893255590     
   33.752079803231659        34.668303646891033        35.382696172856114     
   18.538167405747298        36.669802471513307        50.431944319989363     
   30.909741570077124        34.084220391049115        50.768591338639503     
   32.838010533776966        48.617568959998039        34.569146751440869     
   19.717138637851924        50.768232838541927        34.256189523818662     
   16.968552049315047        50.882861692006458        49.444611893255590     
   50.752079803231659       -33.331696353108967       -32.617303827143886     
   35.538167405747295       -31.330197528486686       -17.568055680010634     
   47.909741570077124       -33.915779608950885       -17.231408661360497     
   49.838010533776966       -19.382431040001961       -33.430853248559131     
   36.717138637851924       -17.231767161458073       -33.743810476181345     
   33.968552049315051       -17.117138307993542       -18.555388106744413     
   50.752079803231659       -33.331696353108967       -15.617303827143882     
   35.538167405747295       -31.330197528486686      -0.56805568001063267     
   47.909741570077124       -33.915779608950885      -0.23140866136049520     
   49.838010533776966       -19.382431040001961       -16.430853248559131     
   36.717138637851924       -17.231767161458073       -16.743810476181341     
   33.968552049315051       -17.117138307993542       -1.5553881067444124     
   50.752079803231659       -33.331696353108967        1.3826961728561169     
   35.538167405747295       -31.330197528486686        16.431944319989366     
   47.909741570077124       -33.915779608950885        16.768591338639506     
   49.838010533776966       -19.382431040001961       0.56914675144086901     
   36.717138637851924       -17.231767161458073       0.25618952381865928     
   33.968552049315051       -17.117138307993542        15.444611893255587     
   50.752079803231659       -33.331696353108967        18.382696172856114     
   35.538167405747295       -31.330197528486686        33.431944319989370     
   47.909741570077124       -33.915779608950885        33.768591338639503     
   49.838010533776966       -19.382431040001961        17.569146751440869     
   36.717138637851924       -17.231767161458073        17.256189523818659     
   33.968552049315051       -17.117138307993542        32.444611893255590     
   50.752079803231659       -33.331696353108967        35.382696172856114     
   35.538167405747295       -31.330197528486686        50.431944319989363     
   47.909741570077124       -33.915779608950885        50.768591338639503     
   49.838010533776966       -19.382431040001961        34.569146751440869     
   36.717138637851924       -17.231767161458073        34.256189523818662     
   33.968552049315051       -17.117138307993542        49.444611893255590     
   50.752079803231659       -16.331696353108967       -32.617303827143886     
   35.538167405747295       -14.330197528486686       -17.568055680010634     
   47.909741570077124       -16.915779608950885       -17.231408661360497     
   49.838010533776966       -2.3824310400019613       -33.430853248559131     
   36.717138637851924      -0.23176716145807463       -33.743810476181345     
   33.968552049315051      -0.11713830799354374       -18.555388106744413     
   50.752079803231659       -16.331696353108967       -15.617303827143882     
   35.538167405747295       -14.330197528486686      -0.56805568001063267     
   47.909741570077124       -16.915779608950885      -0.23140866136049520     
   49.838010533776966       -2.3824310400019613       -16.430853248559131     
   36.717138637851924      -0.23176716145807463       -16.743810476181341     
   33.968552049315051      -0.11713830799354374       -1.5553881067444124     
   50.752079803231659       -16.331696353108967        1.3826961728561169     
   35.538167405747295       -14.330197528486686        16.431944319989366     
   47.909741570077124       -16.915779608950885        16.768591338639506     
   49.838010533776966       -2.3824310400019613       0.56914675144086901     
   36.717138637851924      -0.23176716145807463       0.25618952381865928     
   33.968552049315051      -0.11713830799354374        15.444611893255587     
   50.752079803231659       -16.331696353108967        18.382696172856114     
   35.538167405747295       -14.330197528486686        33.431944319989370     
   47.909741570077124       -16.915779608950885        33.768591338639503     
   49.838010533776966       -2.3824310400019613        17.569146751440869     
   36.717138637851924      -0.23176716145807463        17.256189523818659     
   33.968552049315051      -0.11713830799354374        32.444611893255590     
   50.752079803231659       -16.331696353108967        35.382696172856114     
   35.538167405747295       -14.330197528486686        50.431944319989363     
   47.909741570077124       -16.915779608950885        50.768591338639503     
   49.838010533776966       -2.3824310400019613        34.569146751440869     
   36.717138637851924      -0.23176716145807463        34.256189523818662     
   33.968552049315051      -0.11713830799354374        49.444611893255590     
   50.752079803231659       0.66830364689103305       -32.617303827143886     
   35.538167405747295        2.6698024715133135       -17.568055680010634     
   47.909741570077124       8.42203910491143015E-002  -17.231408661360497     
   49.838010533776966        14.617568959998039       -33.430853248559131     
   36.717138637851924        16.768232838541927       -33.743810476181345     
   33.968552049315051        16.882861692006458       -18.555388106744413     
   50.752079803231659       0.66830364689103305       -15.617303827143882     
   35.538167405747295        2.6698024715133135      -0.56805568001063267     
   47.909741570077124       8.42203910491143015E-002 -0.23140866136049520     
   49.838010533776966        14.617568959998039       -16.430853248559131     
   36.717138637851924        16.768232838541927       -16.743810476181341     
   33.968552049315051        16.882861692006458       -1.5553881067444124     
   50.752079803231659       0.66830364689103305        1.3826961728561169     
   35.538167405747295        2.6698024715133135        16.431944319989366     
   47.909741570077124       8.42203910491143015E-002   16.768591338639506     
   49.838010533776966        14.617568959998039       0.56914675144086901     
   36.717138637851924        16.768232838541927       0.25618952381865928     
   33.968552049315051        16.882861692006458        15.444611893255587     
   50.752079803231659       0.66830364689103305        18.382696172856114     
   35.538167405747295        2.6698024715133135        33.431944319989370     
   47.909741570077124       8.42203910491143015E-002   33.768591338639503     
   49.838010533776966        14.617568959998039        17.569146751440869     
   36.717138637851924        16.768232838541927        17.256189523818659     
   33.968552049315051        16.882861692006458        32.444611893255590     
   50.752079803231659       0.66830364689103305        35.382696172856114     
   35.538167405747295        2.6698024715133135        50.431944319989363     
   47.909741570077124       8.42203910491143015E-002   50.768591338639503     
   49.838010533776966        14.617568959998039        34.569146751440869     
   36.717138637851924        16.768232838541927        34.256189523818662     
   33.968552049315051        16.882861692006458        49.444611893255590     
   50.752079803231659        17.668303646891033       -32.617303827143886     
   35.538167405747295        19.669802471513314       -17.568055680010634     
   47.909741570077124        17.084220391049111       -17.231408661360497     
   49.838010533776966        31.617568959998039       -33.430853248559131     
   36.717138637851924        33.768232838541927       -33.743810476181345     
   33.968552049315051        33.882861692006458       -18.555388106744413     
   50.752079803231659        17.668303646891033       -15.617303827143882     
   35.538167405747295        19.669802471513314      -0.56805568001063267     
   47.909741570077124        17.084220391049111      -0.23140866136049520     
   49.838010533776966        31.617568959998039       -16.430853248559131     
   36.717138637851924        33.768232838541927       -16.743810476181341     
   33.968552049315051        33.882861692006458       -1.5553881067444124     
   50.752079803231659        17.668303646891033        1.3826961728561169     
   35.538167405747295        19.669802471513314        16.431944319989366     
   47.909741570077124        17.084220391049111        16.768591338639506     
   49.838010533776966        31.617568959998039       0.56914675144086901     
   36.717138637851924        33.768232838541927       0.25618952381865928     
   33.968552049315051        33.882861692006458        15.444611893255587     
   50.752079803231659        17.668303646891033        18.382696172856114     
   35.538167405747295        19.669802471513314        33.431944319989370     
   47.909741570077124        17.084220391049111        33.768591338639503     
   49.838010533776966        31.617568959998039        17.569146751440869     
   36.717138637851924        33.768232838541927        17.256189523818659     
   33.968552049315051        33.882861692006458        32.444611893255590     
   50.752079803231659        17.668303646891033        35.382696172856114     
   35.538167405747295        19.669802471513314        50.431944319989363     
   47.909741570077124        17.084220391049111        50.768591338639503     
   49.838010533776966        31.617568959998039        34.569146751440869     
   36.717138637851924        33.768232838541927        34.256189523818662     
   33.968552049315051        33.882861692006458        49.444611893255590     
   50.752079803231659        34.668303646891033       -32.617303827143886     
   35.538167405747295        36.669802471513307       -17.568055680010634     
   47.909741570077124        34.084220391049115       -17.231408661360497     
   49.838010533776966        48.617568959998039       -33.430853248559131     
   36.717138637851924        50.768232838541927       -33.743810476181345     
   33.968552049315051        50.882861692006458       -18.555388106744413     
   50.752079803231659        34.668303646891033       -15.617303827143882     
   35.538167405747295        36.669802471513307      -0.56805568001063267     
   47.909741570077124        34.084220391049115      -0.23140866136049520     
   49.838010533776966        48.617568959998039       -16.430853248559131     
   36.717138637851924        50.768232838541927       -16.743810476181341     
   33.968552049315051        50.882861692006458       -1.5553881067444124     
   50.752079803231659        34.668303646891033        1.3826961728561169     
   35.538167405747295        36.669802471513307        16.431944319989366     
   47.909741570077124        34.084220391049115        16.768591338639506     
   49.838010533776966        48.617568959998039       0.56914675144086901     
   36.717138637851924        50.768232838541927       0.25618952381865928     
   33.968552049315051        50.882861692006458        15.444611893255587     
   50.752079803231659        34.668303646891033        18.382696172856114     
   35.538167405747295        36.669802471513307        33.431944319989370     
   47.909741570077124        34.084220391049115        33.768591338639503     
   49.838010533776966        48.617568959998039        17.569146751440869     
   36.717138637851924        50.768232838541927        17.256189523818659     
   33.968552049315051        50.882861692006458        32.444611893255590     
   50.752079803231659        34.668303646891033        35.382696172856114     
   35.538167405747295        36.669802471513307        50.431944319989363     
   47.909741570077124        34.084220391049115        50.768591338639503     
   49.838010533776966        48.617568959998039        34.569146751440869     
   36.717138637851924        50.768232838541927        34.256189523818662     
   33.968552049315051        50.882861692006458        49.444611893255590     
           1           1   58.889727457341827     
           1           2   61.685040704589362     
           1           3   53.850734441717435     
           1           4   53.226003210402489     
           1           5   62.142091830499858     
           1           6   57.383062321593130     
           1           1   51.000000000000000     
           1           2   58.734305850408902     
           1           3   50.557116566800040     
           1           4   44.026659394344897     
           1           5   54.372220397947736     
           1           6   53.888041121360338     
           1           1   48.083261120685229     
           1           2   60.600273272749419     
           1           3   52.821799204359202     
           1           4   40.270163360700927     
           1           5   51.274136998449130     
           1           6   55.614980988857710     
           1           1   51.000000000000000     
           1           2   66.880995490007763     
           1           3   60.018854594387903     
           1           4   43.393840309074058     
           1           5   53.663170786568848     
           1           6   62.129954489638791     
           1           1   58.889727457341827     
           1           2   76.496679632105398     
           1           3   70.656799690184897     
           1           4   52.176284808726102     
           1           5   60.896918417939531     
           1           6   72.147324131794178     
           1           1   51.000000000000000     
           1           2   54.827868887674313     
           1           3   44.866945173632523     
           1           4   49.399214957319046     
           1           5   59.515016336941450     
           1           6   54.562906950947593     
           1           1   41.641325627314025     
           1           2   51.485625603332579     
           1           3   40.855393828115062     
           1           4   39.314396320830056     
           1           5   51.349157184116798     
           1           6   50.874511785680532     
           1           1   38.013155617496423     
           1           2   53.604515488614069     
           1           3   43.626639115189896     
           1           4   35.056541154871184     
           1           5   48.056578295295438     
           1           6   52.700294913073577     
           1           1   41.641325627314025     
           1           2   60.614507486010282     
           1           3   52.109539204675876     
           1           4   38.604409041132321     
           1           5   50.597761723070185     
           1           6   59.535083928877697     
           1           1   51.000000000000000     
           1           2   71.083000462657211     
           1           3   64.074367041433092     
           1           4   48.266341451232250     
           1           5   58.213677648103577     
           1           6   69.925183967667138     
           1           1   48.083261120685229     
           1           2   52.774484050544366     
           1           3   41.281762783523689     
           1           4   51.240193784226193     
           1           5   61.647666315137492     
           1           6   56.915778027465194     
           1           1   38.013155617496423     
           1           2   49.293210524408863     
           1           3   36.882304349806518     
           1           4   41.604047624202792     
           1           5   53.806445116131435     
           1           6   53.390176277713039     
           1           1   34.000000000000000     
           1           2   51.502378982006483     
           1           3   39.930249307866738     
           1           4   37.606330562670102     
           1           5   50.673783260853838     
           1           6   55.132713133482319     
           1           1   38.013155617496423     
           1           2   58.763674815388747     
           1           3   49.056551503596616     
           1           4   40.933793106194017     
           1           5   53.089839742654313     
           1           6   61.698632010381203     
           1           1   48.083261120685229     
           1           2   69.511466067198469     
           1           3   61.617089196599203     
           1           4   50.148925589015157     
           1           5   60.392299656772835     
           1           6   71.776223963412974     
           1           1   51.000000000000000     
           1           2   56.055304181123837     
           1           3   44.422124080422989     
           1           4   58.213679489366498     
           1           5   68.094290176333203     
           1           6   63.872535271473403     
           1           1   41.641325627314025     
           1           2   52.790828406465167     
           1           3   40.366391261210502     
           1           4   49.941683986050890     
           1           5   61.086259736141933     
           1           6   60.752003230339625     
           1           1   38.013155617496423     
           1           2   54.859329205189709     
           1           3   43.169039589615224     
           1           4   46.663809521238768     
           1           5   58.345778788907438     
           1           6   62.288931849830099     
           1           1   41.641325627314025     
           1           2   61.726983061266743     
           1           3   51.727037559929933     
           1           4   49.384718675986555     
           1           5   60.456006123600723     
           1           6   68.169026437865170     
           1           1   51.000000000000000     
           1           2   72.033984166145089     
           1           3   63.763679711596289     
           1           4   57.255477977030431     
           1           5   66.959894342431383     
           1           6   77.408793428007542     
           1           1   58.889727457341827     
           1           2   63.853332621527876     
           1           3   53.108062260996405     
           1           4   68.775776988241489     
           1           5   77.789651928356122     
           1           6   74.148470891445484     
           1           1   51.000000000000000     
           1           2   61.007561202510026     
           1           3   49.765316363452428     
           1           4   61.930984329398562     
           1           5   71.735128919292578     
           1           6   71.477974719721317     
           1           1   48.083261120685229     
           1           2   62.806026469444298     
           1           3   52.064451868728447     
           1           4   59.319357208925418     
           1           5   69.416334497006190     
           1           6   72.788776638481167     
           1           1   51.000000000000000     
           1           2   68.885930333291341     
           1           3   59.353412572722192     
           1           4   61.482724885547917     
           1           5   71.199201322297000     
           1           6   77.880107466671390     
           1           1   58.889727457341827     
           1           2   78.255644108815559     
           1           3   70.092424837955292     
           1           4   67.966644606187927     
           1           5   76.798600526739449     
           1           6   86.083774740155690     
           1           1   51.000000000000000     
           1           2   49.201333571483389     
           1           3   44.002978308122714     
           1           4   43.987828573280552     
           1           5   50.174212275304996     
           1           6   43.071752898746489     
           1           1   41.641325627314025     
           1           2   45.447174413982097     
           1           3   39.904668093116037     
           1           4   32.253191815139758     
           1           5   40.151592140039639     
           1           6   38.292049204296426     
           1           1   38.013155617496423     
           1           2   47.834298356069148     
           1           3   42.737606054368420     
           1           4   26.899957285023337     
           1           5   35.844792164452834     
           1           6   40.686437135215471     
           1           1   41.641325627314025     
           1           2   55.576924494073708     
           1           3   51.367532614434808     
           1           4   31.383865625635753     
           1           5   39.186067667546659     
           1           6   49.218810441247179     
           1           1   51.000000000000000     
           1           2   66.839127561799458     
           1           3   63.472386456881061     
           1           4   42.711665166320117     
           1           5   48.623519753081148     
           1           6   61.380749716380990     
           1           1   41.641325627314025     
           1           2   40.271853511472948     
           1           3   32.394494428629272     
           1           4   39.270906320556890     
           1           5   46.881224066394601     
           1           6   39.236091437662353     
           1           1   29.444863728670914     
           1           2   35.587871842132770     
           1           3   26.561696198155868     
           1           4   25.446874128462944     
           1           5   35.952022806738192     
           1           6   33.920141594606925     
           1           1   24.041630560342615     
           1           2   38.589779207124224     
           1           3   30.653615456578091     
           1           4   18.190182038168782     
           1           5   31.068419944196542     
           1           6   36.601654884605487     
           1           1   29.444863728670914     
           1           2   47.852330102693301     
           1           3   41.854086732318009     
           1           4   24.335612633619885     
           1           5   34.870409974098038     
           1           6   45.899741554668331     
           1           1   41.641325627314025     
           1           2   60.568307994029830     
           1           3   56.052520120267857     
           1           4   37.835979727310900     
           1           5   45.217742819543780     
           1           6   58.752799161222349     
           1           1   38.013155617496423     
           1           2   37.428239943746938     
           1           3   27.212946157810027     
           1           4   41.562953502892370     
           1           5   49.560536341726845     
           1           6   42.447212450743166     
           1           1   24.041630560342615     
           1           2   32.334928209124328     
           1           3   19.916447329393428     
           1           4   28.858593582423158     
           1           5   39.382045863722638     
           1           6   37.588176057533133     
           1           1   17.000000000000000     
           1           2   35.612104954520099     
           1           3   25.115439670870543     
           1           4   22.719105247068082     
           1           5   34.980627643669855     
           1           6   40.024693800523814     
           1           1   24.041630560342615     
           1           2   45.485123461350369     
           1           3   37.985599185714747     
           1           4   27.883634320139080     
           1           5   38.397175472654318     
           1           6   48.673208732518049     
           1           1   38.013155617496423     
           1           2   58.716019051846622     
           1           3   53.226179471519536     
           1           4   40.209904035835741     
           1           5   47.990018318505911     
           1           6   60.944125088583014     
           1           1   41.641325627314025     
           1           2   41.927605528146380     
           1           3   31.775550473425984     
           1           4   49.907455600633774     
           1           5   57.381568077177512     
           1           6   51.400980714111377     
           1           1   29.444863728670914     
           1           2   37.451282252098949     
           1           3   25.803217697137644     
           1           4   39.951138209081265     
           1           5   48.860445443410391     
           1           6   47.467525244803227     
           1           1   24.041630560342615     
           1           2   40.314674491169001     
           1           3   29.998774627682920     
           1           4   35.769159395672055     
           1           5   45.387684484463513     
           1           6   49.419339203995975     
           1           1   29.444863728670914     
           1           2   49.253907624994007     
           1           3   41.376888655373158     
           1           4   39.252669763276941     
           1           5   48.070164102007560     
           1           6   56.651356752095495     
           1           1   41.641325627314025     
           1           2   61.681616818416593     
           1           3   55.697103609036823     
           1           4   48.786385428895613     
           1           5   56.030700965869272     
           1           6   67.486897664263523     
           1           1   51.000000000000000     
           1           2   51.893882735453587     
           1           3   43.090912930577566     
           1           4   61.903385571185602     
           1           5   68.607885461598997     
           1           6   63.720921147660555     
           1           1   41.641325627314025     
           1           2   48.349245106449580     
           1           3   38.896622126185356     
           1           4   54.197495005274476     
           1           5   61.658257528449617     
           1           6   60.592581446906159     
           1           1   38.013155617496423     
           1           2   50.599643668370526     
           1           3   41.797938327911432     
           1           4   51.192848958801200     
           1           5   58.944376282876561     
           1           6   62.133453637260004     
           1           1   41.641325627314025     
           1           2   57.974118159473541     
           1           3   50.588418477953262     
           1           4   53.684700839163803     
           1           5   61.033910814481381     
           1           6   68.026988727909455     
           1           1   51.000000000000000     
           1           2   68.845281707399010     
           1           3   62.843524087507674     
           1           4   61.003167326479009     
           1           5   67.482123879163694     
           1           6   77.283739103906598     
           1           1   48.083261120685229     
           1           2   40.180818853003856     
           1           3   39.377945604841599     
           1           4   40.185205081358703     
           1           5   41.848101245151554     
           1           6   31.552114891675828     
           1           1   38.013155617496423     
           1           2   35.484822680977857     
           1           3   34.738207145655906     
           1           4   26.836356442385000     
           1           5   29.085431950672174     
           1           6   24.630085030935103     
           1           1   34.000000000000000     
           1           2   38.494766887240282     
           1           3   37.958707450743553     
           1           4   20.088039893793034     
           1           5   22.774132819712545     
           1           6   28.208974159381896     
           1           1   38.013155617496423     
           1           2   47.775741906384901     
           1           3   47.465607622443528     
           1           4   25.785047342335865     
           1           5   27.737337644817941     
           1           6   39.532914863670975     
           1           1   48.083261120685229     
           1           2   60.507817277671094     
           1           3   60.358134021889747     
           1           4   38.784120282899075     
           1           5   39.975726054136416     
           1           6   53.925471644778774     
           1           1   38.013155617496423     
           1           2   28.557821410868648     
           1           3   25.763613282287064     
           1           4   34.958914858394778     
           1           5   37.837298666006610     
           1           6   26.073567605363021     
           1           1   24.041630560342615     
           1           2   21.452822675293763     
           1           3   17.885306958391112     
           1           4   18.095995351137141     
           1           5   22.942535698420784     
           1           6   17.056847955147454     
           1           1   17.000000000000000     
           1           2   26.132317879210959     
           1           3   23.537303172464529     
           1           4   3.2869997596985945     
           1           5   14.108817037797268     
           1           6   21.909842460834806     
           1           1   24.041630560342615     
           1           2   38.517171167450236     
           1           3   36.961129261281293     
           1           4   16.496778082163200     
           1           5   21.207486700190689     
           1           6   35.314959028040541     
           1           1   38.013155617496423     
           1           2   53.499971137797722     
           1           3   52.499957256228114     
           1           4   33.338911301421078     
           1           5   35.755506793660359     
           1           6   50.914157811415912     
           1           1   34.000000000000000     
           1           2   24.384423794140091     
           1           3   18.838920846497903     
           1           4   37.515340178680688     
           1           5   41.110324285472572     
           1           6   30.694069479385760     
           1           1   17.000000000000000     
           1           2   15.468502214977242     
           1           3   3.3204479061187469     
           1           4   22.643764448386563     
           1           5   28.013524176537349     
           1           6   23.520863838280732     
           1           1   0.0000000000000000     
           1           2   21.492998808386101     
           1           3   15.657132877186793     
           1           4   14.002835001023787     
           1           5   21.388228321255802     
           1           6   27.245846843005712     
           1           1   16.999999999999996     
           1           2   35.533412934586188     
           1           3   32.515630788445712     
           1           4   21.387349245237903     
           1           5   26.611183450851925     
           1           6   38.851528987751642     
           1           1   34.000000000000000     
           1           2   51.393558660423068     
           1           3   49.471069133455707     
           1           4   36.010526619443652     
           1           5   39.202727693205510     
           1           6   53.427955596108006     
           1           1   38.013155617496423     
           1           2   30.848842503558913     
           1           3   24.980914874399375     
           1           4   46.590511580876331     
           1           5   50.263867294238779     
           1           6   42.218726588319605     
           1           1   24.041630560342615     
           1           2   24.419777247385230     
           1           3   16.738176232750778     
           1           4   35.721353404366603     
           1           5   40.263570747085673     
           1           6   37.329961280891609     
           1           1   17.000000000000000     
           1           2   28.618175305467044     
           1           3   22.677896270052440     
           1           4   30.973446832916981     
           1           5   35.970180750703754     
           1           6   39.782296863384452     
           1           1   24.041630560342615     
           1           2   40.245178528824724     
           1           3   36.419876645478816     
           1           4   34.938427674745419     
           1           5   39.300797411388814     
           1           6   48.474078415376098     
           1           1   38.013155617496423     
           1           2   54.757180641624572     
           1           3   52.120320897981131     
           1           4   45.387586938008702     
           1           5   48.716028687730208     
           1           6   60.785207186564833     
           1           1   48.083261120685229     
           1           2   43.436183578285743     
           1           3   38.356059198819722     
           1           4   59.261714369510187     
           1           5   62.776221197910417     
           1           6   56.574869405710601     
           1           1   38.013155617496423     
           1           2   39.132805685882921     
           1           3   33.575403391470935     
           1           4   51.159457675832449     
           1           5   55.095850313991015     
           1           6   53.026606366679658     
           1           1   34.000000000000000     
           1           2   41.881391068726465     
           1           3   36.897535805750408     
           1           4   47.964877038903936     
           1           5   52.040863710688257     
           1           6   54.780709353388019     
           1           1   38.013155617496423     
           1           2   50.544291021381753     
           1           3   46.621331857565679     
           1           4   50.615894233225347     
           1           5   54.396233966030742     
           1           6   61.384291571655005     
           1           1   48.083261120685229     
           1           2   62.716822239783973     
           1           3   59.696474098642568     
           1           4   58.320734466405142     
           1           5   61.543879010181698     
           1           6   71.506198236569233     
           1           1   51.000000000000000     
           1           2   37.232045098052858     
           1           3   41.749049092531550     
           1           4   43.275539884204768     
           1           5   39.535750634097546     
           1           6   26.718832506386700     
           1           1   41.641325627314025     
           1           2   32.107625561320667     
           1           3   37.404592442202130     
           1           4   31.274776928721320     
           1           5   25.647111964786031     
           1           6   18.027788133820760     
           1           1   38.013155617496423     
           1           2   35.405847768250133     
           1           3   40.413165817637697     
           1           4   25.718689539188439     
           1           5   18.178919826738802     
           1           6   22.673911870065794     
           1           1   41.641325627314025     
           1           2   45.323818166511899     
           1           3   49.450423729635673     
           1           4   30.377463871841613     
           1           5   24.107507129517220     
           1           6   35.794013661296674     
           1           1   51.000000000000000     
           1           2   58.591150613326960     
           1           3   61.931129835302940     
           1           4   41.977727796498513     
           1           5   37.548244618523121     
           1           6   51.247600416787080     
           1           1   41.641325627314025     
           1           2   24.233781013713056     
           1           3   29.259601320455211     
           1           4   38.471383818560980     
           1           5   35.262914949244831     
           1           6   19.954723351584484     
           1           1   29.444863728670914     
           1           2   15.229923808841919     
           1           3   22.632823621205979     
           1           4   24.194765809714244     
           1           5   18.389451994292845     
           1           6   3.0489536782071736     
           1           1   24.041630560342615     
           1           2   21.321937440712567     
           1           3   27.319684125283271     
           1           4   16.392864675181059     
           1           5   3.2970772789134779     
           1           6   14.085497968671007     
           1           1   29.444863728670914     
           1           2   35.430205379424365     
           1           3   39.477659205453023     
           1           4   23.023147741581308     
           1           5   16.173110168296446     
           1           6   31.072598660540400     
           1           1   41.641325627314025     
           1           2   51.322255311226542     
           1           3   54.301068239754962     
           1           4   37.005467860879186     
           1           5   33.019210566707692     
           1           6   48.068820684645459     
           1           1   38.013155617496423     
           1           2   19.139673514920705     
           1           3   23.393705109139063     
           1           4   40.808361809323756     
           1           5   38.753977385989749     
           1           6   25.699921353424322     
           1           1   24.041630560342615     
           1           2   3.3168568344575093     
           1           3   14.261341955440034     
           1           4   27.760794535325456     
           1           5   24.424773021801688     
           1           6   16.480020997127930     
           1           1   17.000000000000000     
           1           2   15.286463824665860     
           1           3   20.916651500816986     
           1           4   21.307299990952330     
           1           5   16.409397036431834     
           1           6   21.463835318026447     
           1           1   24.041630560342615     
           1           2   32.161318587168481     
           1           3   35.350060051480320     
           1           4   26.745847389385865     
           1           5   22.802786782145386     
           1           6   35.039996590367153     
           1           1   38.013155617496423     
           1           2   49.122549305465398     
           1           3   51.378470016923423     
           1           4   39.429426476277847     
           1           5   36.724186294112918     
           1           6   50.723825718753943     
           1           1   41.641325627314025     
           1           2   26.895688544726170     
           1           3   28.572829891957390     
           1           4   49.280801679825707     
           1           5   48.355644507647042     
           1           6   38.739913927448526     
           1           1   29.444863728670914     
           1           2   19.184694401982146     
           1           3   21.737687173923742     
           1           4   39.165504386873330     
           1           5   37.854552298008521     
           1           6   33.344955624497416     
           1           1   24.041630560342615     
           1           2   24.304874743556599     
           1           3   26.582841821520965     
           1           4   34.889483423376667     
           1           5   33.251554905227941     
           1           6   36.069255607695645     
           1           1   29.444863728670914     
           1           2   37.301492909835481     
           1           3   38.971373018468817     
           1           4   38.452768082700587     
           1           5   36.828856587574300     
           1           6   45.476327188844813     
           1           1   41.641325627314025     
           1           2   52.631509671536463     
           1           3   53.934111196730349     
           1           4   48.145141944892416     
           1           5   46.744662277963265     
           1           6   58.422610940289616     
           1           1   51.000000000000000     
           1           2   40.723813946290342     
           1           3   40.786612722020791     
           1           4   61.399286924621130     
           1           5   61.259007078682444     
           1           6   54.028473091880400     
           1           1   41.641325627314025     
           1           2   36.098524337354874     
           1           3   36.327237893524796     
           1           4   53.621001058576226     
           1           5   53.360703914011403     
           1           6   50.300904953426304     
           1           1   38.013155617496423     
           1           2   39.061207051717339     
           1           3   39.418125889105625     
           1           4   50.582122080787734     
           1           5   50.200234024668838     
           1           6   52.146775294616333     
           1           1   41.641325627314025     
           1           2   48.233311449035547     
           1           3   48.640611470724892     
           1           4   53.102640177938376     
           1           5   52.638030643862855     
           1           6   59.045671374968634     
           1           1   51.000000000000000     
           1           2   60.869752507646965     
           1           3   61.286454619945580     
           1           4   60.491567292801044     
           1           5   59.995508531864047     
           1           6   69.508966634631918     
           1           1   58.889727457341827     
           1           2   41.664759217700677     
           1           3   50.133258423958004     
           1           4   52.045115016761549     
           1           5   44.191487625770570     
           1           6   31.784525588266721     
           1           1   51.000000000000000     
           1           2   37.156784006039921     
           1           3   46.577505685040613     
           1           4   42.591470000222110     
           1           5   32.366438675136315     
           1           6   24.927117790967408     
           1           1   48.083261120685229     
           1           2   40.041241672481064     
           1           3   49.026365064897739     
           1           4   38.695899478519699     
           1           5   26.838128221693967     
           1           6   28.468690448602405     
           1           1   51.000000000000000     
           1           2   49.030352555091483     
           1           3   56.707185674421027     
           1           4   41.936999846479040     
           1           5   31.160614569947310     
           1           6   39.718653934290472     
           1           1   58.889727457341827     
           1           2   61.503251204136319     
           1           3   67.866231240211775     
           1           4   50.971082741054900     
           1           5   42.422666987231480     
           1           6   54.061785068988520     
           1           1   51.000000000000000     
           1           2   30.610506704498231     
           1           3   40.329700835795080     
           1           4   48.124515766432140     
           1           5   40.413922985708325     
           1           6   26.354336273279706     
           1           1   41.641325627314025     
           1           2   24.117992406265113     
           1           3   35.813477981639330     
           1           4   37.700243201144708     
           1           5   26.981177606388684     
           1           6   17.483025335984856     
           1           1   38.013155617496423     
           1           2   28.361100026465689     
           1           3   38.945161968824841     
           1           4   33.236240116736120     
           1           5   20.017060697320584     
           1           6   22.243230641978929     
           1           1   41.641325627314025     
           1           2   40.062781128046055     
           1           3   48.258119279709149     
           1           4   36.959261041980007     
           1           5   25.522176492081215     
           1           6   35.522759519579168     
           1           1   51.000000000000000     
           1           2   54.623263072762811     
           1           3   60.983329788158265     
           1           4   46.960901784794366     
           1           5   38.471811327589840     
           1           6   51.058511321614489     
           1           1   48.083261120685229     
           1           2   26.759186847572344     
           1           3   36.299117603684323     
           1           4   50.012438836745545     
           1           5   43.493479552812218     
           1           6   30.932927665176326     
           1           1   38.013155617496423     
           1           2   18.992854386474381     
           1           3   31.204909460575912     
           1           4   40.082207499975553     
           1           5   31.406711663967954     
           1           6   23.831725670471553     
           1           1   34.000000000000000     
           1           2   24.153735834200674     
           1           3   34.754378286474569     
           1           4   35.915493561177435     
           1           5   25.672559503803804     
           1           6   27.514655784257865     
           1           1   38.013155617496423     
           1           2   37.203190612511726     
           1           3   44.944268218717397     
           1           4   39.386063492241256     
           1           5   30.162544412053062     
           1           6   39.040509953377622     
           1           1   48.083261120685229     
           1           2   52.561885703933896     
           1           3   58.396127280433980     
           1           4   48.893775852216002     
           1           5   41.695057972639880     
           1           6   53.565535112732320     
           1           1   51.000000000000000     
           1           2   32.758282018146900     
           1           3   39.834245419079792     
           1           4   57.135969923025307     
           1           5   52.231028671920910     
           1           6   42.392699695501292     
           1           1   41.641325627314025     
           1           2   26.791406789920099     
           1           3   35.254610248081242     
           1           4   48.681191221217404     
           1           5   42.694017497299910     
           1           6   37.526605521503505     
           1           1   38.013155617496423     
           1           2   30.666821074012663     
           1           3   38.431861513342675     
           1           4   45.312224602071971     
           1           5   38.671409387200733     
           1           6   39.966876991580406     
           1           1   41.641325627314025     
           1           2   41.726830119097691     
           1           3   47.844836868959909     
           1           4   48.109635397293310     
           1           5   41.787278900703782     
           1           6   48.625676251890845     
           1           1   51.000000000000000     
           1           2   55.855194823673905     
           1           3   60.656812071308366     
           1           4   56.159383345371410     
           1           5   50.743230601312042     
           1           6   60.906169847128652     
           1           1   58.889727457341827     
           1           2   44.812453635318867     
           1           3   49.334655946999924     
           1           4   67.866000911284672     
           1           5   64.362084713308931     
           1           6   56.704814266575987     
           1           1   51.000000000000000     
           1           2   40.655017375720476     
           1           3   45.716831835173018     
           1           4   60.919072541876183     
           1           5   56.896192513874610     
           1           6   53.165224494028628     
           1           1   48.083261120685229     
           1           2   43.307099589128164     
           1           3   48.209430080453394     
           1           4   58.262103626922489     
           1           5   53.943261826743552     
           1           6   54.914899890594754     
           1           1   51.000000000000000     
           1           2   51.731801745398307     
           1           3   56.002406951119163     
           1           4   60.463311509593453     
           1           5   56.218984964523635     
           1           6   61.504075998974457     
           1           1   58.889727457341827     
           1           2   63.677733540286475     
           1           3   67.278451378992031     
           1           4   67.045889943963147     
           1           5   63.160692241092967     
           1           6   71.609053191486950     
           2           1   63.677733540286489     
           2           2   58.889727457341827     
           2           3   54.217293866832051     
           2           4   57.971508217301739     
           2           5   63.173560708610310     
           2           6   53.673401162540735     
           2           1   51.731801745398307     
           2           2   51.000000000000000     
           2           3   45.650421168665346     
           2           4   44.208151371189842     
           2           5   50.733845798782767     
           2           6   44.500165054144240     
           2           1   43.307099589128164     
           2           2   48.083261120685229     
           2           3   42.501846448250149     
           2           4   33.556303883583261     
           2           5   41.652700350215760     
           2           6   40.714805505333459     
           2           1   40.655017375720483     
           2           2   51.000000000000000     
           2           3   45.900467864115924     
           2           4   29.592066723984253     
           2           5   38.392340165651014     
           2           6   43.739296803082965     
           2           1   44.812453635318874     
           2           2   58.889727457341827     
           2           3   54.637889314822949     
           2           4   34.689411866823100     
           2           5   42.320162101831038     
           2           6   52.407602333242032     
           2           1   55.855194823673912     
           2           2   51.000000000000000     
           2           3   44.548907545602532     
           2           4   53.850903665557588     
           2           5   60.027038949821979     
           2           6   49.970771515474880     
           2           1   41.726830119097684     
           2           2   41.641325627314025     
           2           3   33.601356552090969     
           2           4   38.646923658507610     
           2           5   46.757563473877049     
           2           6   39.956334958837850     
           2           1   30.666821074012663     
           2           2   38.013155617496423     
           2           3   29.180424273386624     
           2           4   25.792432823133723     
           2           5   36.705504749885094     
           2           6   35.692287694036914     
           2           1   26.791406789920099     
           2           2   41.641325627314025     
           2           3   33.940288145638306     
           2           4   20.369449516499380     
           2           5   32.959344894491352     
           2           6   39.107161726785421     
           2           1   32.758282018146893     
           2           2   51.000000000000000     
           2           3   45.059839747196847     
           2           4   27.250309287686402     
           2           5   37.461216648745257     
           2           6   48.608649393045290     
           2           1   52.561885703933903     
           2           2   48.083261120685229     
           2           3   40.096076775301334     
           2           4   54.928534353336282     
           2           5   61.592142660914291     
           2           6   51.877953114483645     
           2           1   37.203190612511719     
           2           2   38.013155617496423     
           2           3   27.425195922818197     
           2           4   40.134882195852967     
           2           5   48.750552555767136     
           2           6   42.317286265066834     
           2           1   24.153735834200674     
           2           2   34.000000000000000     
           2           3   21.785026280430984     
           2           4   27.972730498547087     
           2           5   39.212762098872986     
           2           6   38.316881584109446     
           2           1   18.992854386474381     
           2           2   38.013155617496423     
           2           3   27.839421126761476     
           2           4   23.068128103808021     
           2           5   35.730449876163128     
           2           6   41.516431829116982     
           2           1   26.759186847572341     
           2           2   48.083261120685229     
           2           3   40.662997519947766     
           2           4   29.322404691345636     
           2           5   39.921039381298698     
           2           6   50.567230587731117     
           2           1   54.623263072762818     
           2           2   51.000000000000000     
           2           3   42.529819915384969     
           2           4   60.929204383564091     
           2           5   67.542125151947886     
           2           6   58.852069061718886     
           2           1   40.062781128046048     
           2           2   41.641325627314025     
           2           3   30.874448669882042     
           2           4   48.021170638411931     
           2           5   56.079969748311981     
           2           6   50.626047943093297     
           2           1   28.361100026465689     
           2           2   38.013155617496423     
           2           3   25.993798862484216     
           2           4   38.440833915939272     
           2           5   48.020697036817182     
           2           6   47.333153579995411     
           2           1   24.117992406265113     
           2           2   41.641325627314025     
           2           3   31.242976457715905     
           2           4   35.033735096649032     
           2           5   45.221805369002887     
           2           6   49.958564083833352     
           2           1   30.610506704498231     
           2           2   51.000000000000000     
           2           3   43.064713822008564     
           2           4   39.433836707725121     
           2           5   48.600782069450020     
           2           6   57.699989799041873     
           2           1   61.503251204136326     
           2           2   58.889727457341827     
           2           3   50.871168566284119     
           2           4   70.608724725933158     
           2           5   76.865371283305223     
           2           6   69.381626143685168     
           2           1   49.030352555091469     
           2           2   50.999999999999993     
           2           3   41.621169973144653     
           2           4   59.826891028131797     
           2           5   67.017233898830526     
           2           6   62.555900951334309     
           2           1   40.041241672481064     
           2           2   48.083261120685229     
           2           3   38.141418282065800     
           2           4   52.449230430591712     
           2           5   60.434542907022603     
           2           6   59.922211585723367     
           2           1   37.156784006039921     
           2           2   50.999999999999993     
           2           3   41.895271656854163     
           2           4   50.005866210182369     
           2           5   58.235369950837885     
           2           6   62.016950415311868     
           2           1   41.664759217700677     
           2           2   58.889727457341827     
           2           3   51.319195101206653     
           2           4   53.181308164617477     
           2           5   60.896491280213738     
           2           6   68.407111006870508     
           2           1   60.869752507646972     
           2           2   51.000000000000000     
           2           3   49.931437750475787     
           2           4   54.588372675338945     
           2           5   56.249300391169577     
           2           6   44.277161948755619     
           2           1   48.233311449035547     
           2           2   41.641325627314025     
           2           3   40.467202454132455     
           2           4   39.668064157594621     
           2           5   41.797226360444370     
           2           6   32.556071134695969     
           2           1   39.061207051717346     
           2           2   38.013155617496423     
           2           3   36.878726565566879     
           2           4   27.298721520986913     
           2           5   30.133577091948801     
           2           6   27.153792833017558     
           2           1   36.098524337354881     
           2           2   41.641325627314025     
           2           3   40.749067127137437     
           2           4   22.246012661817513     
           2           5   25.437311282575003     
           2           6   31.508080911243823     
           2           1   40.723813946290342     
           2           2   51.000000000000000     
           2           3   50.387820655055698     
           2           4   28.680131834060600     
           2           5   31.049656072440055     
           2           6   42.733942717710235     
           2           1   52.631509671536470     
           2           2   41.641325627314025     
           2           3   39.220386090576113     
           2           4   50.190780945808889     
           2           5   52.690895105084351     
           2           6   39.707821442797638     
           2           1   37.301492909835474     
           2           2   29.444863728670914     
           2           3   26.128235373403246     
           2           4   33.358347900031319     
           2           5   36.869428581213441     
           2           6   26.002726419053658     
           2           1   24.304874743556599     
           2           2   24.041630560342615     
           2           3   20.127858365014035     
           2           4   16.865475305750344     
           2           5   22.811819323223531     
           2           6   18.803523039983830     
           2           1   19.184694401982146     
           2           2   29.444863728670917     
           2           3   26.562693406282619     
           2           4   5.8403030707511894     
           2           5   16.106006263676615     
           2           6   24.677989711608486     
           2           1   26.895688544726170     
           2           2   41.641325627314025     
           2           3   39.799782406820704     
           2           4   19.020358109866827     
           2           5   24.008910318791781     
           2           6   37.979387484493557     
           2           1   49.122549305465405     
           2           2   38.013155617496423     
           2           3   34.078275988642282     
           2           4   51.345287539935477     
           2           5   54.467210865381894     
           2           6   42.082717322314949     
           2           1   32.161318587168473     
           2           2   24.041630560342615     
           2           3   17.486420245212511     
           2           4   35.071404808305076     
           2           5   39.366246917685345     
           2           6   29.502301515660061     
           2           1   15.286463824665860     
           2           2   17.000000000000000     
           2           3   5.3123339151716289     
           2           4   20.041664549067658     
           2           5   26.659439853724745     
           2           6   23.405479961153745     
           2           1   3.3168568344575080     
           2           2   24.041630560342618     
           2           3   18.129172354533654     
           2           4   12.301755995251508     
           2           5   21.207311716588766     
           2           6   28.341615862597198     
           2           1   19.139673514920702     
           2           2   38.013155617496423     
           2           3   34.743530173177454     
           2           4   21.886024838605515     
           2           5   27.690691706325417     
           2           6   40.455875805549844     
           2           1   51.322255311226556     
           2           2   41.641325627314025     
           2           3   36.910961835507486     
           2           4   57.719689995417802     
           2           5   61.114840193957377     
           2           6   50.430140895367657     
           2           1   35.430205379424358     
           2           2   29.444863728670914     
           2           3   22.513664789553811     
           2           4   43.877414416035101     
           2           5   48.146111253798516     
           2           6   40.529369699240142     
           2           1   21.321937440712567     
           2           2   24.041630560342615     
           2           3   15.143021524467958     
           2           4   33.119365611464175     
           2           5   38.458709882071446     
           2           6   36.332636922039342     
           2           1   15.229923808841919     
           2           2   29.444863728670917     
           2           3   23.016452800651201     
           2           4   29.095657084437654     
           2           5   34.901242137258322     
           2           6   39.692457762146553     
           2           1   24.233781013713056     
           2           2   41.641325627314025     
           2           3   37.526032273059585     
           2           4   34.266924925422444     
           2           5   39.180620715523794     
           2           6   49.080769153415268     
           2           1   58.591150613326967     
           2           2   50.999999999999993     
           2           3   46.276444471096823     
           2           4   67.858578483310524     
           2           5   71.283731134193033     
           2           6   62.397460879617533     
           2           1   45.323818166511892     
           2           2   41.641325627314025     
           2           3   35.860219066824065     
           2           4   56.554854402119766     
           2           5   60.534243708351696     
           2           6   54.707164263142467     
           2           1   35.405847768250133     
           2           2   38.013155617496416     
           2           3   31.755335144739334     
           2           4   48.683841663475128     
           2           5   53.154670521717215     
           2           6   51.674989300487553     
           2           1   32.107625561320667     
           2           2   41.641325627314025     
           2           3   36.177994814373307     
           2           4   46.041082977962922     
           2           5   50.640333087396940     
           2           6   54.090065785655639     
           2           1   37.232045098052858     
           2           2   50.999999999999993     
           2           3   46.768507645882039     
           2           4   49.471670726315864     
           2           5   53.679303946052663     
           2           6   61.312037269916317     
           2           1   62.716822239783987     
           2           2   48.083261120685229     
           2           3   51.232626298256982     
           2           4   56.365637561325435     
           2           5   53.991377241070516     
           2           6   40.225615571643360     
           2           1   50.544291021381753     
           2           2   38.013155617496423     
           2           3   42.062192002449869     
           2           4   42.080280184001296     
           2           5   38.705208348719466     
           2           6   26.786766240229294     
           2           1   41.881391068726472     
           2           2   34.000000000000000     
           2           3   38.622195622272208     
           2           4   30.698776246511894     
           2           5   25.673283589131696     
           2           6   19.873639402478336     
           2           1   39.132805685882921     
           2           2   38.013155617496423     
           2           3   42.333438241172509     
           2           4   26.307408570643251     
           2           5   19.953491603681165     
           2           6   25.502788878685230     
           2           1   43.436183578285750     
           2           2   48.083261120685229     
           2           3   51.677519212451287     
           2           4   31.933440597156221     
           2           5   26.742590826402196     
           2           6   38.520422350771845     
           2           1   54.757180641624579     
           2           2   38.013155617496423     
           2           3   40.864069874170269     
           2           4   52.118222900471018     
           2           5   50.273406974926218     
           2           6   35.133234431438325     
           2           1   40.245178528824717     
           2           2   24.041630560342615     
           2           3   28.536261235753621     
           2           4   36.193563529618530     
           2           5   33.323261932121163     
           2           6   18.269506263319069     
           2           1   28.618175305467044     
           2           2   17.000000000000000     
           2           3   23.168172218569154     
           2           4   21.946273570742790     
           2           5   16.476168326615010     
           2           6   3.3474701785835590     
           2           1   24.419777247385230     
           2           2   24.041630560342618     
           2           3   28.934584887006487     
           2           4   15.208675363463923     
           2           5   3.2385891460862415     
           2           6   16.329000400745841     
           2           1   30.848842503558910     
           2           2   38.013155617496423     
           2           3   41.420480456140162     
           2           4   23.642518668293054     
           2           5   18.097314623649105     
           2           6   33.167257221220595     
           2           1   51.393558660423075     
           2           2   34.000000000000000     
           2           3   35.957786582954284     
           2           4   53.230942307192556     
           2           5   52.132159760991421     
           2           6   37.796668836170866     
           2           1   35.533412934586181     
           2           2   17.000000000000000     
           2           3   20.914311238465210     
           2           4   37.778275524182064     
           2           5   36.066416765125538     
           2           6   22.978661244777111     
           2           1   21.492998808386101     
           2           2   0.0000000000000000     
           2           3   12.643354507941986     
           2           4   24.471677185071808     
           2           5   21.489782576981195     
           2           6   14.333512133921438     
           2           1   15.468502214977242     
           2           2   17.000000000000004     
           2           3   21.454612833784758     
           2           4   18.668901063525812     
           2           5   14.171629833442603     
           2           6   21.468122125242456     
           2           1   24.384423794140087     
           2           2   34.000000000000000     
           2           3   36.588883700950845     
           2           4   26.003706458677506     
           2           5   22.756524977823755     
           2           6   35.976533533337765     
           2           1   53.499971137797736     
           2           2   38.013155617496423     
           2           3   38.652976925581093     
           2           4   59.403344009576962     
           2           5   59.043278311967960     
           2           6   46.913027919842662     
           2           1   38.517171167450229     
           2           2   24.041630560342615     
           2           3   25.268530306363473     
           2           4   46.069753224751423     
           2           5   45.487724176470969     
           2           6   36.059158144623794     
           2           1   26.132317879210959     
           2           2   17.000000000000000     
           2           3   18.998542640889958     
           2           4   35.973421367154458     
           2           5   35.073599582661849     
           2           6   31.268092100255171     
           2           1   21.452822675293763     
           2           2   24.041630560342618     
           2           3   25.717515842550167     
           2           4   32.307149789608431     
           2           5   31.131683613564707     
           2           6   35.115869362456223     
           2           1   28.557821410868645     
           2           2   38.013155617496423     
           2           3   39.240752028292263     
           2           4   37.032645195793762     
           2           5   35.863715110753503     
           2           6   45.459377234759202     
           2           1   60.507817277671101     
           2           2   48.083261120685229     
           2           3   47.677487711431709     
           2           4   69.296329918175488     
           2           5   69.515863990196365     
           2           6   59.590907042137765     
           2           1   47.775741906384894     
           2           2   38.013155617496416     
           2           3   37.650880907461207     
           2           4   58.272173657741433     
           2           5   58.442105396996730     
           2           6   51.483073913624807     
           2           1   38.494766887240282     
           2           2   33.999999999999993     
           2           3   33.764401841909347     
           2           4   50.668640256743871     
           2           5   50.759275213145727     
           2           6   48.248705651932333     
           2           1   35.484822680977857     
           2           2   38.013155617496416     
           2           3   37.953666889722740     
           2           4   48.134976764684083     
           2           5   48.119937209997133     
           2           6   50.826846199403896     
           2           1   40.180818853003856     
           2           2   48.083261120685229     
           2           3   48.155236776597214     
           2           4   51.426071897492101     
           2           5   51.308407634853204     
           2           6   58.453391621606613     
           2           1   68.845281707399025     
           2           2   51.000000000000000     
           2           3   57.744398161242167     
           2           4   62.867159662638727     
           2           5   56.957473945735551     
           2           6   43.055002334211295     
           2           1   57.974118159473548     
           2           2   41.641325627314025     
           2           3   49.788166441817999     
           2           4   50.457354733646717     
           2           5   42.745504736864909     
           2           6   30.873352968053073     
           2           1   50.599643668370533     
           2           2   38.013155617496423     
           2           3   46.918093698191498     
           2           4   41.444053003855835     
           2           5   31.435688510664693     
           2           6   25.111643135825322     
           2           1   48.349245106449587     
           2           2   41.641325627314025     
           2           3   50.017532075327161     
           2           4   38.305018105409673     
           2           5   26.967143880465578     
           2           6   29.766177424588712     
           2           1   51.893882735453595     
           2           2   51.000000000000000     
           2           3   58.139483258285722     
           2           4   42.366723908335345     
           2           5   32.314875614798957     
           2           6   41.466323878095906     
           2           1   61.681616818416600     
           2           2   41.641325627314025     
           2           3   48.780177616202721     
           2           4   59.088948413863235     
           2           5   53.446239070285550     
           2           6   38.340282204174066     
           2           1   49.253907624994007     
           2           2   29.444863728670917     
           2           3   39.037824310563067     
           2           4   45.663647547316472     
           2           5   37.941070196929253     
           2           6   23.862270155765945     
           2           1   40.314674491169001     
           2           2   24.041630560342618     
           2           3   35.304358449580896     
           2           4   35.451848893885526     
           2           5   24.506104231772724     
           2           6   15.711099085608547     
           2           1   37.451282252098949     
           2           2   29.444863728670917     
           2           3   39.329934199927138     
           2           4   31.725360087227433     
           2           5   18.427519679780701     
           2           6   22.411366133479266     
           2           1   41.927605528146380     
           2           2   41.641325627314025     
           2           3   49.247230610509490     
           2           4   36.526200943070911     
           2           5   25.624164737194871     
           2           6   36.547230120214493     
           2           1   58.716019051846629     
           2           2   38.013155617496423     
           2           3   44.750373602155562     
           2           4   60.072688347240387     
           2           5   55.198252719058871     
           2           6   40.794867973710538     
           2           1   45.485123461350362     
           2           2   24.041630560342618     
           2           3   33.868007561216331     
           2           4   46.929657658393616     
           2           5   40.371666304071297     
           2           6   27.634253210165188     
           2           1   35.612104954520099     
           2           2   17.000000000000004     
           2           3   29.487080811784523     
           2           4   37.068283620952464     
           2           5   28.122869289912114     
           2           6   21.001967716730178     
           2           1   32.334928209124328     
           2           2   24.041630560342622     
           2           3   34.204297002493938     
           2           4   33.521970903762863     
           2           5   23.019993788610755     
           2           6   26.391539278064631     
           2           1   37.428239943746938     
           2           2   38.013155617496423     
           2           3   45.259031497248372     
           2           4   38.097078837386931     
           2           5   29.102310062224852     
           2           6   39.114499139790603     
           2           1   60.568307994029837     
           2           2   41.641325627314025     
           2           3   46.943435609217168     
           2           4   65.604511627426604     
           2           5   61.767254558674232     
           2           6   49.360563879368726     
           2           1   47.852330102693301     
           2           2   29.444863728670917     
           2           3   36.716919062345411     
           2           4   53.829516332050602     
           2           5   48.971604758740128     
           2           6   39.190508595580795     
           2           1   38.589779207124224     
           2           2   24.041630560342618     
           2           3   32.719690464075732     
           2           4   45.489358219388563     
           2           5   39.487243631031710     
           2           6   34.832838837386532     
           2           1   35.587871842132770     
           2           2   29.444863728670917     
           2           3   37.027343176347841     
           2           4   42.649110118280362     
           2           5   36.031468836374835     
           2           6   38.324370300924649     
           2           1   40.271853511472948     
           2           2   41.641325627314025     
           2           3   47.428579372917525     
           2           4   46.331538681016795     
           2           5   40.190684037931561     
           2           6   47.981121875727823     
           2           1   66.839127561799472     
           2           2   50.999999999999993     
           2           3   54.614799789626034     
           2           4   74.680492810918381     
           2           5   71.843861033459461     
           2           6   61.536243629149219     
           2           1   55.576924494073708     
           2           2   41.641325627314025     
           2           3   46.121820808539645     
           2           4   64.582047731168942     
           2           5   61.192848480236904     
           2           6   53.722806865213762     
           2           1   47.834298356069148     
           2           2   38.013155617496416     
           2           3   43.007770848175163     
           2           4   57.814407995069310     
           2           5   53.903516045388237     
           2           6   50.631716097403910     
           2           1   45.447174413982097     
           2           2   41.641325627314025     
           2           3   46.369325550014743     
           2           4   55.607289580500911     
           2           5   51.425804602219145     
           2           6   53.094268734573994     
           2           1   49.201333571483389     
           2           2   50.999999999999993     
           2           3   55.032357305473980     
           2           4   58.479359924327454     
           2           5   54.420930862268605     
           2           6   60.435354470295067     
           2           1   78.255644108815574     
           2           2   58.889727457341827     
           2           3   67.985653196768524     
           2           4   72.838687731182517     
           2           5   64.430108335860353     
           2           6   51.646551713354917     
           2           1   68.885930333291341     
           2           2   51.000000000000000     
           2           3   61.371777220684962     
           2           4   62.443088593294853     
           2           5   52.290182607262885     
           2           6   42.033284446629857     
           2           1   62.806026469444305     
           2           2   48.083261120685229     
           2           3   59.067258594414980     
           2           4   55.414837324848484     
           2           5   43.534900184002879     
           2           6   38.002995919563325     
           2           1   61.007561202510033     
           2           2   51.000000000000000     
           2           3   61.557997339855000     
           2           4   53.108088634489299     
           2           5   40.426623294077999     
           2           6   41.226913495353955     
           2           1   63.853332621527883     
           2           2   58.889727457341827     
           2           3   68.321541516037968     
           2           4   56.108234342903025     
           2           5   44.173931315782681     
           2           6   50.329803236695156     
           2           1   72.033984166145089     
           2           2   51.000000000000000     
           2           3   60.556909183473842     
           2           4   69.603868362392035     
           2           5   61.348068369343750     
           2           6   47.787135479928182     
           2           1   61.726983061266736     
           2           2   41.641325627314025     
           2           3   53.024383527671525     
           2           4   58.637559410999962     
           2           5   48.441819016010029     
           2           6   37.189259401984089     
           2           1   54.859329205189709     
           2           2   38.013155617496423     
           2           3   50.339162161519020     
           2           4   51.088435642011014     
           2           5   38.828265046355945     
           2           6   32.564884651401940     
           2           1   52.790828406465167     
           2           2   41.641325627314025     
           2           3   53.239808844114130     
           2           4   48.576672786608718     
           2           5   35.308051538427641     
           2           6   36.275369189715562     
           2           1   56.055304181123837     
           2           2   51.000000000000000     
           2           3   60.933761121335003     
           2           4   51.839734004782500     
           2           5   39.543429800289942     
           2           6   46.360900631256264     
           2           1   69.511466067198469     
           2           2   48.083261120685229     
           2           3   57.360521782143124     
           2           4   70.440915323536785     
           2           5   62.880299976452463     
           2           6   49.778050693792515     
           2           1   58.763674815388747     
           2           2   38.013155617496423     
           2           3   49.342430602411760     
           2           4   59.628746710685036     
           2           5   50.368208843067308     
           2           6   39.715047883199496     
           2           1   51.502378982006483     
           2           2   34.000000000000000     
           2           3   46.444821631565397     
           2           4   52.223101372442272     
           2           5   41.206562571865170     
           2           6   35.421966713550511     
           2           1   49.293210524408863     
           2           2   38.013155617496423     
           2           3   49.573858585165937     
           2           4   49.768636706521633     
           2           5   37.907850584268630     
           2           6   38.860602457333727     
           2           1   52.774484050544366     
           2           2   48.083261120685229     
           2           3   57.758232778160156     
           2           4   52.958305130499440     
           2           5   41.881135047291060     
           2           6   48.410506306358577     
           2           1   71.083000462657225     
           2           2   51.000000000000000     
           2           3   59.087390096228937     
           2           4   75.214005426025281     
           2           5   68.718838447747501     
           2           6   57.009633785620345     
           2           1   60.614507486010275     
           2           2   41.641325627314025     
           2           3   51.339708482012611     
           2           4   65.198247636692756     
           2           5   57.491765449826083     
           2           6   48.471940768465174     
           2           1   53.604515488614069     
           2           2   38.013155617496423     
           2           3   48.561421577751844     
           2           4   58.501934818985795     
           2           5   49.662132772042845     
           2           6   45.021769615960757     
           2           1   51.485625603332579     
           2           2   41.641325627314025     
           2           3   51.562172804161847     
           2           4   56.321765421852795     
           2           5   46.961172987886577     
           2           6   47.774370083170105     
           2           1   54.827868887674313     
           2           2   51.000000000000000     
           2           3   59.473554315513645     
           2           4   59.159159416810212     
           2           5   50.223262591436693     
           2           6   55.819540792940522     
           2           1   76.496679632105398     
           2           2   58.889727457341827     
           2           3   65.348373182873885     
           2           4   83.248847876920451     
           2           5   77.901382465824014     
           2           6   67.825823679976878     
           2           1   66.880995490007763     
           2           2   50.999999999999993     
           2           3   58.436768188207111     
           2           4   74.323855897712903     
           2           5   68.203003797609895     
           2           6   60.825759800912991     
           2           1   60.600273272749419     
           2           2   48.083261120685229     
           2           3   56.011622677051228     
           2           4   68.525181051737050     
           2           5   61.746854688696374     
           2           6   58.113713982582581     
           2           1   58.734305850408902     
           2           2   50.999999999999993     
           2           3   58.632310832428089     
           2           4   66.673572881934973     
           2           5   59.596127398323297     
           2           6   60.271340206938042     
           2           1   61.685040704589362     
           2           2   58.889727457341827     
           2           3   65.697746325003948     
           2           4   69.087120388043715     
           2           5   62.199057370730124     
           2           6   66.828625212789746     
           3           1   67.278451378992031     
           3           2   65.697746325003948     
           3           3   58.889727457341827     
           3           4   62.670014252958715     
           3           5   69.955110762618830     
           3           6   61.984094069500308     
           3           1   56.002406951119163     
           3           2   58.632310832428089     
           3           3   51.000000000000000     
           3           4   50.097400835784832     
           3           5   58.866763628607622     
           3           6   54.129590950547652     
           3           1   48.209430080453394     
           3           2   56.011622677051228     
           3           3   48.083261120685229     
           3           4   40.865247515909417     
           3           5   51.135840644331374     
           3           6   50.950930465797747     
           3           1   45.716831835173018     
           3           2   58.436768188207111     
           3           3   51.000000000000000     
           3           4   37.525822290414730     
           3           5   48.398889829194879     
           3           6   53.291481628750986     
           3           1   49.334655946999916     
           3           2   65.348373182873885     
           3           3   58.889727457341827     
           3           4   41.525970459545356     
           3           5   51.459021317885892     
           3           6   60.514186047937969     
           3           1   60.656812071308373     
           3           2   59.473554315513645     
           3           3   51.000000000000000     
           3           4   59.621007520925978     
           3           5   67.778860605833628     
           3           6   59.549825540040111     
           3           1   47.844836868959909     
           3           2   51.562172804161847     
           3           3   41.641325627314025     
           3           4   46.226436395698499     
           3           5   56.263240959983072     
           3           6   51.324130978577315     
           3           1   38.431861513342675     
           3           2   48.561421577751844     
           3           3   38.013155617496423     
           3           4   36.015306549865777     
           3           5   48.115804281100900     
           3           6   47.959890737606010     
           3           1   35.254610248081242     
           3           2   51.339708482012611     
           3           3   41.641325627314025     
           3           4   32.176407349423748     
           3           5   45.196337903787061     
           3           6   50.439427221371709     
           3           1   39.834245419079792     
           3           2   59.087390096228937     
           3           3   51.000000000000000     
           3           4   36.763297919954042     
           3           5   48.459130184201513     
           3           6   58.018277441483910     
           3           1   58.396127280433987     
           3           2   57.758232778160156     
           3           3   48.083261120685229     
           3           4   61.317194889807013     
           3           5   69.801363656018793     
           3           6   61.873544638090380     
           3           1   44.944268218717397     
           3           2   49.573858585165937     
           3           3   38.013155617496423     
           3           4   48.394392993298531     
           3           5   58.683973165898301     
           3           6   54.002964964330516     
           3           1   34.754378286474569     
           3           2   46.444821631565397     
           3           3   34.000000000000000     
           3           4   38.758691376581176     
           3           5   50.925308490297468     
           3           6   50.816384403021594     
           3           1   31.204909460575912     
           3           2   49.342430602411760     
           3           3   38.013155617496423     
           3           4   35.220094282388203     
           3           5   48.176398611021710     
           3           6   53.162859428858823     
           3           1   36.299117603684323     
           3           2   57.360521782143124     
           3           3   48.083261120685229     
           3           4   39.454707264096641     
           3           5   51.249816794054453     
           3           6   60.400946362698242     
           3           1   60.983329788158272     
           3           2   60.933761121335003     
           3           3   51.000000000000000     
           3           4   67.401277736396352     
           3           5   75.686767611350248     
           3           6   68.472544354027860     
           3           1   48.258119279709149     
           3           2   53.239808844114130     
           3           3   41.641325627314025     
           3           4   55.903051120078281     
           3           5   65.574881850832398     
           3           6   61.453022945753112     
           3           1   38.945161968824841     
           3           2   50.339162161519020     
           3           3   38.013155617496423     
           3           4   47.805543701220799     
           3           5   58.733665542401823     
           3           6   58.672469932909806     
           3           1   35.813477981639330     
           3           2   53.024383527671525     
           3           3   41.641325627314025     
           3           4   44.984318296541716     
           3           5   56.366850243230822     
           3           6   60.716088698837908     
           3           1   40.329700835795073     
           3           2   60.556909183473842     
           3           3   51.000000000000000     
           3           4   48.371559584530907     
           3           5   59.015253491270393     
           3           6   67.144829478837011     
           3           1   67.866231240211775     
           3           2   68.321541516037968     
           3           3   58.889727457341827     
           3           4   76.837920923480894     
           3           5   84.632991289858666     
           3           6   78.272876110098707     
           3           1   56.707185674421027     
           3           2   61.557997339855000     
           3           3   51.000000000000000     
           3           4   66.979735561424462     
           3           5   75.725303254363951     
           3           6   72.212380056357432     
           3           1   49.026365064897739     
           3           2   59.067258594414980     
           3           3   48.083261120685229     
           3           4   60.386288674777774     
           3           5   69.884904602220601     
           3           6   69.861380835628751     
           3           1   46.577505685040613     
           3           2   61.371777220684962     
           3           3   51.000000000000000     
           3           4   58.178370069544236     
           3           5   67.907865741440929     
           3           6   71.586292201214761     
           3           1   50.133258423957997     
           3           2   67.985653196768510     
           3           3   58.889727457341827     
           3           4   60.835364944940430     
           3           5   70.121726788875193     
           3           6   77.114083862642431     
           3           1   61.286454619945587     
           3           2   55.032357305473980     
           3           3   51.000000000000000     
           3           4   55.911464220067103     
           3           5   60.383516145671855     
           3           6   50.010273683621783     
           3           1   48.640611470724899     
           3           2   46.369325550014743     
           3           3   41.641325627314025     
           3           4   41.331715610014179     
           3           5   47.092965084083467     
           3           6   39.862415541054460     
           3           1   39.418125889105625     
           3           2   43.007770848175163     
           3           3   38.013155617496423     
           3           4   29.470826240577910     
           3           5   36.977367384750309     
           3           6   35.425935014119908     
           3           1   36.327237893524796     
           3           2   46.121820808539645     
           3           3   41.641325627314025     
           3           4   24.632265087433229     
           3           5   33.089334187965868     
           3           6   38.716683361073088     
           3           1   40.786612722020791     
           3           2   54.614799789626034     
           3           3   51.000000000000000     
           3           4   30.380377999176183     
           3           5   37.423019323659311     
           3           6   48.176407808579299     
           3           1   53.934111196730363     
           3           2   47.428579372917525     
           3           3   41.641325627314025     
           3           4   52.471189071490528     
           3           5   57.848296823064452     
           3           6   46.959357727116569     
           3           1   38.971373018468817     
           3           2   37.027343176347841     
           3           3   29.444863728670914     
           3           4   36.543734984417682     
           3           5   43.795020077920505     
           3           6   35.960617027524009     
           3           1   26.582841821520969     
           3           2   32.719690464075732     
           3           3   24.041630560342615     
           3           4   22.263500413156034     
           3           5   32.673875220450228     
           3           6   30.970157827450546     
           3           1   21.737687173923749     
           3           2   36.716919062345411     
           3           3   29.444863728670914     
           3           4   15.293212045932185     
           3           5   28.198589684905212     
           3           6   34.686241864954802     
           3           1   28.572829891957390     
           3           2   46.943435609217168     
           3           3   41.641325627314025     
           3           4   23.454236690139620     
           3           5   33.177383840708927     
           3           6   45.001334131013159     
           3           1   51.378470016923437     
           3           2   45.259031497248372     
           3           3   38.013155617496423     
           3           4   54.390803762404268     
           3           5   60.205330898053582     
           3           6   49.873190016038201     
           3           1   35.350060051480320     
           3           2   34.204297002493938     
           3           3   24.041630560342615     
           3           4   39.250202775980867     
           3           5   46.864274312531670     
           3           6   39.690298326326541     
           3           1   20.916651500816986     
           3           2   29.487080811784523     
           3           3   17.000000000000000     
           3           4   26.472576413920546     
           3           5   36.685672205049030     
           3           6   35.232151227107124     
           3           1   14.261341955440038     
           3           2   33.868007561216331     
           3           3   24.041630560342615     
           3           4   20.952713094635470     
           3           5   32.763041425246193     
           3           6   38.539449645093441     
           3           1   23.393705109139059     
           3           2   44.750373602155562     
           3           3   38.013155617496423     
           3           4   27.481540532898716     
           3           5   37.134824918511320     
           3           6   48.034090787727422     
           3           1   54.301068239754969     
           3           2   49.247230610509490     
           3           3   41.641325627314025     
           3           4   61.167747917220510     
           3           5   66.939810962975386     
           3           6   57.857487731566792     
           3           1   39.477659205453023     
           3           2   39.329934199927145     
           3           3   29.444863728670914     
           3           4   48.204898810181930     
           3           5   55.249584885815857     
           3           6   49.350517580521370     
           3           1   27.319684125283271     
           3           2   35.304358449580896     
           3           3   24.041630560342615     
           3           4   38.521826972965933     
           3           5   46.926484721861094     
           3           6   45.841665374659932     
           3           1   22.632823621205983     
           3           2   39.037824310563074     
           3           3   29.444863728670910     
           3           4   34.959262540425136     
           3           5   43.928046925024496     
           3           6   48.429773726285802     
           3           1   29.259601320455207     
           3           2   48.780177616202721     
           3           3   41.641325627314025     
           3           4   39.222046369428746     
           3           5   47.278447996346550     
           3           6   56.279904779914020     
           3           1   61.931129835302947     
           3           2   58.139483258285722     
           3           3   51.000000000000000     
           3           4   71.432676252600928     
           3           5   76.910303048249887     
           3           6   69.178339751984169     
           3           1   49.450423729635681     
           3           2   50.017532075327161     
           3           3   41.641325627314025     
           3           4   60.702933377590107     
           3           5   66.983378932909375     
           3           6   62.238471942182990     
           3           1   40.413165817637697     
           3           2   46.918093698191491     
           3           3   38.013155617496423     
           3           4   53.339150768262037     
           3           5   60.302167386967263     
           3           6   59.494639158119497     
           3           1   37.404592442202130     
           3           2   49.788166441817999     
           3           3   41.641325627314025     
           3           4   50.826015865053158     
           3           5   57.999394219783966     
           3           6   61.510948516599811     
           3           1   41.749049092531550     
           3           2   57.744398161242152     
           3           3   51.000000000000000     
           3           4   53.847031234320447     
           3           5   60.576464638983353     
           3           6   67.864434619826753     
           3           1   59.696474098642575     
           3           2   48.155236776597214     
           3           3   48.083261120685229     
           3           4   53.876274704155620     
           3           5   54.558413855416987     
           3           6   41.689651356239985     
           3           1   46.621331857565679     
           3           2   37.953666889722740     
           3           3   38.013155617496423     
           3           4   38.534035086308883     
           3           5   39.347158229217115     
           3           6   28.740419778802629     
           3           1   36.897535805750408     
           3           2   33.764401841909347     
           3           3   34.000000000000000     
           3           4   25.398636657665904     
           3           5   26.415472719812133     
           3           6   22.180992491742472     
           3           1   33.575403391470935     
           3           2   37.650880907461207     
           3           3   38.013155617496423     
           3           4   19.578294821137426     
           3           5   20.624149371725132     
           3           6   27.128972092132113     
           3           1   38.356059198819715     
           3           2   47.677487711431709     
           3           3   48.083261120685229     
           3           4   26.448601326698221     
           3           5   27.035788791957252     
           3           6   39.471075810428957     
           3           1   52.120320897981138     
           3           2   39.240752028292263     
           3           3   38.013155617496423     
           3           4   50.296986265003014     
           3           5   51.738544100445196     
           3           6   37.976056067440602     
           3           1   36.419876645478823     
           3           2   25.717515842550171     
           3           3   24.041630560342615     
           3           4   33.346749637365669     
           3           5   35.333486721944148     
           3           6   23.025323739186362     
           3           1   22.677896270052440     
           3           2   18.998542640889962     
           3           3   17.000000000000000     
           3           4   16.499230146052078     
           3           5   19.950779990413771     
           3           6   14.005364406229695     
           3           1   16.738176232750781     
           3           2   25.268530306363477     
           3           3   24.041630560342615     
           3           4   3.2316372704311873     
           3           5   11.207674179863799     
           3           6   20.979393008574689     
           3           1   24.980914874399375     
           3           2   38.652976925581093     
           3           3   38.013155617496423     
           3           4   18.073803237915541     
           3           5   20.765122171999781     
           3           6   35.526323055801583     
           3           1   49.471069133455714     
           3           2   36.588883700950845     
           3           3   34.000000000000000     
           3           4   52.296469084309749     
           3           5   54.361138406479938     
           3           6   41.525108532909840     
           3           1   32.515630788445712     
           3           2   21.454612833784761     
           3           3   17.000000000000000     
           3           4   36.292417427355410     
           3           5   39.073158397352003     
           3           6   28.501216421880816     
           3           1   15.657132877186793     
           3           2   12.643354507941986     
           3           3   0.0000000000000000     
           3           4   21.848534201558170     
           3           5   26.005577198759696     
           3           6   21.870163154028717     
           3           1   3.3204479061187446     
           3           2   20.914311238465210     
           3           3   16.999999999999996     
           3           4   14.682551916880911     
           3           5   20.096476898619354     
           3           6   26.875429954528769     
           3           1   18.838920846497896     
           3           2   35.957786582954284     
           3           3   34.000000000000000     
           3           4   23.060707162338922     
           3           5   26.635441089511406     
           3           6   39.297244612030106     
           3           1   52.499957256228122     
           3           2   41.420480456140162     
           3           3   38.013155617496423     
           3           4   59.313190185914202     
           3           5   61.736454320467928     
           3           6   50.837864263779721     
           3           1   36.961129261281293     
           3           2   28.934584887006491     
           3           3   24.041630560342615     
           3           4   45.828740044492541     
           3           5   48.815654562438411     
           3           6   40.895881721261837     
           3           1   23.537303172464529     
           3           2   23.168172218569154     
           3           3   16.999999999999996     
           3           4   35.503412485293865     
           3           5   39.147751770126028     
           3           6   36.584940079442319     
           3           1   17.885306958391112     
           3           2   28.536261235753624     
           3           3   24.041630560342611     
           3           4   31.602392031872629     
           3           5   35.498236673833489     
           3           6   39.779926338208966     
           3           1   25.763613282287061     
           3           2   40.864069874170269     
           3           3   38.013155617496423     
           3           4   36.261964455492659     
           3           5   39.568966946934410     
           3           6   49.034959348716491     
           3           1   60.358134021889754     
           3           2   51.677519212451280     
           3           3   48.083261120685229     
           3           4   69.851187401322619     
           3           5   72.426833530660303     
           3           6   63.424303284585172     
           3           1   47.465607622443528     
           3           2   42.333438241172509     
           3           3   38.013155617496423     
           3           4   58.833725578191441     
           3           5   61.783691647343886     
           3           6   55.772994773384617     
           3           1   37.958707450743553     
           3           2   38.622195622272201     
           3           3   34.000000000000000     
           3           4   51.201817833404938     
           3           5   54.468365973931711     
           3           6   52.693563599826255     
           3           1   34.738207145655906     
           3           2   42.062192002449862     
           3           3   38.013155617496423     
           3           4   48.578236212119002     
           3           5   51.907429431308316     
           3           6   54.959952180709564     
           3           1   39.377945604841599     
           3           2   51.232626298256974     
           3           3   48.083261120685229     
           3           4   51.730686420302568     
           3           5   54.771886661519559     
           3           6   61.988555738642830     
           3           1   62.843524087507681     
           3           2   46.768507645882039     
           3           3   51.000000000000000     
           3           4   57.072008206855948     
           3           5   53.712866454168129     
           3           6   39.408458311623050     
           3           1   50.588418477953262     
           3           2   36.177994814373307     
           3           3   41.641325627314025     
           3           4   42.888611597936794     
           3           5   38.166089150178735     
           3           6   25.318200673742172     
           3           1   41.797938327911432     
           3           2   31.755335144739334     
           3           3   38.013155617496423     
           3           4   31.617272001770250     
           3           5   24.621711949323956     
           3           6   17.521300871020546     
           3           1   38.896622126185356     
           3           2   35.860219066824072     
           3           3   41.641325627314025     
           3           4   27.163776852072157     
           3           5   18.270386903718631     
           3           6   23.472977720557147     
           3           1   43.090912930577566     
           3           2   46.276444471096823     
           3           3   51.000000000000000     
           3           4   32.466746940591655     
           3           5   25.286070788235651     
           3           6   37.053547494493955     
           3           1   55.697103609036830     
           3           2   37.526032273059585     
           3           3   41.641325627314025     
           3           4   53.706126020293958     
           3           5   50.846125181158648     
           3           6   35.456739708149726     
           3           1   41.376888655373158     
           3           2   23.016452800651205     
           3           3   29.444863728670914     
           3           4   38.295781179432055     
           3           5   34.013332448234863     
           3           6   18.578619151821488     
           3           1   29.998774627682923     
           3           2   15.143021524467960     
           3           3   24.041630560342615     
           3           4   25.035689328999677     
           3           5   17.506716497682756     
           3           6   3.3391298934565254     
           3           1   25.803217697137647     
           3           2   22.513664789553815     
           3           3   29.444863728670914     
           3           4   19.105094195356237     
           3           5   5.8363910789398634     
           3           6   15.972929828379071     
           3           1   31.775550473425980     
           3           2   36.910961835507493     
           3           3   41.641325627314025     
           3           4   26.100258777427491     
           3           5   18.429373269930263     
           3           6   32.819493996088191     
           3           1   53.226179471519551     
           3           2   34.743530173177454     
           3           3   38.013155617496423     
           3           4   55.583107356929588     
           3           5   53.512473958440857     
           3           6   39.234349681930901     
           3           1   37.985599185714747     
           3           2   18.129172354533658     
           3           3   24.041630560342615     
           3           4   40.886436717904452     
           3           5   37.883547978626581     
           3           6   25.046334937890173     
           3           1   25.115439670870543     
           3           2   5.3123339151716307     
           3           3   17.000000000000000     
           3           4   28.843016338837582     
           3           5   24.181429770486965     
           3           6   17.126108509463691     
           3           1   19.916447329393428     
           3           2   17.486420245212514     
           3           3   24.041630560342615     
           3           4   23.877572647940955     
           3           5   17.672574346740898     
           3           6   23.179479966877416     
           3           1   27.212946157810023     
           3           2   34.078275988642282     
           3           3   38.013155617496423     
           3           4   29.771754392258181     
           3           5   24.857558656013982     
           3           6   36.868319603581320     
           3           1   56.052520120267872     
           3           2   39.799782406820704     
           3           3   41.641325627314025     
           3           4   62.230343682131654     
           3           5   60.990501656959395     
           3           6   48.984568990617653     
           3           1   41.854086732318009     
           3           2   26.562693406282623     
           3           3   29.444863728670914     
           3           4   49.546287033757316     
           3           5   47.868775111377751     
           3           6   38.567767605262397     
           3           1   30.653615456578091     
           3           2   20.127858365014038     
           3           3   24.041630560342615     
           3           4   40.187727515582601     
           3           5   37.960479040177418     
           3           6   33.962588195107777     
           3           1   26.561696198155868     
           3           2   26.128235373403250     
           3           3   29.444863728670910     
           3           4   36.786849918169963     
           3           5   34.184445399272462     
           3           6   37.382376807359655     
           3           1   32.394494428629265     
           3           2   39.220386090576113     
           3           3   41.641325627314025     
           3           4   40.859407863271926     
           3           5   38.394721584508609     
           3           6   47.110792761578189     
           3           1   63.472386456881068     
           3           2   50.387820655055691     
           3           3   51.000000000000000     
           3           4   72.344657896353937     
           3           5   71.792044932445833     
           3           6   61.948703000378714     
           3           1   51.367532614434808     
           3           2   40.749067127137437     
           3           3   41.641325627314025     
           3           4   61.773525155811953     
           3           5   61.038316276568551     
           3           6   54.089060837530518     
           3           1   42.737606054368420     
           3           2   36.878726565566872     
           3           3   38.013155617496423     
           3           4   54.554443395666482     
           3           5   53.621398640603402     
           3           6   50.907869736839551     
           3           1   39.904668093116037     
           3           2   40.467202454132448     
           3           3   41.641325627314025     
           3           4   52.099963322887518     
           3           5   51.017964781737383     
           3           6   53.250313614099696     
           3           1   44.002978308122714     
           3           2   49.931437750475787     
           3           3   51.000000000000000     
           3           4   55.051113179312473     
           3           5   53.929686340332886     
           3           6   60.477934809787598     
           3           1   70.092424837955292     
           3           2   51.319195101206653     
           3           3   58.889727457341827     
           3           4   64.728473375549555     
           3           5   58.064821734227714     
           3           6   44.113786312138537     
           3           1   59.353412572722192     
           3           2   41.895271656854163     
           3           3   51.000000000000000     
           3           4   52.649730764406321     
           3           5   44.080629094010604     
           3           6   32.156038960823025     
           3           1   52.064451868728447     
           3           2   38.141418282065800     
           3           3   48.083261120685229     
           3           4   43.956945225979020     
           3           5   33.055713569968887     
           3           6   26.457428834013992     
           3           1   49.765316363452428     
           3           2   41.621169973144653     
           3           3   51.000000000000000     
           3           4   40.870917748870845     
           3           5   28.640156038609785     
           3           6   30.724261412829140     
           3           1   53.108062260996405     
           3           2   50.871168566284119     
           3           3   58.889727457341827     
           3           4   44.571861097223803     
           3           5   33.553492757267577     
           3           6   42.023385611119068     
           3           1   63.763679711596303     
           3           2   43.064713822008564     
           3           3   51.000000000000000     
           3           4   61.781138844096191     
           3           5   55.423640680150186     
           3           6   40.622406957559413     
           3           1   51.727037559929933     
           3           2   31.242976457715908     
           3           3   41.641325627314025     
           3           4   48.980894243661339     
           3           5   40.538355720705916     
           3           6   27.169185594760066     
           3           1   43.169039589615231     
           3           2   25.993798862484216     
           3           3   38.013155617496423     
           3           4   39.488566509104665     
           3           5   28.159130363606419     
           3           6   20.103465988218662     
           3           1   40.366391261210502     
           3           2   30.874448669882042     
           3           3   41.641325627314025     
           3           4   36.021740226968895     
           3           5   22.814796977634320     
           3           6   25.458476851461704     
           3           1   44.422124080422989     
           3           2   42.529819915384969     
           3           3   51.000000000000000     
           3           4   40.171938626539742     
           3           5   28.741838831688614     
           3           6   38.342127516002009     
           3           1   61.617089196599210     
           3           2   40.662997519947766     
           3           3   48.083261120685229     
           3           4   63.419578745193142     
           3           5   57.879498697355302     
           3           6   43.958318339742263     
           3           1   49.056551503596616     
           3           2   27.839421126761479     
           3           3   38.013155617496423     
           3           4   51.031968923930421     
           3           5   43.836225975250713     
           3           6   31.942423986214123     
           3           1   39.930249307866738     
           3           2   21.785026280430984     
           3           3   34.000000000000000     
           3           4   42.005722661183277     
           3           5   32.729085628066919     
           3           6   26.197388208980190     
           3           1   36.882304349806518     
           3           2   27.425195922818197     
           3           3   38.013155617496423     
           3           4   38.764669743511199     
           3           5   28.262543840663525     
           3           6   30.500620449901689     
           3           1   41.281762783523689     
           3           2   40.096076775301334     
           3           3   48.083261120685229     
           3           4   42.648780807412763     
           3           5   33.231757742278980     
           3           6   41.860154642403174     
           3           1   64.074367041433092     
           3           2   45.059839747196847     
           3           3   51.000000000000000     
           3           4   69.319382711922771     
           3           5   64.855938761781175     
           3           6   52.843992614966844     
           3           1   52.109539204675876     
           3           2   33.940288145638306     
           3           3   41.641325627314025     
           3           4   58.201337644398379     
           3           5   52.705513288156119     
           3           6   43.364412302573839     
           3           1   43.626639115189896     
           3           2   29.180424273386624     
           3           3   38.013155617496423     
           3           4   50.473900063622082     
           3           5   43.902727355644913     
           3           6   39.325016887530559     
           3           1   40.855393828115062     
           3           2   33.601356552090969     
           3           3   41.641325627314025     
           3           4   47.810390833664556     
           3           5   40.682032982143156     
           3           6   42.313610718792489     
           3           1   44.866945173632523     
           3           2   44.548907545602532     
           3           3   51.000000000000000     
           3           4   51.010316169408341     
           3           5   44.278732432808809     
           3           6   51.111900286708746     
           3           1   70.656799690184911     
           3           2   54.637889314822942     
           3           3   58.889727457341827     
           3           4   78.525859886449396     
           3           5   75.103589900128384     
           3           6   65.043380598822054     
           3           1   60.018854594387903     
           3           2   45.900467864115917     
           3           3   51.000000000000000     
           3           4   68.909575205057877     
           3           5   64.900905649942644     
           3           6   57.607517379072732     
           3           1   52.821799204359202     
           3           2   42.501846448250141     
           3           3   48.083261120685229     
           3           4   62.519984316830829     
           3           5   57.980219838138318     
           3           6   54.631591203598617     
           3           1   50.557116566800040     
           3           2   45.650421168665339     
           3           3   51.000000000000000     
           3           4   60.390126039047303     
           3           5   55.581329875911919     
           3           6   56.820730867299311     
           3           1   53.850734441717428     
           3           2   54.217293866832051     
           3           3   58.889727457341827     
           3           4   62.953841876785134     
           3           5   58.265449187928091     
           3           6   63.644168272914115     
           4           1   67.045889943963147     
           4           2   69.087120388043715     
           4           3   62.953841876785134     
           4           4   58.889727457341827     
           4           5   66.423909952021788     
           4           6   62.127307751588049     
           4           1   60.463311509593453     
           4           2   66.673572881934973     
           4           3   60.390126039047303     
           4           4   51.000000000000000     
           4           5   59.451621235885099     
           4           6   59.148695533225691     
           4           1   58.262103626922489     
           4           2   68.525181051737050     
           4           3   62.519984316830829     
           4           4   48.083261120685229     
           4           5   56.875783263494391     
           4           6   60.953539668373097     
           4           1   60.919072541876183     
           4           2   74.323855897712903     
           4           3   68.909575205057862     
           4           4   51.000000000000000     
           4           5   59.272372789494717     
           4           6   67.157276693785263     
           4           1   67.866000911284672     
           4           2   83.248847876920436     
           4           3   78.525859886449382     
           4           4   58.889727457341827     
           4           5   66.102750550621408     
           4           6   76.699841119439967     
           4           1   56.159383345371410     
           4           2   59.159159416810212     
           4           3   51.010316169408341     
           4           4   51.000000000000000     
           4           5   60.151960775894835     
           4           6   55.405977307045298     
           4           1   48.109635397293310     
           4           2   56.321765421852795     
           4           3   47.810390833664556     
           4           4   41.641325627314025     
           4           5   52.350910588504917     
           4           6   52.044097995551027     
           4           1   45.312224602071971     
           4           2   58.501934818985795     
           4           3   50.473900063622082     
           4           4   38.013155617496423     
           4           5   49.406247516953570     
           4           6   54.086541311052784     
           4           1   48.681191221217404     
           4           2   65.198247636692756     
           4           3   58.201337644398372     
           4           4   41.641325627314025     
           4           5   52.147260215349050     
           4           6   60.992784538942963     
           4           1   57.135969923025307     
           4           2   75.214005426025281     
           4           3   69.319382711922771     
           4           4   51.000000000000000     
           4           5   59.797125367597488     
           4           6   71.364456003220681     
           4           1   48.893775852216002     
           4           2   52.958305130499440     
           4           3   42.648780807412763     
           4           4   48.083261120685229     
           4           5   58.329931913686337     
           4           6   53.458790429985456     
           4           1   39.386063492241256     
           4           2   49.768636706521633     
           4           3   38.764669743511199     
           4           4   38.013155617496423     
           4           5   50.246795035266956     
           4           6   49.966069377716764     
           4           1   35.915493561177435     
           4           2   52.223101372442272     
           4           3   42.005722661183277     
           4           4   34.000000000000000     
           4           5   47.170964221403963     
           4           6   52.090055710092166     
           4           1   40.082207499975546     
           4           2   59.628746710685036     
           4           3   51.031968923930414     
           4           4   38.013155617496423     
           4           5   50.034581239756747     
           4           6   59.229551059434904     
           4           1   50.012438836745545     
           4           2   70.440915323536785     
           4           3   63.419578745193135     
           4           4   48.083261120685229     
           4           5   57.963943741766428     
           4           6   69.863477822993516     
           4           1   46.960901784794366     
           4           2   51.839734004782500     
           4           3   40.171938626539742     
           4           4   51.000000000000000     
           4           5   61.355550106944484     
           4           6   56.779065042719672     
           4           1   36.959261041980007     
           4           2   48.576672786608718     
           4           3   36.021740226968895     
           4           4   41.641325627314025     
           4           5   53.729535482699085     
           4           6   53.503532985655170     
           4           1   33.236240116736120     
           4           2   51.088435642011014     
           4           3   39.488566509104665     
           4           4   38.013155617496423     
           4           5   50.864746509222520     
           4           6   55.492286461892988     
           4           1   37.700243201144708     
           4           2   58.637559410999962     
           4           3   48.980894243661339     
           4           4   41.641325627314025     
           4           5   53.531130117981910     
           4           6   62.242747943760421     
           4           1   48.124515766432140     
           4           2   69.603868362392035     
           4           3   61.781138844096184     
           4           4   51.000000000000000     
           4           5   61.007715462629434     
           4           6   72.435664464490088     
           4           1   50.971082741054900     
           4           2   56.108234342903025     
           4           3   44.571861097223803     
           4           4   58.889727457341827     
           4           5   68.590277013555408     
           4           6   64.559137076123292     
           4           1   41.936999846479040     
           4           2   53.108088634489299     
           4           3   40.870917748870845     
           4           4   51.000000000000000     
           4           5   61.862634562853145     
           4           6   61.698038824871709     
           4           1   38.695899478519699     
           4           2   55.414837324848477     
           4           3   43.956945225979020     
           4           4   48.083261120685229     
           4           5   59.391455692868455     
           4           6   63.430385539243552     
           4           1   42.591470000222102     
           4           2   62.443088593294846     
           4           3   52.649730764406314     
           4           4   51.000000000000000     
           4           5   61.690391987559963     
           4           6   69.413108448467995     
           4           1   52.045115016761549     
           4           2   72.838687731182517     
           4           3   64.728473375549541     
           4           4   58.889727457341827     
           4           5   68.279308123615650     
           4           6   78.682561214671196     
           4           1   60.491567292801044     
           4           2   58.479359924327454     
           4           3   55.051113179312473     
           4           4   51.000000000000000     
           4           5   55.668897679519823     
           4           6   49.530200685933295     
           4           1   53.102640177938376     
           4           2   55.607289580500911     
           4           3   52.099963322887518     
           4           4   41.641325627314025     
           4           5   47.131577770256023     
           4           6   45.738458596792782     
           4           1   50.582122080787734     
           4           2   57.814407995069310     
           4           3   54.554443395666482     
           4           4   38.013155617496423     
           4           5   43.837712957846435     
           4           6   48.049686883810473     
           4           1   53.621001058576226     
           4           2   64.582047731168942     
           4           3   61.773525155811953     
           4           4   41.641325627314025     
           4           5   46.905271895975424     
           4           6   55.709408760584857     
           4           1   61.399286924621130     
           4           2   74.680492810918381     
           4           3   72.344657896353937     
           4           4   51.000000000000000     
           4           5   55.285296290209267     
           4           6   66.905186938499980     
           4           1   48.145141944892416     
           4           2   46.331538681016795     
           4           3   40.859407863271926     
           4           4   41.641325627314025     
           4           5   48.011964558048859     
           4           6   40.783093713904456     
           4           1   38.452768082700587     
           4           2   42.649110118280362     
           4           3   36.786849918169963     
           4           4   29.444863728670914     
           4           5   37.782379424596648     
           4           6   36.083604970939554     
           4           1   34.889483423376667     
           4           2   45.489358219388563     
           4           3   40.187727515582601     
           4           4   24.041630560342615     
           4           5   33.583740846502330     
           4           6   38.971686677901360     
           4           1   39.165504386873323     
           4           2   53.829516332050602     
           4           3   49.546287033757316     
           4           4   29.444863728670914     
           4           5   37.499694712168981     
           4           6   48.099461299917017     
           4           1   49.280801679825707     
           4           2   65.604511627426589     
           4           3   62.230343682131647     
           4           4   41.641325627314025     
           4           5   47.566653842442179     
           4           6   60.715105140021912     
           4           1   39.429426476277847     
           4           2   38.097078837386931     
           4           3   29.771754392258185     
           4           4   38.013155617496423     
           4           5   45.708547478494999     
           4           6   38.095678045749487     
           4           1   26.745847389385865     
           4           2   33.521970903762863     
           4           3   23.877572647940955     
           4           4   24.041630560342615     
           4           5   34.808486994620672     
           4           6   33.015852262013468     
           4           1   21.307299990952330     
           4           2   37.068283620952464     
           4           3   28.843016338837582     
           4           4   17.000000000000000     
           4           5   30.199175835037639     
           4           6   36.149859134010477     
           4           1   27.760794535325456     
           4           2   46.929657658393616     
           4           3   40.886436717904452     
           4           4   24.041630560342615     
           4           5   34.501444540429986     
           4           6   45.842972528300358     
           4           1   40.808361809323756     
           4           2   60.072688347240380     
           4           3   55.583107356929574     
           4           4   38.013155617496423     
           4           5   45.240569510531266     
           4           6   58.943565764654942     
           4           1   37.005467860879186     
           4           2   36.526200943070918     
           4           3   26.100258777427495     
           4           4   41.641325627314025     
           4           5   49.511553040319022     
           4           6   42.629809273015589     
           4           1   23.023147741581308     
           4           2   31.725360087227433     
           4           3   19.105094195356237     
           4           4   29.444863728670914     
           4           5   39.670560100976253     
           4           6   38.158438823874675     
           4           1   16.392864675181059     
           4           2   35.451848893885526     
           4           3   25.035689328999677     
           4           4   24.041630560342615     
           4           5   35.694716597642483     
           4           6   40.900272227664779     
           4           1   24.194765809714244     
           4           2   45.663647547316472     
           4           3   38.295781179432041     
           4           4   29.444863728670914     
           4           5   39.401424431698636     
           4           6   49.674924087700298     
           4           1   38.471383818560980     
           4           2   59.088948413863228     
           4           3   53.706126020293951     
           4           4   41.641325627314025     
           4           5   49.079850259630007     
           4           6   61.970669658641640     
           4           1   41.977727796498513     
           4           2   42.366723908335345     
           4           3   32.466746940591655     
           4           4   51.000000000000000     
           4           5   58.236727726880538     
           4           6   52.548269158384009     
           4           1   30.377463871841613     
           4           2   38.305018105409665     
           4           3   27.163776852072157     
           4           4   41.641325627314025     
           4           5   50.138567097551373     
           4           6   48.990676728982557     
           4           1   25.718689539188439     
           4           2   41.444053003855828     
           4           3   31.617272001770250     
           4           4   38.013155617496423     
           4           5   47.055662410134083     
           4           6   51.155177853130112     
           4           1   31.274776928721316     
           4           2   50.457354733646717     
           4           3   42.888611597936794     
           4           4   41.641325627314025     
           4           5   49.925893273103796     
           4           6   58.409057825024654     
           4           1   43.275539884204768     
           4           2   62.867159662638720     
           4           3   57.072008206855941     
           4           4   51.000000000000000     
           4           5   57.870150106753620     
           4           6   69.169240640828022     
           4           1   58.320734466405142     
           4           2   51.426071897492101     
           4           3   51.730686420302568     
           4           4   48.083261120685229     
           4           5   48.620124685066322     
           4           6   40.307309405579552     
           4           1   50.615894233225347     
           4           2   48.134976764684083     
           4           3   48.578236212119002     
           4           4   38.013155617496423     
           4           5   38.552249981709764     
           4           6   35.544971604135831     
           4           1   47.964877038903936     
           4           2   50.668640256743871     
           4           3   51.201817833404938     
           4           4   34.000000000000000     
           4           5   34.447575138361856     
           4           6   38.473508043334483     
           4           1   51.159457675832449     
           4           2   58.272173657741433     
           4           3   58.833725578191434     
           4           4   38.013155617496423     
           4           5   38.275251627832972     
           4           6   47.696715148762848     
           4           1   59.261714369510187     
           4           2   69.296329918175488     
           4           3   69.851187401322619     
           4           4   48.083261120685229     
           4           5   48.180435255763058     
           4           6   60.396543368010093     
           4           1   45.387586938008702     
           4           2   37.032645195793762     
           4           3   36.261964455492659     
           4           4   38.013155617496423     
           4           5   39.623718859565521     
           4           6   28.891160316010300     
           4           1   34.938427674745419     
           4           2   32.307149789608431     
           4           3   31.602392031872629     
           4           4   24.041630560342615     
           4           5   26.313467094298559     
           4           6   21.759249969314400     
           4           1   30.973446832916981     
           4           2   35.973421367154458     
           4           3   35.503412485293865     
           4           4   17.000000000000000     
           4           5   19.818123139782379     
           4           6   26.272243414843910     
           4           1   35.721353404366603     
           4           2   46.069753224751423     
           4           3   45.828740044492541     
           4           4   24.041630560342615     
           4           5   25.905934822824339     
           4           6   38.535653476624866     
           4           1   46.590511580876331     
           4           2   59.403344009576955     
           4           3   59.313190185914188     
           4           4   38.013155617496423     
           4           5   39.082949137766818     
           4           6   53.458043395659466     
           4           1   36.010526619443652     
           4           2   26.003706458677506     
           4           3   23.060707162338925     
           4           4   34.000000000000000     
           4           5   36.798935692929767     
           4           6   24.954340249617790     
           4           1   21.387349245237903     
           4           2   18.668901063525812     
           4           3   14.682551916880911     
           4           4   17.000000000000000     
           4           5   21.829363765195382     
           4           6   16.170495110397667     
           4           1   14.002835001023787     
           4           2   24.471677185071808     
           4           3   21.848534201558170     
           4           4   0.0000000000000000     
           4           5   13.299645734156606     
           4           6   21.868944348941387     
           4           1   22.643764448386563     
           4           2   37.778275524182064     
           4           3   36.292417427355403     
           4           4   17.000000000000000     
           4           5   21.336354677285314     
           4           6   35.679357361908806     
           4           1   37.515340178680688     
           4           2   53.230942307192549     
           4           3   52.296469084309734     
           4           4   34.000000000000000     
           4           5   36.216011447642323     
           4           6   51.437169017943596     
           4           1   33.338911301421078     
           4           2   23.642518668293054     
           4           3   18.073803237915541     
           4           4   38.013155617496423     
           4           5   41.428061021521060     
           4           6   31.444221252592353     
           4           1   16.496778082163200     
           4           2   15.208675363463923     
           4           3   3.2316372704311860     
           4           4   24.041630560342615     
           4           5   28.959345542738312     
           4           6   25.050047205617819     
           4           1   3.2869997596985945     
           4           2   21.946273570742790     
           4           3   16.499230146052074     
           4           4   17.000000000000000     
           4           5   23.216441340665501     
           4           6   29.056336311128103     
           4           1   18.095995351137137     
           4           2   36.193563529618530     
           4           3   33.346749637365662     
           4           4   24.041630560342615     
           4           5   28.589554085109601     
           4           6   40.485015680459881     
           4           1   34.958914858394778     
           4           2   52.118222900471011     
           4           3   50.296986265003007     
           4           4   38.013155617496423     
           4           5   40.911148322263607     
           4           6   54.879889845632732     
           4           1   38.784120282899075     
           4           2   31.933440597156213     
           4           3   26.448601326698224     
           4           4   48.083261120685229     
           4           5   51.540341596397717     
           4           6   43.963155062737101     
           4           1   25.785047342335865     
           4           2   26.307408570643243     
           4           3   19.578294821137426     
           4           4   38.013155617496423     
           4           5   42.175422536522497     
           4           6   39.642462308640305     
           4           1   20.088039893793034     
           4           2   30.698776246511887     
           4           3   25.398636657665904     
           4           4   34.000000000000000     
           4           5   38.459403536652182     
           4           6   42.288185498004850     
           4           1   26.836356442384997     
           4           2   42.080280184001289     
           4           3   38.534035086308876     
           4           4   38.013155617496423     
           4           5   41.922370813873343     
           4           6   50.823778367368249     
           4           1   40.185205081358703     
           4           2   56.365637561325428     
           4           3   53.876274704155605     
           4           4   48.083261120685229     
           4           5   51.125772648603991     
           4           6   62.895327826135613     
           4           1   61.003167326479009     
           4           2   49.471670726315864     
           4           3   53.847031234320447     
           4           4   51.000000000000000     
           4           5   46.976663141712656     
           4           6   37.069092287853728     
           4           1   53.684700839163803     
           4           2   46.041082977962922     
           4           3   50.826015865053158     
           4           4   41.641325627314025     
           4           5   36.457733530635025     
           4           6   31.825829413655775     
           4           1   51.192848958801200     
           4           2   48.683841663475128     
           4           3   53.339150768262037     
           4           4   38.013155617496423     
           4           5   32.086224278522309     
           4           6   35.066354710588577     
           4           1   54.197495005274476     
           4           2   56.554854402119766     
           4           3   60.702933377590099     
           4           4   41.641325627314025     
           4           5   36.164696082125161     
           4           6   44.993500058458643     
           4           1   61.903385571185602     
           4           2   67.858578483310524     
           4           3   71.432676252600928     
           4           4   51.000000000000000     
           4           5   46.521443410252481     
           4           6   58.285340029309417     
           4           1   48.786385428895613     
           4           2   34.266924925422444     
           4           3   39.222046369428746     
           4           4   41.641325627314025     
           4           5   37.588953853498460     
           4           6   24.168937832136997     
           4           1   39.252669763276941     
           4           2   29.095657084437654     
           4           3   34.959262540425136     
           4           4   29.444863728670914     
           4           5   23.136311418661393     
           4           6   14.929948786094462     
           4           1   35.769159395672055     
           4           2   33.119365611464175     
           4           3   38.521826972965933     
           4           4   24.041630560342615     
           4           5   15.350842332658051     
           4           6   20.968290001263906     
           4           1   39.951138209081265     
           4           2   43.877414416035101     
           4           3   48.204898810181930     
           4           4   29.444863728670914     
           4           5   22.671740440093508     
           4           6   35.134527183367709     
           4           1   49.907455600633774     
           4           2   57.719689995417795     
           4           3   61.167747917220503     
           4           4   41.641325627314025     
           4           5   37.018471994989426     
           4           6   51.060756116811525     
           4           1   40.209904035835741     
           4           2   21.886024838605515     
           4           3   27.481540532898716     
           4           4   38.013155617496423     
           4           5   34.598439613238760     
           4           6   19.291384315854298     
           4           1   27.883634320139080     
           4           2   12.301755995251508     
           4           3   20.952713094635470     
           4           4   24.041630560342615     
           4           5   17.872086557863739     
           4           6   3.3050451802796372     
           4           1   22.719105247068082     
           4           2   20.041664549067658     
           4           3   26.472576413920546     
           4           4   17.000000000000000     
           4           5   4.4464516406476973     
           4           6   15.089371705455138     
           4           1   28.858593582423151     
           4           2   35.071404808305076     
           4           3   39.250202775980860     
           4           4   24.041630560342615     
           4           5   17.266452630852218     
           4           6   31.975849531905965     
           4           1   41.562953502892370     
           4           2   51.345287539935470     
           4           3   54.390803762404261     
           4           4   38.013155617496423     
           4           5   33.977784517450644     
           4           6   48.940992716829840     
           4           1   37.835979727310900     
           4           2   19.020358109866830     
           4           3   23.454236690139627     
           4           4   41.641325627314025     
           4           5   39.486384938880150     
           4           6   27.169421445998356     
           4           1   24.335612633619885     
           4           2   5.8403030707511912     
           4           3   15.293212045932185     
           4           4   29.444863728670914     
           4           5   26.106207112529116     
           4           6   19.415027080382245     
           4           1   18.190182038168782     
           4           2   16.865475305750344     
           4           3   22.263500413156034     
           4           4   24.041630560342615     
           4           5   19.542095692711946     
           4           6   24.366146419852203     
           4           1   25.446874128462937     
           4           2   33.358347900031319     
           4           3   36.543734984417675     
           4           4   29.444863728670914     
           4           5   25.695387880395106     
           4           6   37.262245050122473     
           4           1   39.270906320556890     
           4           2   50.190780945808882     
           4           3   52.471189071490521     
           4           4   41.641325627314025     
           4           5   38.943708254155773     
           4           6   52.547509179761107     
           4           1   42.711665166320117     
           4           2   28.680131834060596     
           4           3   30.380377999176183     
           4           4   51.000000000000000     
           4           5   49.992971180076040     
           4           6   41.014600017537191     
           4           1   31.383865625635753     
           4           2   22.246012661817506     
           4           3   24.632265087433229     
           4           4   41.641325627314025     
           4           5   40.269797884677274     
           4           6   36.345057840375794     
           4           1   26.899957285023337     
           4           2   27.298721520986909     
           4           3   29.470826240577910     
           4           4   38.013155617496423     
           4           5   36.359538995064327     
           4           6   39.213888410127893     
           4           1   32.253191815139758     
           4           2   39.668064157594621     
           4           3   41.331715610014172     
           4           4   41.641325627314025     
           4           5   40.004693852027515     
           4           6   48.295909340892045     
           4           1   43.987828573280552     
           4           2   54.588372675338945     
           4           3   55.911464220067096     
           4           4   51.000000000000000     
           4           5   49.565461608415319     
           4           6   60.870852416286759     
           4           1   67.966644606187941     
           4           2   53.181308164617477     
           4           3   60.835364944940430     
           4           4   58.889727457341827     
           4           5   51.261069394507302     
           4           6   41.249921388697352     
           4           1   61.482724885547924     
           4           2   50.005866210182369     
           4           3   58.178370069544236     
           4           4   51.000000000000000     
           4           5   41.833678893080126     
           4           6   36.610406026093344     
           4           1   59.319357208925425     
           4           2   52.449230430591712     
           4           3   60.386288674777774     
           4           4   48.083261120685229     
           4           5   38.084329375613045     
           4           6   39.459949876008615     
           4           1   61.930984329398569     
           4           2   59.826891028131797     
           4           3   66.979735561424448     
           4           4   51.000000000000000     
           4           5   41.578547332140261     
           4           6   48.495911776548887     
           4           1   68.775776988241503     
           4           2   70.608724725933158     
           4           3   76.837920923480880     
           4           4   58.889727457341827     
           4           5   50.844223393733458     
           4           6   61.029658968902275     
           4           1   57.255477977030438     
           4           2   39.433836707725121     
           4           3   48.371559584530907     
           4           4   51.000000000000000     
           4           5   42.823122344581385     
           4           6   30.192316364631548     
           4           1   49.384718675986555     
           4           2   35.033735096649032     
           4           3   44.984318296541716     
           4           4   41.641325627314025     
           4           5   30.922148398839141     
           4           6   23.459364490192364     
           4           1   46.663809521238768     
           4           2   38.440833915939272     
           4           3   47.805543701220799     
           4           4   38.013155617496423     
           4           5   25.623011451831243     
           4           6   27.696707333280589     
           4           1   49.941683986050897     
           4           2   48.021170638411931     
           4           3   55.903051120078274     
           4           4   41.641325627314025     
           4           5   30.576104560939740     
           4           6   39.520544175493072     
           4           1   58.213679489366505     
           4           2   60.929204383564084     
           4           3   67.401277736396352     
           4           4   51.000000000000000     
           4           5   42.323251580926119     
           4           6   54.172310516986443     
           4           1   50.148925589015157     
           4           2   29.322404691345636     
           4           3   39.454707264096648     
           4           4   48.083261120685229     
           4           5   40.223654473574101     
           4           6   26.449875620695916     
           4           1   40.933793106194024     
           4           2   23.068128103808021     
           4           3   35.220094282388203     
           4           4   38.013155617496423     
           4           5   27.208488261392294     
           4           6   18.394611579807400     
           4           1   37.606330562670109     
           4           2   27.972730498547090     
           4           3   38.758691376581176     
           4           4   34.000000000000000     
           4           5   20.991933873065797     
           4           6   23.561144921112916     
           4           1   41.604047624202792     
           4           2   40.134882195852967     
           4           3   48.394392993298524     
           4           4   38.013155617496423     
           4           5   26.814562125681114     
           4           6   36.740894992030142     
           4           1   51.240193784226193     
           4           2   54.928534353336282     
           4           3   61.317194889807006     
           4           4   48.083261120685229     
           4           5   39.691059399477574     
           4           6   52.179106734756260     
           4           1   48.266341451232257     
           4           2   27.250309287686406     
           4           3   36.763297919954042     
           4           4   51.000000000000000     
           4           5   44.497920750075167     
           4           6   32.643772349999168     
           4           1   38.604409041132328     
           4           2   20.369449516499383     
           4           3   32.176407349423748     
           4           4   41.641325627314025     
           4           5   33.202777072721105     
           4           6   26.540190053205549     
           4           1   35.056541154871191     
           4           2   25.792432823133723     
           4           3   36.015306549865777     
           4           4   38.013155617496423     
           4           5   28.333440659433851     
           4           6   30.350411906298259     
           4           1   39.314396320830056     
           4           2   38.646923658507610     
           4           3   46.226436395698485     
           4           4   41.641325627314025     
           4           5   32.880743815529847     
           4           6   41.423584076026934     
           4           1   49.399214957319053     
           4           2   53.850903665557581     
           4           3   59.621007520925971     
           4           4   51.000000000000000     
           4           5   44.017073597904584     
           4           6   55.575886250471726     
           4           1   52.176284808726109     
           4           2   34.689411866823093     
           4           3   41.525970459545356     
           4           4   58.889727457341827     
           4           5   54.038759450513503     
           4           6   44.828961912215377     
           4           1   43.393840309074065     
           4           2   29.592066723984249     
           4           3   37.525822290414730     
           4           4   51.000000000000000     
           4           5   45.194545879025128     
           4           6   40.600512816324837     
           4           1   40.270163360700927     
           4           2   33.556303883583254     
           4           3   40.865247515909417     
           4           4   48.083261120685229     
           4           5   41.748130873994249     
           4           6   43.187584509558505     
           4           1   44.026659394344897     
           4           2   44.208151371189835     
           4           3   50.097400835784825     
           4           4   51.000000000000000     
           4           5   44.958490696786036     
           4           6   51.574540914989811     
           4           1   53.226003210402489     
           4           2   57.971508217301732     
           4           3   62.670014252958708     
           4           4   58.889727457341827     
           4           5   53.643502309169200     
           4           6   63.503536007167810     
           5           1   63.160692241092967     
           5           2   62.199057370730117     
           5           3   58.265449187928091     
           5           4   53.643502309169200     
           5           5   58.889727457341834     
           5           6   53.409291765987234     
           5           1   56.218984964523635     
           5           2   59.596127398323297     
           5           3   55.581329875911919     
           5           4   44.958490696786036     
           5           5   51.000000000000000     
           5           6   50.019584239627655     
           5           1   53.943261826743552     
           5           2   61.746854688696374     
           5           3   57.980219838138318     
           5           4   41.748130873994249     
           5           5   48.083261120685229     
           5           6   52.243326540966578     
           5           1   56.896192513874610     
           5           2   68.203003797609895     
           5           3   64.900905649942644     
           5           4   45.194545879025121     
           5           5   51.000000000000000     
           5           6   59.453944601068471     
           5           1   64.362084713308931     
           5           2   77.901382465824014     
           5           3   75.103589900128384     
           5           4   54.038759450513489     
           5           5   58.889727457341827     
           5           6   70.129721867320811     
           5           1   50.743230601312042     
           5           2   50.223262591436693     
           5           3   44.278732432808809     
           5           4   44.017073597904584     
           5           5   51.000000000000007     
           5           6   44.603249074054524     
           5           1   41.787278900703782     
           5           2   46.961172987886577     
           5           3   40.682032982143156     
           5           4   32.880743815529847     
           5           5   41.641325627314025     
           5           6   40.482788793794839     
           5           1   38.671409387200733     
           5           2   49.662132772042845     
           5           3   43.902727355644913     
           5           4   28.333440659433847     
           5           5   38.013155617496423     
           5           6   43.200260983978524     
           5           1   42.694017497299910     
           5           2   57.491765449826083     
           5           3   52.705513288156112     
           5           4   33.202777072721105     
           5           5   41.641325627314025     
           5           6   51.688189266453442     
           5           1   52.231028671920910     
           5           2   68.718838447747487     
           5           3   64.855938761781175     
           5           4   44.497920750075160     
           5           5   51.000000000000000     
           5           6   63.679472910864831     
           5           1   41.695057972639880     
           5           2   41.881135047291060     
           5           3   33.231757742278980     
           5           4   39.691059399477574     
           5           5   48.083261120685236     
           5           6   41.283740249400125     
           5           1   30.162544412053062     
           5           2   37.907850584268630     
           5           3   28.262543840663525     
           5           4   26.814562125681110     
           5           5   38.013155617496423     
           5           6   36.793390296910601     
           5           1   25.672559503803804     
           5           2   41.206562571865170     
           5           3   32.729085628066919     
           5           4   20.991933873065793     
           5           5   34.000000000000000     
           5           6   39.763801756140609     
           5           1   31.406711663967950     
           5           2   50.368208843067308     
           5           3   43.836225975250713     
           5           4   27.208488261392294     
           5           5   38.013155617496423     
           5           6   48.852495234762642     
           5           1   43.493479552812211     
           5           2   62.880299976452456     
           5           3   57.879498697355302     
           5           4   40.223654473574094     
           5           5   48.083261120685229     
           5           6   61.400103022905114     
           5           1   38.471811327589840     
           5           2   39.543429800289942     
           5           3   28.741838831688614     
           5           4   42.323251580926112     
           5           5   51.000000000000007     
           5           6   44.690542511785800     
           5           1   25.522176492081215     
           5           2   35.308051538427641     
           5           3   22.814796977634320     
           5           4   30.576104560939736     
           5           5   41.641325627314025     
           5           6   40.578947134673037     
           5           1   20.017060697320584     
           5           2   38.828265046355945     
           5           3   28.159130363606419     
           5           4   25.623011451831239     
           5           5   38.013155617496423     
           5           6   43.290383587113716     
           5           1   26.981177606388684     
           5           2   48.441819016010029     
           5           3   40.538355720705908     
           5           4   30.922148398839141     
           5           5   41.641325627314025     
           5           6   51.763536120326059     
           5           1   40.413922985708325     
           5           2   61.348068369343743     
           5           3   55.423640680150186     
           5           4   42.823122344581378     
           5           5   51.000000000000000     
           5           6   63.740646625533664     
           5           1   42.422666987231480     
           5           2   44.173931315782674     
           5           3   33.553492757267577     
           5           4   50.844223393733458     
           5           5   58.889727457341834     
           5           6   53.555036840763428     
           5           1   31.160614569947310     
           5           2   40.426623294077991     
           5           3   28.640156038609785     
           5           4   41.578547332140253     
           5           5   51.000000000000000     
           5           6   50.175176447884901     
           5           1   26.838128221693967     
           5           2   43.534900184002872     
           5           3   33.055713569968887     
           5           4   38.084329375613045     
           5           5   48.083261120685229     
           5           6   52.392315201155590     
           5           1   32.366438675136308     
           5           2   52.290182607262885     
           5           3   44.080629094010604     
           5           4   41.833678893080126     
           5           5   51.000000000000000     
           5           6   59.584906248966227     
           5           1   44.191487625770563     
           5           2   64.430108335860339     
           5           3   58.064821734227706     
           5           4   51.261069394507295     
           5           5   58.889727457341827     
           5           6   70.240781695956017     
           5           1   59.995508531864047     
           5           2   54.420930862268605     
           5           3   53.929686340332886     
           5           4   49.565461608415319     
           5           5   51.000000000000007     
           5           6   43.498281608979660     
           5           1   52.638030643862855     
           5           2   51.425804602219145     
           5           3   51.017964781737383     
           5           4   40.004693852027515     
           5           5   41.641325627314025     
           5           6   39.262028265169306     
           5           1   50.200234024668838     
           5           2   53.903516045388237     
           5           3   53.621398640603402     
           5           4   36.359538995064327     
           5           5   38.013155617496423     
           5           6   42.058450090984202     
           5           1   53.360703914011403     
           5           2   61.192848480236904     
           5           3   61.038316276568544     
           5           4   40.269797884677274     
           5           5   41.641325627314025     
           5           6   50.737753050530969     
           5           1   61.259007078682437     
           5           2   71.843861033459461     
           5           3   71.792044932445833     
           5           4   49.992971180076033     
           5           5   51.000000000000000     
           5           6   62.910459743809852     
           5           1   46.744662277963265     
           5           2   40.190684037931561     
           5           3   38.394721584508609     
           5           4   38.943708254155773     
           5           5   41.641325627314032     
           5           6   32.077996881848655     
           5           1   36.828856587574300     
           5           2   36.031468836374835     
           5           3   34.184445399272462     
           5           4   25.695387880395106     
           5           5   29.444863728670914     
           5           6   26.046194434365027     
           5           1   33.251554905227941     
           5           2   39.487243631031710     
           5           3   37.960479040177418     
           5           4   19.542095692711946     
           5           5   24.041630560342615     
           5           6   30.096687609662350     
           5           1   37.854552298008514     
           5           2   48.971604758740128     
           5           3   47.868775111377744     
           5           4   26.106207112529116     
           5           5   29.444863728670914     
           5           6   41.366858300268085     
           5           1   48.355644507647035     
           5           2   61.767254558674225     
           5           3   60.990501656959388     
           5           4   39.486384938880143     
           5           5   41.641325627314025     
           5           6   55.629338717940144     
           5           1   36.724186294112918     
           5           2   29.102310062224849     
           5           3   24.857558656013982     
           5           4   33.977784517450644     
           5           5   38.013155617496430     
           5           6   27.274443440145323     
           5           1   22.802786782145386     
           5           2   23.019993788610751     
           5           3   17.672574346740898     
           5           4   17.266452630852218     
           5           5   24.041630560342615     
           5           6   19.831833640148904     
           5           1   16.409397036431834     
           5           2   28.122869289912110     
           5           3   24.181429770486965     
           5           4   4.4464516406476964     
           5           5   17.000000000000000     
           5           6   24.914011842563561     
           5           1   24.424773021801684     
           5           2   40.371666304071297     
           5           3   37.883547978626574     
           5           4   17.872086557863739     
           5           5   24.041630560342615     
           5           6   37.763929173912146     
           5           1   38.753977385989742     
           5           2   55.198252719058864     
           5           3   53.512473958440850     
           5           4   34.598439613238753     
           5           5   38.013155617496423     
           5           6   53.004912104569215     
           5           1   33.019210566707692     
           5           2   25.624164737194867     
           5           3   18.429373269930263     
           5           4   37.018471994989426     
           5           5   41.641325627314032     
           5           6   32.199264680850717     
           5           1   16.173110168296446     
           5           2   18.427519679780698     
           5           3   5.8363910789398625     
           5           4   22.671740440093505     
           5           5   29.444863728670914     
           5           6   26.195400484595300     
           5           1   3.2970772789134775     
           5           2   24.506104231772724     
           5           3   17.506716497682756     
           5           4   15.350842332658049     
           5           5   24.041630560342615     
           5           6   30.225905563095893     
           5           1   18.389451994292845     
           5           2   37.941070196929253     
           5           3   34.013332448234856     
           5           4   23.136311418661393     
           5           5   29.444863728670914     
           5           6   41.460966313751626     
           5           1   35.262914949244824     
           5           2   53.446239070285536     
           5           3   50.846125181158641     
           5           4   37.588953853498452     
           5           5   41.641325627314025     
           5           6   55.699354468709082     
           5           1   37.548244618523121     
           5           2   32.314875614798950     
           5           3   25.286070788235651     
           5           4   46.521443410252481     
           5           5   51.000000000000007     
           5           6   43.677111019449015     
           5           1   24.107507129517220     
           5           2   26.967143880465571     
           5           3   18.270386903718631     
           5           4   36.164696082125161     
           5           5   41.641325627314025     
           5           6   39.460060663487702     
           5           1   18.178919826738802     
           5           2   31.435688510664690     
           5           3   24.621711949323956     
           5           4   32.086224278522309     
           5           5   38.013155617496423     
           5           6   42.243375198094498     
           5           1   25.647111964786028     
           5           2   42.745504736864902     
           5           3   38.166089150178728     
           5           4   36.457733530635025     
           5           5   41.641325627314025     
           5           6   50.891149610593793     
           5           1   39.535750634097539     
           5           2   56.957473945735543     
           5           3   53.712866454168122     
           5           4   46.976663141712656     
           5           5   51.000000000000000     
           5           6   63.034240451112730     
           5           1   61.543879010181698     
           5           2   51.308407634853204     
           5           3   54.771886661519559     
           5           4   51.125772648603991     
           5           5   48.083261120685236     
           5           6   38.854196155934616     
           5           1   54.396233966030742     
           5           2   48.119937209997133     
           5           3   51.907429431308316     
           5           4   41.922370813873343     
           5           5   38.013155617496423     
           5           6   34.044895645084587     
           5           1   52.040863710688257     
           5           2   50.759275213145727     
           5           3   54.468365973931711     
           5           4   38.459403536652182     
           5           5   34.000000000000000     
           5           6   37.235215590158134     
           5           1   55.095850313991015     
           5           2   58.442105396996730     
           5           3   61.783691647343879     
           5           4   42.175422536522497     
           5           5   38.013155617496423     
           5           6   46.817386093271061     
           5           1   62.776221197910417     
           5           2   69.515863990196351     
           5           3   72.426833530660303     
           5           4   51.540341596397717     
           5           5   48.083261120685229     
           5           6   59.793594984473600     
           5           1   48.716028687730208     
           5           2   35.863715110753503     
           5           3   39.568966946934410     
           5           4   40.911148322263607     
           5           5   38.013155617496430     
           5           6   25.427267646006289     
           5           1   39.300797411388814     
           5           2   31.131683613564707     
           5           3   35.498236673833489     
           5           4   28.589554085109601     
           5           5   24.041630560342615     
           5           6   17.203264239745138     
           5           1   35.970180750703754     
           5           2   35.073599582661849     
           5           3   39.147751770126028     
           5           4   23.216441340665501     
           5           5   17.000000000000000     
           5           6   22.877033484771346     
           5           1   40.263570747085666     
           5           2   45.487724176470969     
           5           3   48.815654562438411     
           5           4   28.959345542738312     
           5           5   24.041630560342615     
           5           6   36.452229309387995     
           5           1   50.263867294238771     
           5           2   59.043278311967946     
           5           3   61.736454320467921     
           5           4   41.428061021521053     
           5           5   38.013155617496423     
           5           6   52.078511712462181     
           5           1   39.202727693205510     
           5           2   22.756524977823751     
           5           3   26.635441089511406     
           5           4   36.216011447642323     
           5           5   34.000000000000007     
           5           6   19.011662761563816     
           5           1   26.611183450851925     
           5           2   14.171629833442603     
           5           3   20.096476898619354     
           5           4   21.336354677285314     
           5           5   17.000000000000000     
           5           6   3.2938854746769648     
           5           1   21.388228321255802     
           5           2   21.489782576981195     
           5           3   26.005577198759696     
           5           4   13.299645734156606     
           5           5   0.0000000000000000     
           5           6   15.435544761398720     
           5           1   28.013524176537345     
           5           2   36.066416765125538     
           5           3   39.073158397351996     
           5           4   21.829363765195382     
           5           5   17.000000000000000     
           5           6   32.305764232439991     
           5           1   41.110324285472572     
           5           2   52.132159760991406     
           5           3   54.361138406479931     
           5           4   36.798935692929760     
           5           5   34.000000000000000     
           5           6   49.265289638881193     
           5           1   35.755506793660359     
           5           2   18.097314623649101     
           5           3   20.765122171999781     
           5           4   39.082949137766818     
           5           5   38.013155617496430     
           5           6   25.580084088548780     
           5           1   21.207486700190685     
           5           2   3.2385891460862406     
           5           3   11.207674179863799     
           5           4   25.905934822824339     
           5           5   24.041630560342615     
           5           6   17.428340785573418     
           5           1   14.108817037797268     
           5           2   16.476168326615010     
           5           3   19.950779990413771     
           5           4   19.818123139782379     
           5           5   17.000000000000000     
           5           6   23.046766000871738     
           5           1   22.942535698420784     
           5           2   33.323261932121163     
           5           3   35.333486721944141     
           5           4   26.313467094298559     
           5           5   24.041630560342615     
           5           6   36.558990462809462     
           5           1   37.837298666006603     
           5           2   50.273406974926210     
           5           3   51.738544100445189     
           5           4   39.623718859565514     
           5           5   38.013155617496423     
           5           6   52.153294663143271     
           5           1   39.975726054136416     
           5           2   26.742590826402189     
           5           3   27.035788791957252     
           5           4   48.180435255763058     
           5           5   48.083261120685236     
           5           6   39.054296600950586     
           5           1   27.737337644817941     
           5           2   19.953491603681158     
           5           3   20.624149371725132     
           5           4   38.275251627832972     
           5           5   38.013155617496423     
           5           6   34.273086285828938     
           5           1   22.774132819712545     
           5           2   25.673283589131692     
           5           3   26.415472719812133     
           5           4   34.447575138361856     
           5           5   34.000000000000000     
           5           6   37.443968861710310     
           5           1   29.085431950672170     
           5           2   38.705208348719459     
           5           3   39.347158229217108     
           5           4   38.552249981709764     
           5           5   38.013155617496423     
           5           6   46.983583991406903     
           5           1   41.848101245151554     
           5           2   53.991377241070502     
           5           3   54.558413855416987     
           5           4   48.620124685066322     
           5           5   48.083261120685229     
           5           6   59.923814341532385     
           5           1   67.482123879163694     
           5           2   53.679303946052663     
           5           3   60.576464638983353     
           5           4   57.870150106753620     
           5           5   51.000000000000007     
           5           6   41.294026382923597     
           5           1   61.033910814481381     
           5           2   50.640333087396940     
           5           3   57.999394219783966     
           5           4   49.925893273103796     
           5           5   41.641325627314025     
           5           6   36.804931401572340     
           5           1   58.944376282876561     
           5           2   53.154670521717215     
           5           3   60.302167386967263     
           5           4   47.055662410134083     
           5           5   38.013155617496423     
           5           6   39.774480965001935     
           5           1   61.658257528449617     
           5           2   60.534243708351696     
           5           3   66.983378932909361     
           5           4   50.138567097551373     
           5           5   41.641325627314025     
           5           6   48.861188039139584     
           5           1   68.607885461598997     
           5           2   71.283731134193033     
           5           3   76.910303048249887     
           5           4   58.236727726880538     
           5           5   51.000000000000000     
           5           6   61.407019608160539     
           5           1   56.030700965869272     
           5           2   39.180620715523787     
           5           3   47.278447996346550     
           5           4   49.079850259630007     
           5           5   41.641325627314032     
           5           6   29.018855868751693     
           5           1   48.070164102007560     
           5           2   34.901242137258322     
           5           3   43.928046925024489     
           5           4   39.401424431698636     
           5           5   29.444863728670914     
           5           6   22.169807317436028     
           5           1   45.387684484463513     
           5           2   38.458709882071446     
           5           3   46.926484721861094     
           5           4   35.694716597642483     
           5           5   24.041630560342615     
           5           6   26.812435865715290     
           5           1   48.860445443410391     
           5           2   48.146111253798516     
           5           3   55.249584885815850     
           5           4   39.670560100976253     
           5           5   29.444863728670914     
           5           6   39.042452248980865     
           5           1   57.381568077177505     
           5           2   61.114840193957370     
           5           3   66.939810962975386     
           5           4   49.511553040319022     
           5           5   41.641325627314025     
           5           6   53.923273622572346     
           5           1   47.990018318505911     
           5           2   27.690691706325413     
           5           3   37.134824918511320     
           5           4   45.240569510531266     
           5           5   38.013155617496430     
           5           6   23.600664756510113     
           5           1   38.397175472654318     
           5           2   21.207311716588766     
           5           3   32.763041425246193     
           5           4   34.501444540429986     
           5           5   24.041630560342615     
           5           6   14.366549255476560     
           5           1   34.980627643669855     
           5           2   26.659439853724745     
           5           3   36.685672205049030     
           5           4   30.199175835037639     
           5           5   17.000000000000000     
           5           6   20.827964328538918     
           5           1   39.382045863722638     
           5           2   39.366246917685345     
           5           3   46.864274312531663     
           5           4   34.808486994620672     
           5           5   24.041630560342615     
           5           6   35.202421204112440     
           5           1   49.560536341726838     
           5           2   54.467210865381887     
           5           3   60.205330898053568     
           5           4   45.708547478494992     
           5           5   38.013155617496423     
           5           6   51.211491085425358     
           5           1   45.217742819543780     
           5           2   24.008910318791777     
           5           3   33.177383840708927     
           5           4   47.566653842442179     
           5           5   41.641325627314032     
           5           6   29.152851626675776     
           5           1   34.870409974098038     
           5           2   16.106006263676612     
           5           3   28.198589684905208     
           5           4   37.499694712168981     
           5           5   29.444863728670914     
           5           6   22.344912587160149     
           5           1   31.068419944196542     
           5           2   22.811819323223531     
           5           3   32.673875220450228     
           5           4   33.583740846502330     
           5           5   24.041630560342615     
           5           6   26.957401193154425     
           5           1   35.952022806738192     
           5           2   36.869428581213441     
           5           3   43.795020077920498     
           5           4   37.782379424596648     
           5           5   29.444863728670914     
           5           6   39.142149144490510     
           5           1   46.881224066394594     
           5           2   52.690895105084344     
           5           3   57.848296823064452     
           5           4   48.011964558048852     
           5           5   41.641325627314025     
           5           6   53.995501666438798     
           5           1   48.623519753081148     
           5           2   31.049656072440047     
           5           3   37.423019323659311     
           5           4   55.285296290209267     
           5           5   51.000000000000007     
           5           6   41.482359370999696     
           5           1   39.186067667546659     
           5           2   25.437311282574996     
           5           3   33.089334187965868     
           5           4   46.905271895975424     
           5           5   41.641325627314025     
           5           6   37.016111350945849     
           5           1   35.844792164452834     
           5           2   30.133577091948798     
           5           3   36.977367384750309     
           5           4   43.837712957846435     
           5           5   38.013155617496423     
           5           6   39.969974482184469     
           5           1   40.151592140039632     
           5           2   41.797226360444363     
           5           3   47.092965084083460     
           5           4   47.131577770256023     
           5           5   41.641325627314025     
           5           6   49.020457165017682     
           5           1   50.174212275304988     
           5           2   56.249300391169562     
           5           3   60.383516145671848     
           5           4   55.668897679519823     
           5           5   51.000000000000000     
           5           6   61.533824692019500     
           5           1   76.798600526739449     
           5           2   60.896491280213738     
           5           3   70.121726788875193     
           5           4   68.279308123615650     
           5           5   58.889727457341834     
           5           6   49.786992989166727     
           5           1   71.199201322297000     
           5           2   58.235369950837885     
           5           3   67.907865741440929     
           5           4   61.690391987559963     
           5           5   51.000000000000000     
           5           6   46.131887360742056     
           5           1   69.416334497006190     
           5           2   60.434542907022603     
           5           3   69.884904602220601     
           5           4   59.391455692868455     
           5           5   48.083261120685229     
           5           6   48.534084847919488     
           5           1   71.735128919292578     
           5           2   67.017233898830526     
           5           3   75.725303254363951     
           5           4   61.862634562853145     
           5           5   51.000000000000000     
           5           6   56.222448831280047     
           5           1   77.789651928356122     
           5           2   76.865371283305223     
           5           3   84.632991289858666     
           5           4   68.590277013555408     
           5           5   58.889727457341827     
           5           6   67.411943401349575     
           5           1   66.959894342431383     
           5           2   48.600782069450020     
           5           3   59.015253491270393     
           5           4   61.007715462629434     
           5           5   51.000000000000007     
           5           6   40.195050092282891     
           5           1   60.456006123600723     
           5           2   45.221805369002887     
           5           3   56.366850243230822     
           5           4   53.531130117981910     
           5           5   41.641325627314025     
           5           6   35.567519065602347     
           5           1   58.345778788907438     
           5           2   48.020697036817182     
           5           3   58.733665542401823     
           5           4   50.864746509222520     
           5           5   38.013155617496423     
           5           6   38.632302197032494     
           5           1   61.086259736141933     
           5           2   56.079969748311981     
           5           3   65.574881850832398     
           5           4   53.729535482699085     
           5           5   41.641325627314025     
           5           6   47.936010822801030     
           5           1   68.094290176333203     
           5           2   67.542125151947872     
           5           3   75.686767611350248     
           5           4   61.355550106944477     
           5           5   51.000000000000000     
           5           6   60.673449664285222     
           5           1   60.392299656772835     
           5           2   39.921039381298698     
           5           3   51.249816794054453     
           5           4   57.963943741766428     
           5           5   48.083261120685236     
           5           6   36.476560048049009     
           5           1   53.089839742654313     
           5           2   35.730449876163128     
           5           3   48.176398611021710     
           5           4   50.034581239756747     
           5           5   38.013155617496423     
           5           6   31.304085891458012     
           5           1   50.673783260853838     
           5           2   39.212762098872986     
           5           3   50.925308490297468     
           5           4   47.170964221403963     
           5           5   34.000000000000000     
           5           6   34.746973307910373     
           5           1   53.806445116131435     
           5           2   48.750552555767136     
           5           3   58.683973165898301     
           5           4   50.246795035266956     
           5           5   38.013155617496423     
           5           6   44.863777311116941     
           5           1   61.647666315137485     
           5           2   61.592142660914284     
           5           3   69.801363656018793     
           5           4   58.329931913686330     
           5           5   48.083261120685229     
           5           6   58.276623745566688     
           5           1   58.213677648103577     
           5           2   37.461216648745257     
           5           3   48.459130184201513     
           5           4   59.797125367597488     
           5           5   51.000000000000007     
           5           6   40.291895139800992     
           5           1   50.597761723070185     
           5           2   32.959344894491352     
           5           3   45.196337903787061     
           5           4   52.147260215349050     
           5           5   41.641325627314025     
           5           6   35.676927761756261     
           5           1   48.056578295295438     
           5           2   36.705504749885094     
           5           3   48.115804281100900     
           5           4   49.406247516953570     
           5           5   38.013155617496423     
           5           6   38.733054812116620     
           5           1   51.349157184116798     
           5           2   46.757563473877049     
           5           3   56.263240959983065     
           5           4   52.350910588504917     
           5           5   41.641325627314025     
           5           6   48.017245814803722     
           5           1   59.515016336941443     
           5           2   60.027038949821971     
           5           3   67.778860605833628     
           5           4   60.151960775894835     
           5           5   51.000000000000000     
           5           6   60.737651059290570     
           5           1   60.896918417939531     
           5           2   42.320162101831038     
           5           3   51.459021317885892     
           5           4   66.102750550621408     
           5           5   58.889727457341834     
           5           6   49.943309811970941     
           5           1   53.663170786568848     
           5           2   38.392340165651014     
           5           3   48.398889829194879     
           5           4   59.272372789494717     
           5           5   51.000000000000000     
           5           6   46.300545952886658     
           5           1   51.274136998449130     
           5           2   41.652700350215760     
           5           3   51.135840644331374     
           5           4   56.875783263494391     
           5           5   48.083261120685229     
           5           6   48.694423870667414     
           5           1   54.372220397947736     
           5           2   50.733845798782767     
           5           3   58.866763628607615     
           5           4   59.451621235885099     
           5           5   51.000000000000000     
           5           6   56.360919764115629     
           5           1   62.142091830499851     
           5           2   63.173560708610303     
           5           3   69.955110762618830     
           5           4   66.423909952021788     
           5           5   58.889727457341827     
           5           6   67.527473203266936     
           6           1   71.609053191486950     
           6           2   66.828625212789746     
           6           3   63.644168272914115     
           6           4   63.503536007167803     
           6           5   67.527473203266950     
           6           6   58.889727457341827     
           6           1   61.504075998974450     
           6           2   60.271340206938035     
           6           3   56.820730867299311     
           6           4   51.574540914989811     
           6           5   56.360919764115629     
           6           6   50.999999999999993     
           6           1   54.914899890594754     
           6           2   58.113713982582581     
           6           3   54.631591203598617     
           6           4   43.187584509558498     
           6           5   48.694423870667407     
           6           6   48.083261120685229     
           6           1   53.165224494028628     
           6           2   60.825759800912991     
           6           3   57.607517379072732     
           6           4   40.600512816324830     
           6           5   46.300545952886651     
           6           6   50.999999999999993     
           6           1   56.704814266575987     
           6           2   67.825823679976864     
           6           3   65.043380598822040     
           6           4   44.828961912215370     
           6           5   49.943309811970941     
           6           6   58.889727457341827     
           6           1   60.906169847128652     
           6           2   55.819540792940515     
           6           3   51.111900286708746     
           6           4   55.575886250471719     
           6           5   60.737651059290577     
           6           6   50.999999999999993     
           6           1   48.625676251890845     
           6           2   47.774370083170098     
           6           3   42.313610718792489     
           6           4   41.423584076026920     
           6           5   48.017245814803722     
           6           6   41.641325627314025     
           6           1   39.966876991580399     
           6           2   45.021769615960757     
           6           3   39.325016887530559     
           6           4   30.350411906298255     
           6           5   38.733054812116613     
           6           6   38.013155617496416     
           6           1   37.526605521503498     
           6           2   48.471940768465167     
           6           3   43.364412302573832     
           6           4   26.540190053205542     
           6           5   35.676927761756254     
           6           6   41.641325627314025     
           6           1   42.392699695501285     
           6           2   57.009633785620338     
           6           3   52.843992614966837     
           6           4   32.643772349999168     
           6           5   40.291895139800992     
           6           6   50.999999999999993     
           6           1   53.565535112732320     
           6           2   48.410506306358570     
           6           3   41.860154642403174     
           6           4   52.179106734756246     
           6           5   58.276623745566695     
           6           6   48.083261120685229     
           6           1   39.040509953377615     
           6           2   38.860602457333719     
           6           3   30.500620449901685     
           6           4   36.740894992030135     
           6           5   44.863777311116941     
           6           6   38.013155617496416     
           6           1   27.514655784257862     
           6           2   35.421966713550503     
           6           3   26.197388208980186     
           6           4   23.561144921112909     
           6           5   34.746973307910373     
           6           6   33.999999999999993     
           6           1   23.831725670471549     
           6           2   39.715047883199496     
           6           3   31.942423986214120     
           6           4   18.394611579807393     
           6           5   31.304085891458008     
           6           6   38.013155617496416     
           6           1   30.932927665176322     
           6           2   49.778050693792501     
           6           3   43.958318339742249     
           6           4   26.449875620695909     
           6           5   36.476560048049002     
           6           6   48.083261120685229     
           6           1   51.058511321614482     
           6           2   46.360900631256250     
           6           3   38.342127516002009     
           6           4   54.172310516986435     
           6           5   60.673449664285229     
           6           6   50.999999999999993     
           6           1   35.522759519579161     
           6           2   36.275369189715555     
           6           3   25.458476851461700     
           6           4   39.520544175493065     
           6           5   47.936010822801030     
           6           6   41.641325627314025     
           6           1   22.243230641978926     
           6           2   32.564884651401933     
           6           3   20.103465988218659     
           6           4   27.696707333280582     
           6           5   38.632302197032494     
           6           6   38.013155617496416     
           6           1   17.483025335984848     
           6           2   37.189259401984089     
           6           3   27.169185594760059     
           6           4   23.459364490192357     
           6           5   35.567519065602340     
           6           6   41.641325627314025     
           6           1   26.354336273279699     
           6           2   47.787135479928168     
           6           3   40.622406957559399     
           6           4   30.192316364631541     
           6           5   40.195050092282891     
           6           6   50.999999999999993     
           6           1   54.061785068988513     
           6           2   50.329803236695142     
           6           3   42.023385611119060     
           6           4   61.029658968902261     
           6           5   67.411943401349589     
           6           6   58.889727457341827     
           6           1   39.718653934290465     
           6           2   41.226913495353948     
           6           3   30.724261412829136     
           6           4   48.495911776548880     
           6           5   56.222448831280047     
           6           6   50.999999999999993     
           6           1   28.468690448602402     
           6           2   38.002995919563318     
           6           3   26.457428834013989     
           6           4   39.459949876008615     
           6           5   48.534084847919488     
           6           6   48.083261120685229     
           6           1   24.927117790967404     
           6           2   42.033284446629850     
           6           3   32.156038960823018     
           6           4   36.610406026093344     
           6           5   46.131887360742056     
           6           6   50.999999999999993     
           6           1   31.784525588266717     
           6           2   51.646551713354903     
           6           3   44.113786312138529     
           6           4   41.249921388697352     
           6           5   49.786992989166727     
           6           6   58.889727457341827     
           6           1   69.508966634631918     
           6           2   60.435354470295060     
           6           3   60.477934809787598     
           6           4   60.870852416286752     
           6           5   61.533824692019508     
           6           6   51.000000000000000     
           6           1   59.045671374968634     
           6           2   53.094268734573994     
           6           3   53.250313614099696     
           6           4   48.295909340892045     
           6           5   49.020457165017682     
           6           6   41.641325627314025     
           6           1   52.146775294616333     
           6           2   50.631716097403910     
           6           3   50.907869736839551     
           6           4   39.213888410127893     
           6           5   39.969974482184469     
           6           6   38.013155617496423     
           6           1   50.300904953426304     
           6           2   53.722806865213762     
           6           3   54.089060837530511     
           6           4   36.345057840375794     
           6           5   37.016111350945849     
           6           6   41.641325627314025     
           6           1   54.028473091880400     
           6           2   61.536243629149212     
           6           3   61.948703000378707     
           6           4   41.014600017537191     
           6           5   41.482359370999703     
           6           6   51.000000000000000     
           6           1   58.422610940289616     
           6           2   47.981121875727823     
           6           3   47.110792761578189     
           6           4   52.547509179761093     
           6           5   53.995501666438805     
           6           6   41.641325627314025     
           6           1   45.476327188844813     
           6           2   38.324370300924642     
           6           3   37.382376807359655     
           6           4   37.262245050122473     
           6           5   39.142149144490510     
           6           6   29.444863728670914     
           6           1   36.069255607695645     
           6           2   34.832838837386532     
           6           3   33.962588195107777     
           6           4   24.366146419852203     
           6           5   26.957401193154428     
           6           6   24.041630560342615     
           6           1   33.344955624497416     
           6           2   39.190508595580795     
           6           3   38.567767605262397     
           6           4   19.415027080382245     
           6           5   22.344912587160152     
           6           6   29.444863728670917     
           6           1   38.739913927448519     
           6           2   49.360563879368719     
           6           3   48.984568990617646     
           6           4   27.169421445998356     
           6           5   29.152851626675783     
           6           6   41.641325627314025     
           6           1   50.723825718753936     
           6           2   39.114499139790603     
           6           3   36.868319603581320     
           6           4   48.940992716829825     
           6           5   51.211491085425365     
           6           6   38.013155617496423     
           6           1   35.039996590367146     
           6           2   26.391539278064631     
           6           3   23.179479966877416     
           6           4   31.975849531905961     
           6           5   35.202421204112440     
           6           6   24.041630560342615     
           6           1   21.463835318026447     
           6           2   21.001967716730178     
           6           3   17.126108509463691     
           6           4   15.089371705455138     
           6           5   20.827964328538922     
           6           6   17.000000000000000     
           6           1   16.480020997127930     
           6           2   27.634253210165195     
           6           3   25.046334937890169     
           6           4   3.3050451802796368     
           6           5   14.366549255476562     
           6           6   24.041630560342618     
           6           1   25.699921353424322     
           6           2   40.794867973710531     
           6           3   39.234349681930887     
           6           4   19.291384315854298     
           6           5   23.600664756510113     
           6           6   38.013155617496423     
           6           1   48.068820684645459     
           6           2   36.547230120214486     
           6           3   32.819493996088191     
           6           4   51.060756116811511     
           6           5   53.923273622572360     
           6           6   41.641325627314025     
           6           1   31.072598660540397     
           6           2   22.411366133479262     
           6           3   15.972929828379069     
           6           4   35.134527183367709     
           6           5   39.042452248980865     
           6           6   29.444863728670914     
           6           1   14.085497968671007     
           6           2   15.711099085608547     
           6           3   3.3391298934565246     
           6           4   20.968290001263902     
           6           5   26.812435865715290     
           6           6   24.041630560342615     
           6           1   3.0489536782071718     
           6           2   23.862270155765952     
           6           3   18.578619151821485     
           6           4   14.929948786094458     
           6           5   22.169807317436028     
           6           6   29.444863728670917     
           6           1   19.954723351584480     
           6           2   38.340282204174059     
           6           3   35.456739708149719     
           6           4   24.168937832136997     
           6           5   29.018855868751693     
           6           6   41.641325627314025     
           6           1   51.247600416787073     
           6           2   41.466323878095892     
           6           3   37.053547494493955     
           6           4   58.285340029309410     
           6           5   61.407019608160546     
           6           6   51.000000000000000     
           6           1   35.794013661296667     
           6           2   29.766177424588701     
           6           3   23.472977720557147     
           6           4   44.993500058458643     
           6           5   48.861188039139584     
           6           6   41.641325627314025     
           6           1   22.673911870065794     
           6           2   25.111643135825314     
           6           3   17.521300871020546     
           6           4   35.066354710588577     
           6           5   39.774480965001935     
           6           6   38.013155617496423     
           6           1   18.027788133820760     
           6           2   30.873352968053069     
           6           3   25.318200673742172     
           6           4   31.825829413655775     
           6           5   36.804931401572340     
           6           6   41.641325627314025     
           6           1   26.718832506386700     
           6           2   43.055002334211281     
           6           3   39.408458311623043     
           6           4   37.069092287853728     
           6           5   41.294026382923605     
           6           6   51.000000000000000     
           6           1   71.506198236569233     
           6           2   58.453391621606606     
           6           3   61.988555738642830     
           6           4   62.895327826135606     
           6           5   59.923814341532392     
           6           6   48.083261120685229     
           6           1   61.384291571654998     
           6           2   50.826846199403896     
           6           3   54.959952180709564     
           6           4   50.823778367368249     
           6           5   46.983583991406903     
           6           6   38.013155617496423     
           6           1   54.780709353388019     
           6           2   48.248705651932333     
           6           3   52.693563599826255     
           6           4   42.288185498004850     
           6           5   37.443968861710310     
           6           6   34.000000000000000     
           6           1   53.026606366679658     
           6           2   51.483073913624807     
           6           3   55.772994773384617     
           6           4   39.642462308640305     
           6           5   34.273086285828938     
           6           6   38.013155617496423     
           6           1   56.574869405710601     
           6           2   59.590907042137758     
           6           3   63.424303284585164     
           6           4   43.963155062737101     
           6           5   39.054296600950586     
           6           6   48.083261120685229     
           6           1   60.785207186564826     
           6           2   45.459377234759202     
           6           3   49.034959348716491     
           6           4   54.879889845632725     
           6           5   52.153294663143278     
           6           6   38.013155617496423     
           6           1   48.474078415376091     
           6           2   35.115869362456216     
           6           3   39.779926338208966     
           6           4   40.485015680459874     
           6           5   36.558990462809462     
           6           6   24.041630560342615     
           6           1   39.782296863384452     
           6           2   31.268092100255171     
           6           3   36.584940079442319     
           6           4   29.056336311128103     
           6           5   23.046766000871738     
           6           6   17.000000000000000     
           6           1   37.329961280891609     
           6           2   36.059158144623794     
           6           3   40.895881721261837     
           6           4   25.050047205617819     
           6           5   17.428340785573418     
           6           6   24.041630560342618     
           6           1   42.218726588319605     
           6           2   46.913027919842655     
           6           3   50.837864263779714     
           6           4   31.444221252592353     
           6           5   25.580084088548780     
           6           6   38.013155617496423     
           6           1   53.427955596107999     
           6           2   35.976533533337758     
           6           3   39.297244612030106     
           6           4   51.437169017943589     
           6           5   49.265289638881200     
           6           6   34.000000000000000     
           6           1   38.851528987751642     
           6           2   21.468122125242456     
           6           3   26.875429954528766     
           6           4   35.679357361908799     
           6           5   32.305764232439991     
           6           6   17.000000000000000     
           6           1   27.245846843005712     
           6           2   14.333512133921438     
           6           3   21.870163154028717     
           6           4   21.868944348941387     
           6           5   15.435544761398720     
           6           6   0.0000000000000000     
           6           1   23.520863838280732     
           6           2   22.978661244777115     
           6           3   28.501216421880809     
           6           4   16.170495110397667     
           6           5   3.2938854746769648     
           6           6   17.000000000000004     
           6           1   30.694069479385757     
           6           2   37.796668836170859     
           6           3   41.525108532909840     
           6           4   24.954340249617790     
           6           5   19.011662761563819     
           6           6   34.000000000000000     
           6           1   50.914157811415912     
           6           2   33.167257221220588     
           6           3   35.526323055801583     
           6           4   53.458043395659452     
           6           5   52.078511712462188     
           6           6   38.013155617496423     
           6           1   35.314959028040533     
           6           2   16.329000400745837     
           6           3   20.979393008574686     
           6           4   38.535653476624859     
           6           5   36.452229309387995     
           6           6   24.041630560342615     
           6           1   21.909842460834806     
           6           2   3.3474701785835581     
           6           3   14.005364406229695     
           6           4   26.272243414843906     
           6           5   22.877033484771346     
           6           6   17.000000000000000     
           6           1   17.056847955147450     
           6           2   18.269506263319073     
           6           3   23.025323739186355     
           6           4   21.759249969314396     
           6           5   17.203264239745138     
           6           6   24.041630560342618     
           6           1   26.073567605363017     
           6           2   35.133234431438318     
           6           3   37.976056067440595     
           6           4   28.891160316010296     
           6           5   25.427267646006293     
           6           6   38.013155617496423     
           6           1   53.925471644778774     
           6           2   38.520422350771831     
           6           3   39.471075810428957     
           6           4   60.396543368010086     
           6           5   59.793594984473607     
           6           6   48.083261120685229     
           6           1   39.532914863670975     
           6           2   25.502788878685223     
           6           3   27.128972092132109     
           6           4   47.696715148762848     
           6           5   46.817386093271061     
           6           6   38.013155617496423     
           6           1   28.208974159381896     
           6           2   19.873639402478329     
           6           3   22.180992491742472     
           6           4   38.473508043334483     
           6           5   37.235215590158134     
           6           6   34.000000000000000     
           6           1   24.630085030935103     
           6           2   26.786766240229291     
           6           3   28.740419778802625     
           6           4   35.544971604135831     
           6           5   34.044895645084587     
           6           6   38.013155617496423     
           6           1   31.552114891675828     
           6           2   40.225615571643345     
           6           3   41.689651356239978     
           6           4   40.307309405579552     
           6           5   38.854196155934616     
           6           6   48.083261120685229     
           6           1   77.283739103906598     
           6           2   61.312037269916303     
           6           3   67.864434619826753     
           6           4   69.169240640828008     
           6           5   63.034240451112737     
           6           6   51.000000000000000     
           6           1   68.026988727909455     
           6           2   54.090065785655639     
           6           3   61.510948516599811     
           6           4   58.409057825024654     
           6           5   50.891149610593793     
           6           6   41.641325627314025     
           6           1   62.133453637260004     
           6           2   51.674989300487553     
           6           3   59.494639158119490     
           6           4   51.155177853130112     
           6           5   42.243375198094498     
           6           6   38.013155617496423     
           6           1   60.592581446906159     
           6           2   54.707164263142467     
           6           3   62.238471942182983     
           6           4   48.990676728982557     
           6           5   39.460060663487702     
           6           6   41.641325627314025     
           6           1   63.720921147660555     
           6           2   62.397460879617526     
           6           3   69.178339751984154     
           6           4   52.548269158384009     
           6           5   43.677111019449015     
           6           6   51.000000000000000     
           6           1   67.486897664263523     
           6           2   49.080769153415268     
           6           3   56.279904779914020     
           6           4   61.970669658641640     
           6           5   55.699354468709089     
           6           6   41.641325627314025     
           6           1   56.651356752095488     
           6           2   39.692457762146546     
           6           3   48.429773726285795     
           6           4   49.674924087700305     
           6           5   41.460966313751626     
           6           6   29.444863728670914     
           6           1   49.419339203995975     
           6           2   36.332636922039342     
           6           3   45.841665374659932     
           6           4   40.900272227664786     
           6           5   30.225905563095893     
           6           6   24.041630560342615     
           6           1   47.467525244803227     
           6           2   40.529369699240142     
           6           3   49.350517580521370     
           6           4   38.158438823874683     
           6           5   26.195400484595300     
           6           6   29.444863728670917     
           6           1   51.400980714111377     
           6           2   50.430140895367657     
           6           3   57.857487731566792     
           6           4   42.629809273015596     
           6           5   32.199264680850717     
           6           6   41.641325627314025     
           6           1   60.944125088583014     
           6           2   40.455875805549837     
           6           3   48.034090787727415     
           6           4   58.943565764654934     
           6           5   53.004912104569229     
           6           6   38.013155617496423     
           6           1   48.673208732518049     
           6           2   28.341615862597198     
           6           3   38.539449645093434     
           6           4   45.842972528300358     
           6           5   37.763929173912146     
           6           6   24.041630560342615     
           6           1   40.024693800523814     
           6           2   23.405479961153748     
           6           3   35.232151227107117     
           6           4   36.149859134010477     
           6           5   24.914011842563561     
           6           6   17.000000000000000     
           6           1   37.588176057533133     
           6           2   29.502301515660069     
           6           3   39.690298326326534     
           6           4   33.015852262013475     
           6           5   19.831833640148904     
           6           6   24.041630560342618     
           6           1   42.447212450743159     
           6           2   42.082717322314942     
           6           3   49.873190016038194     
           6           4   38.095678045749494     
           6           5   27.274443440145323     
           6           6   38.013155617496423     
           6           1   58.752799161222349     
           6           2   37.979387484493557     
           6           3   45.001334131013159     
           6           4   60.715105140021912     
           6           5   55.629338717940151     
           6           6   41.641325627314025     
           6           1   45.899741554668331     
           6           2   24.677989711608486     
           6           3   34.686241864954802     
           6           4   48.099461299917017     
           6           5   41.366858300268085     
           6           6   29.444863728670914     
           6           1   36.601654884605487     
           6           2   18.803523039983833     
           6           3   30.970157827450542     
           6           4   38.971686677901367     
           6           5   30.096687609662350     
           6           6   24.041630560342615     
           6           1   33.920141594606925     
           6           2   26.002726419053666     
           6           3   35.960617027524002     
           6           4   36.083604970939561     
           6           5   26.046194434365027     
           6           6   29.444863728670917     
           6           1   39.236091437662353     
           6           2   39.707821442797631     
           6           3   46.959357727116561     
           6           4   40.783093713904464     
           6           5   32.077996881848655     
           6           6   41.641325627314025     
           6           1   61.380749716380983     
           6           2   42.733942717710228     
           6           3   48.176407808579299     
           6           4   66.905186938499980     
           6           5   62.910459743809859     
           6           6   51.000000000000000     
           6           1   49.218810441247179     
           6           2   31.508080911243820     
           6           3   38.716683361073081     
           6           4   55.709408760584857     
           6           5   50.737753050530969     
           6           6   41.641325627314025     
           6           1   40.686437135215471     
           6           2   27.153792833017558     
           6           3   35.425935014119901     
           6           4   48.049686883810480     
           6           5   42.058450090984202     
           6           6   38.013155617496423     
           6           1   38.292049204296426     
           6           2   32.556071134695969     
           6           3   39.862415541054453     
           6           4   45.738458596792789     
           6           5   39.262028265169306     
           6           6   41.641325627314025     
           6           1   43.071752898746489     
           6           2   44.277161948755612     
           6           3   50.010273683621776     
           6           4   49.530200685933302     
           6           5   43.498281608979660     
           6           6   51.000000000000000     
           6           1   86.083774740155690     
           6           2   68.407111006870494     
           6           3   77.114083862642431     
           6           4   78.682561214671196     
           6           5   70.240781695956031     
           6           6   58.889727457341834     
           6           1   77.880107466671390     
           6           2   62.016950415311868     
           6           3   71.586292201214775     
           6           4   69.413108448467995     
           6           5   59.584906248966227     
           6           6   51.000000000000007     
           6           1   72.788776638481181     
           6           2   59.922211585723367     
           6           3   69.861380835628751     
           6           4   63.430385539243559     
           6           5   52.392315201155590     
           6           6   48.083261120685236     
           6           1   71.477974719721331     
           6           2   62.555900951334309     
           6           3   72.212380056357446     
           6           4   61.698038824871716     
           6           5   50.175176447884901     
           6           6   51.000000000000007     
           6           1   74.148470891445484     
           6           2   69.381626143685153     
           6           3   78.272876110098721     
           6           4   64.559137076123292     
           6           5   53.555036840763428     
           6           6   58.889727457341834     
           6           1   77.408793428007542     
           6           2   57.699989799041873     
           6           3   67.144829478837011     
           6           4   72.435664464490088     
           6           5   63.740646625533671     
           6           6   51.000000000000007     
           6           1   68.169026437865170     
           6           2   49.958564083833359     
           6           3   60.716088698837915     
           6           4   62.242747943760428     
           6           5   51.763536120326059     
           6           6   41.641325627314032     
           6           1   62.288931849830099     
           6           2   47.333153579995418     
           6           3   58.672469932909813     
           6           4   55.492286461892995     
           6           5   43.290383587113723     
           6           6   38.013155617496430     
           6           1   60.752003230339625     
           6           2   50.626047943093305     
           6           3   61.453022945753119     
           6           4   53.503532985655177     
           6           5   40.578947134673044     
           6           6   41.641325627314032     
           6           1   63.872535271473403     
           6           2   58.852069061718886     
           6           3   68.472544354027860     
           6           4   56.779065042719679     
           6           5   44.690542511785807     
           6           6   51.000000000000007     
           6           1   71.776223963412974     
           6           2   50.567230587731117     
           6           3   60.400946362698249     
           6           4   69.863477822993516     
           6           5   61.400103022905128     
           6           6   48.083261120685236     
           6           1   61.698632010381203     
           6           2   41.516431829116982     
           6           3   53.162859428858823     
           6           4   59.229551059434904     
           6           5   48.852495234762642     
           6           6   38.013155617496430     
           6           1   55.132713133482319     
           6           2   38.316881584109453     
           6           3   50.816384403021601     
           6           4   52.090055710092173     
           6           5   39.763801756140616     
           6           6   34.000000000000007     
           6           1   53.390176277713039     
           6           2   42.317286265066848     
           6           3   54.002964964330523     
           6           4   49.966069377716771     
           6           5   36.793390296910609     
           6           6   38.013155617496430     
           6           1   56.915778027465194     
           6           2   51.877953114483638     
           6           3   61.873544638090380     
           6           4   53.458790429985470     
           6           5   41.283740249400125     
           6           6   48.083261120685236     
           6           1   69.925183967667138     
           6           2   48.608649393045290     
           6           3   58.018277441483917     
           6           4   71.364456003220681     
           6           5   63.679472910864845     
           6           6   51.000000000000007     
           6           1   59.535083928877697     
           6           2   39.107161726785428     
           6           3   50.439427221371723     
           6           4   60.992784538942971     
           6           5   51.688189266453442     
           6           6   41.641325627314032     
           6           1   52.700294913073584     
           6           2   35.692287694036921     
           6           3   47.959890737606017     
           6           4   54.086541311052791     
           6           5   43.200260983978524     
           6           6   38.013155617496430     
           6           1   50.874511785680539     
           6           2   39.956334958837857     
           6           3   51.324130978577323     
           6           4   52.044097995551041     
           6           5   40.482788793794846     
           6           6   41.641325627314032     
           6           1   54.562906950947600     
           6           2   49.970771515474880     
           6           3   59.549825540040111     
           6           4   55.405977307045305     
           6           5   44.603249074054531     
           6           6   51.000000000000007     
           6           1   72.147324131794178     
           6           2   52.407602333242025     
           6           3   60.514186047937976     
           6           4   76.699841119439967     
           6           5   70.129721867320811     
           6           6   58.889727457341834     
           6           1   62.129954489638791     
           6           2   43.739296803082965     
           6           3   53.291481628750994     
           6           4   67.157276693785263     
           6           5   59.453944601068471     
           6           6   51.000000000000007     
           6           1   55.614980988857717     
           6           2   40.714805505333466     
           6           3   50.950930465797754     
           6           4   60.953539668373104     
           6           5   52.243326540966585     
           6           6   48.083261120685236     
           6           1   53.888041121360345     
           6           2   44.500165054144247     
           6           3   54.129590950547659     
           6           4   59.148695533225698     
           6           5   50.019584239627662     
           6           6   51.000000000000007     
           6           1   57.383062321593130     
           6           2   53.673401162540728     
           6           3   61.984094069500308     
           6           4   62.127307751588056     
           6           5   53.409291765987234     
           6           6   58.889727457341834     
   1   6  3.0490
   2   5  3.2386
   3   4  3.2316
   4   3  3.2316
   5   2  3.2386
   6   1  3.0490
