           4
  0.9477286754636022  0.0353567673467429  0.0688206075408757
  0.0450269338125369  0.0677796129587279  0.9542035935664810
  0.9468828484272520  0.9559078271675794  0.9371054174715819
  0.0603614834730851  0.9409557925269498  0.0398704402445994
           1           1  -1.0522713245363979       -1.9646432326532570       -1.9311793924591243     
           2           2  -1.9549730661874631       -1.9322203870412722       -1.0457964064335190     
           3           3  -1.0531171515727480       -1.0440921728324206       -1.0628945825284180     
           4           4  -1.9396385165269150       -1.0590442074730502       -1.9601295597554005     
           5           1  -1.0522713245363979       -1.9646432326532570      -0.93117939245912429     
           6           2  -1.9549730661874631       -1.9322203870412722       -4.5796406433519010E-002
           7           3  -1.0531171515727480       -1.0440921728324206       -6.2894582528418064E-002
           8           4  -1.9396385165269150       -1.0590442074730502      -0.96012955975540060     
           9           1  -1.0522713245363979       -1.9646432326532570        6.8820607540875697E-002
          10           2  -1.9549730661874631       -1.9322203870412722       0.95420359356648099     
          11           3  -1.0531171515727480       -1.0440921728324206       0.93710541747158194     
          12           4  -1.9396385165269150       -1.0590442074730502        3.9870440244599403E-002
          13           1  -1.0522713245363979       -1.9646432326532570        1.0688206075408757     
          14           2  -1.9549730661874631       -1.9322203870412722        1.9542035935664810     
          15           3  -1.0531171515727480       -1.0440921728324206        1.9371054174715820     
          16           4  -1.9396385165269150       -1.0590442074730502        1.0398704402445995     
          17           1  -1.0522713245363979       -1.9646432326532570        2.0688206075408755     
          18           2  -1.9549730661874631       -1.9322203870412722        2.9542035935664810     
          19           3  -1.0531171515727480       -1.0440921728324206        2.9371054174715820     
          20           4  -1.9396385165269150       -1.0590442074730502        2.0398704402445995     
          21           1  -1.0522713245363979      -0.96464323265325713       -1.9311793924591243     
          22           2  -1.9549730661874631      -0.93222038704127208       -1.0457964064335190     
          23           3  -1.0531171515727480       -4.4092172832420617E-002  -1.0628945825284180     
          24           4  -1.9396385165269150       -5.9044207473050170E-002  -1.9601295597554005     
          25           1  -1.0522713245363979      -0.96464323265325713      -0.93117939245912429     
          26           2  -1.9549730661874631      -0.93222038704127208       -4.5796406433519010E-002
          27           3  -1.0531171515727480       -4.4092172832420617E-002  -6.2894582528418064E-002
          28           4  -1.9396385165269150       -5.9044207473050170E-002 -0.96012955975540060     
          29           1  -1.0522713245363979      -0.96464323265325713        6.8820607540875697E-002
          30           2  -1.9549730661874631      -0.93222038704127208       0.95420359356648099     
          31           3  -1.0531171515727480       -4.4092172832420617E-002  0.93710541747158194     
          32           4  -1.9396385165269150       -5.9044207473050170E-002   3.9870440244599403E-002
          33           1  -1.0522713245363979      -0.96464323265325713        1.0688206075408757     
          34           2  -1.9549730661874631      -0.93222038704127208        1.9542035935664810     
          35           3  -1.0531171515727480       -4.4092172832420617E-002   1.9371054174715820     
          36           4  -1.9396385165269150       -5.9044207473050170E-002   1.0398704402445995     
          37           1  -1.0522713245363979      -0.96464323265325713        2.0688206075408755     
          38           2  -1.9549730661874631      -0.93222038704127208        2.9542035935664810     
          39           3  -1.0531171515727480       -4.4092172832420617E-002   2.9371054174715820     
          40           4  -1.9396385165269150       -5.9044207473050170E-002   2.0398704402445995     
          41           1  -1.0522713245363979        3.5356767346742903E-002  -1.9311793924591243     
          42           2  -1.9549730661874631        6.7779612958727906E-002  -1.0457964064335190     
          43           3  -1.0531171515727480       0.95590782716757938       -1.0628945825284180     
          44           4  -1.9396385165269150       0.94095579252694983       -1.9601295597554005     
          45           1  -1.0522713245363979        3.5356767346742903E-002 -0.93117939245912429     
          46           2  -1.9549730661874631        6.7779612958727906E-002  -4.5796406433519010E-002
          47           3  -1.0531171515727480       0.95590782716757938       -6.2894582528418064E-002
          48           4  -1.9396385165269150       0.94095579252694983      -0.96012955975540060     
          49           1  -1.0522713245363979        3.5356767346742903E-002   6.8820607540875697E-002
          50           2  -1.9549730661874631        6.7779612958727906E-002  0.95420359356648099     
          51           3  -1.0531171515727480       0.95590782716757938       0.93710541747158194     
          52           4  -1.9396385165269150       0.94095579252694983        3.9870440244599403E-002
          53           1  -1.0522713245363979        3.5356767346742903E-002   1.0688206075408757     
          54           2  -1.9549730661874631        6.7779612958727906E-002   1.9542035935664810     
          55           3  -1.0531171515727480       0.95590782716757938        1.9371054174715820     
          56           4  -1.9396385165269150       0.94095579252694983        1.0398704402445995     
          57           1  -1.0522713245363979        3.5356767346742903E-002   2.0688206075408755     
          58           2  -1.9549730661874631        6.7779612958727906E-002   2.9542035935664810     
          59           3  -1.0531171515727480       0.95590782716757938        2.9371054174715820     
          60           4  -1.9396385165269150       0.94095579252694983        2.0398704402445995     
          61           1  -1.0522713245363979        1.0353567673467430       -1.9311793924591243     
          62           2  -1.9549730661874631        1.0677796129587278       -1.0457964064335190     
          63           3  -1.0531171515727480        1.9559078271675794       -1.0628945825284180     
          64           4  -1.9396385165269150        1.9409557925269498       -1.9601295597554005     
          65           1  -1.0522713245363979        1.0353567673467430      -0.93117939245912429     
          66           2  -1.9549730661874631        1.0677796129587278       -4.5796406433519010E-002
          67           3  -1.0531171515727480        1.9559078271675794       -6.2894582528418064E-002
          68           4  -1.9396385165269150        1.9409557925269498      -0.96012955975540060     
          69           1  -1.0522713245363979        1.0353567673467430        6.8820607540875697E-002
          70           2  -1.9549730661874631        1.0677796129587278       0.95420359356648099     
          71           3  -1.0531171515727480        1.9559078271675794       0.93710541747158194     
          72           4  -1.9396385165269150        1.9409557925269498        3.9870440244599403E-002
          73           1  -1.0522713245363979        1.0353567673467430        1.0688206075408757     
          74           2  -1.9549730661874631        1.0677796129587278        1.9542035935664810     
          75           3  -1.0531171515727480        1.9559078271675794        1.9371054174715820     
          76           4  -1.9396385165269150        1.9409557925269498        1.0398704402445995     
          77           1  -1.0522713245363979        1.0353567673467430        2.0688206075408755     
          78           2  -1.9549730661874631        1.0677796129587278        2.9542035935664810     
          79           3  -1.0531171515727480        1.9559078271675794        2.9371054174715820     
          80           4  -1.9396385165269150        1.9409557925269498        2.0398704402445995     
          81           1  -1.0522713245363979        2.0353567673467428       -1.9311793924591243     
          82           2  -1.9549730661874631        2.0677796129587280       -1.0457964064335190     
          83           3  -1.0531171515727480        2.9559078271675796       -1.0628945825284180     
          84           4  -1.9396385165269150        2.9409557925269496       -1.9601295597554005     
          85           1  -1.0522713245363979        2.0353567673467428      -0.93117939245912429     
          86           2  -1.9549730661874631        2.0677796129587280       -4.5796406433519010E-002
          87           3  -1.0531171515727480        2.9559078271675796       -6.2894582528418064E-002
          88           4  -1.9396385165269150        2.9409557925269496      -0.96012955975540060     
          89           1  -1.0522713245363979        2.0353567673467428        6.8820607540875697E-002
          90           2  -1.9549730661874631        2.0677796129587280       0.95420359356648099     
          91           3  -1.0531171515727480        2.9559078271675796       0.93710541747158194     
          92           4  -1.9396385165269150        2.9409557925269496        3.9870440244599403E-002
          93           1  -1.0522713245363979        2.0353567673467428        1.0688206075408757     
          94           2  -1.9549730661874631        2.0677796129587280        1.9542035935664810     
          95           3  -1.0531171515727480        2.9559078271675796        1.9371054174715820     
          96           4  -1.9396385165269150        2.9409557925269496        1.0398704402445995     
          97           1  -1.0522713245363979        2.0353567673467428        2.0688206075408755     
          98           2  -1.9549730661874631        2.0677796129587280        2.9542035935664810     
          99           3  -1.0531171515727480        2.9559078271675796        2.9371054174715820     
         100           4  -1.9396385165269150        2.9409557925269496        2.0398704402445995     
         101           1  -5.2271324536397823E-002  -1.9646432326532570       -1.9311793924591243     
         102           2 -0.95497306618746314       -1.9322203870412722       -1.0457964064335190     
         103           3  -5.3117151572747989E-002  -1.0440921728324206       -1.0628945825284180     
         104           4 -0.93963851652691488       -1.0590442074730502       -1.9601295597554005     
         105           1  -5.2271324536397823E-002  -1.9646432326532570      -0.93117939245912429     
         106           2 -0.95497306618746314       -1.9322203870412722       -4.5796406433519010E-002
         107           3  -5.3117151572747989E-002  -1.0440921728324206       -6.2894582528418064E-002
         108           4 -0.93963851652691488       -1.0590442074730502      -0.96012955975540060     
         109           1  -5.2271324536397823E-002  -1.9646432326532570        6.8820607540875697E-002
         110           2 -0.95497306618746314       -1.9322203870412722       0.95420359356648099     
         111           3  -5.3117151572747989E-002  -1.0440921728324206       0.93710541747158194     
         112           4 -0.93963851652691488       -1.0590442074730502        3.9870440244599403E-002
         113           1  -5.2271324536397823E-002  -1.9646432326532570        1.0688206075408757     
         114           2 -0.95497306618746314       -1.9322203870412722        1.9542035935664810     
         115           3  -5.3117151572747989E-002  -1.0440921728324206        1.9371054174715820     
         116           4 -0.93963851652691488       -1.0590442074730502        1.0398704402445995     
         117           1  -5.2271324536397823E-002  -1.9646432326532570        2.0688206075408755     
         118           2 -0.95497306618746314       -1.9322203870412722        2.9542035935664810     
         119           3  -5.3117151572747989E-002  -1.0440921728324206        2.9371054174715820     
         120           4 -0.93963851652691488       -1.0590442074730502        2.0398704402445995     
         121           1  -5.2271324536397823E-002 -0.96464323265325713       -1.9311793924591243     
         122           2 -0.95497306618746314      -0.93222038704127208       -1.0457964064335190     
         123           3  -5.3117151572747989E-002  -4.4092172832420617E-002  -1.0628945825284180     
         124           4 -0.93963851652691488       -5.9044207473050170E-002  -1.9601295597554005     
         125           1  -5.2271324536397823E-002 -0.96464323265325713      -0.93117939245912429     
         126           2 -0.95497306618746314      -0.93222038704127208       -4.5796406433519010E-002
         127           3  -5.3117151572747989E-002  -4.4092172832420617E-002  -6.2894582528418064E-002
         128           4 -0.93963851652691488       -5.9044207473050170E-002 -0.96012955975540060     
         129           1  -5.2271324536397823E-002 -0.96464323265325713        6.8820607540875697E-002
         130           2 -0.95497306618746314      -0.93222038704127208       0.95420359356648099     
         131           3  -5.3117151572747989E-002  -4.4092172832420617E-002  0.93710541747158194     
         132           4 -0.93963851652691488       -5.9044207473050170E-002   3.9870440244599403E-002
         133           1  -5.2271324536397823E-002 -0.96464323265325713        1.0688206075408757     
         134           2 -0.95497306618746314      -0.93222038704127208        1.9542035935664810     
         135           3  -5.3117151572747989E-002  -4.4092172832420617E-002   1.9371054174715820     
         136           4 -0.93963851652691488       -5.9044207473050170E-002   1.0398704402445995     
         137           1  -5.2271324536397823E-002 -0.96464323265325713        2.0688206075408755     
         138           2 -0.95497306618746314      -0.93222038704127208        2.9542035935664810     
         139           3  -5.3117151572747989E-002  -4.4092172832420617E-002   2.9371054174715820     
         140           4 -0.93963851652691488       -5.9044207473050170E-002   2.0398704402445995     
         141           1  -5.2271324536397823E-002   3.5356767346742903E-002  -1.9311793924591243     
         142           2 -0.95497306618746314        6.7779612958727906E-002  -1.0457964064335190     
         143           3  -5.3117151572747989E-002  0.95590782716757938       -1.0628945825284180     
         144           4 -0.93963851652691488       0.94095579252694983       -1.9601295597554005     
         145           1  -5.2271324536397823E-002   3.5356767346742903E-002 -0.93117939245912429     
         146           2 -0.95497306618746314        6.7779612958727906E-002  -4.5796406433519010E-002
         147           3  -5.3117151572747989E-002  0.95590782716757938       -6.2894582528418064E-002
         148           4 -0.93963851652691488       0.94095579252694983      -0.96012955975540060     
         149           1  -5.2271324536397823E-002   3.5356767346742903E-002   6.8820607540875697E-002
         150           2 -0.95497306618746314        6.7779612958727906E-002  0.95420359356648099     
         151           3  -5.3117151572747989E-002  0.95590782716757938       0.93710541747158194     
         152           4 -0.93963851652691488       0.94095579252694983        3.9870440244599403E-002
         153           1  -5.2271324536397823E-002   3.5356767346742903E-002   1.0688206075408757     
         154           2 -0.95497306618746314        6.7779612958727906E-002   1.9542035935664810     
         155           3  -5.3117151572747989E-002  0.95590782716757938        1.9371054174715820     
         156           4 -0.93963851652691488       0.94095579252694983        1.0398704402445995     
         157           1  -5.2271324536397823E-002   3.5356767346742903E-002   2.0688206075408755     
         158           2 -0.95497306618746314        6.7779612958727906E-002   2.9542035935664810     
         159           3  -5.3117151572747989E-002  0.95590782716757938        2.9371054174715820     
         160           4 -0.93963851652691488       0.94095579252694983        2.0398704402445995     
         161           1  -5.2271324536397823E-002   1.0353567673467430       -1.9311793924591243     
         162           2 -0.95497306618746314        1.0677796129587278       -1.0457964064335190     
         163           3  -5.3117151572747989E-002   1.9559078271675794       -1.0628945825284180     
         164           4 -0.93963851652691488        1.9409557925269498       -1.9601295597554005     
         165           1  -5.2271324536397823E-002   1.0353567673467430      -0.93117939245912429     
         166           2 -0.95497306618746314        1.0677796129587278       -4.5796406433519010E-002
         167           3  -5.3117151572747989E-002   1.9559078271675794       -6.2894582528418064E-002
         168           4 -0.93963851652691488        1.9409557925269498      -0.96012955975540060     
         169           1  -5.2271324536397823E-002   1.0353567673467430        6.8820607540875697E-002
         170           2 -0.95497306618746314        1.0677796129587278       0.95420359356648099     
         171           3  -5.3117151572747989E-002   1.9559078271675794       0.93710541747158194     
         172           4 -0.93963851652691488        1.9409557925269498        3.9870440244599403E-002
         173           1  -5.2271324536397823E-002   1.0353567673467430        1.0688206075408757     
         174           2 -0.95497306618746314        1.0677796129587278        1.9542035935664810     
         175           3  -5.3117151572747989E-002   1.9559078271675794        1.9371054174715820     
         176           4 -0.93963851652691488        1.9409557925269498        1.0398704402445995     
         177           1  -5.2271324536397823E-002   1.0353567673467430        2.0688206075408755     
         178           2 -0.95497306618746314        1.0677796129587278        2.9542035935664810     
         179           3  -5.3117151572747989E-002   1.9559078271675794        2.9371054174715820     
         180           4 -0.93963851652691488        1.9409557925269498        2.0398704402445995     
         181           1  -5.2271324536397823E-002   2.0353567673467428       -1.9311793924591243     
         182           2 -0.95497306618746314        2.0677796129587280       -1.0457964064335190     
         183           3  -5.3117151572747989E-002   2.9559078271675796       -1.0628945825284180     
         184           4 -0.93963851652691488        2.9409557925269496       -1.9601295597554005     
         185           1  -5.2271324536397823E-002   2.0353567673467428      -0.93117939245912429     
         186           2 -0.95497306618746314        2.0677796129587280       -4.5796406433519010E-002
         187           3  -5.3117151572747989E-002   2.9559078271675796       -6.2894582528418064E-002
         188           4 -0.93963851652691488        2.9409557925269496      -0.96012955975540060     
         189           1  -5.2271324536397823E-002   2.0353567673467428        6.8820607540875697E-002
         190           2 -0.95497306618746314        2.0677796129587280       0.95420359356648099     
         191           3  -5.3117151572747989E-002   2.9559078271675796       0.93710541747158194     
         192           4 -0.93963851652691488        2.9409557925269496        3.9870440244599403E-002
         193           1  -5.2271324536397823E-002   2.0353567673467428        1.0688206075408757     
         194           2 -0.95497306618746314        2.0677796129587280        1.9542035935664810     
         195           3  -5.3117151572747989E-002   2.9559078271675796        1.9371054174715820     
         196           4 -0.93963851652691488        2.9409557925269496        1.0398704402445995     
         197           1  -5.2271324536397823E-002   2.0353567673467428        2.0688206075408755     
         198           2 -0.95497306618746314        2.0677796129587280        2.9542035935664810     
         199           3  -5.3117151572747989E-002   2.9559078271675796        2.9371054174715820     
         200           4 -0.93963851652691488        2.9409557925269496        2.0398704402445995     
         201           1  0.94772867546360218       -1.9646432326532570       -1.9311793924591243     
         202           2   4.5026933812536897E-002  -1.9322203870412722       -1.0457964064335190     
         203           3  0.94688284842725201       -1.0440921728324206       -1.0628945825284180     
         204           4   6.0361483473085099E-002  -1.0590442074730502       -1.9601295597554005     
         205           1  0.94772867546360218       -1.9646432326532570      -0.93117939245912429     
         206           2   4.5026933812536897E-002  -1.9322203870412722       -4.5796406433519010E-002
         207           3  0.94688284842725201       -1.0440921728324206       -6.2894582528418064E-002
         208           4   6.0361483473085099E-002  -1.0590442074730502      -0.96012955975540060     
         209           1  0.94772867546360218       -1.9646432326532570        6.8820607540875697E-002
         210           2   4.5026933812536897E-002  -1.9322203870412722       0.95420359356648099     
         211           3  0.94688284842725201       -1.0440921728324206       0.93710541747158194     
         212           4   6.0361483473085099E-002  -1.0590442074730502        3.9870440244599403E-002
         213           1  0.94772867546360218       -1.9646432326532570        1.0688206075408757     
         214           2   4.5026933812536897E-002  -1.9322203870412722        1.9542035935664810     
         215           3  0.94688284842725201       -1.0440921728324206        1.9371054174715820     
         216           4   6.0361483473085099E-002  -1.0590442074730502        1.0398704402445995     
         217           1  0.94772867546360218       -1.9646432326532570        2.0688206075408755     
         218           2   4.5026933812536897E-002  -1.9322203870412722        2.9542035935664810     
         219           3  0.94688284842725201       -1.0440921728324206        2.9371054174715820     
         220           4   6.0361483473085099E-002  -1.0590442074730502        2.0398704402445995     
         221           1  0.94772867546360218      -0.96464323265325713       -1.9311793924591243     
         222           2   4.5026933812536897E-002 -0.93222038704127208       -1.0457964064335190     
         223           3  0.94688284842725201       -4.4092172832420617E-002  -1.0628945825284180     
         224           4   6.0361483473085099E-002  -5.9044207473050170E-002  -1.9601295597554005     
         225           1  0.94772867546360218      -0.96464323265325713      -0.93117939245912429     
         226           2   4.5026933812536897E-002 -0.93222038704127208       -4.5796406433519010E-002
         227           3  0.94688284842725201       -4.4092172832420617E-002  -6.2894582528418064E-002
         228           4   6.0361483473085099E-002  -5.9044207473050170E-002 -0.96012955975540060     
         229           1  0.94772867546360218      -0.96464323265325713        6.8820607540875697E-002
         230           2   4.5026933812536897E-002 -0.93222038704127208       0.95420359356648099     
         231           3  0.94688284842725201       -4.4092172832420617E-002  0.93710541747158194     
         232           4   6.0361483473085099E-002  -5.9044207473050170E-002   3.9870440244599403E-002
         233           1  0.94772867546360218      -0.96464323265325713        1.0688206075408757     
         234           2   4.5026933812536897E-002 -0.93222038704127208        1.9542035935664810     
         235           3  0.94688284842725201       -4.4092172832420617E-002   1.9371054174715820     
         236           4   6.0361483473085099E-002  -5.9044207473050170E-002   1.0398704402445995     
         237           1  0.94772867546360218      -0.96464323265325713        2.0688206075408755     
         238           2   4.5026933812536897E-002 -0.93222038704127208        2.9542035935664810     
         239           3  0.94688284842725201       -4.4092172832420617E-002   2.9371054174715820     
         240           4   6.0361483473085099E-002  -5.9044207473050170E-002   2.0398704402445995     
         241           1  0.94772867546360218        3.5356767346742903E-002  -1.9311793924591243     
         242           2   4.5026933812536897E-002   6.7779612958727906E-002  -1.0457964064335190     
         243           3  0.94688284842725201       0.95590782716757938       -1.0628945825284180     
         244           4   6.0361483473085099E-002  0.94095579252694983       -1.9601295597554005     
         245           1  0.94772867546360218        3.5356767346742903E-002 -0.93117939245912429     
         246           2   4.5026933812536897E-002   6.7779612958727906E-002  -4.5796406433519010E-002
         247           3  0.94688284842725201       0.95590782716757938       -6.2894582528418064E-002
         248           4   6.0361483473085099E-002  0.94095579252694983      -0.96012955975540060     
         249           1  0.94772867546360218        3.5356767346742903E-002   6.8820607540875697E-002
         250           2   4.5026933812536897E-002   6.7779612958727906E-002  0.95420359356648099     
         251           3  0.94688284842725201       0.95590782716757938       0.93710541747158194     
         252           4   6.0361483473085099E-002  0.94095579252694983        3.9870440244599403E-002
         253           1  0.94772867546360218        3.5356767346742903E-002   1.0688206075408757     
         254           2   4.5026933812536897E-002   6.7779612958727906E-002   1.9542035935664810     
         255           3  0.94688284842725201       0.95590782716757938        1.9371054174715820     
         256           4   6.0361483473085099E-002  0.94095579252694983        1.0398704402445995     
         257           1  0.94772867546360218        3.5356767346742903E-002   2.0688206075408755     
         258           2   4.5026933812536897E-002   6.7779612958727906E-002   2.9542035935664810     
         259           3  0.94688284842725201       0.95590782716757938        2.9371054174715820     
         260           4   6.0361483473085099E-002  0.94095579252694983        2.0398704402445995     
         261           1  0.94772867546360218        1.0353567673467430       -1.9311793924591243     
         262           2   4.5026933812536897E-002   1.0677796129587278       -1.0457964064335190     
         263           3  0.94688284842725201        1.9559078271675794       -1.0628945825284180     
         264           4   6.0361483473085099E-002   1.9409557925269498       -1.9601295597554005     
         265           1  0.94772867546360218        1.0353567673467430      -0.93117939245912429     
         266           2   4.5026933812536897E-002   1.0677796129587278       -4.5796406433519010E-002
         267           3  0.94688284842725201        1.9559078271675794       -6.2894582528418064E-002
         268           4   6.0361483473085099E-002   1.9409557925269498      -0.96012955975540060     
         269           1  0.94772867546360218        1.0353567673467430        6.8820607540875697E-002
         270           2   4.5026933812536897E-002   1.0677796129587278       0.95420359356648099     
         271           3  0.94688284842725201        1.9559078271675794       0.93710541747158194     
         272           4   6.0361483473085099E-002   1.9409557925269498        3.9870440244599403E-002
         273           1  0.94772867546360218        1.0353567673467430        1.0688206075408757     
         274           2   4.5026933812536897E-002   1.0677796129587278        1.9542035935664810     
         275           3  0.94688284842725201        1.9559078271675794        1.9371054174715820     
         276           4   6.0361483473085099E-002   1.9409557925269498        1.0398704402445995     
         277           1  0.94772867546360218        1.0353567673467430        2.0688206075408755     
         278           2   4.5026933812536897E-002   1.0677796129587278        2.9542035935664810     
         279           3  0.94688284842725201        1.9559078271675794        2.9371054174715820     
         280           4   6.0361483473085099E-002   1.9409557925269498        2.0398704402445995     
         281           1  0.94772867546360218        2.0353567673467428       -1.9311793924591243     
         282           2   4.5026933812536897E-002   2.0677796129587280       -1.0457964064335190     
         283           3  0.94688284842725201        2.9559078271675796       -1.0628945825284180     
         284           4   6.0361483473085099E-002   2.9409557925269496       -1.9601295597554005     
         285           1  0.94772867546360218        2.0353567673467428      -0.93117939245912429     
         286           2   4.5026933812536897E-002   2.0677796129587280       -4.5796406433519010E-002
         287           3  0.94688284842725201        2.9559078271675796       -6.2894582528418064E-002
         288           4   6.0361483473085099E-002   2.9409557925269496      -0.96012955975540060     
         289           1  0.94772867546360218        2.0353567673467428        6.8820607540875697E-002
         290           2   4.5026933812536897E-002   2.0677796129587280       0.95420359356648099     
         291           3  0.94688284842725201        2.9559078271675796       0.93710541747158194     
         292           4   6.0361483473085099E-002   2.9409557925269496        3.9870440244599403E-002
         293           1  0.94772867546360218        2.0353567673467428        1.0688206075408757     
         294           2   4.5026933812536897E-002   2.0677796129587280        1.9542035935664810     
         295           3  0.94688284842725201        2.9559078271675796        1.9371054174715820     
         296           4   6.0361483473085099E-002   2.9409557925269496        1.0398704402445995     
         297           1  0.94772867546360218        2.0353567673467428        2.0688206075408755     
         298           2   4.5026933812536897E-002   2.0677796129587280        2.9542035935664810     
         299           3  0.94688284842725201        2.9559078271675796        2.9371054174715820     
         300           4   6.0361483473085099E-002   2.9409557925269496        2.0398704402445995     
         301           1   1.9477286754636021       -1.9646432326532570       -1.9311793924591243     
         302           2   1.0450269338125369       -1.9322203870412722       -1.0457964064335190     
         303           3   1.9468828484272520       -1.0440921728324206       -1.0628945825284180     
         304           4   1.0603614834730850       -1.0590442074730502       -1.9601295597554005     
         305           1   1.9477286754636021       -1.9646432326532570      -0.93117939245912429     
         306           2   1.0450269338125369       -1.9322203870412722       -4.5796406433519010E-002
         307           3   1.9468828484272520       -1.0440921728324206       -6.2894582528418064E-002
         308           4   1.0603614834730850       -1.0590442074730502      -0.96012955975540060     
         309           1   1.9477286754636021       -1.9646432326532570        6.8820607540875697E-002
         310           2   1.0450269338125369       -1.9322203870412722       0.95420359356648099     
         311           3   1.9468828484272520       -1.0440921728324206       0.93710541747158194     
         312           4   1.0603614834730850       -1.0590442074730502        3.9870440244599403E-002
         313           1   1.9477286754636021       -1.9646432326532570        1.0688206075408757     
         314           2   1.0450269338125369       -1.9322203870412722        1.9542035935664810     
         315           3   1.9468828484272520       -1.0440921728324206        1.9371054174715820     
         316           4   1.0603614834730850       -1.0590442074730502        1.0398704402445995     
         317           1   1.9477286754636021       -1.9646432326532570        2.0688206075408755     
         318           2   1.0450269338125369       -1.9322203870412722        2.9542035935664810     
         319           3   1.9468828484272520       -1.0440921728324206        2.9371054174715820     
         320           4   1.0603614834730850       -1.0590442074730502        2.0398704402445995     
         321           1   1.9477286754636021      -0.96464323265325713       -1.9311793924591243     
         322           2   1.0450269338125369      -0.93222038704127208       -1.0457964064335190     
         323           3   1.9468828484272520       -4.4092172832420617E-002  -1.0628945825284180     
         324           4   1.0603614834730850       -5.9044207473050170E-002  -1.9601295597554005     
         325           1   1.9477286754636021      -0.96464323265325713      -0.93117939245912429     
         326           2   1.0450269338125369      -0.93222038704127208       -4.5796406433519010E-002
         327           3   1.9468828484272520       -4.4092172832420617E-002  -6.2894582528418064E-002
         328           4   1.0603614834730850       -5.9044207473050170E-002 -0.96012955975540060     
         329           1   1.9477286754636021      -0.96464323265325713        6.8820607540875697E-002
         330           2   1.0450269338125369      -0.93222038704127208       0.95420359356648099     
         331           3   1.9468828484272520       -4.4092172832420617E-002  0.93710541747158194     
         332           4   1.0603614834730850       -5.9044207473050170E-002   3.9870440244599403E-002
         333           1   1.9477286754636021      -0.96464323265325713        1.0688206075408757     
         334           2   1.0450269338125369      -0.93222038704127208        1.9542035935664810     
         335           3   1.9468828484272520       -4.4092172832420617E-002   1.9371054174715820     
         336           4   1.0603614834730850       -5.9044207473050170E-002   1.0398704402445995     
         337           1   1.9477286754636021      -0.96464323265325713        2.0688206075408755     
         338           2   1.0450269338125369      -0.93222038704127208        2.9542035935664810     
         339           3   1.9468828484272520       -4.4092172832420617E-002   2.9371054174715820     
         340           4   1.0603614834730850       -5.9044207473050170E-002   2.0398704402445995     
         341           1   1.9477286754636021        3.5356767346742903E-002  -1.9311793924591243     
         342           2   1.0450269338125369        6.7779612958727906E-002  -1.0457964064335190     
         343           3   1.9468828484272520       0.95590782716757938       -1.0628945825284180     
         344           4   1.0603614834730850       0.94095579252694983       -1.9601295597554005     
         345           1   1.9477286754636021        3.5356767346742903E-002 -0.93117939245912429     
         346           2   1.0450269338125369        6.7779612958727906E-002  -4.5796406433519010E-002
         347           3   1.9468828484272520       0.95590782716757938       -6.2894582528418064E-002
         348           4   1.0603614834730850       0.94095579252694983      -0.96012955975540060     
         349           1   1.9477286754636021        3.5356767346742903E-002   6.8820607540875697E-002
         350           2   1.0450269338125369        6.7779612958727906E-002  0.95420359356648099     
         351           3   1.9468828484272520       0.95590782716757938       0.93710541747158194     
         352           4   1.0603614834730850       0.94095579252694983        3.9870440244599403E-002
         353           1   1.9477286754636021        3.5356767346742903E-002   1.0688206075408757     
         354           2   1.0450269338125369        6.7779612958727906E-002   1.9542035935664810     
         355           3   1.9468828484272520       0.95590782716757938        1.9371054174715820     
         356           4   1.0603614834730850       0.94095579252694983        1.0398704402445995     
         357           1   1.9477286754636021        3.5356767346742903E-002   2.0688206075408755     
         358           2   1.0450269338125369        6.7779612958727906E-002   2.9542035935664810     
         359           3   1.9468828484272520       0.95590782716757938        2.9371054174715820     
         360           4   1.0603614834730850       0.94095579252694983        2.0398704402445995     
         361           1   1.9477286754636021        1.0353567673467430       -1.9311793924591243     
         362           2   1.0450269338125369        1.0677796129587278       -1.0457964064335190     
         363           3   1.9468828484272520        1.9559078271675794       -1.0628945825284180     
         364           4   1.0603614834730850        1.9409557925269498       -1.9601295597554005     
         365           1   1.9477286754636021        1.0353567673467430      -0.93117939245912429     
         366           2   1.0450269338125369        1.0677796129587278       -4.5796406433519010E-002
         367           3   1.9468828484272520        1.9559078271675794       -6.2894582528418064E-002
         368           4   1.0603614834730850        1.9409557925269498      -0.96012955975540060     
         369           1   1.9477286754636021        1.0353567673467430        6.8820607540875697E-002
         370           2   1.0450269338125369        1.0677796129587278       0.95420359356648099     
         371           3   1.9468828484272520        1.9559078271675794       0.93710541747158194     
         372           4   1.0603614834730850        1.9409557925269498        3.9870440244599403E-002
         373           1   1.9477286754636021        1.0353567673467430        1.0688206075408757     
         374           2   1.0450269338125369        1.0677796129587278        1.9542035935664810     
         375           3   1.9468828484272520        1.9559078271675794        1.9371054174715820     
         376           4   1.0603614834730850        1.9409557925269498        1.0398704402445995     
         377           1   1.9477286754636021        1.0353567673467430        2.0688206075408755     
         378           2   1.0450269338125369        1.0677796129587278        2.9542035935664810     
         379           3   1.9468828484272520        1.9559078271675794        2.9371054174715820     
         380           4   1.0603614834730850        1.9409557925269498        2.0398704402445995     
         381           1   1.9477286754636021        2.0353567673467428       -1.9311793924591243     
         382           2   1.0450269338125369        2.0677796129587280       -1.0457964064335190     
         383           3   1.9468828484272520        2.9559078271675796       -1.0628945825284180     
         384           4   1.0603614834730850        2.9409557925269496       -1.9601295597554005     
         385           1   1.9477286754636021        2.0353567673467428      -0.93117939245912429     
         386           2   1.0450269338125369        2.0677796129587280       -4.5796406433519010E-002
         387           3   1.9468828484272520        2.9559078271675796       -6.2894582528418064E-002
         388           4   1.0603614834730850        2.9409557925269496      -0.96012955975540060     
         389           1   1.9477286754636021        2.0353567673467428        6.8820607540875697E-002
         390           2   1.0450269338125369        2.0677796129587280       0.95420359356648099     
         391           3   1.9468828484272520        2.9559078271675796       0.93710541747158194     
         392           4   1.0603614834730850        2.9409557925269496        3.9870440244599403E-002
         393           1   1.9477286754636021        2.0353567673467428        1.0688206075408757     
         394           2   1.0450269338125369        2.0677796129587280        1.9542035935664810     
         395           3   1.9468828484272520        2.9559078271675796        1.9371054174715820     
         396           4   1.0603614834730850        2.9409557925269496        1.0398704402445995     
         397           1   1.9477286754636021        2.0353567673467428        2.0688206075408755     
         398           2   1.0450269338125369        2.0677796129587280        2.9542035935664810     
         399           3   1.9468828484272520        2.9559078271675796        2.9371054174715820     
         400           4   1.0603614834730850        2.9409557925269496        2.0398704402445995     
         401           1   2.9477286754636021       -1.9646432326532570       -1.9311793924591243     
         402           2   2.0450269338125371       -1.9322203870412722       -1.0457964064335190     
         403           3   2.9468828484272520       -1.0440921728324206       -1.0628945825284180     
         404           4   2.0603614834730850       -1.0590442074730502       -1.9601295597554005     
         405           1   2.9477286754636021       -1.9646432326532570      -0.93117939245912429     
         406           2   2.0450269338125371       -1.9322203870412722       -4.5796406433519010E-002
         407           3   2.9468828484272520       -1.0440921728324206       -6.2894582528418064E-002
         408           4   2.0603614834730850       -1.0590442074730502      -0.96012955975540060     
         409           1   2.9477286754636021       -1.9646432326532570        6.8820607540875697E-002
         410           2   2.0450269338125371       -1.9322203870412722       0.95420359356648099     
         411           3   2.9468828484272520       -1.0440921728324206       0.93710541747158194     
         412           4   2.0603614834730850       -1.0590442074730502        3.9870440244599403E-002
         413           1   2.9477286754636021       -1.9646432326532570        1.0688206075408757     
         414           2   2.0450269338125371       -1.9322203870412722        1.9542035935664810     
         415           3   2.9468828484272520       -1.0440921728324206        1.9371054174715820     
         416           4   2.0603614834730850       -1.0590442074730502        1.0398704402445995     
         417           1   2.9477286754636021       -1.9646432326532570        2.0688206075408755     
         418           2   2.0450269338125371       -1.9322203870412722        2.9542035935664810     
         419           3   2.9468828484272520       -1.0440921728324206        2.9371054174715820     
         420           4   2.0603614834730850       -1.0590442074730502        2.0398704402445995     
         421           1   2.9477286754636021      -0.96464323265325713       -1.9311793924591243     
         422           2   2.0450269338125371      -0.93222038704127208       -1.0457964064335190     
         423           3   2.9468828484272520       -4.4092172832420617E-002  -1.0628945825284180     
         424           4   2.0603614834730850       -5.9044207473050170E-002  -1.9601295597554005     
         425           1   2.9477286754636021      -0.96464323265325713      -0.93117939245912429     
         426           2   2.0450269338125371      -0.93222038704127208       -4.5796406433519010E-002
         427           3   2.9468828484272520       -4.4092172832420617E-002  -6.2894582528418064E-002
         428           4   2.0603614834730850       -5.9044207473050170E-002 -0.96012955975540060     
         429           1   2.9477286754636021      -0.96464323265325713        6.8820607540875697E-002
         430           2   2.0450269338125371      -0.93222038704127208       0.95420359356648099     
         431           3   2.9468828484272520       -4.4092172832420617E-002  0.93710541747158194     
         432           4   2.0603614834730850       -5.9044207473050170E-002   3.9870440244599403E-002
         433           1   2.9477286754636021      -0.96464323265325713        1.0688206075408757     
         434           2   2.0450269338125371      -0.93222038704127208        1.9542035935664810     
         435           3   2.9468828484272520       -4.4092172832420617E-002   1.9371054174715820     
         436           4   2.0603614834730850       -5.9044207473050170E-002   1.0398704402445995     
         437           1   2.9477286754636021      -0.96464323265325713        2.0688206075408755     
         438           2   2.0450269338125371      -0.93222038704127208        2.9542035935664810     
         439           3   2.9468828484272520       -4.4092172832420617E-002   2.9371054174715820     
         440           4   2.0603614834730850       -5.9044207473050170E-002   2.0398704402445995     
         441           1   2.9477286754636021        3.5356767346742903E-002  -1.9311793924591243     
         442           2   2.0450269338125371        6.7779612958727906E-002  -1.0457964064335190     
         443           3   2.9468828484272520       0.95590782716757938       -1.0628945825284180     
         444           4   2.0603614834730850       0.94095579252694983       -1.9601295597554005     
         445           1   2.9477286754636021        3.5356767346742903E-002 -0.93117939245912429     
         446           2   2.0450269338125371        6.7779612958727906E-002  -4.5796406433519010E-002
         447           3   2.9468828484272520       0.95590782716757938       -6.2894582528418064E-002
         448           4   2.0603614834730850       0.94095579252694983      -0.96012955975540060     
         449           1   2.9477286754636021        3.5356767346742903E-002   6.8820607540875697E-002
         450           2   2.0450269338125371        6.7779612958727906E-002  0.95420359356648099     
         451           3   2.9468828484272520       0.95590782716757938       0.93710541747158194     
         452           4   2.0603614834730850       0.94095579252694983        3.9870440244599403E-002
         453           1   2.9477286754636021        3.5356767346742903E-002   1.0688206075408757     
         454           2   2.0450269338125371        6.7779612958727906E-002   1.9542035935664810     
         455           3   2.9468828484272520       0.95590782716757938        1.9371054174715820     
         456           4   2.0603614834730850       0.94095579252694983        1.0398704402445995     
         457           1   2.9477286754636021        3.5356767346742903E-002   2.0688206075408755     
         458           2   2.0450269338125371        6.7779612958727906E-002   2.9542035935664810     
         459           3   2.9468828484272520       0.95590782716757938        2.9371054174715820     
         460           4   2.0603614834730850       0.94095579252694983        2.0398704402445995     
         461           1   2.9477286754636021        1.0353567673467430       -1.9311793924591243     
         462           2   2.0450269338125371        1.0677796129587278       -1.0457964064335190     
         463           3   2.9468828484272520        1.9559078271675794       -1.0628945825284180     
         464           4   2.0603614834730850        1.9409557925269498       -1.9601295597554005     
         465           1   2.9477286754636021        1.0353567673467430      -0.93117939245912429     
         466           2   2.0450269338125371        1.0677796129587278       -4.5796406433519010E-002
         467           3   2.9468828484272520        1.9559078271675794       -6.2894582528418064E-002
         468           4   2.0603614834730850        1.9409557925269498      -0.96012955975540060     
         469           1   2.9477286754636021        1.0353567673467430        6.8820607540875697E-002
         470           2   2.0450269338125371        1.0677796129587278       0.95420359356648099     
         471           3   2.9468828484272520        1.9559078271675794       0.93710541747158194     
         472           4   2.0603614834730850        1.9409557925269498        3.9870440244599403E-002
         473           1   2.9477286754636021        1.0353567673467430        1.0688206075408757     
         474           2   2.0450269338125371        1.0677796129587278        1.9542035935664810     
         475           3   2.9468828484272520        1.9559078271675794        1.9371054174715820     
         476           4   2.0603614834730850        1.9409557925269498        1.0398704402445995     
         477           1   2.9477286754636021        1.0353567673467430        2.0688206075408755     
         478           2   2.0450269338125371        1.0677796129587278        2.9542035935664810     
         479           3   2.9468828484272520        1.9559078271675794        2.9371054174715820     
         480           4   2.0603614834730850        1.9409557925269498        2.0398704402445995     
         481           1   2.9477286754636021        2.0353567673467428       -1.9311793924591243     
         482           2   2.0450269338125371        2.0677796129587280       -1.0457964064335190     
         483           3   2.9468828484272520        2.9559078271675796       -1.0628945825284180     
         484           4   2.0603614834730850        2.9409557925269496       -1.9601295597554005     
         485           1   2.9477286754636021        2.0353567673467428      -0.93117939245912429     
         486           2   2.0450269338125371        2.0677796129587280       -4.5796406433519010E-002
         487           3   2.9468828484272520        2.9559078271675796       -6.2894582528418064E-002
         488           4   2.0603614834730850        2.9409557925269496      -0.96012955975540060     
         489           1   2.9477286754636021        2.0353567673467428        6.8820607540875697E-002
         490           2   2.0450269338125371        2.0677796129587280       0.95420359356648099     
         491           3   2.9468828484272520        2.9559078271675796       0.93710541747158194     
         492           4   2.0603614834730850        2.9409557925269496        3.9870440244599403E-002
         493           1   2.9477286754636021        2.0353567673467428        1.0688206075408757     
         494           2   2.0450269338125371        2.0677796129587280        1.9542035935664810     
         495           3   2.9468828484272520        2.9559078271675796        1.9371054174715820     
         496           4   2.0603614834730850        2.9409557925269496        1.0398704402445995     
         497           1   2.9477286754636021        2.0353567673467428        2.0688206075408755     
         498           2   2.0450269338125371        2.0677796129587280        2.9542035935664810     
         499           3   2.9468828484272520        2.9559078271675796        2.9371054174715820     
         500           4   2.0603614834730850        2.9409557925269496        2.0398704402445995     
         500
   16.111387482881238       0.60106504489462931        1.1699503281948869     
  0.76545787481312721        1.1522534202983743        16.221461090630179     
   16.097008423263283        16.250433061848849        15.930792097016893     
   1.0261452190424467        15.996248472958147       0.67779748415818986     
  -17.888612517118766       -33.398934955105368       -32.830049671805114     
  -33.234542125186870       -32.847746579701628       -17.778538909369821     
  -17.902991576736717       -17.749566938151151       -18.069207902983106     
  -32.973854780957552       -18.003751527041853       -33.322202515841809     
  -17.888612517118766       -33.398934955105368       -15.830049671805114     
  -33.234542125186870       -32.847746579701628      -0.77853890936982317     
  -17.902991576736717       -17.749566938151151       -1.0692079029831070     
  -32.973854780957552       -18.003751527041853       -16.322202515841809     
  -17.888612517118766       -33.398934955105368        1.1699503281948869     
  -33.234542125186870       -32.847746579701628        16.221461090630179     
  -17.902991576736717       -17.749566938151151        15.930792097016893     
  -32.973854780957552       -18.003751527041853       0.67779748415818986     
  -17.888612517118766       -33.398934955105368        18.169950328194886     
  -33.234542125186870       -32.847746579701628        33.221461090630179     
  -17.902991576736717       -17.749566938151151        32.930792097016898     
  -32.973854780957552       -18.003751527041853        17.677797484158191     
  -17.888612517118766       -33.398934955105368        35.169950328194886     
  -33.234542125186870       -32.847746579701628        50.221461090630179     
  -17.902991576736717       -17.749566938151151        49.930792097016898     
  -32.973854780957552       -18.003751527041853        34.677797484158191     
  -17.888612517118766       -16.398934955105371       -32.830049671805114     
  -33.234542125186870       -15.847746579701626       -17.778538909369821     
  -17.902991576736717      -0.74956693815115050       -18.069207902983106     
  -32.973854780957552       -1.0037515270418529       -33.322202515841809     
  -17.888612517118766       -16.398934955105371       -15.830049671805114     
  -33.234542125186870       -15.847746579701626      -0.77853890936982317     
  -17.902991576736717      -0.74956693815115050       -1.0692079029831070     
  -32.973854780957552       -1.0037515270418529       -16.322202515841809     
  -17.888612517118766       -16.398934955105371        1.1699503281948869     
  -33.234542125186870       -15.847746579701626        16.221461090630179     
  -17.902991576736717      -0.74956693815115050        15.930792097016893     
  -32.973854780957552       -1.0037515270418529       0.67779748415818986     
  -17.888612517118766       -16.398934955105371        18.169950328194886     
  -33.234542125186870       -15.847746579701626        33.221461090630179     
  -17.902991576736717      -0.74956693815115050        32.930792097016898     
  -32.973854780957552       -1.0037515270418529        17.677797484158191     
  -17.888612517118766       -16.398934955105371        35.169950328194886     
  -33.234542125186870       -15.847746579701626        50.221461090630179     
  -17.902991576736717      -0.74956693815115050        49.930792097016898     
  -32.973854780957552       -1.0037515270418529        34.677797484158191     
  -17.888612517118766       0.60106504489462931       -32.830049671805114     
  -33.234542125186870        1.1522534202983743       -17.778538909369821     
  -17.902991576736717        16.250433061848849       -18.069207902983106     
  -32.973854780957552        15.996248472958147       -33.322202515841809     
  -17.888612517118766       0.60106504489462931       -15.830049671805114     
  -33.234542125186870        1.1522534202983743      -0.77853890936982317     
  -17.902991576736717        16.250433061848849       -1.0692079029831070     
  -32.973854780957552        15.996248472958147       -16.322202515841809     
  -17.888612517118766       0.60106504489462931        1.1699503281948869     
  -33.234542125186870        1.1522534202983743        16.221461090630179     
  -17.902991576736717        16.250433061848849        15.930792097016893     
  -32.973854780957552        15.996248472958147       0.67779748415818986     
  -17.888612517118766       0.60106504489462931        18.169950328194886     
  -33.234542125186870        1.1522534202983743        33.221461090630179     
  -17.902991576736717        16.250433061848849        32.930792097016898     
  -32.973854780957552        15.996248472958147        17.677797484158191     
  -17.888612517118766       0.60106504489462931        35.169950328194886     
  -33.234542125186870        1.1522534202983743        50.221461090630179     
  -17.902991576736717        16.250433061848849        49.930792097016898     
  -32.973854780957552        15.996248472958147        34.677797484158191     
  -17.888612517118766        17.601065044894632       -32.830049671805114     
  -33.234542125186870        18.152253420298372       -17.778538909369821     
  -17.902991576736717        33.250433061848852       -18.069207902983106     
  -32.973854780957552        32.996248472958150       -33.322202515841809     
  -17.888612517118766        17.601065044894632       -15.830049671805114     
  -33.234542125186870        18.152253420298372      -0.77853890936982317     
  -17.902991576736717        33.250433061848852       -1.0692079029831070     
  -32.973854780957552        32.996248472958150       -16.322202515841809     
  -17.888612517118766        17.601065044894632        1.1699503281948869     
  -33.234542125186870        18.152253420298372        16.221461090630179     
  -17.902991576736717        33.250433061848852        15.930792097016893     
  -32.973854780957552        32.996248472958150       0.67779748415818986     
  -17.888612517118766        17.601065044894632        18.169950328194886     
  -33.234542125186870        18.152253420298372        33.221461090630179     
  -17.902991576736717        33.250433061848852        32.930792097016898     
  -32.973854780957552        32.996248472958150        17.677797484158191     
  -17.888612517118766        17.601065044894632        35.169950328194886     
  -33.234542125186870        18.152253420298372        50.221461090630179     
  -17.902991576736717        33.250433061848852        49.930792097016898     
  -32.973854780957552        32.996248472958150        34.677797484158191     
  -17.888612517118766        34.601065044894625       -32.830049671805114     
  -33.234542125186870        35.152253420298379       -17.778538909369821     
  -17.902991576736717        50.250433061848852       -18.069207902983106     
  -32.973854780957552        49.996248472958143       -33.322202515841809     
  -17.888612517118766        34.601065044894625       -15.830049671805114     
  -33.234542125186870        35.152253420298379      -0.77853890936982317     
  -17.902991576736717        50.250433061848852       -1.0692079029831070     
  -32.973854780957552        49.996248472958143       -16.322202515841809     
  -17.888612517118766        34.601065044894625        1.1699503281948869     
  -33.234542125186870        35.152253420298379        16.221461090630179     
  -17.902991576736717        50.250433061848852        15.930792097016893     
  -32.973854780957552        49.996248472958143       0.67779748415818986     
  -17.888612517118766        34.601065044894625        18.169950328194886     
  -33.234542125186870        35.152253420298379        33.221461090630179     
  -17.902991576736717        50.250433061848852        32.930792097016898     
  -32.973854780957552        49.996248472958143        17.677797484158191     
  -17.888612517118766        34.601065044894625        35.169950328194886     
  -33.234542125186870        35.152253420298379        50.221461090630179     
  -17.902991576736717        50.250433061848852        49.930792097016898     
  -32.973854780957552        49.996248472958143        34.677797484158191     
 -0.88861251711876299       -33.398934955105368       -32.830049671805114     
  -16.234542125186874       -32.847746579701628       -17.778538909369821     
 -0.90299157673671582       -17.749566938151151       -18.069207902983106     
  -15.973854780957552       -18.003751527041853       -33.322202515841809     
 -0.88861251711876299       -33.398934955105368       -15.830049671805114     
  -16.234542125186874       -32.847746579701628      -0.77853890936982317     
 -0.90299157673671582       -17.749566938151151       -1.0692079029831070     
  -15.973854780957552       -18.003751527041853       -16.322202515841809     
 -0.88861251711876299       -33.398934955105368        1.1699503281948869     
  -16.234542125186874       -32.847746579701628        16.221461090630179     
 -0.90299157673671582       -17.749566938151151        15.930792097016893     
  -15.973854780957552       -18.003751527041853       0.67779748415818986     
 -0.88861251711876299       -33.398934955105368        18.169950328194886     
  -16.234542125186874       -32.847746579701628        33.221461090630179     
 -0.90299157673671582       -17.749566938151151        32.930792097016898     
  -15.973854780957552       -18.003751527041853        17.677797484158191     
 -0.88861251711876299       -33.398934955105368        35.169950328194886     
  -16.234542125186874       -32.847746579701628        50.221461090630179     
 -0.90299157673671582       -17.749566938151151        49.930792097016898     
  -15.973854780957552       -18.003751527041853        34.677797484158191     
 -0.88861251711876299       -16.398934955105371       -32.830049671805114     
  -16.234542125186874       -15.847746579701626       -17.778538909369821     
 -0.90299157673671582      -0.74956693815115050       -18.069207902983106     
  -15.973854780957552       -1.0037515270418529       -33.322202515841809     
 -0.88861251711876299       -16.398934955105371       -15.830049671805114     
  -16.234542125186874       -15.847746579701626      -0.77853890936982317     
 -0.90299157673671582      -0.74956693815115050       -1.0692079029831070     
  -15.973854780957552       -1.0037515270418529       -16.322202515841809     
 -0.88861251711876299       -16.398934955105371        1.1699503281948869     
  -16.234542125186874       -15.847746579701626        16.221461090630179     
 -0.90299157673671582      -0.74956693815115050        15.930792097016893     
  -15.973854780957552       -1.0037515270418529       0.67779748415818986     
 -0.88861251711876299       -16.398934955105371        18.169950328194886     
  -16.234542125186874       -15.847746579701626        33.221461090630179     
 -0.90299157673671582      -0.74956693815115050        32.930792097016898     
  -15.973854780957552       -1.0037515270418529        17.677797484158191     
 -0.88861251711876299       -16.398934955105371        35.169950328194886     
  -16.234542125186874       -15.847746579701626        50.221461090630179     
 -0.90299157673671582      -0.74956693815115050        49.930792097016898     
  -15.973854780957552       -1.0037515270418529        34.677797484158191     
 -0.88861251711876299       0.60106504489462931       -32.830049671805114     
  -16.234542125186874        1.1522534202983743       -17.778538909369821     
 -0.90299157673671582        16.250433061848849       -18.069207902983106     
  -15.973854780957552        15.996248472958147       -33.322202515841809     
 -0.88861251711876299       0.60106504489462931       -15.830049671805114     
  -16.234542125186874        1.1522534202983743      -0.77853890936982317     
 -0.90299157673671582        16.250433061848849       -1.0692079029831070     
  -15.973854780957552        15.996248472958147       -16.322202515841809     
 -0.88861251711876299       0.60106504489462931        1.1699503281948869     
  -16.234542125186874        1.1522534202983743        16.221461090630179     
 -0.90299157673671582        16.250433061848849        15.930792097016893     
  -15.973854780957552        15.996248472958147       0.67779748415818986     
 -0.88861251711876299       0.60106504489462931        18.169950328194886     
  -16.234542125186874        1.1522534202983743        33.221461090630179     
 -0.90299157673671582        16.250433061848849        32.930792097016898     
  -15.973854780957552        15.996248472958147        17.677797484158191     
 -0.88861251711876299       0.60106504489462931        35.169950328194886     
  -16.234542125186874        1.1522534202983743        50.221461090630179     
 -0.90299157673671582        16.250433061848849        49.930792097016898     
  -15.973854780957552        15.996248472958147        34.677797484158191     
 -0.88861251711876299        17.601065044894632       -32.830049671805114     
  -16.234542125186874        18.152253420298372       -17.778538909369821     
 -0.90299157673671582        33.250433061848852       -18.069207902983106     
  -15.973854780957552        32.996248472958150       -33.322202515841809     
 -0.88861251711876299        17.601065044894632       -15.830049671805114     
  -16.234542125186874        18.152253420298372      -0.77853890936982317     
 -0.90299157673671582        33.250433061848852       -1.0692079029831070     
  -15.973854780957552        32.996248472958150       -16.322202515841809     
 -0.88861251711876299        17.601065044894632        1.1699503281948869     
  -16.234542125186874        18.152253420298372        16.221461090630179     
 -0.90299157673671582        33.250433061848852        15.930792097016893     
  -15.973854780957552        32.996248472958150       0.67779748415818986     
 -0.88861251711876299        17.601065044894632        18.169950328194886     
  -16.234542125186874        18.152253420298372        33.221461090630179     
 -0.90299157673671582        33.250433061848852        32.930792097016898     
  -15.973854780957552        32.996248472958150        17.677797484158191     
 -0.88861251711876299        17.601065044894632        35.169950328194886     
  -16.234542125186874        18.152253420298372        50.221461090630179     
 -0.90299157673671582        33.250433061848852        49.930792097016898     
  -15.973854780957552        32.996248472958150        34.677797484158191     
 -0.88861251711876299        34.601065044894625       -32.830049671805114     
  -16.234542125186874        35.152253420298379       -17.778538909369821     
 -0.90299157673671582        50.250433061848852       -18.069207902983106     
  -15.973854780957552        49.996248472958143       -33.322202515841809     
 -0.88861251711876299        34.601065044894625       -15.830049671805114     
  -16.234542125186874        35.152253420298379      -0.77853890936982317     
 -0.90299157673671582        50.250433061848852       -1.0692079029831070     
  -15.973854780957552        49.996248472958143       -16.322202515841809     
 -0.88861251711876299        34.601065044894625        1.1699503281948869     
  -16.234542125186874        35.152253420298379        16.221461090630179     
 -0.90299157673671582        50.250433061848852        15.930792097016893     
  -15.973854780957552        49.996248472958143       0.67779748415818986     
 -0.88861251711876299        34.601065044894625        18.169950328194886     
  -16.234542125186874        35.152253420298379        33.221461090630179     
 -0.90299157673671582        50.250433061848852        32.930792097016898     
  -15.973854780957552        49.996248472958143        17.677797484158191     
 -0.88861251711876299        34.601065044894625        35.169950328194886     
  -16.234542125186874        35.152253420298379        50.221461090630179     
 -0.90299157673671582        50.250433061848852        49.930792097016898     
  -15.973854780957552        49.996248472958143        34.677797484158191     
   16.111387482881238       -33.398934955105368       -32.830049671805114     
  0.76545787481312721       -32.847746579701628       -17.778538909369821     
   16.097008423263283       -17.749566938151151       -18.069207902983106     
   1.0261452190424467       -18.003751527041853       -33.322202515841809     
   16.111387482881238       -33.398934955105368       -15.830049671805114     
  0.76545787481312721       -32.847746579701628      -0.77853890936982317     
   16.097008423263283       -17.749566938151151       -1.0692079029831070     
   1.0261452190424467       -18.003751527041853       -16.322202515841809     
   16.111387482881238       -33.398934955105368        1.1699503281948869     
  0.76545787481312721       -32.847746579701628        16.221461090630179     
   16.097008423263283       -17.749566938151151        15.930792097016893     
   1.0261452190424467       -18.003751527041853       0.67779748415818986     
   16.111387482881238       -33.398934955105368        18.169950328194886     
  0.76545787481312721       -32.847746579701628        33.221461090630179     
   16.097008423263283       -17.749566938151151        32.930792097016898     
   1.0261452190424467       -18.003751527041853        17.677797484158191     
   16.111387482881238       -33.398934955105368        35.169950328194886     
  0.76545787481312721       -32.847746579701628        50.221461090630179     
   16.097008423263283       -17.749566938151151        49.930792097016898     
   1.0261452190424467       -18.003751527041853        34.677797484158191     
   16.111387482881238       -16.398934955105371       -32.830049671805114     
  0.76545787481312721       -15.847746579701626       -17.778538909369821     
   16.097008423263283      -0.74956693815115050       -18.069207902983106     
   1.0261452190424467       -1.0037515270418529       -33.322202515841809     
   16.111387482881238       -16.398934955105371       -15.830049671805114     
  0.76545787481312721       -15.847746579701626      -0.77853890936982317     
   16.097008423263283      -0.74956693815115050       -1.0692079029831070     
   1.0261452190424467       -1.0037515270418529       -16.322202515841809     
   16.111387482881238       -16.398934955105371        1.1699503281948869     
  0.76545787481312721       -15.847746579701626        16.221461090630179     
   16.097008423263283      -0.74956693815115050        15.930792097016893     
   1.0261452190424467       -1.0037515270418529       0.67779748415818986     
   16.111387482881238       -16.398934955105371        18.169950328194886     
  0.76545787481312721       -15.847746579701626        33.221461090630179     
   16.097008423263283      -0.74956693815115050        32.930792097016898     
   1.0261452190424467       -1.0037515270418529        17.677797484158191     
   16.111387482881238       -16.398934955105371        35.169950328194886     
  0.76545787481312721       -15.847746579701626        50.221461090630179     
   16.097008423263283      -0.74956693815115050        49.930792097016898     
   1.0261452190424467       -1.0037515270418529        34.677797484158191     
   16.111387482881238       0.60106504489462931       -32.830049671805114     
  0.76545787481312721        1.1522534202983743       -17.778538909369821     
   16.097008423263283        16.250433061848849       -18.069207902983106     
   1.0261452190424467        15.996248472958147       -33.322202515841809     
   16.111387482881238       0.60106504489462931       -15.830049671805114     
  0.76545787481312721        1.1522534202983743      -0.77853890936982317     
   16.097008423263283        16.250433061848849       -1.0692079029831070     
   1.0261452190424467        15.996248472958147       -16.322202515841809     
   16.111387482881238       0.60106504489462931        1.1699503281948869     
  0.76545787481312721        1.1522534202983743        16.221461090630179     
   16.097008423263283        16.250433061848849        15.930792097016893     
   1.0261452190424467        15.996248472958147       0.67779748415818986     
   16.111387482881238       0.60106504489462931        18.169950328194886     
  0.76545787481312721        1.1522534202983743        33.221461090630179     
   16.097008423263283        16.250433061848849        32.930792097016898     
   1.0261452190424467        15.996248472958147        17.677797484158191     
   16.111387482881238       0.60106504489462931        35.169950328194886     
  0.76545787481312721        1.1522534202983743        50.221461090630179     
   16.097008423263283        16.250433061848849        49.930792097016898     
   1.0261452190424467        15.996248472958147        34.677797484158191     
   16.111387482881238        17.601065044894632       -32.830049671805114     
  0.76545787481312721        18.152253420298372       -17.778538909369821     
   16.097008423263283        33.250433061848852       -18.069207902983106     
   1.0261452190424467        32.996248472958150       -33.322202515841809     
   16.111387482881238        17.601065044894632       -15.830049671805114     
  0.76545787481312721        18.152253420298372      -0.77853890936982317     
   16.097008423263283        33.250433061848852       -1.0692079029831070     
   1.0261452190424467        32.996248472958150       -16.322202515841809     
   16.111387482881238        17.601065044894632        1.1699503281948869     
  0.76545787481312721        18.152253420298372        16.221461090630179     
   16.097008423263283        33.250433061848852        15.930792097016893     
   1.0261452190424467        32.996248472958150       0.67779748415818986     
   16.111387482881238        17.601065044894632        18.169950328194886     
  0.76545787481312721        18.152253420298372        33.221461090630179     
   16.097008423263283        33.250433061848852        32.930792097016898     
   1.0261452190424467        32.996248472958150        17.677797484158191     
   16.111387482881238        17.601065044894632        35.169950328194886     
  0.76545787481312721        18.152253420298372        50.221461090630179     
   16.097008423263283        33.250433061848852        49.930792097016898     
   1.0261452190424467        32.996248472958150        34.677797484158191     
   16.111387482881238        34.601065044894625       -32.830049671805114     
  0.76545787481312721        35.152253420298379       -17.778538909369821     
   16.097008423263283        50.250433061848852       -18.069207902983106     
   1.0261452190424467        49.996248472958143       -33.322202515841809     
   16.111387482881238        34.601065044894625       -15.830049671805114     
  0.76545787481312721        35.152253420298379      -0.77853890936982317     
   16.097008423263283        50.250433061848852       -1.0692079029831070     
   1.0261452190424467        49.996248472958143       -16.322202515841809     
   16.111387482881238        34.601065044894625        1.1699503281948869     
  0.76545787481312721        35.152253420298379        16.221461090630179     
   16.097008423263283        50.250433061848852        15.930792097016893     
   1.0261452190424467        49.996248472958143       0.67779748415818986     
   16.111387482881238        34.601065044894625        18.169950328194886     
  0.76545787481312721        35.152253420298379        33.221461090630179     
   16.097008423263283        50.250433061848852        32.930792097016898     
   1.0261452190424467        49.996248472958143        17.677797484158191     
   16.111387482881238        34.601065044894625        35.169950328194886     
  0.76545787481312721        35.152253420298379        50.221461090630179     
   16.097008423263283        50.250433061848852        49.930792097016898     
   1.0261452190424467        49.996248472958143        34.677797484158191     
   33.111387482881234       -33.398934955105368       -32.830049671805114     
   17.765457874813126       -32.847746579701628       -17.778538909369821     
   33.097008423263283       -17.749566938151151       -18.069207902983106     
   18.026145219042444       -18.003751527041853       -33.322202515841809     
   33.111387482881234       -33.398934955105368       -15.830049671805114     
   17.765457874813126       -32.847746579701628      -0.77853890936982317     
   33.097008423263283       -17.749566938151151       -1.0692079029831070     
   18.026145219042444       -18.003751527041853       -16.322202515841809     
   33.111387482881234       -33.398934955105368        1.1699503281948869     
   17.765457874813126       -32.847746579701628        16.221461090630179     
   33.097008423263283       -17.749566938151151        15.930792097016893     
   18.026145219042444       -18.003751527041853       0.67779748415818986     
   33.111387482881234       -33.398934955105368        18.169950328194886     
   17.765457874813126       -32.847746579701628        33.221461090630179     
   33.097008423263283       -17.749566938151151        32.930792097016898     
   18.026145219042444       -18.003751527041853        17.677797484158191     
   33.111387482881234       -33.398934955105368        35.169950328194886     
   17.765457874813126       -32.847746579701628        50.221461090630179     
   33.097008423263283       -17.749566938151151        49.930792097016898     
   18.026145219042444       -18.003751527041853        34.677797484158191     
   33.111387482881234       -16.398934955105371       -32.830049671805114     
   17.765457874813126       -15.847746579701626       -17.778538909369821     
   33.097008423263283      -0.74956693815115050       -18.069207902983106     
   18.026145219042444       -1.0037515270418529       -33.322202515841809     
   33.111387482881234       -16.398934955105371       -15.830049671805114     
   17.765457874813126       -15.847746579701626      -0.77853890936982317     
   33.097008423263283      -0.74956693815115050       -1.0692079029831070     
   18.026145219042444       -1.0037515270418529       -16.322202515841809     
   33.111387482881234       -16.398934955105371        1.1699503281948869     
   17.765457874813126       -15.847746579701626        16.221461090630179     
   33.097008423263283      -0.74956693815115050        15.930792097016893     
   18.026145219042444       -1.0037515270418529       0.67779748415818986     
   33.111387482881234       -16.398934955105371        18.169950328194886     
   17.765457874813126       -15.847746579701626        33.221461090630179     
   33.097008423263283      -0.74956693815115050        32.930792097016898     
   18.026145219042444       -1.0037515270418529        17.677797484158191     
   33.111387482881234       -16.398934955105371        35.169950328194886     
   17.765457874813126       -15.847746579701626        50.221461090630179     
   33.097008423263283      -0.74956693815115050        49.930792097016898     
   18.026145219042444       -1.0037515270418529        34.677797484158191     
   33.111387482881234       0.60106504489462931       -32.830049671805114     
   17.765457874813126        1.1522534202983743       -17.778538909369821     
   33.097008423263283        16.250433061848849       -18.069207902983106     
   18.026145219042444        15.996248472958147       -33.322202515841809     
   33.111387482881234       0.60106504489462931       -15.830049671805114     
   17.765457874813126        1.1522534202983743      -0.77853890936982317     
   33.097008423263283        16.250433061848849       -1.0692079029831070     
   18.026145219042444        15.996248472958147       -16.322202515841809     
   33.111387482881234       0.60106504489462931        1.1699503281948869     
   17.765457874813126        1.1522534202983743        16.221461090630179     
   33.097008423263283        16.250433061848849        15.930792097016893     
   18.026145219042444        15.996248472958147       0.67779748415818986     
   33.111387482881234       0.60106504489462931        18.169950328194886     
   17.765457874813126        1.1522534202983743        33.221461090630179     
   33.097008423263283        16.250433061848849        32.930792097016898     
   18.026145219042444        15.996248472958147        17.677797484158191     
   33.111387482881234       0.60106504489462931        35.169950328194886     
   17.765457874813126        1.1522534202983743        50.221461090630179     
   33.097008423263283        16.250433061848849        49.930792097016898     
   18.026145219042444        15.996248472958147        34.677797484158191     
   33.111387482881234        17.601065044894632       -32.830049671805114     
   17.765457874813126        18.152253420298372       -17.778538909369821     
   33.097008423263283        33.250433061848852       -18.069207902983106     
   18.026145219042444        32.996248472958150       -33.322202515841809     
   33.111387482881234        17.601065044894632       -15.830049671805114     
   17.765457874813126        18.152253420298372      -0.77853890936982317     
   33.097008423263283        33.250433061848852       -1.0692079029831070     
   18.026145219042444        32.996248472958150       -16.322202515841809     
   33.111387482881234        17.601065044894632        1.1699503281948869     
   17.765457874813126        18.152253420298372        16.221461090630179     
   33.097008423263283        33.250433061848852        15.930792097016893     
   18.026145219042444        32.996248472958150       0.67779748415818986     
   33.111387482881234        17.601065044894632        18.169950328194886     
   17.765457874813126        18.152253420298372        33.221461090630179     
   33.097008423263283        33.250433061848852        32.930792097016898     
   18.026145219042444        32.996248472958150        17.677797484158191     
   33.111387482881234        17.601065044894632        35.169950328194886     
   17.765457874813126        18.152253420298372        50.221461090630179     
   33.097008423263283        33.250433061848852        49.930792097016898     
   18.026145219042444        32.996248472958150        34.677797484158191     
   33.111387482881234        34.601065044894625       -32.830049671805114     
   17.765457874813126        35.152253420298379       -17.778538909369821     
   33.097008423263283        50.250433061848852       -18.069207902983106     
   18.026145219042444        49.996248472958143       -33.322202515841809     
   33.111387482881234        34.601065044894625       -15.830049671805114     
   17.765457874813126        35.152253420298379      -0.77853890936982317     
   33.097008423263283        50.250433061848852       -1.0692079029831070     
   18.026145219042444        49.996248472958143       -16.322202515841809     
   33.111387482881234        34.601065044894625        1.1699503281948869     
   17.765457874813126        35.152253420298379        16.221461090630179     
   33.097008423263283        50.250433061848852        15.930792097016893     
   18.026145219042444        49.996248472958143       0.67779748415818986     
   33.111387482881234        34.601065044894625        18.169950328194886     
   17.765457874813126        35.152253420298379        33.221461090630179     
   33.097008423263283        50.250433061848852        32.930792097016898     
   18.026145219042444        49.996248472958143        17.677797484158191     
   33.111387482881234        34.601065044894625        35.169950328194886     
   17.765457874813126        35.152253420298379        50.221461090630179     
   33.097008423263283        50.250433061848852        49.930792097016898     
   18.026145219042444        49.996248472958143        34.677797484158191     
   50.111387482881234       -33.398934955105368       -32.830049671805114     
   34.765457874813130       -32.847746579701628       -17.778538909369821     
   50.097008423263283       -17.749566938151151       -18.069207902983106     
   35.026145219042448       -18.003751527041853       -33.322202515841809     
   50.111387482881234       -33.398934955105368       -15.830049671805114     
   34.765457874813130       -32.847746579701628      -0.77853890936982317     
   50.097008423263283       -17.749566938151151       -1.0692079029831070     
   35.026145219042448       -18.003751527041853       -16.322202515841809     
   50.111387482881234       -33.398934955105368        1.1699503281948869     
   34.765457874813130       -32.847746579701628        16.221461090630179     
   50.097008423263283       -17.749566938151151        15.930792097016893     
   35.026145219042448       -18.003751527041853       0.67779748415818986     
   50.111387482881234       -33.398934955105368        18.169950328194886     
   34.765457874813130       -32.847746579701628        33.221461090630179     
   50.097008423263283       -17.749566938151151        32.930792097016898     
   35.026145219042448       -18.003751527041853        17.677797484158191     
   50.111387482881234       -33.398934955105368        35.169950328194886     
   34.765457874813130       -32.847746579701628        50.221461090630179     
   50.097008423263283       -17.749566938151151        49.930792097016898     
   35.026145219042448       -18.003751527041853        34.677797484158191     
   50.111387482881234       -16.398934955105371       -32.830049671805114     
   34.765457874813130       -15.847746579701626       -17.778538909369821     
   50.097008423263283      -0.74956693815115050       -18.069207902983106     
   35.026145219042448       -1.0037515270418529       -33.322202515841809     
   50.111387482881234       -16.398934955105371       -15.830049671805114     
   34.765457874813130       -15.847746579701626      -0.77853890936982317     
   50.097008423263283      -0.74956693815115050       -1.0692079029831070     
   35.026145219042448       -1.0037515270418529       -16.322202515841809     
   50.111387482881234       -16.398934955105371        1.1699503281948869     
   34.765457874813130       -15.847746579701626        16.221461090630179     
   50.097008423263283      -0.74956693815115050        15.930792097016893     
   35.026145219042448       -1.0037515270418529       0.67779748415818986     
   50.111387482881234       -16.398934955105371        18.169950328194886     
   34.765457874813130       -15.847746579701626        33.221461090630179     
   50.097008423263283      -0.74956693815115050        32.930792097016898     
   35.026145219042448       -1.0037515270418529        17.677797484158191     
   50.111387482881234       -16.398934955105371        35.169950328194886     
   34.765457874813130       -15.847746579701626        50.221461090630179     
   50.097008423263283      -0.74956693815115050        49.930792097016898     
   35.026145219042448       -1.0037515270418529        34.677797484158191     
   50.111387482881234       0.60106504489462931       -32.830049671805114     
   34.765457874813130        1.1522534202983743       -17.778538909369821     
   50.097008423263283        16.250433061848849       -18.069207902983106     
   35.026145219042448        15.996248472958147       -33.322202515841809     
   50.111387482881234       0.60106504489462931       -15.830049671805114     
   34.765457874813130        1.1522534202983743      -0.77853890936982317     
   50.097008423263283        16.250433061848849       -1.0692079029831070     
   35.026145219042448        15.996248472958147       -16.322202515841809     
   50.111387482881234       0.60106504489462931        1.1699503281948869     
   34.765457874813130        1.1522534202983743        16.221461090630179     
   50.097008423263283        16.250433061848849        15.930792097016893     
   35.026145219042448        15.996248472958147       0.67779748415818986     
   50.111387482881234       0.60106504489462931        18.169950328194886     
   34.765457874813130        1.1522534202983743        33.221461090630179     
   50.097008423263283        16.250433061848849        32.930792097016898     
   35.026145219042448        15.996248472958147        17.677797484158191     
   50.111387482881234       0.60106504489462931        35.169950328194886     
   34.765457874813130        1.1522534202983743        50.221461090630179     
   50.097008423263283        16.250433061848849        49.930792097016898     
   35.026145219042448        15.996248472958147        34.677797484158191     
   50.111387482881234        17.601065044894632       -32.830049671805114     
   34.765457874813130        18.152253420298372       -17.778538909369821     
   50.097008423263283        33.250433061848852       -18.069207902983106     
   35.026145219042448        32.996248472958150       -33.322202515841809     
   50.111387482881234        17.601065044894632       -15.830049671805114     
   34.765457874813130        18.152253420298372      -0.77853890936982317     
   50.097008423263283        33.250433061848852       -1.0692079029831070     
   35.026145219042448        32.996248472958150       -16.322202515841809     
   50.111387482881234        17.601065044894632        1.1699503281948869     
   34.765457874813130        18.152253420298372        16.221461090630179     
   50.097008423263283        33.250433061848852        15.930792097016893     
   35.026145219042448        32.996248472958150       0.67779748415818986     
   50.111387482881234        17.601065044894632        18.169950328194886     
   34.765457874813130        18.152253420298372        33.221461090630179     
   50.097008423263283        33.250433061848852        32.930792097016898     
   35.026145219042448        32.996248472958150        17.677797484158191     
   50.111387482881234        17.601065044894632        35.169950328194886     
   34.765457874813130        18.152253420298372        50.221461090630179     
   50.097008423263283        33.250433061848852        49.930792097016898     
   35.026145219042448        32.996248472958150        34.677797484158191     
   50.111387482881234        34.601065044894625       -32.830049671805114     
   34.765457874813130        35.152253420298379       -17.778538909369821     
   50.097008423263283        50.250433061848852       -18.069207902983106     
   35.026145219042448        49.996248472958143       -33.322202515841809     
   50.111387482881234        34.601065044894625       -15.830049671805114     
   34.765457874813130        35.152253420298379      -0.77853890936982317     
   50.097008423263283        50.250433061848852       -1.0692079029831070     
   35.026145219042448        49.996248472958143       -16.322202515841809     
   50.111387482881234        34.601065044894625        1.1699503281948869     
   34.765457874813130        35.152253420298379        16.221461090630179     
   50.097008423263283        50.250433061848852        15.930792097016893     
   35.026145219042448        49.996248472958143       0.67779748415818986     
   50.111387482881234        34.601065044894625        18.169950328194886     
   34.765457874813130        35.152253420298379        33.221461090630179     
   50.097008423263283        50.250433061848852        32.930792097016898     
   35.026145219042448        49.996248472958143        17.677797484158191     
   50.111387482881234        34.601065044894625        35.169950328194886     
   34.765457874813130        35.152253420298379        50.221461090630179     
   50.097008423263283        50.250433061848852        49.930792097016898     
   35.026145219042448        49.996248472958143        34.677797484158191     
           1           1   58.889727457341827     
           1           2   62.553089550942595     
           1           3   43.172547833465458     
           1           4   62.810897267843082     
           1           1   51.000000000000000     
           1           2   59.645958608199464     
           1           3   38.713531311065012     
           1           4   55.330602914610367     
           1           1   48.083261120685229     
           1           2   61.484890373276620     
           1           3   41.371561811379074     
           1           4   52.495165703110622     
           1           1   51.000000000000000     
           1           2   67.684142235361477     
           1           3   50.024741347184474     
           1           4   55.027349795349892     
           1           1   58.889727457341827     
           1           2   77.200352823412956     
           1           3   62.220120274655983     
           1           4   62.275806127279850     
           1           1   51.000000000000000     
           1           2   55.359095161788645     
           1           3   39.101756981103883     
           1           4   60.013707202152546     
           1           1   41.641325627314025     
           1           2   52.051712585224045     
           1           3   34.114747824793525     
           1           4   52.133596225931399     
           1           1   38.013155617496423     
           1           2   54.149165727438231     
           1           3   37.103701153513015     
           1           4   49.113935484251328     
           1           1   41.641325627314025     
           1           2   61.097328214091085     
           1           3   46.556989372479308     
           1           4   51.811634427548739     
           1           1   51.000000000000000     
           1           2   71.495698337894225     
           1           3   59.467822219828257     
           1           4   59.453446202526443     
           1           1   48.083261120685229     
           1           2   52.861799268429166     
           1           3   42.095438132721100     
           1           4   61.936106502587457     
           1           1   38.013155617496423     
           1           2   49.387459823506802     
           1           3   37.508592771866262     
           1           4   54.335514095318992     
           1           1   34.000000000000000     
           1           2   51.593338269017814     
           1           3   40.246281217842302     
           1           4   51.445261154992316     
           1           1   38.013155617496423     
           1           2   58.844064438684875     
           1           3   49.098185017428037     
           1           4   54.026675805643578     
           1           1   48.083261120685229     
           1           2   69.579991991857099     
           1           3   61.477641400313523     
           1           4   61.393391353718734     
           1           1   51.000000000000000     
           1           2   55.696590799252924     
           1           3   50.922533559929960     
           1           4   68.180037586188050     
           1           1   41.641325627314025     
           1           2   52.410510325527511     
           1           3   47.201409346566564     
           1           4   61.357838362810405     
           1           1   38.013155617496423     
           1           2   54.494155269212364     
           1           3   49.404874905641542     
           1           4   58.813698505191127     
           1           1   41.641325627314025     
           1           2   61.403292455924749     
           1           3   56.848133518894343     
           1           4   61.084514692041822     
           1           1   51.000000000000000     
           1           2   71.757338930248977     
           1           3   67.827567439220360     
           1           4   67.687404577698388     
           1           1   58.889727457341827     
           1           2   63.149430966740731     
           1           3   63.183723669459660     
           1           4   77.710705580429348     
           1           1   50.999999999999993     
           1           2   60.271070982237852     
           1           3   60.225007736641970     
           1           4   71.799864659419285     
           1           1   48.083261120685229     
           1           2   62.091491875044788     
           1           3   61.967089467059317     
           1           4   69.638260808363668     
           1           1   50.999999999999993     
           1           2   68.235655849354544     
           1           3   68.049899317768890     
           1           4   71.566431877776552     
           1           1   58.889727457341827     
           1           2   77.684336227545600     
           1           3   77.457455530752043     
           1           4   77.278852055521526     
           1           1   51.000000000000000     
           1           2   50.240694717469111     
           1           3   31.565487457124000     
           1           4   50.648895137219114     
           1           1   41.641325627314025     
           1           2   46.571222569487361     
           1           3   25.124661560821089     
           1           4   41.007040638453425     
           1           1   38.013155617496423     
           1           2   48.904295696181215     
           1           3   29.053695783596087     
           1           4   37.092373680131644     
           1           1   41.641325627314025     
           1           2   56.501163735469454     
           1           3   40.434958375466366     
           1           4   40.596933240446567     
           1           1   51.000000000000000     
           1           2   67.610153596816573     
           1           3   54.807430873610983     
           1           4   49.983775285906802     
           1           1   41.641325627314025     
           1           2   40.937364478647815     
           1           3   25.718835723692781     
           1           4   47.135409356185484     
           1           1   29.444863728670914     
           1           2   36.340324384634428     
           1           3   17.214154963931406     
           1           4   36.578868469075559     
           1           1   24.041630560342615     
           1           2   39.285754953968436     
           1           3   22.565366189410543     
           1           4   32.129121086339765     
           1           1   29.444863728670914     
           1           2   48.416132726871687     
           1           3   36.056405414324665     
           1           4   36.118516374339563     
           1           1   41.641325627314025     
           1           2   61.015352774108059     
           1           3   51.661716885350309     
           1           4   46.419974454820490     
           1           1   38.013155617496423     
           1           2   37.491441893069187     
           1           3   30.075521999771500     
           1           4   49.559893580690201     
           1           1   24.041630560342615     
           1           2   32.409251474604943     
           1           3   23.225108044930334     
           1           4   39.654127843543478     
           1           1   17.000000000000000     
           1           2   35.680680305551668     
           1           3   27.427618632295367     
           1           4   35.590963155481504     
           1           1   24.041630560342615     
           1           2   45.539678446271253     
           1           3   39.282857380523943     
           1           4   39.229879704602645     
           1           1   38.013155617496423     
           1           2   58.758945522469880     
           1           3   53.963056845572908     
           1           4   48.879957701908324     
           1           1   41.641325627314025     
           1           2   41.392615524814452     
           1           3   41.540528837933479     
           1           4   57.171839993859713     
           1           1   29.444863728670917     
           1           2   36.852408142588324     
           1           3   36.884741510211661     
           1           4   48.835295551335093     
           1           1   24.041630560342618     
           1           2   39.759921426364897     
           1           3   39.665511170475028     
           1           4   45.597729054076822     
           1           1   29.444863728670917     
           1           2   48.801667161619697     
           1           3   48.623259830610166     
           1           4   48.491439432045674     
           1           1   41.641325627314025     
           1           2   61.321726033081539     
           1           3   61.099018132004190     
           1           4   56.583447239404798     
           1           1   50.999999999999993     
           1           2   50.981261506055709     
           1           3   55.898962858997898     
           1           4   68.257274519553263     
           1           1   41.641325627314025     
           1           2   47.369192421569082     
           1           3   52.531539753290829     
           1           4   61.443651650438291     
           1           1   38.013155617496416     
           1           2   49.664793934883463     
           1           3   54.520008152893034     
           1           4   58.903218345377027     
           1           1   41.641325627314025     
           1           2   57.160678114567858     
           1           3   61.345740757867389     
           1           4   61.170711412782452     
           1           1   50.999999999999993     
           1           2   68.162265869321260     
           1           3   71.639155001098530     
           1           4   67.765203003080174     
           1           1   48.083261120685229     
           1           2   41.392823037570331     
           1           3   26.587423913926713     
           1           4   41.993003484515121     
           1           1   38.013155617496423     
           1           2   36.852641220710531     
           1           3   18.486744724769430     
           1           4   29.659385444632051     
           1           1   34.000000000000000     
           1           2   39.760137460341014     
           1           3   23.550548839862280     
           1           4   23.957169036762334     
           1           1   38.013155617496423     
           1           2   48.801843169987059     
           1           3   36.681016490804708     
           1           4   29.089736189225853     
           1           1   48.083261120685229     
           1           2   61.321866105907219     
           1           3   52.099573807648710     
           1           4   41.188342463147364     
           1           1   38.013155617496423     
           1           2   29.412687802772123     
           1           3   19.286514017708996     
           1           4   37.680878150656980     
           1           1   24.041630560342615     
           1           2   22.580025901361140     
           1           3   2.6150034598894578     
           1           4   23.154165532521596     
           1           1   17.000000000000000     
           1           2   27.066749631770342     
           1           3   14.822512041998214     
           1           4   15.178345918121760     
           1           1   24.041630560342615     
           1           2   39.158144766468951     
           1           3   31.789549908344576     
           1           4   22.419834703068528     
           1           1   38.013155617496423     
           1           2   53.963984910999116     
           1           3   48.779545954375990     
           1           4   36.782003635142935     
           1           1   34.000000000000000     
           1           2   24.389477414390562     
           1           3   24.800164022274711     
           1           4   40.672900250152047     
           1           1   17.000000000000000     
           1           2   15.478952628322990     
           1           3   15.808755664873733     
           1           4   27.758811539069370     
           1           1   0.0000000000000000     
           1           2   21.502310117581953     
           1           3   21.512446997299623     
           1           4   21.559647987950154     
           1           1   17.000000000000000     
           1           2   35.540128113380050     
           1           3   35.406976656466647     
           1           4   27.149313521101700     
           1           1   34.000000000000000     
           1           2   51.398950108326794     
           1           3   51.210571331430415     
           1           4   39.841586664813285     
           1           1   38.013155617496423     
           1           2   30.043085948530564     
           1           3   37.896261664023967     
           1           4   49.666095591590221     
           1           1   24.041630560342618     
           1           2   23.395264034278274     
           1           3   32.726064050663361     
           1           4   39.786779897545493     
           1           1   17.000000000000004     
           1           2   27.750490899376796     
           1           3   35.831046431664106     
           1           4   35.738699723387846     
           1           1   24.041630560342618     
           1           2   39.633837955454105     
           1           3   45.549231700743512     
           1           4   39.363961452339055     
           1           1   38.013155617496423     
           1           2   54.310150773147321     
           1           3   58.682204531424738     
           1           4   48.987633791845745     
           1           1   48.083261120685229     
           1           2   42.288620432387269     
           1           3   53.246644595548140     
           1           4   62.106016519071133     
           1           1   38.013155617496416     
           1           2   37.856027049828164     
           1           3   49.699836828953117     
           1           4   54.529112326993634     
           1           1   33.999999999999993     
           1           2   40.691892926234360     
           1           3   51.797127342783334     
           1           4   51.649694040455280     
           1           1   38.013155617496416     
           1           2   49.563913443582337     
           1           3   58.939044962609138     
           1           4   54.221376760235387     
           1           1   48.083261120685229     
           1           2   61.930064441801790     
           1           3   69.589364426213933     
           1           4   61.564799204400451     
           1           1   51.000000000000000     
           1           2   38.478619938159127     
           1           3   31.549995599870240     
           1           4   39.236642372659517     
           1           1   41.641325627314025     
           1           2   33.546319593482934     
           1           3   25.105195527853986     
           1           4   25.608219539490296     
           1           1   38.013155617496423     
           1           2   36.716575605452327     
           1           3   29.036863856686178     
           1           4   18.709562028157819     
           1           1   41.641325627314025     
           1           2   46.355779468300355     
           1           3   40.422865840656037     
           1           4   24.946232472825173     
           1           1   51.000000000000000     
           1           2   59.393683637542608     
           1           3   54.798510042807052     
           1           4   38.374227261157841     
           1           1   41.641325627314025     
           1           2   25.146462914474160     
           1           3   25.699819745054150     
           1           4   34.582514963983456     
           1           1   29.444863728670914     
           1           2   16.646199657333927     
           1           3   17.185731147327523     
           1           4   17.669667357844975     
           1           1   24.041630560342615     
           1           2   22.357265686005167     
           1           3   22.543690363562295     
           1           4   2.5463597231429342     
           1           1   29.444863728670914     
           1           2   36.063814203123663     
           1           3   36.042843885411152     
           1           4   16.695830351988995     
           1           1   41.641325627314025     
           1           2   51.762438706075507     
           1           3   51.652252762953800     
           1           4   33.600856454042201     
           1           1   38.013155617496423     
           1           2   19.028531258947744     
           1           3   30.059262258157943     
           1           4   37.820451845374606     
           1           1   24.041630560342615     
           1           2   2.6146448698726634     
           1           3   23.204048518408740     
           1           4   23.380619775597307     
           1           1   16.999999999999996     
           1           2   15.152152775046567     
           1           3   27.409788174749089     
           1           4   15.521603795800361     
           1           1   24.041630560342615     
           1           2   32.098895614041787     
           1           3   39.270410080931974     
           1           4   22.653630783972723     
           1           1   38.013155617496423     
           1           2   49.082486342522948     
           1           3   53.953996404942160     
           1           4   36.924975165859067     
           1           1   41.641325627314025     
           1           2   25.880985426302431     
           1           3   41.528758229462653     
           1           4   47.358450294983882     
           1           1   29.444863728670914     
           1           2   17.736312259296707     
           1           3   36.871484648995491     
           1           4   36.865832659051819     
           1           1   24.041630560342615     
           1           2   23.180339481596871     
           1           3   39.653183987683242     
           1           4   32.455452869247779     
           1           1   29.444863728670914     
           1           2   36.579769058933088     
           1           3   48.613204178504908     
           1           4   36.409109083452130     
           1           1   41.641325627314025     
           1           2   52.123227742798882     
           1           3   61.091016038702087     
           1           4   46.646436386432228     
           1           1   50.999999999999993     
           1           2   39.440661903677608     
           1           3   55.890216251662558     
           1           4   60.276521556047157     
           1           1   41.641325627314025     
           1           2   34.645593909226122     
           1           3   52.522232366851604     
           1           4   52.435921410797867     
           1           1   38.013155617496416     
           1           2   37.723580732027628     
           1           3   54.511040284858829     
           1           4   49.434731287851896     
           1           1   41.641325627314025     
           1           2   47.157395063432055     
           1           3   61.337770851877643     
           1           4   52.115827354124150     
           1           1   50.999999999999993     
           1           2   60.021423467720311     
           1           3   71.632330362884318     
           1           4   59.718726243177919     
           1           1   58.889727457341827     
           1           2   42.729879307938390     
           1           3   43.149893792740919     
           1           4   43.515696796781981     
           1           1   51.000000000000000     
           1           2   38.348323973725130     
           1           3   38.688266366752202     
           1           4   31.778651183022443     
           1           1   48.083261120685229     
           1           2   41.150277247141133     
           1           3   41.347921043321122     
           1           4   26.535814935949606     
           1           1   51.000000000000000     
           1           2   49.940931944041466     
           1           3   50.005191677911469     
           1           4   31.247660354300425     
           1           1   58.889727457341827     
           1           2   62.232210706049820     
           1           3   62.204403500753983     
           1           4   42.739713159080402     
           1           1   51.000000000000000     
           1           2   31.266323583605228     
           1           3   39.076743043673240     
           1           4   39.370701089307779     
           1           1   41.641325627314025     
           1           2   24.946630160354495     
           1           3   34.086074385901540     
           1           4   25.813153770246156     
           1           1   38.013155617496423     
           1           2   29.070358138150077     
           1           3   37.077339267821813     
           1           4   18.989094524729865     
           1           1   41.641325627314025     
           1           2   40.568917759820863     
           1           3   46.535982930643144     
           1           4   25.156560062374943     
           1           1   51.000000000000000     
           1           2   54.996258546613042     
           1           3   59.451377843251528     
           1           4   38.511288182487874     
           1           1   48.083261120685229     
           1           2   26.595552169459385     
           1           3   42.072204119557469     
           1           4   42.243204670310945     
           1           1   38.013155617496423     
           1           2   18.763655324089594     
           1           3   37.482515652203183     
           1           4   30.012583096436952     
           1           1   34.000000000000000     
           1           2   23.975531840691996     
           1           3   40.221979063164021     
           1           4   24.393071709468764     
           1           1   38.013155617496423     
           1           2   37.088778531610281     
           1           3   49.078266268253131     
           1           4   29.449766564881930     
           1           1   48.083261120685229     
           1           2   52.481700228647661     
           1           3   61.461734762675725     
           1           4   41.443401815352829     
           1           1   51.000000000000000     
           1           2   31.860065912709018     
           1           3   50.903328693260839     
           1           4   50.960029212824637     
           1           1   41.641325627314025     
           1           2   25.686867576350433     
           1           3   47.180689823211573     
           1           4   41.390716116959034     
           1           1   38.013155617496423     
           1           2   29.708021337809811     
           1           3   49.385079855499356     
           1           4   37.516105661134986     
           1           1   41.641325627314025     
           1           2   41.028257307989122     
           1           3   56.830931124467746     
           1           4   40.984448114866659     
           1           1   51.000000000000000     
           1           2   55.335967179162623     
           1           3   67.813150292653020     
           1           4   50.299023753776275     
           1           1   58.889727457341827     
           1           2   43.598213320340207     
           1           3   63.168246648380190     
           1           4   63.145552606071149     
           1           1   50.999999999999993     
           1           2   39.313554541006468     
           1           3   60.208770164906568     
           1           4   55.710211067889979     
           1           1   48.083261120685229     
           1           2   42.051241795831551     
           1           3   61.951308500389977     
           1           4   52.895126623646568     
           1           1   50.999999999999993     
           1           2   50.685878728638912     
           1           3   68.035529284708588     
           1           4   55.409035579356150     
           1           1   58.889727457341827     
           1           2   62.831597691106744     
           1           3   77.444831106991188     
           1           4   62.613321483028741     
           2           1   62.831597691106744     
           2           2   58.889727457341827     
           2           3   43.377872214041574     
           2           4   62.927484834352214     
           2           1   50.685878728638905     
           2           2   51.000000000000000     
           2           3   31.697902959578705     
           2           4   50.639745111498932     
           2           1   42.051241795831551     
           2           2   48.083261120685229     
           2           3   26.568295132582687     
           2           4   41.795923513394612     
           2           1   39.313554541006468     
           2           2   51.000000000000000     
           2           3   31.384575199756412     
           2           4   38.825438306830293     
           2           1   43.598213320340207     
           2           2   58.889727457341827     
           2           3   42.919795137981659     
           2           4   42.964288625525242     
           2           1   55.335967179162623     
           2           2   51.000000000000000     
           2           3   39.089357958790217     
           2           4   59.979698059994107     
           2           1   41.028257307989129     
           2           2   41.641325627314025     
           2           3   25.516566380443599     
           2           4   46.926321150799929     
           2           1   29.708021337809811     
           2           2   38.013155617496423     
           2           3   18.767323039387716     
           2           4   37.210147193043525     
           2           1   25.686867576350433     
           2           2   41.641325627314025     
           2           3   25.126274460848375     
           2           4   33.839481253528660     
           2           1   31.860065912709018     
           2           2   51.000000000000000     
           2           3   38.580395572091142     
           2           4   38.517865061395476     
           2           1   52.481700228647661     
           2           2   48.083261120685229     
           2           3   41.860673829301312     
           2           4   61.751599259925996     
           2           1   37.088778531610281     
           2           2   38.013155617496423     
           2           3   29.587721569264179     
           2           4   49.170880087084520     
           2           1   23.975531840691996     
           2           2   34.000000000000000     
           2           3   24.011466466616508     
           2           4   40.003635908732065     
           2           1   18.763655324089594     
           2           2   38.013155617496423     
           2           3   29.251799536004576     
           2           4   36.889108464401112     
           2           1   26.595552169459385     
           2           2   48.083261120685229     
           2           3   41.385807112000919     
           2           4   41.222830575765926     
           2           1   54.996258546613042     
           2           2   51.000000000000000     
           2           3   50.543586351344999     
           2           4   67.874559615138011     
           2           1   40.568917759820863     
           2           2   41.641325627314025     
           2           3   40.960607606247947     
           2           4   56.669844541245013     
           2           1   29.070358138150077     
           2           2   38.013155617496423     
           2           3   37.133389687586636     
           2           4   48.928383559124754     
           2           1   24.946630160354495     
           2           2   41.641325627314025     
           2           3   40.718618393890942     
           2           4   46.416615075733191     
           2           1   31.266323583605228     
           2           2   51.000000000000000     
           2           3   50.151003361094006     
           2           4   49.930127102469250     
           2           1   62.232210706049813     
           2           2   58.889727457341834     
           2           3   62.729516410287950     
           2           4   77.321741281087014     
           2           1   49.940931944041466     
           2           2   51.000000000000007     
           2           3   55.300176159626595     
           2           4   67.699092402478399     
           2           1   41.150277247141133     
           2           2   48.083261120685236     
           2           3   52.528342230674689     
           2           4   61.365157455181858     
           2           1   38.348323973725122     
           2           2   51.000000000000007     
           2           3   55.121175529192321     
           2           4   59.381798447665879     
           2           1   42.729879307938383     
           2           2   58.889727457341834     
           2           3   62.413630289682544     
           2           4   62.166819319144565     
           2           1   60.021423467720304     
           2           2   51.000000000000000     
           2           3   39.190719774776085     
           2           4   55.693192737366246     
           2           1   47.157395063432048     
           2           2   41.641325627314025     
           2           3   25.671575150001487     
           2           4   41.306744663085922     
           2           1   37.723580732027621     
           2           2   38.013155617496423     
           2           3   18.977540011796105     
           2           4   29.812121562232527     
           2           1   34.645593909226115     
           2           2   41.641325627314025     
           2           3   25.283676139289369     
           2           4   25.480934626133358     
           2           1   39.440661903677601     
           2           2   51.000000000000000     
           2           3   38.683091051952132     
           2           4   31.429181771106204     
           2           1   52.123227742798882     
           2           2   41.641325627314025     
           2           3   34.383871571970211     
           2           4   52.339540971161149     
           2           1   36.579769058933088     
           2           2   29.444863728670914     
           2           3   17.474778353240705     
           2           4   36.659827965387528     
           2           1   23.180339481596874     
           2           2   24.041630560342615     
           2           3   2.5465923725712782     
           2           4   22.944681820233676     
           2           1   17.736312259296710     
           2           2   29.444863728670914     
           2           3   16.899774759717559     
           2           4   16.940302866587544     
           2           1   25.880985426302431     
           2           2   41.641325627314025     
           2           3   33.804136450238381     
           2           4   25.009784057277795     
           2           1   49.082486342522948     
           2           2   38.013155617496423     
           2           3   37.504516155930574     
           2           4   54.361046539431975     
           2           1   32.098895614041787     
           2           2   24.041630560342615     
           2           3   23.015342411261365     
           2           4   39.492262764271203     
           2           1   15.152152775046567     
           2           2   17.000000000000000     
           2           3   15.192868080937002     
           2           4   27.242508247630099     
           2           1   2.6146448698726630     
           2           2   24.041630560342615     
           2           3   22.581862074282157     
           2           4   22.420296452146800     
           2           1   19.028531258947744     
           2           2   38.013155617496423     
           2           3   36.973744048433225     
           2           4   29.003191727499559     
           2           1   51.762438706075507     
           2           2   41.641325627314025     
           2           3   46.999221694653350     
           2           4   61.227601722203048     
           2           1   36.063814203123663     
           2           2   29.444863728670914     
           2           3   36.497179262517299     
           2           4   48.511180670363750     
           2           1   22.357265686005167     
           2           2   24.041630560342615     
           2           3   32.142827323330955     
           2           4   39.189923289190375     
           2           1   16.646199657333927     
           2           2   29.444863728670914     
           2           3   36.225386161566583     
           2           4   36.005076375319334     
           2           1   25.146462914474160     
           2           2   41.641325627314025     
           2           3   46.576773790933267     
           2           4   40.433661251147306     
           2           1   59.393683637542608     
           2           2   51.000000000000007     
           2           3   59.910474440751095     
           2           4   71.557774171945510     
           2           1   46.355779468300355     
           2           2   41.641325627314032     
           2           3   52.080535730088634     
           2           4   61.033027794982495     
           2           1   36.716575605452320     
           2           2   38.013155617496430     
           2           3   49.127379903167920     
           2           4   53.921664655341068     
           2           1   33.546319593482927     
           2           2   41.641325627314032     
           2           3   51.890429853368296     
           2           4   51.653280211260643     
           2           1   38.478619938159120     
           2           2   51.000000000000007     
           2           3   59.579643877623873     
           2           4   54.832260522095595     
           2           1   61.930064441801782     
           2           2   48.083261120685229     
           2           3   42.049794709514700     
           2           4   53.118688679081885     
           2           1   49.563913443582329     
           2           2   38.013155617496423     
           2           3   29.854689570140888     
           2           4   37.763878566232762     
           2           1   40.691892926234353     
           2           2   34.000000000000000     
           2           3   24.339674269526029     
           2           4   24.670345797031839     
           2           1   37.856027049828157     
           2           2   38.013155617496423     
           2           3   29.521805462467501     
           2           4   19.213052831996244     
           2           1   42.288620432387262     
           2           2   48.083261120685229     
           2           3   41.577088065194324     
           2           4   26.601820172781999     
           2           1   54.310150773147321     
           2           2   38.013155617496423     
           2           3   37.610149466933080     
           2           4   49.591238326700960     
           2           1   39.633837955454105     
           2           2   24.041630560342615     
           2           3   23.187078236427187     
           2           4   32.616044459063488     
           2           1   27.750490899376800     
           2           2   17.000000000000000     
           2           3   15.451791202295723     
           2           4   15.694642192020776     
           2           1   23.395264034278277     
           2           2   24.041630560342615     
           2           3   22.756869415112703     
           2           4   2.6148099195756176     
           2           1   30.043085948530564     
           2           2   38.013155617496423     
           2           3   37.080889414813669     
           2           4   18.583666707500527     
           2           1   51.398950108326794     
           2           2   34.000000000000000     
           2           3   40.482853786977060     
           2           4   51.720274076672162     
           2           1   35.540128113380050     
           2           2   17.000000000000000     
           2           3   27.603961761944813     
           2           4   35.770129828476136     
           2           1   21.502310117581953     
           2           2   0.0000000000000000     
           2           3   21.519664476289115     
           2           4   21.494595258482793     
           2           1   15.478952628322990     
           2           2   17.000000000000000     
           2           3   27.243590317526216     
           2           4   14.917542113429523     
           2           1   24.389477414390562     
           2           2   34.000000000000000     
           2           3   39.991629969361796     
           2           4   23.686462380142284     
           2           1   53.963984910999116     
           2           2   38.013155617496423     
           2           3   49.408496825449760     
           2           4   58.895522600249663     
           2           1   39.158144766468951     
           2           2   24.041630560342615     
           2           3   39.551445141329893     
           2           4   45.532384296635193     
           2           1   27.066749631770342     
           2           2   16.999999999999996     
           2           3   35.572940094751466     
           2           4   35.436047425135094     
           2           1   22.580025901361140     
           2           2   24.041630560342615     
           2           3   39.300780160219780     
           2           4   31.878345228326637     
           2           1   29.412687802772123     
           2           2   38.013155617496423     
           2           3   49.006821723297591     
           2           4   36.806851697426225     
           2           1   61.321866105907219     
           2           2   48.083261120685236     
           2           3   61.818586738643546     
           2           4   69.572828131009246     
           2           1   48.801843169987059     
           2           2   38.013155617496430     
           2           3   54.264674702612417     
           2           4   58.693218105049432     
           2           1   39.760137460341006     
           2           2   34.000000000000007     
           2           3   51.437070044837242     
           2           4   51.258260689442587     
           2           1   36.852641220710524     
           2           2   38.013155617496430     
           2           3   54.082246893177810     
           2           4   48.866396698414420     
           2           1   41.392823037570324     
           2           2   48.083261120685236     
           2           3   61.498021783076808     
           2           4   52.215324988615748     
           2           1   68.162265869321246     
           2           2   51.000000000000000     
           2           3   50.778518625100077     
           2           4   55.852112374457413     
           2           1   57.160678114567851     
           2           2   41.641325627314025     
           2           3   41.250154035794637     
           2           4   41.520764613250691     
           2           1   49.664793934883456     
           2           2   38.013155617496423     
           2           3   37.452536124993358     
           2           4   30.107961263574843     
           2           1   47.369192421569068     
           2           2   41.641325627314025     
           2           3   41.009873401549058     
           2           4   25.826435465020634     
           2           1   50.981261506055695     
           2           2   51.000000000000000     
           2           3   50.387766080946967     
           2           4   31.709938603044126     
           2           1   61.321726033081532     
           2           2   41.641325627314025     
           2           3   47.167743867736050     
           2           4   52.508611564956190     
           2           1   48.801667161619690     
           2           2   29.444863728670914     
           2           3   36.713938984934593     
           2           4   36.900809284613302     
           2           1   39.759921426364890     
           2           2   24.041630560342615     
           2           3   32.388741408190732     
           2           4   23.327776645864805     
           2           1   36.852408142588317     
           2           2   29.444863728670914     
           2           3   36.443762487204822     
           2           4   17.455675312611309     
           2           1   41.392615524814445     
           2           2   41.641325627314025     
           2           3   46.746818912530784     
           2           4   25.361704161969485     
           2           1   58.758945522469872     
           2           2   38.013155617496423     
           2           3   49.488727700205310     
           2           4   54.523849096243040     
           2           1   45.539678446271253     
           2           2   24.041630560342615     
           2           3   39.651625737190358     
           2           4   39.716061708707166     
           2           1   35.680680305551661     
           2           2   17.000000000000000     
           2           3   35.684291751684867     
           2           4   27.565939037692655     
           2           1   32.409251474604936     
           2           2   24.041630560342615     
           2           3   39.401598089880991     
           2           4   22.812199201518037     
           2           1   37.491441893069180     
           2           2   38.013155617496423     
           2           3   49.087709115965701     
           2           4   29.307198258954962     
           2           1   61.015352774108052     
           2           2   41.641325627314025     
           2           3   57.021682518124493     
           2           4   61.372192009576416     
           2           1   48.416132726871680     
           2           2   29.444863728670914     
           2           3   48.729760223244817     
           2           4   48.693545665111181     
           2           1   39.285754953968436     
           2           2   24.041630560342615     
           2           3   45.559925215391665     
           2           4   39.415438939839554     
           2           1   36.340324384634421     
           2           2   29.444863728670914     
           2           3   48.526529237616302     
           2           4   36.250410538367319     
           2           1   40.937364478647808     
           2           2   41.641325627314025     
           2           3   56.673991337000238     
           2           4   40.652277938390178     
           2           1   67.610153596816573     
           2           2   51.000000000000007     
           2           3   68.057405071090542     
           2           4   71.681530283963298     
           2           1   56.501163735469447     
           2           2   41.641325627314032     
           2           3   61.277464366826159     
           2           4   61.178077946521817     
           2           1   48.904295696181208     
           2           2   38.013155617496430     
           2           3   58.788135652058209     
           2           4   54.085789802966289     
           2           1   46.571222569487354     
           2           2   41.641325627314032     
           2           3   61.115972933938849     
           2           4   51.824589684729816     
           2           1   50.240694717469104     
           2           2   51.000000000000007     
           2           3   67.766358924462622     
           2           4   54.993668120707831     
           2           1   77.684336227545586     
           2           2   58.889727457341827     
           2           3   62.981986888371033     
           2           4   63.208558173658851     
           2           1   68.235655849354544     
           2           2   51.000000000000000     
           2           3   55.586400554668849     
           2           4   50.988599350960477     
           2           1   62.091491875044781     
           2           2   48.083261120685229     
           2           3   52.829586226292157     
           2           4   42.217919194966491     
           2           1   60.271070982237845     
           2           2   51.000000000000000     
           2           3   55.408324600716689     
           2           4   39.279360210327667     
           2           1   63.149430966740724     
           2           2   58.889727457341827     
           2           3   62.667373403355072     
           2           4   43.374918742432527     
           2           1   71.757338930248977     
           2           2   51.000000000000000     
           2           3   60.108807842275972     
           2           4   60.274519145184790     
           2           1   61.403292455924749     
           2           2   41.641325627314025     
           2           3   52.308565593378738     
           2           4   47.302569650740963     
           2           1   54.494155269212364     
           2           2   38.013155617496423     
           2           3   49.369051931893061     
           2           4   37.683531322623573     
           2           1   52.410510325527511     
           2           2   41.641325627314025     
           2           3   52.119291465551434     
           2           4   34.359335999450053     
           2           1   55.696590799252924     
           2           2   51.000000000000000     
           2           3   59.779074909940277     
           2           4   38.975369243960436     
           2           1   69.579991991857099     
           2           2   48.083261120685229     
           2           3   61.946806923620954     
           2           4   62.038000370528380     
           2           1   58.844064438684875     
           2           2   38.013155617496423     
           2           3   54.410698784793432     
           2           4   49.530081035201547     
           2           1   51.593338269017814     
           2           2   34.000000000000000     
           2           3   51.591098035093900     
           2           4   40.444336621257428     
           2           1   49.387459823506802     
           2           2   38.013155617496423     
           2           3   54.228762208663937     
           2           4   37.366559944869650     
           2           1   52.861799268429166     
           2           2   48.083261120685229     
           2           3   61.626908935147533     
           2           4   41.650633122360688     
           2           1   71.495698337894225     
           2           2   51.000000000000000     
           2           3   68.115673643039671     
           2           4   68.135228199251756     
           2           1   61.097328214091085     
           2           2   41.641325627314025     
           2           3   61.342173502919167     
           2           4   56.981793225065005     
           2           1   54.149165727438231     
           2           2   38.013155617496423     
           2           3   58.855581759756539     
           2           4   49.289351755972781     
           2           1   52.051712585224045     
           2           2   41.641325627314025     
           2           3   61.180852874870382     
           2           4   46.796961802065411     
           2           1   55.359095161788645     
           2           2   51.000000000000000     
           2           3   67.824877535559793     
           2           4   50.283904694085976     
           2           1   77.200352823412956     
           2           2   58.889727457341834     
           2           3   77.589194503215495     
           2           4   77.550661851170190     
           2           1   67.684142235361477     
           2           2   51.000000000000007     
           2           3   71.716109472523371     
           2           4   67.960434010786713     
           2           1   61.484890373276620     
           2           2   48.083261120685236     
           2           3   69.601132261566718     
           2           4   61.653353747500617     
           2           1   59.645958608199464     
           2           2   51.000000000000007     
           2           3   71.578173113800915     
           2           4   59.679573270042752     
           2           1   62.553089550942595     
           2           2   58.889727457341834     
           2           3   77.334029511764101     
           2           4   62.451316263745419     
           3           1   77.444831106991174     
           3           2   77.334029511764086     
           3           3   58.889727457341827     
           3           4   77.505846591024593     
           3           1   68.035529284708574     
           3           2   71.578173113800901     
           3           3   51.000000000000000     
           3           4   67.982015555249930     
           3           1   61.951308500389970     
           3           2   69.601132261566704     
           3           3   48.083261120685229     
           3           4   61.757207045955759     
           3           1   60.208770164906561     
           3           2   71.716109472523357     
           3           3   51.000000000000000     
           3           4   59.869448012152674     
           3           1   63.168246648380183     
           3           2   77.589194503215495     
           3           3   58.889727457341834     
           3           4   62.711633597305180     
           3           1   67.813150292653006     
           3           2   67.824877535559793     
           3           3   51.000000000000000     
           3           4   71.634586477267774     
           3           1   56.830931124467746     
           3           2   61.180852874870375     
           3           3   41.641325627314025     
           3           4   61.203857418727779     
           3           1   49.385079855499356     
           3           2   58.855581759756532     
           3           3   38.013155617496423     
           3           4   54.206183651819323     
           3           1   47.180689823211573     
           3           2   61.342173502919159     
           3           3   41.641325627314032     
           3           4   52.045254627656192     
           3           1   50.903328693260839     
           3           2   68.115673643039671     
           3           3   51.000000000000007     
           3           4   55.291108800786155     
           3           1   61.461734762675718     
           3           2   61.626908935147526     
           3           3   48.083261120685229     
           3           4   69.526050540404441     
           3           1   49.078266268253131     
           3           2   54.228762208663937     
           3           3   38.013155617496423     
           3           4   58.721971074800237     
           3           1   40.221979063164021     
           3           2   51.591098035093900     
           3           3   34.000000000000000     
           3           4   51.387431051498190     
           3           1   37.482515652203183     
           3           2   54.410698784793439     
           3           3   38.013155617496430     
           3           4   49.102609434074729     
           3           1   42.072204119557469     
           3           2   61.946806923620954     
           3           3   48.083261120685236     
           3           4   52.530604759493187     
           3           1   59.451377843251521     
           3           2   59.779074909940270     
           3           3   51.000000000000000     
           3           4   71.513840812283249     
           3           1   46.535982930643137     
           3           2   52.119291465551434     
           3           3   41.641325627314025     
           3           4   61.062489393140474     
           3           1   37.077339267821813     
           3           2   49.369051931893061     
           3           3   38.013155617496423     
           3           4   54.046515096259412     
           3           1   34.086074385901540     
           3           2   52.308565593378738     
           3           3   41.641325627314032     
           3           4   51.878935775640201     
           3           1   39.076743043673240     
           3           2   60.108807842275972     
           3           3   51.000000000000007     
           3           4   55.134582254478040     
           3           1   62.204403500753983     
           3           2   62.667373403355072     
           3           3   58.889727457341827     
           3           4   77.282515174535462     
           3           1   50.005191677911462     
           3           2   55.408324600716689     
           3           3   51.000000000000000     
           3           4   67.727286486800196     
           3           1   41.347921043321122     
           3           2   52.829586226292157     
           3           3   48.083261120685229     
           3           4   61.476690851313002     
           3           1   38.688266366752195     
           3           2   55.586400554668856     
           3           3   51.000000000000000     
           3           4   59.580044487988729     
           3           1   43.149893792740919     
           3           2   62.981986888371040     
           3           3   58.889727457341834     
           3           4   62.435405695434703     
           3           1   71.632330362884304     
           3           2   67.766358924462608     
           3           3   51.000000000000000     
           3           4   68.027545206687648     
           3           1   61.337770851877636     
           3           2   61.115972933938842     
           3           3   41.641325627314025     
           3           4   56.939837460347000     
           3           1   54.511040284858822     
           3           2   58.788135652058202     
           3           3   38.013155617496423     
           3           4   49.341091122648876     
           3           1   52.522232366851590     
           3           2   61.277464366826152     
           3           3   41.641325627314032     
           3           4   46.956804153778862     
           3           1   55.890216251662551     
           3           2   68.057405071090542     
           3           3   51.000000000000007     
           3           4   50.530581230569155     
           3           1   61.091016038702080     
           3           2   56.673991337000231     
           3           3   41.641325627314025     
           3           4   61.254425397889804     
           3           1   48.613204178504901     
           3           2   48.526529237616295     
           3           3   29.444863728670914     
           3           4   48.646714318527735     
           3           1   39.653183987683242     
           3           2   45.559925215391658     
           3           3   24.041630560342615     
           3           4   39.482920321972841     
           3           1   36.871484648995491     
           3           2   48.729760223244817     
           3           3   29.444863728670917     
           3           4   36.459555404777767     
           3           1   41.528758229462653     
           3           2   57.021682518124493     
           3           3   41.641325627314032     
           3           4   40.959704142936189     
           3           1   53.953996404942160     
           3           2   49.087709115965687     
           3           3   38.013155617496423     
           3           4   58.774674433835564     
           3           1   39.270410080931967     
           3           2   39.401598089880984     
           3           3   24.041630560342615     
           3           4   45.484728623639910     
           3           1   27.409788174749089     
           3           2   35.684291751684867     
           3           3   17.000000000000000     
           3           4   35.514204498045174     
           3           1   23.204048518408740     
           3           2   39.651625737190358     
           3           3   24.041630560342622     
           3           4   32.119416313061734     
           3           1   30.059262258157947     
           3           2   49.488727700205310     
           3           3   38.013155617496430     
           3           4   37.149092686828574     
           3           1   51.652252762953793     
           3           2   46.746818912530777     
           3           3   41.641325627314025     
           3           4   61.113174347116676     
           3           1   36.042843885411145     
           3           2   36.443762487204822     
           3           3   29.444863728670917     
           3           4   48.468734891101541     
           3           1   22.543690363562295     
           3           2   32.388741408190732     
           3           3   24.041630560342618     
           3           4   39.263423756808173     
           3           1   17.185731147327523     
           3           2   36.713938984934600     
           3           3   29.444863728670921     
           3           4   36.221742479752301     
           3           1   25.699819745054153     
           3           2   47.167743867736057     
           3           3   41.641325627314032     
           3           4   40.748163289064905     
           3           1   54.798510042807045     
           3           2   50.387766080946967     
           3           3   51.000000000000000     
           3           4   67.772987264534791     
           3           1   40.422865840656030     
           3           2   41.009873401549058     
           3           3   41.641325627314025     
           3           4   56.635465795926848     
           3           1   29.036863856686175     
           3           2   37.452536124993358     
           3           3   38.013155617496423     
           3           4   48.989531219275854     
           3           1   25.105195527853983     
           3           2   41.250154035794637     
           3           3   41.641325627314032     
           3           4   46.587255255565417     
           3           1   31.549995599870240     
           3           2   50.778518625100084     
           3           3   51.000000000000007     
           3           4   50.187354337621862     
           3           1   69.589364426213919     
           3           2   61.498021783076794     
           3           3   48.083261120685229     
           3           4   61.857396953835867     
           3           1   58.939044962609124     
           3           2   54.082246893177803     
           3           3   38.013155617496423     
           3           4   49.403802900862068     
           3           1   51.797127342783320     
           3           2   51.437070044837228     
           3           3   34.000000000000000     
           3           4   40.412051720124666     
           3           1   49.699836828953103     
           3           2   54.264674702612410     
           3           3   38.013155617496430     
           3           4   37.463743905178980     
           3           1   53.246644595548133     
           3           2   61.818586738643539     
           3           3   48.083261120685236     
           3           4   41.856066353106328     
           3           1   58.682204531424730     
           3           2   49.006821723297584     
           3           3   38.013155617496423     
           3           4   54.320302667438618     
           3           1   45.549231700743505     
           3           2   39.300780160219773     
           3           3   24.041630560342615     
           3           4   39.561262177096218     
           3           1   35.831046431664106     
           3           2   35.572940094751459     
           3           3   17.000000000000000     
           3           4   27.522566163200473     
           3           1   32.726064050663361     
           3           2   39.551445141329886     
           3           3   24.041630560342622     
           3           4   22.975853223994786     
           3           1   37.896261664023967     
           3           2   49.408496825449760     
           3           3   38.013155617496430     
           3           4   29.602162328677206     
           3           1   51.210571331430408     
           3           2   39.991629969361789     
           3           3   34.000000000000000     
           3           4   51.507795583385779     
           3           1   35.406976656466639     
           3           2   27.243590317526213     
           3           3   17.000000000000000     
           3           4   35.601280721663080     
           3           1   21.512446997299623     
           3           2   21.519664476289115     
           3           3   0.0000000000000000     
           3           4   21.444098772983295     
           3           1   15.808755664873733     
           3           2   27.603961761944813     
           3           3   17.000000000000007     
           3           4   15.173910351266342     
           3           1   24.800164022274718     
           3           2   40.482853786977067     
           3           3   34.000000000000007     
           3           4   24.055056402159444     
           3           1   48.779545954375983     
           3           2   37.080889414813662     
           3           3   38.013155617496423     
           3           4   54.160970540026071     
           3           1   31.789549908344569     
           3           2   22.756869415112703     
           3           3   24.041630560342618     
           3           4   39.342202696346014     
           3           1   14.822512041998214     
           3           2   15.451791202295723     
           3           3   17.000000000000004     
           3           4   27.206747254370192     
           3           1   2.6150034598894596     
           3           2   23.187078236427187     
           3           3   24.041630560342622     
           3           4   22.596576716971622     
           3           1   19.286514017708999     
           3           2   37.610149466933088     
           3           3   38.013155617496430     
           3           4   29.308760848742622     
           3           1   52.099573807648703     
           3           2   41.577088065194324     
           3           3   48.083261120685229     
           3           4   61.577337177043368     
           3           1   36.681016490804701     
           3           2   29.521805462467501     
           3           3   38.013155617496423     
           3           4   49.052692453912165     
           3           1   23.550548839862277     
           3           2   24.339674269526032     
           3           3   34.000000000000000     
           3           4   39.982056227023833     
           3           1   18.486744724769427     
           3           2   29.854689570140891     
           3           3   38.013155617496430     
           3           4   36.999500041266764     
           3           1   26.587423913926713     
           3           2   42.049794709514707     
           3           3   48.083261120685236     
           3           4   41.441056773042163     
           3           1   71.639155001098516     
           3           2   59.579643877623866     
           3           3   51.000000000000000     
           3           4   60.024396781316469     
           3           1   61.345740757867375     
           3           2   51.890429853368289     
           3           3   41.641325627314025     
           3           4   47.088495326605184     
           3           1   54.520008152893027     
           3           2   49.127379903167913     
           3           3   38.013155617496423     
           3           4   37.546299089078310     
           3           1   52.531539753290822     
           3           2   52.080535730088627     
           3           3   41.641325627314032     
           3           4   34.352914846477397     
           3           1   55.898962858997891     
           3           2   59.910474440751088     
           3           3   51.000000000000007     
           3           4   39.096303426438304     
           3           1   61.099018132004183     
           3           2   46.576773790933260     
           3           3   41.641325627314025     
           3           4   52.223423221181420     
           3           1   48.623259830610159     
           3           2   36.225386161566568     
           3           3   29.444863728670914     
           3           4   36.629006485317547     
           3           1   39.665511170475028     
           3           2   32.142827323330948     
           3           3   24.041630560342615     
           3           4   23.110220666714525     
           3           1   36.884741510211661     
           3           2   36.497179262517292     
           3           3   29.444863728670917     
           3           4   17.449369112579493     
           3           1   41.540528837933479     
           3           2   46.999221694653350     
           3           3   41.641325627314032     
           3           4   25.551490476875269     
           3           1   53.963056845572900     
           3           2   36.973744048433218     
           3           3   38.013155617496423     
           3           4   49.291415651372269     
           3           1   39.282857380523936     
           3           2   22.581862074282153     
           3           3   24.041630560342615     
           3           4   32.311636295290761     
           3           1   27.427618632295363     
           3           2   15.192868080937002     
           3           3   17.000000000000000     
           3           4   15.376606362977341     
           3           1   23.225108044930330     
           3           2   23.015342411261365     
           3           3   24.041630560342622     
           3           4   2.6149964445022373     
           3           1   30.075521999771500     
           3           2   37.504516155930581     
           3           3   38.013155617496430     
           3           4   18.847715765247617     
           3           1   51.661716885350309     
           3           2   33.804136450238374     
           3           3   41.641325627314025     
           3           4   52.057673602400470     
           3           1   36.056405414324658     
           3           2   16.899774759717555     
           3           3   29.444863728670917     
           3           4   36.392300889843000     
           3           1   22.565366189410540     
           3           2   2.5465923725712774     
           3           3   24.041630560342618     
           3           4   22.733186033191025     
           3           1   17.214154963931403     
           3           2   17.474778353240705     
           3           3   29.444863728670921     
           3           4   16.946856061891705     
           3           1   25.718835723692781     
           3           2   34.383871571970218     
           3           3   41.641325627314032     
           3           4   25.210991919107027     
           3           1   54.807430873610976     
           3           2   38.683091051952125     
           3           3   51.000000000000000     
           3           4   59.735743946750837     
           3           1   40.434958375466358     
           3           2   25.283676139289369     
           3           3   41.641325627314025     
           3           4   46.719988099683661     
           3           1   29.053695783596080     
           3           2   18.977540011796108     
           3           3   38.013155617496423     
           3           4   37.083088749420362     
           3           1   25.124661560821082     
           3           2   25.671575150001491     
           3           3   41.641325627314032     
           3           4   33.846028634984506     
           3           1   31.565487457123997     
           3           2   39.190719774776092     
           3           3   51.000000000000007     
           3           4   38.651673152956725     
           3           1   77.457455530752043     
           3           2   62.413630289682537     
           3           3   58.889727457341827     
           3           4   62.908813850027457     
           3           1   68.049899317768876     
           3           2   55.121175529192314     
           3           3   51.000000000000000     
           3           4   50.714071451424708     
           3           1   61.967089467059310     
           3           2   52.528342230674681     
           3           3   48.083261120685229     
           3           4   42.003752526923286     
           3           1   60.225007736641963     
           3           2   55.300176159626595     
           3           3   51.000000000000000     
           3           4   39.175418434342454     
           3           1   63.183723669459653     
           3           2   62.729516410287950     
           3           3   58.889727457341834     
           3           4   43.394833709424709     
           3           1   67.827567439220360     
           3           2   50.151003361093998     
           3           3   51.000000000000000     
           3           4   55.514651975808356     
           3           1   56.848133518894336     
           3           2   40.718618393890942     
           3           3   41.641325627314025     
           3           4   41.185856397043956     
           3           1   49.404874905641542     
           3           2   37.133389687586636     
           3           3   38.013155617496423     
           3           4   29.810618080152764     
           3           1   47.201409346566564     
           3           2   40.960607606247947     
           3           3   41.641325627314032     
           3           4   25.672380752153369     
           3           1   50.922533559929960     
           3           2   50.543586351344999     
           3           3   51.000000000000007     
           3           4   31.740657155237653     
           3           1   61.477641400313516     
           3           2   41.385807112000919     
           3           3   48.083261120685229     
           3           4   52.765844141573616     
           3           1   49.098185017428030     
           3           2   29.251799536004576     
           3           3   38.013155617496423     
           3           4   37.398295297187580     
           3           1   40.246281217842302     
           3           2   24.011466466616511     
           3           3   34.000000000000000     
           3           4   24.311122440118780     
           3           1   37.508592771866262     
           3           2   29.587721569264183     
           3           3   38.013155617496430     
           3           4   19.011282372876664     
           3           1   42.095438132721107     
           3           2   41.860673829301327     
           3           3   48.083261120685236     
           3           4   26.642579466411565     
           3           1   59.467822219828257     
           3           2   38.580395572091135     
           3           3   51.000000000000000     
           3           4   55.358757500060953     
           3           1   46.556989372479300     
           3           2   25.126274460848375     
           3           3   41.641325627314025     
           3           4   40.975483097986277     
           3           1   37.103701153513015     
           3           2   18.767323039387716     
           3           3   38.013155617496423     
           3           4   29.519288580115937     
           3           1   34.114747824793525     
           3           2   25.516566380443603     
           3           3   41.641325627314032     
           3           4   25.333507089208300     
           3           1   39.101756981103890     
           3           2   39.089357958790224     
           3           3   51.000000000000007     
           3           4   31.467201410385570     
           3           1   62.220120274655976     
           3           2   42.919795137981652     
           3           3   58.889727457341827     
           3           4   62.633455564324969     
           3           1   50.024741347184467     
           3           2   31.384575199756416     
           3           3   51.000000000000000     
           3           4   50.372094845172704     
           3           1   41.371561811379074     
           3           2   26.568295132582691     
           3           3   48.083261120685229     
           3           4   41.590216665147089     
           3           1   38.713531311065012     
           3           2   31.697902959578713     
           3           3   51.000000000000000     
           3           4   38.731696392188695     
           3           1   43.172547833465458     
           3           2   43.377872214041581     
           3           3   58.889727457341834     
           3           4   42.994679770635429     
           4           1   62.613321483028756     
           4           2   62.451316263745426     
           4           3   42.994679770635429     
           4           4   58.889727457341827     
           4           1   55.409035579356164     
           4           2   59.679573270042759     
           4           3   38.731696392188702     
           4           4   51.000000000000000     
           4           1   52.895126623646583     
           4           2   61.653353747500624     
           4           3   41.590216665147096     
           4           4   48.083261120685229     
           4           1   55.710211067889993     
           4           2   67.960434010786727     
           4           3   50.372094845172711     
           4           4   51.000000000000000     
           4           1   63.145552606071163     
           4           2   77.550661851170204     
           4           3   62.633455564324976     
           4           4   58.889727457341827     
           4           1   50.299023753776275     
           4           2   50.283904694085969     
           4           3   31.467201410385563     
           4           4   51.000000000000000     
           4           1   40.984448114866659     
           4           2   46.796961802065404     
           4           3   25.333507089208297     
           4           4   41.641325627314025     
           4           1   37.516105661134986     
           4           2   49.289351755972774     
           4           3   29.519288580115933     
           4           4   38.013155617496423     
           4           1   41.390716116959034     
           4           2   56.981793225065005     
           4           3   40.975483097986277     
           4           4   41.641325627314025     
           4           1   50.960029212824637     
           4           2   68.135228199251756     
           4           3   55.358757500060953     
           4           4   51.000000000000000     
           4           1   41.443401815352829     
           4           2   41.650633122360688     
           4           3   26.642579466411561     
           4           4   48.083261120685229     
           4           1   29.449766564881934     
           4           2   37.366559944869650     
           4           3   19.011282372876664     
           4           4   38.013155617496423     
           4           1   24.393071709468767     
           4           2   40.444336621257428     
           4           3   24.311122440118780     
           4           4   34.000000000000000     
           4           1   30.012583096436952     
           4           2   49.530081035201547     
           4           3   37.398295297187587     
           4           4   38.013155617496423     
           4           1   42.243204670310945     
           4           2   62.038000370528380     
           4           3   52.765844141573616     
           4           4   48.083261120685229     
           4           1   38.511288182487874     
           4           2   38.975369243960436     
           4           3   31.740657155237649     
           4           4   51.000000000000000     
           4           1   25.156560062374950     
           4           2   34.359335999450053     
           4           3   25.672380752153373     
           4           4   41.641325627314025     
           4           1   18.989094524729868     
           4           2   37.683531322623573     
           4           3   29.810618080152764     
           4           4   38.013155617496423     
           4           1   25.813153770246160     
           4           2   47.302569650740963     
           4           3   41.185856397043963     
           4           4   41.641325627314025     
           4           1   39.370701089307779     
           4           2   60.274519145184790     
           4           3   55.514651975808356     
           4           4   51.000000000000000     
           4           1   42.739713159080402     
           4           2   43.374918742432534     
           4           3   43.394833709424717     
           4           4   58.889727457341827     
           4           1   31.247660354300425     
           4           2   39.279360210327667     
           4           3   39.175418434342461     
           4           4   51.000000000000000     
           4           1   26.535814935949606     
           4           2   42.217919194966491     
           4           3   42.003752526923293     
           4           4   48.083261120685229     
           4           1   31.778651183022443     
           4           2   50.988599350960484     
           4           3   50.714071451424715     
           4           4   51.000000000000000     
           4           1   43.515696796781981     
           4           2   63.208558173658858     
           4           3   62.908813850027464     
           4           4   58.889727457341827     
           4           1   59.718726243177926     
           4           2   54.993668120707838     
           4           3   38.651673152956725     
           4           4   51.000000000000000     
           4           1   52.115827354124157     
           4           2   51.824589684729830     
           4           3   33.846028634984513     
           4           4   41.641325627314025     
           4           1   49.434731287851903     
           4           2   54.085789802966296     
           4           3   37.083088749420369     
           4           4   38.013155617496423     
           4           1   52.435921410797874     
           4           2   61.178077946521825     
           4           3   46.719988099683668     
           4           4   41.641325627314025     
           4           1   60.276521556047165     
           4           2   71.681530283963298     
           4           3   59.735743946750844     
           4           4   51.000000000000000     
           4           1   46.646436386432228     
           4           2   40.652277938390178     
           4           3   25.210991919107020     
           4           4   41.641325627314025     
           4           1   36.409109083452130     
           4           2   36.250410538367319     
           4           3   16.946856061891701     
           4           4   29.444863728670914     
           4           1   32.455452869247779     
           4           2   39.415438939839554     
           4           3   22.733186033191021     
           4           4   24.041630560342615     
           4           1   36.865832659051819     
           4           2   48.693545665111181     
           4           3   36.392300889843000     
           4           4   29.444863728670914     
           4           1   47.358450294983882     
           4           2   61.372192009576416     
           4           3   52.057673602400477     
           4           4   41.641325627314025     
           4           1   36.924975165859067     
           4           2   29.307198258954962     
           4           3   18.847715765247614     
           4           4   38.013155617496423     
           4           1   22.653630783972723     
           4           2   22.812199201518037     
           4           3   2.6149964445022373     
           4           4   24.041630560342615     
           4           1   15.521603795800361     
           4           2   27.565939037692655     
           4           3   15.376606362977341     
           4           4   17.000000000000000     
           4           1   23.380619775597307     
           4           2   39.716061708707166     
           4           3   32.311636295290768     
           4           4   24.041630560342615     
           4           1   37.820451845374606     
           4           2   54.523849096243040     
           4           3   49.291415651372276     
           4           4   38.013155617496423     
           4           1   33.600856454042201     
           4           2   25.361704161969488     
           4           3   25.551490476875266     
           4           4   41.641325627314025     
           4           1   16.695830351988995     
           4           2   17.455675312611312     
           4           3   17.449369112579497     
           4           4   29.444863728670917     
           4           1   2.5463597231429382     
           4           2   23.327776645864809     
           4           3   23.110220666714529     
           4           4   24.041630560342618     
           4           1   17.669667357844975     
           4           2   36.900809284613302     
           4           3   36.629006485317554     
           4           4   29.444863728670917     
           4           1   34.582514963983456     
           4           2   52.508611564956190     
           4           3   52.223423221181427     
           4           4   41.641325627314025     
           4           1   38.374227261157834     
           4           2   31.709938603044129     
           4           3   39.096303426438311     
           4           4   51.000000000000000     
           4           1   24.946232472825173     
           4           2   25.826435465020641     
           4           3   34.352914846477404     
           4           4   41.641325627314025     
           4           1   18.709562028157819     
           4           2   30.107961263574847     
           4           3   37.546299089078317     
           4           4   38.013155617496423     
           4           1   25.608219539490296     
           4           2   41.520764613250691     
           4           3   47.088495326605198     
           4           4   41.641325627314025     
           4           1   39.236642372659510     
           4           2   55.852112374457413     
           4           3   60.024396781316476     
           4           4   51.000000000000000     
           4           1   61.564799204400458     
           4           2   52.215324988615755     
           4           3   41.441056773042163     
           4           4   48.083261120685229     
           4           1   54.221376760235394     
           4           2   48.866396698414427     
           4           3   36.999500041266771     
           4           4   38.013155617496423     
           4           1   51.649694040455294     
           4           2   51.258260689442594     
           4           3   39.982056227023840     
           4           4   34.000000000000000     
           4           1   54.529112326993648     
           4           2   58.693218105049446     
           4           3   49.052692453912172     
           4           4   38.013155617496423     
           4           1   62.106016519071140     
           4           2   69.572828131009246     
           4           3   61.577337177043376     
           4           4   48.083261120685229     
           4           1   48.987633791845745     
           4           2   36.806851697426225     
           4           3   29.308760848742615     
           4           4   38.013155617496423     
           4           1   39.363961452339055     
           4           2   31.878345228326634     
           4           3   22.596576716971619     
           4           4   24.041630560342615     
           4           1   35.738699723387846     
           4           2   35.436047425135087     
           4           3   27.206747254370189     
           4           4   17.000000000000000     
           4           1   39.786779897545493     
           4           2   45.532384296635186     
           4           3   39.342202696346021     
           4           4   24.041630560342615     
           4           1   49.666095591590221     
           4           2   58.895522600249656     
           4           3   54.160970540026071     
           4           4   38.013155617496423     
           4           1   39.841586664813285     
           4           2   23.686462380142284     
           4           3   24.055056402159440     
           4           4   34.000000000000000     
           4           1   27.149313521101700     
           4           2   14.917542113429523     
           4           3   15.173910351266342     
           4           4   17.000000000000000     
           4           1   21.559647987950154     
           4           2   21.494595258482793     
           4           3   21.444098772983295     
           4           4   0.0000000000000000     
           4           1   27.758811539069370     
           4           2   35.770129828476136     
           4           3   35.601280721663088     
           4           4   17.000000000000000     
           4           1   40.672900250152047     
           4           2   51.720274076672162     
           4           3   51.507795583385786     
           4           4   34.000000000000000     
           4           1   36.782003635142935     
           4           2   18.583666707500527     
           4           3   29.602162328677206     
           4           4   38.013155617496423     
           4           1   22.419834703068528     
           4           2   2.6148099195756167     
           4           3   22.975853223994790     
           4           4   24.041630560342618     
           4           1   15.178345918121760     
           4           2   15.694642192020774     
           4           3   27.522566163200477     
           4           4   17.000000000000004     
           4           1   23.154165532521596     
           4           2   32.616044459063488     
           4           3   39.561262177096218     
           4           4   24.041630560342618     
           4           1   37.680878150656980     
           4           2   49.591238326700960     
           4           3   54.320302667438625     
           4           4   38.013155617496423     
           4           1   41.188342463147364     
           4           2   26.601820172782002     
           4           3   41.856066353106335     
           4           4   48.083261120685229     
           4           1   29.089736189225853     
           4           2   19.213052831996247     
           4           3   37.463743905178994     
           4           4   38.013155617496423     
           4           1   23.957169036762334     
           4           2   24.670345797031839     
           4           3   40.412051720124680     
           4           4   34.000000000000000     
           4           1   29.659385444632051     
           4           2   37.763878566232762     
           4           3   49.403802900862082     
           4           4   38.013155617496423     
           4           1   41.993003484515121     
           4           2   53.118688679081885     
           4           3   61.857396953835881     
           4           4   48.083261120685229     
           4           1   67.765203003080174     
           4           2   54.832260522095602     
           4           3   50.187354337621869     
           4           4   51.000000000000000     
           4           1   61.170711412782452     
           4           2   51.653280211260650     
           4           3   46.587255255565431     
           4           4   41.641325627314025     
           4           1   58.903218345377027     
           4           2   53.921664655341075     
           4           3   48.989531219275861     
           4           4   38.013155617496423     
           4           1   61.443651650438291     
           4           2   61.033027794982502     
           4           3   56.635465795926855     
           4           4   41.641325627314025     
           4           1   68.257274519553263     
           4           2   71.557774171945525     
           4           3   67.772987264534805     
           4           4   51.000000000000000     
           4           1   56.583447239404798     
           4           2   40.433661251147306     
           4           3   40.748163289064898     
           4           4   41.641325627314025     
           4           1   48.491439432045667     
           4           2   36.005076375319334     
           4           3   36.221742479752294     
           4           4   29.444863728670914     
           4           1   45.597729054076822     
           4           2   39.189923289190375     
           4           3   39.263423756808166     
           4           4   24.041630560342615     
           4           1   48.835295551335086     
           4           2   48.511180670363750     
           4           3   48.468734891101548     
           4           4   29.444863728670914     
           4           1   57.171839993859713     
           4           2   61.227601722203048     
           4           3   61.113174347116676     
           4           4   41.641325627314025     
           4           1   48.879957701908317     
           4           2   29.003191727499559     
           4           3   37.149092686828574     
           4           4   38.013155617496423     
           4           1   39.229879704602645     
           4           2   22.420296452146800     
           4           3   32.119416313061734     
           4           4   24.041630560342615     
           4           1   35.590963155481504     
           4           2   27.242508247630099     
           4           3   35.514204498045174     
           4           4   16.999999999999996     
           4           1   39.654127843543471     
           4           2   39.492262764271203     
           4           3   45.484728623639917     
           4           4   24.041630560342615     
           4           1   49.559893580690193     
           4           2   54.361046539431975     
           4           3   58.774674433835564     
           4           4   38.013155617496423     
           4           1   46.419974454820490     
           4           2   25.009784057277795     
           4           3   40.959704142936189     
           4           4   41.641325627314025     
           4           1   36.118516374339556     
           4           2   16.940302866587544     
           4           3   36.459555404777774     
           4           4   29.444863728670914     
           4           1   32.129121086339758     
           4           2   22.944681820233676     
           4           3   39.482920321972841     
           4           4   24.041630560342615     
           4           1   36.578868469075559     
           4           2   36.659827965387528     
           4           3   48.646714318527749     
           4           4   29.444863728670914     
           4           1   47.135409356185477     
           4           2   52.339540971161149     
           4           3   61.254425397889811     
           4           4   41.641325627314025     
           4           1   49.983775285906795     
           4           2   31.429181771106204     
           4           3   50.530581230569162     
           4           4   51.000000000000000     
           4           1   40.596933240446553     
           4           2   25.480934626133358     
           4           3   46.956804153778876     
           4           4   41.641325627314025     
           4           1   37.092373680131637     
           4           2   29.812121562232527     
           4           3   49.341091122648884     
           4           4   38.013155617496423     
           4           1   41.007040638453411     
           4           2   41.306744663085922     
           4           3   56.939837460347007     
           4           4   41.641325627314025     
           4           1   50.648895137219107     
           4           2   55.693192737366246     
           4           3   68.027545206687662     
           4           4   51.000000000000000     
           4           1   77.278852055521526     
           4           2   62.166819319144572     
           4           3   62.435405695434710     
           4           4   58.889727457341827     
           4           1   71.566431877776552     
           4           2   59.381798447665886     
           4           3   59.580044487988737     
           4           4   51.000000000000000     
           4           1   69.638260808363668     
           4           2   61.365157455181865     
           4           3   61.476690851313009     
           4           4   48.083261120685229     
           4           1   71.799864659419299     
           4           2   67.699092402478414     
           4           3   67.727286486800196     
           4           4   51.000000000000000     
           4           1   77.710705580429362     
           4           2   77.321741281087029     
           4           3   77.282515174535462     
           4           4   58.889727457341827     
           4           1   67.687404577698388     
           4           2   49.930127102469250     
           4           3   55.134582254478040     
           4           4   51.000000000000000     
           4           1   61.084514692041814     
           4           2   46.416615075733191     
           4           3   51.878935775640201     
           4           4   41.641325627314025     
           4           1   58.813698505191120     
           4           2   48.928383559124754     
           4           3   54.046515096259412     
           4           4   38.013155617496423     
           4           1   61.357838362810398     
           4           2   56.669844541245013     
           4           3   61.062489393140474     
           4           4   41.641325627314025     
           4           1   68.180037586188050     
           4           2   67.874559615138011     
           4           3   71.513840812283249     
           4           4   51.000000000000000     
           4           1   61.393391353718727     
           4           2   41.222830575765926     
           4           3   52.530604759493187     
           4           4   48.083261120685229     
           4           1   54.026675805643578     
           4           2   36.889108464401112     
           4           3   49.102609434074729     
           4           4   38.013155617496423     
           4           1   51.445261154992309     
           4           2   40.003635908732065     
           4           3   51.387431051498190     
           4           4   34.000000000000000     
           4           1   54.335514095318985     
           4           2   49.170880087084520     
           4           3   58.721971074800244     
           4           4   38.013155617496423     
           4           1   61.936106502587450     
           4           2   61.751599259925996     
           4           3   69.526050540404441     
           4           4   48.083261120685229     
           4           1   59.453446202526443     
           4           2   38.517865061395476     
           4           3   55.291108800786155     
           4           4   51.000000000000000     
           4           1   51.811634427548732     
           4           2   33.839481253528660     
           4           3   52.045254627656192     
           4           4   41.641325627314025     
           4           1   49.113935484251321     
           4           2   37.210147193043525     
           4           3   54.206183651819323     
           4           4   38.013155617496423     
           4           1   52.133596225931399     
           4           2   46.926321150799929     
           4           3   61.203857418727786     
           4           4   41.641325627314025     
           4           1   60.013707202152546     
           4           2   59.979698059994107     
           4           3   71.634586477267788     
           4           4   51.000000000000000     
           4           1   62.275806127279843     
           4           2   42.964288625525242     
           4           3   62.711633597305187     
           4           4   58.889727457341827     
           4           1   55.027349795349892     
           4           2   38.825438306830293     
           4           3   59.869448012152681     
           4           4   51.000000000000000     
           4           1   52.495165703110622     
           4           2   41.795923513394619     
           4           3   61.757207045955766     
           4           4   48.083261120685229     
           4           1   55.330602914610360     
           4           2   50.639745111498939     
           4           3   67.982015555249944     
           4           4   51.000000000000000     
           4           1   62.810897267843075     
           4           2   62.927484834352221     
           4           3   77.505846591024607     
           4           4   58.889727457341827     
   1   4  2.5464
   2   3  2.5466
   3   2  2.5466
   4   1  2.5464
