           6
  0.0000061845878540  0.0000050450433530  0.1052803934071730
  0.9999967565886146  0.9999955431919422  0.8947196065928269
  0.8947210365140242  0.0000083656847950  0.0000045212024431
  0.9999936223856767  0.8947205481229382  0.0000044556032223
  0.1052813164271491  0.9999928107857953  0.9999954787975569
  0.0000093187907990  0.1052806283476449  0.9999949561614826
           1           1  -1.9999938154121459       -1.9999949549566469       -1.8947196065928269     
           2           2  -1.0000032434113852       -1.0000044568080577       -1.1052803934071731     
           3           3  -1.1052789634859757       -1.9999916343152051       -1.9999954787975569     
           4           4  -1.0000063776143233       -1.1052794518770619       -1.9999955443967776     
           5           5  -1.8947186835728509       -1.0000071892142048       -1.0000045212024431     
           6           6  -1.9999906812092010       -1.8947193716523552       -1.0000050438385175     
           7           1  -1.9999938154121459       -1.9999949549566469      -0.89471960659282701     
           8           2  -1.0000032434113852       -1.0000044568080577      -0.10528039340717310     
           9           3  -1.1052789634859757       -1.9999916343152051      -0.99999547879755690     
          10           4  -1.0000063776143233       -1.1052794518770619      -0.99999554439677774     
          11           5  -1.8947186835728509       -1.0000071892142048       -4.5212024430973941E-006
          12           6  -1.9999906812092010       -1.8947193716523552       -5.0438385174045308E-006
          13           1  -1.9999938154121459       -1.9999949549566469       0.10528039340717300     
          14           2  -1.0000032434113852       -1.0000044568080577       0.89471960659282690     
          15           3  -1.1052789634859757       -1.9999916343152051        4.5212024431000004E-006
          16           4  -1.0000063776143233       -1.1052794518770619        4.4556032222999998E-006
          17           5  -1.8947186835728509       -1.0000071892142048       0.99999547879755690     
          18           6  -1.9999906812092010       -1.8947193716523552       0.99999495616148260     
          19           1  -1.9999938154121459       -1.9999949549566469        1.1052803934071731     
          20           2  -1.0000032434113852       -1.0000044568080577        1.8947196065928269     
          21           3  -1.1052789634859757       -1.9999916343152051        1.0000045212024431     
          22           4  -1.0000063776143233       -1.1052794518770619        1.0000044556032224     
          23           5  -1.8947186835728509       -1.0000071892142048        1.9999954787975569     
          24           6  -1.9999906812092010       -1.8947193716523552        1.9999949561614825     
          25           1  -1.9999938154121459       -1.9999949549566469        2.1052803934071731     
          26           2  -1.0000032434113852       -1.0000044568080577        2.8947196065928269     
          27           3  -1.1052789634859757       -1.9999916343152051        2.0000045212024431     
          28           4  -1.0000063776143233       -1.1052794518770619        2.0000044556032224     
          29           5  -1.8947186835728509       -1.0000071892142048        2.9999954787975569     
          30           6  -1.9999906812092010       -1.8947193716523552        2.9999949561614825     
          31           1  -1.9999938154121459      -0.99999495495664703       -1.8947196065928269     
          32           2  -1.0000032434113852       -4.4568080578288871E-006  -1.1052803934071731     
          33           3  -1.1052789634859757      -0.99999163431520499       -1.9999954787975569     
          34           4  -1.0000063776143233      -0.10527945187706178       -1.9999955443967776     
          35           5  -1.8947186835728509       -7.1892142047280672E-006  -1.0000045212024431     
          36           6  -1.9999906812092010      -0.89471937165235516       -1.0000050438385175     
          37           1  -1.9999938154121459      -0.99999495495664703      -0.89471960659282701     
          38           2  -1.0000032434113852       -4.4568080578288871E-006 -0.10528039340717310     
          39           3  -1.1052789634859757      -0.99999163431520499      -0.99999547879755690     
          40           4  -1.0000063776143233      -0.10527945187706178      -0.99999554439677774     
          41           5  -1.8947186835728509       -7.1892142047280672E-006  -4.5212024430973941E-006
          42           6  -1.9999906812092010      -0.89471937165235516       -5.0438385174045308E-006
          43           1  -1.9999938154121459      -0.99999495495664703       0.10528039340717300     
          44           2  -1.0000032434113852       -4.4568080578288871E-006  0.89471960659282690     
          45           3  -1.1052789634859757      -0.99999163431520499        4.5212024431000004E-006
          46           4  -1.0000063776143233      -0.10527945187706178        4.4556032222999998E-006
          47           5  -1.8947186835728509       -7.1892142047280672E-006  0.99999547879755690     
          48           6  -1.9999906812092010      -0.89471937165235516       0.99999495616148260     
          49           1  -1.9999938154121459      -0.99999495495664703        1.1052803934071731     
          50           2  -1.0000032434113852       -4.4568080578288871E-006   1.8947196065928269     
          51           3  -1.1052789634859757      -0.99999163431520499        1.0000045212024431     
          52           4  -1.0000063776143233      -0.10527945187706178        1.0000044556032224     
          53           5  -1.8947186835728509       -7.1892142047280672E-006   1.9999954787975569     
          54           6  -1.9999906812092010      -0.89471937165235516        1.9999949561614825     
          55           1  -1.9999938154121459      -0.99999495495664703        2.1052803934071731     
          56           2  -1.0000032434113852       -4.4568080578288871E-006   2.8947196065928269     
          57           3  -1.1052789634859757      -0.99999163431520499        2.0000045212024431     
          58           4  -1.0000063776143233      -0.10527945187706178        2.0000044556032224     
          59           5  -1.8947186835728509       -7.1892142047280672E-006   2.9999954787975569     
          60           6  -1.9999906812092010      -0.89471937165235516        2.9999949561614825     
          61           1  -1.9999938154121459        5.0450433530000000E-006  -1.8947196065928269     
          62           2  -1.0000032434113852       0.99999554319194217       -1.1052803934071731     
          63           3  -1.1052789634859757        8.3656847949999994E-006  -1.9999954787975569     
          64           4  -1.0000063776143233       0.89472054812293822       -1.9999955443967776     
          65           5  -1.8947186835728509       0.99999281078579527       -1.0000045212024431     
          66           6  -1.9999906812092010       0.10528062834764490       -1.0000050438385175     
          67           1  -1.9999938154121459        5.0450433530000000E-006 -0.89471960659282701     
          68           2  -1.0000032434113852       0.99999554319194217      -0.10528039340717310     
          69           3  -1.1052789634859757        8.3656847949999994E-006 -0.99999547879755690     
          70           4  -1.0000063776143233       0.89472054812293822      -0.99999554439677774     
          71           5  -1.8947186835728509       0.99999281078579527       -4.5212024430973941E-006
          72           6  -1.9999906812092010       0.10528062834764490       -5.0438385174045308E-006
          73           1  -1.9999938154121459        5.0450433530000000E-006  0.10528039340717300     
          74           2  -1.0000032434113852       0.99999554319194217       0.89471960659282690     
          75           3  -1.1052789634859757        8.3656847949999994E-006   4.5212024431000004E-006
          76           4  -1.0000063776143233       0.89472054812293822        4.4556032222999998E-006
          77           5  -1.8947186835728509       0.99999281078579527       0.99999547879755690     
          78           6  -1.9999906812092010       0.10528062834764490       0.99999495616148260     
          79           1  -1.9999938154121459        5.0450433530000000E-006   1.1052803934071731     
          80           2  -1.0000032434113852       0.99999554319194217        1.8947196065928269     
          81           3  -1.1052789634859757        8.3656847949999994E-006   1.0000045212024431     
          82           4  -1.0000063776143233       0.89472054812293822        1.0000044556032224     
          83           5  -1.8947186835728509       0.99999281078579527        1.9999954787975569     
          84           6  -1.9999906812092010       0.10528062834764490        1.9999949561614825     
          85           1  -1.9999938154121459        5.0450433530000000E-006   2.1052803934071731     
          86           2  -1.0000032434113852       0.99999554319194217        2.8947196065928269     
          87           3  -1.1052789634859757        8.3656847949999994E-006   2.0000045212024431     
          88           4  -1.0000063776143233       0.89472054812293822        2.0000044556032224     
          89           5  -1.8947186835728509       0.99999281078579527        2.9999954787975569     
          90           6  -1.9999906812092010       0.10528062834764490        2.9999949561614825     
          91           1  -1.9999938154121459        1.0000050450433531       -1.8947196065928269     
          92           2  -1.0000032434113852        1.9999955431919423       -1.1052803934071731     
          93           3  -1.1052789634859757        1.0000083656847949       -1.9999954787975569     
          94           4  -1.0000063776143233        1.8947205481229381       -1.9999955443967776     
          95           5  -1.8947186835728509        1.9999928107857952       -1.0000045212024431     
          96           6  -1.9999906812092010        1.1052806283476448       -1.0000050438385175     
          97           1  -1.9999938154121459        1.0000050450433531      -0.89471960659282701     
          98           2  -1.0000032434113852        1.9999955431919423      -0.10528039340717310     
          99           3  -1.1052789634859757        1.0000083656847949      -0.99999547879755690     
         100           4  -1.0000063776143233        1.8947205481229381      -0.99999554439677774     
         101           5  -1.8947186835728509        1.9999928107857952       -4.5212024430973941E-006
         102           6  -1.9999906812092010        1.1052806283476448       -5.0438385174045308E-006
         103           1  -1.9999938154121459        1.0000050450433531       0.10528039340717300     
         104           2  -1.0000032434113852        1.9999955431919423       0.89471960659282690     
         105           3  -1.1052789634859757        1.0000083656847949        4.5212024431000004E-006
         106           4  -1.0000063776143233        1.8947205481229381        4.4556032222999998E-006
         107           5  -1.8947186835728509        1.9999928107857952       0.99999547879755690     
         108           6  -1.9999906812092010        1.1052806283476448       0.99999495616148260     
         109           1  -1.9999938154121459        1.0000050450433531        1.1052803934071731     
         110           2  -1.0000032434113852        1.9999955431919423        1.8947196065928269     
         111           3  -1.1052789634859757        1.0000083656847949        1.0000045212024431     
         112           4  -1.0000063776143233        1.8947205481229381        1.0000044556032224     
         113           5  -1.8947186835728509        1.9999928107857952        1.9999954787975569     
         114           6  -1.9999906812092010        1.1052806283476448        1.9999949561614825     
         115           1  -1.9999938154121459        1.0000050450433531        2.1052803934071731     
         116           2  -1.0000032434113852        1.9999955431919423        2.8947196065928269     
         117           3  -1.1052789634859757        1.0000083656847949        2.0000045212024431     
         118           4  -1.0000063776143233        1.8947205481229381        2.0000044556032224     
         119           5  -1.8947186835728509        1.9999928107857952        2.9999954787975569     
         120           6  -1.9999906812092010        1.1052806283476448        2.9999949561614825     
         121           1  -1.9999938154121459        2.0000050450433529       -1.8947196065928269     
         122           2  -1.0000032434113852        2.9999955431919423       -1.1052803934071731     
         123           3  -1.1052789634859757        2.0000083656847951       -1.9999954787975569     
         124           4  -1.0000063776143233        2.8947205481229381       -1.9999955443967776     
         125           5  -1.8947186835728509        2.9999928107857952       -1.0000045212024431     
         126           6  -1.9999906812092010        2.1052806283476451       -1.0000050438385175     
         127           1  -1.9999938154121459        2.0000050450433529      -0.89471960659282701     
         128           2  -1.0000032434113852        2.9999955431919423      -0.10528039340717310     
         129           3  -1.1052789634859757        2.0000083656847951      -0.99999547879755690     
         130           4  -1.0000063776143233        2.8947205481229381      -0.99999554439677774     
         131           5  -1.8947186835728509        2.9999928107857952       -4.5212024430973941E-006
         132           6  -1.9999906812092010        2.1052806283476451       -5.0438385174045308E-006
         133           1  -1.9999938154121459        2.0000050450433529       0.10528039340717300     
         134           2  -1.0000032434113852        2.9999955431919423       0.89471960659282690     
         135           3  -1.1052789634859757        2.0000083656847951        4.5212024431000004E-006
         136           4  -1.0000063776143233        2.8947205481229381        4.4556032222999998E-006
         137           5  -1.8947186835728509        2.9999928107857952       0.99999547879755690     
         138           6  -1.9999906812092010        2.1052806283476451       0.99999495616148260     
         139           1  -1.9999938154121459        2.0000050450433529        1.1052803934071731     
         140           2  -1.0000032434113852        2.9999955431919423        1.8947196065928269     
         141           3  -1.1052789634859757        2.0000083656847951        1.0000045212024431     
         142           4  -1.0000063776143233        2.8947205481229381        1.0000044556032224     
         143           5  -1.8947186835728509        2.9999928107857952        1.9999954787975569     
         144           6  -1.9999906812092010        2.1052806283476451        1.9999949561614825     
         145           1  -1.9999938154121459        2.0000050450433529        2.1052803934071731     
         146           2  -1.0000032434113852        2.9999955431919423        2.8947196065928269     
         147           3  -1.1052789634859757        2.0000083656847951        2.0000045212024431     
         148           4  -1.0000063776143233        2.8947205481229381        2.0000044556032224     
         149           5  -1.8947186835728509        2.9999928107857952        2.9999954787975569     
         150           6  -1.9999906812092010        2.1052806283476451        2.9999949561614825     
         151           1 -0.99999381541214605       -1.9999949549566469       -1.8947196065928269     
         152           2  -3.2434113853563318E-006  -1.0000044568080577       -1.1052803934071731     
         153           3 -0.10527896348597576       -1.9999916343152051       -1.9999954787975569     
         154           4  -6.3776143233162941E-006  -1.1052794518770619       -1.9999955443967776     
         155           5 -0.89471868357285089       -1.0000071892142048       -1.0000045212024431     
         156           6 -0.99999068120920098       -1.8947193716523552       -1.0000050438385175     
         157           1 -0.99999381541214605       -1.9999949549566469      -0.89471960659282701     
         158           2  -3.2434113853563318E-006  -1.0000044568080577      -0.10528039340717310     
         159           3 -0.10527896348597576       -1.9999916343152051      -0.99999547879755690     
         160           4  -6.3776143233162941E-006  -1.1052794518770619      -0.99999554439677774     
         161           5 -0.89471868357285089       -1.0000071892142048       -4.5212024430973941E-006
         162           6 -0.99999068120920098       -1.8947193716523552       -5.0438385174045308E-006
         163           1 -0.99999381541214605       -1.9999949549566469       0.10528039340717300     
         164           2  -3.2434113853563318E-006  -1.0000044568080577       0.89471960659282690     
         165           3 -0.10527896348597576       -1.9999916343152051        4.5212024431000004E-006
         166           4  -6.3776143233162941E-006  -1.1052794518770619        4.4556032222999998E-006
         167           5 -0.89471868357285089       -1.0000071892142048       0.99999547879755690     
         168           6 -0.99999068120920098       -1.8947193716523552       0.99999495616148260     
         169           1 -0.99999381541214605       -1.9999949549566469        1.1052803934071731     
         170           2  -3.2434113853563318E-006  -1.0000044568080577        1.8947196065928269     
         171           3 -0.10527896348597576       -1.9999916343152051        1.0000045212024431     
         172           4  -6.3776143233162941E-006  -1.1052794518770619        1.0000044556032224     
         173           5 -0.89471868357285089       -1.0000071892142048        1.9999954787975569     
         174           6 -0.99999068120920098       -1.8947193716523552        1.9999949561614825     
         175           1 -0.99999381541214605       -1.9999949549566469        2.1052803934071731     
         176           2  -3.2434113853563318E-006  -1.0000044568080577        2.8947196065928269     
         177           3 -0.10527896348597576       -1.9999916343152051        2.0000045212024431     
         178           4  -6.3776143233162941E-006  -1.1052794518770619        2.0000044556032224     
         179           5 -0.89471868357285089       -1.0000071892142048        2.9999954787975569     
         180           6 -0.99999068120920098       -1.8947193716523552        2.9999949561614825     
         181           1 -0.99999381541214605      -0.99999495495664703       -1.8947196065928269     
         182           2  -3.2434113853563318E-006  -4.4568080578288871E-006  -1.1052803934071731     
         183           3 -0.10527896348597576      -0.99999163431520499       -1.9999954787975569     
         184           4  -6.3776143233162941E-006 -0.10527945187706178       -1.9999955443967776     
         185           5 -0.89471868357285089       -7.1892142047280672E-006  -1.0000045212024431     
         186           6 -0.99999068120920098      -0.89471937165235516       -1.0000050438385175     
         187           1 -0.99999381541214605      -0.99999495495664703      -0.89471960659282701     
         188           2  -3.2434113853563318E-006  -4.4568080578288871E-006 -0.10528039340717310     
         189           3 -0.10527896348597576      -0.99999163431520499      -0.99999547879755690     
         190           4  -6.3776143233162941E-006 -0.10527945187706178      -0.99999554439677774     
         191           5 -0.89471868357285089       -7.1892142047280672E-006  -4.5212024430973941E-006
         192           6 -0.99999068120920098      -0.89471937165235516       -5.0438385174045308E-006
         193           1 -0.99999381541214605      -0.99999495495664703       0.10528039340717300     
         194           2  -3.2434113853563318E-006  -4.4568080578288871E-006  0.89471960659282690     
         195           3 -0.10527896348597576      -0.99999163431520499        4.5212024431000004E-006
         196           4  -6.3776143233162941E-006 -0.10527945187706178        4.4556032222999998E-006
         197           5 -0.89471868357285089       -7.1892142047280672E-006  0.99999547879755690     
         198           6 -0.99999068120920098      -0.89471937165235516       0.99999495616148260     
         199           1 -0.99999381541214605      -0.99999495495664703        1.1052803934071731     
         200           2  -3.2434113853563318E-006  -4.4568080578288871E-006   1.8947196065928269     
         201           3 -0.10527896348597576      -0.99999163431520499        1.0000045212024431     
         202           4  -6.3776143233162941E-006 -0.10527945187706178        1.0000044556032224     
         203           5 -0.89471868357285089       -7.1892142047280672E-006   1.9999954787975569     
         204           6 -0.99999068120920098      -0.89471937165235516        1.9999949561614825     
         205           1 -0.99999381541214605      -0.99999495495664703        2.1052803934071731     
         206           2  -3.2434113853563318E-006  -4.4568080578288871E-006   2.8947196065928269     
         207           3 -0.10527896348597576      -0.99999163431520499        2.0000045212024431     
         208           4  -6.3776143233162941E-006 -0.10527945187706178        2.0000044556032224     
         209           5 -0.89471868357285089       -7.1892142047280672E-006   2.9999954787975569     
         210           6 -0.99999068120920098      -0.89471937165235516        2.9999949561614825     
         211           1 -0.99999381541214605        5.0450433530000000E-006  -1.8947196065928269     
         212           2  -3.2434113853563318E-006  0.99999554319194217       -1.1052803934071731     
         213           3 -0.10527896348597576        8.3656847949999994E-006  -1.9999954787975569     
         214           4  -6.3776143233162941E-006  0.89472054812293822       -1.9999955443967776     
         215           5 -0.89471868357285089       0.99999281078579527       -1.0000045212024431     
         216           6 -0.99999068120920098       0.10528062834764490       -1.0000050438385175     
         217           1 -0.99999381541214605        5.0450433530000000E-006 -0.89471960659282701     
         218           2  -3.2434113853563318E-006  0.99999554319194217      -0.10528039340717310     
         219           3 -0.10527896348597576        8.3656847949999994E-006 -0.99999547879755690     
         220           4  -6.3776143233162941E-006  0.89472054812293822      -0.99999554439677774     
         221           5 -0.89471868357285089       0.99999281078579527       -4.5212024430973941E-006
         222           6 -0.99999068120920098       0.10528062834764490       -5.0438385174045308E-006
         223           1 -0.99999381541214605        5.0450433530000000E-006  0.10528039340717300     
         224           2  -3.2434113853563318E-006  0.99999554319194217       0.89471960659282690     
         225           3 -0.10527896348597576        8.3656847949999994E-006   4.5212024431000004E-006
         226           4  -6.3776143233162941E-006  0.89472054812293822        4.4556032222999998E-006
         227           5 -0.89471868357285089       0.99999281078579527       0.99999547879755690     
         228           6 -0.99999068120920098       0.10528062834764490       0.99999495616148260     
         229           1 -0.99999381541214605        5.0450433530000000E-006   1.1052803934071731     
         230           2  -3.2434113853563318E-006  0.99999554319194217        1.8947196065928269     
         231           3 -0.10527896348597576        8.3656847949999994E-006   1.0000045212024431     
         232           4  -6.3776143233162941E-006  0.89472054812293822        1.0000044556032224     
         233           5 -0.89471868357285089       0.99999281078579527        1.9999954787975569     
         234           6 -0.99999068120920098       0.10528062834764490        1.9999949561614825     
         235           1 -0.99999381541214605        5.0450433530000000E-006   2.1052803934071731     
         236           2  -3.2434113853563318E-006  0.99999554319194217        2.8947196065928269     
         237           3 -0.10527896348597576        8.3656847949999994E-006   2.0000045212024431     
         238           4  -6.3776143233162941E-006  0.89472054812293822        2.0000044556032224     
         239           5 -0.89471868357285089       0.99999281078579527        2.9999954787975569     
         240           6 -0.99999068120920098       0.10528062834764490        2.9999949561614825     
         241           1 -0.99999381541214605        1.0000050450433531       -1.8947196065928269     
         242           2  -3.2434113853563318E-006   1.9999955431919423       -1.1052803934071731     
         243           3 -0.10527896348597576        1.0000083656847949       -1.9999954787975569     
         244           4  -6.3776143233162941E-006   1.8947205481229381       -1.9999955443967776     
         245           5 -0.89471868357285089        1.9999928107857952       -1.0000045212024431     
         246           6 -0.99999068120920098        1.1052806283476448       -1.0000050438385175     
         247           1 -0.99999381541214605        1.0000050450433531      -0.89471960659282701     
         248           2  -3.2434113853563318E-006   1.9999955431919423      -0.10528039340717310     
         249           3 -0.10527896348597576        1.0000083656847949      -0.99999547879755690     
         250           4  -6.3776143233162941E-006   1.8947205481229381      -0.99999554439677774     
         251           5 -0.89471868357285089        1.9999928107857952       -4.5212024430973941E-006
         252           6 -0.99999068120920098        1.1052806283476448       -5.0438385174045308E-006
         253           1 -0.99999381541214605        1.0000050450433531       0.10528039340717300     
         254           2  -3.2434113853563318E-006   1.9999955431919423       0.89471960659282690     
         255           3 -0.10527896348597576        1.0000083656847949        4.5212024431000004E-006
         256           4  -6.3776143233162941E-006   1.8947205481229381        4.4556032222999998E-006
         257           5 -0.89471868357285089        1.9999928107857952       0.99999547879755690     
         258           6 -0.99999068120920098        1.1052806283476448       0.99999495616148260     
         259           1 -0.99999381541214605        1.0000050450433531        1.1052803934071731     
         260           2  -3.2434113853563318E-006   1.9999955431919423        1.8947196065928269     
         261           3 -0.10527896348597576        1.0000083656847949        1.0000045212024431     
         262           4  -6.3776143233162941E-006   1.8947205481229381        1.0000044556032224     
         263           5 -0.89471868357285089        1.9999928107857952        1.9999954787975569     
         264           6 -0.99999068120920098        1.1052806283476448        1.9999949561614825     
         265           1 -0.99999381541214605        1.0000050450433531        2.1052803934071731     
         266           2  -3.2434113853563318E-006   1.9999955431919423        2.8947196065928269     
         267           3 -0.10527896348597576        1.0000083656847949        2.0000045212024431     
         268           4  -6.3776143233162941E-006   1.8947205481229381        2.0000044556032224     
         269           5 -0.89471868357285089        1.9999928107857952        2.9999954787975569     
         270           6 -0.99999068120920098        1.1052806283476448        2.9999949561614825     
         271           1 -0.99999381541214605        2.0000050450433529       -1.8947196065928269     
         272           2  -3.2434113853563318E-006   2.9999955431919423       -1.1052803934071731     
         273           3 -0.10527896348597576        2.0000083656847951       -1.9999954787975569     
         274           4  -6.3776143233162941E-006   2.8947205481229381       -1.9999955443967776     
         275           5 -0.89471868357285089        2.9999928107857952       -1.0000045212024431     
         276           6 -0.99999068120920098        2.1052806283476451       -1.0000050438385175     
         277           1 -0.99999381541214605        2.0000050450433529      -0.89471960659282701     
         278           2  -3.2434113853563318E-006   2.9999955431919423      -0.10528039340717310     
         279           3 -0.10527896348597576        2.0000083656847951      -0.99999547879755690     
         280           4  -6.3776143233162941E-006   2.8947205481229381      -0.99999554439677774     
         281           5 -0.89471868357285089        2.9999928107857952       -4.5212024430973941E-006
         282           6 -0.99999068120920098        2.1052806283476451       -5.0438385174045308E-006
         283           1 -0.99999381541214605        2.0000050450433529       0.10528039340717300     
         284           2  -3.2434113853563318E-006   2.9999955431919423       0.89471960659282690     
         285           3 -0.10527896348597576        2.0000083656847951        4.5212024431000004E-006
         286           4  -6.3776143233162941E-006   2.8947205481229381        4.4556032222999998E-006
         287           5 -0.89471868357285089        2.9999928107857952       0.99999547879755690     
         288           6 -0.99999068120920098        2.1052806283476451       0.99999495616148260     
         289           1 -0.99999381541214605        2.0000050450433529        1.1052803934071731     
         290           2  -3.2434113853563318E-006   2.9999955431919423        1.8947196065928269     
         291           3 -0.10527896348597576        2.0000083656847951        1.0000045212024431     
         292           4  -6.3776143233162941E-006   2.8947205481229381        1.0000044556032224     
         293           5 -0.89471868357285089        2.9999928107857952        1.9999954787975569     
         294           6 -0.99999068120920098        2.1052806283476451        1.9999949561614825     
         295           1 -0.99999381541214605        2.0000050450433529        2.1052803934071731     
         296           2  -3.2434113853563318E-006   2.9999955431919423        2.8947196065928269     
         297           3 -0.10527896348597576        2.0000083656847951        2.0000045212024431     
         298           4  -6.3776143233162941E-006   2.8947205481229381        2.0000044556032224     
         299           5 -0.89471868357285089        2.9999928107857952        2.9999954787975569     
         300           6 -0.99999068120920098        2.1052806283476451        2.9999949561614825     
         301           1   6.1845878540000002E-006  -1.9999949549566469       -1.8947196065928269     
         302           2  0.99999675658861464       -1.0000044568080577       -1.1052803934071731     
         303           3  0.89472103651402424       -1.9999916343152051       -1.9999954787975569     
         304           4  0.99999362238567668       -1.1052794518770619       -1.9999955443967776     
         305           5  0.10528131642714909       -1.0000071892142048       -1.0000045212024431     
         306           6   9.3187907989999998E-006  -1.8947193716523552       -1.0000050438385175     
         307           1   6.1845878540000002E-006  -1.9999949549566469      -0.89471960659282701     
         308           2  0.99999675658861464       -1.0000044568080577      -0.10528039340717310     
         309           3  0.89472103651402424       -1.9999916343152051      -0.99999547879755690     
         310           4  0.99999362238567668       -1.1052794518770619      -0.99999554439677774     
         311           5  0.10528131642714909       -1.0000071892142048       -4.5212024430973941E-006
         312           6   9.3187907989999998E-006  -1.8947193716523552       -5.0438385174045308E-006
         313           1   6.1845878540000002E-006  -1.9999949549566469       0.10528039340717300     
         314           2  0.99999675658861464       -1.0000044568080577       0.89471960659282690     
         315           3  0.89472103651402424       -1.9999916343152051        4.5212024431000004E-006
         316           4  0.99999362238567668       -1.1052794518770619        4.4556032222999998E-006
         317           5  0.10528131642714909       -1.0000071892142048       0.99999547879755690     
         318           6   9.3187907989999998E-006  -1.8947193716523552       0.99999495616148260     
         319           1   6.1845878540000002E-006  -1.9999949549566469        1.1052803934071731     
         320           2  0.99999675658861464       -1.0000044568080577        1.8947196065928269     
         321           3  0.89472103651402424       -1.9999916343152051        1.0000045212024431     
         322           4  0.99999362238567668       -1.1052794518770619        1.0000044556032224     
         323           5  0.10528131642714909       -1.0000071892142048        1.9999954787975569     
         324           6   9.3187907989999998E-006  -1.8947193716523552        1.9999949561614825     
         325           1   6.1845878540000002E-006  -1.9999949549566469        2.1052803934071731     
         326           2  0.99999675658861464       -1.0000044568080577        2.8947196065928269     
         327           3  0.89472103651402424       -1.9999916343152051        2.0000045212024431     
         328           4  0.99999362238567668       -1.1052794518770619        2.0000044556032224     
         329           5  0.10528131642714909       -1.0000071892142048        2.9999954787975569     
         330           6   9.3187907989999998E-006  -1.8947193716523552        2.9999949561614825     
         331           1   6.1845878540000002E-006 -0.99999495495664703       -1.8947196065928269     
         332           2  0.99999675658861464       -4.4568080578288871E-006  -1.1052803934071731     
         333           3  0.89472103651402424      -0.99999163431520499       -1.9999954787975569     
         334           4  0.99999362238567668      -0.10527945187706178       -1.9999955443967776     
         335           5  0.10528131642714909       -7.1892142047280672E-006  -1.0000045212024431     
         336           6   9.3187907989999998E-006 -0.89471937165235516       -1.0000050438385175     
         337           1   6.1845878540000002E-006 -0.99999495495664703      -0.89471960659282701     
         338           2  0.99999675658861464       -4.4568080578288871E-006 -0.10528039340717310     
         339           3  0.89472103651402424      -0.99999163431520499      -0.99999547879755690     
         340           4  0.99999362238567668      -0.10527945187706178      -0.99999554439677774     
         341           5  0.10528131642714909       -7.1892142047280672E-006  -4.5212024430973941E-006
         342           6   9.3187907989999998E-006 -0.89471937165235516       -5.0438385174045308E-006
         343           1   6.1845878540000002E-006 -0.99999495495664703       0.10528039340717300     
         344           2  0.99999675658861464       -4.4568080578288871E-006  0.89471960659282690     
         345           3  0.89472103651402424      -0.99999163431520499        4.5212024431000004E-006
         346           4  0.99999362238567668      -0.10527945187706178        4.4556032222999998E-006
         347           5  0.10528131642714909       -7.1892142047280672E-006  0.99999547879755690     
         348           6   9.3187907989999998E-006 -0.89471937165235516       0.99999495616148260     
         349           1   6.1845878540000002E-006 -0.99999495495664703        1.1052803934071731     
         350           2  0.99999675658861464       -4.4568080578288871E-006   1.8947196065928269     
         351           3  0.89472103651402424      -0.99999163431520499        1.0000045212024431     
         352           4  0.99999362238567668      -0.10527945187706178        1.0000044556032224     
         353           5  0.10528131642714909       -7.1892142047280672E-006   1.9999954787975569     
         354           6   9.3187907989999998E-006 -0.89471937165235516        1.9999949561614825     
         355           1   6.1845878540000002E-006 -0.99999495495664703        2.1052803934071731     
         356           2  0.99999675658861464       -4.4568080578288871E-006   2.8947196065928269     
         357           3  0.89472103651402424      -0.99999163431520499        2.0000045212024431     
         358           4  0.99999362238567668      -0.10527945187706178        2.0000044556032224     
         359           5  0.10528131642714909       -7.1892142047280672E-006   2.9999954787975569     
         360           6   9.3187907989999998E-006 -0.89471937165235516        2.9999949561614825     
         361           1   6.1845878540000002E-006   5.0450433530000000E-006  -1.8947196065928269     
         362           2  0.99999675658861464       0.99999554319194217       -1.1052803934071731     
         363           3  0.89472103651402424        8.3656847949999994E-006  -1.9999954787975569     
         364           4  0.99999362238567668       0.89472054812293822       -1.9999955443967776     
         365           5  0.10528131642714909       0.99999281078579527       -1.0000045212024431     
         366           6   9.3187907989999998E-006  0.10528062834764490       -1.0000050438385175     
         367           1   6.1845878540000002E-006   5.0450433530000000E-006 -0.89471960659282701     
         368           2  0.99999675658861464       0.99999554319194217      -0.10528039340717310     
         369           3  0.89472103651402424        8.3656847949999994E-006 -0.99999547879755690     
         370           4  0.99999362238567668       0.89472054812293822      -0.99999554439677774     
         371           5  0.10528131642714909       0.99999281078579527       -4.5212024430973941E-006
         372           6   9.3187907989999998E-006  0.10528062834764490       -5.0438385174045308E-006
         373           1   6.1845878540000002E-006   5.0450433530000000E-006  0.10528039340717300     
         374           2  0.99999675658861464       0.99999554319194217       0.89471960659282690     
         375           3  0.89472103651402424        8.3656847949999994E-006   4.5212024431000004E-006
         376           4  0.99999362238567668       0.89472054812293822        4.4556032222999998E-006
         377           5  0.10528131642714909       0.99999281078579527       0.99999547879755690     
         378           6   9.3187907989999998E-006  0.10528062834764490       0.99999495616148260     
         379           1   6.1845878540000002E-006   5.0450433530000000E-006   1.1052803934071731     
         380           2  0.99999675658861464       0.99999554319194217        1.8947196065928269     
         381           3  0.89472103651402424        8.3656847949999994E-006   1.0000045212024431     
         382           4  0.99999362238567668       0.89472054812293822        1.0000044556032224     
         383           5  0.10528131642714909       0.99999281078579527        1.9999954787975569     
         384           6   9.3187907989999998E-006  0.10528062834764490        1.9999949561614825     
         385           1   6.1845878540000002E-006   5.0450433530000000E-006   2.1052803934071731     
         386           2  0.99999675658861464       0.99999554319194217        2.8947196065928269     
         387           3  0.89472103651402424        8.3656847949999994E-006   2.0000045212024431     
         388           4  0.99999362238567668       0.89472054812293822        2.0000044556032224     
         389           5  0.10528131642714909       0.99999281078579527        2.9999954787975569     
         390           6   9.3187907989999998E-006  0.10528062834764490        2.9999949561614825     
         391           1   6.1845878540000002E-006   1.0000050450433531       -1.8947196065928269     
         392           2  0.99999675658861464        1.9999955431919423       -1.1052803934071731     
         393           3  0.89472103651402424        1.0000083656847949       -1.9999954787975569     
         394           4  0.99999362238567668        1.8947205481229381       -1.9999955443967776     
         395           5  0.10528131642714909        1.9999928107857952       -1.0000045212024431     
         396           6   9.3187907989999998E-006   1.1052806283476448       -1.0000050438385175     
         397           1   6.1845878540000002E-006   1.0000050450433531      -0.89471960659282701     
         398           2  0.99999675658861464        1.9999955431919423      -0.10528039340717310     
         399           3  0.89472103651402424        1.0000083656847949      -0.99999547879755690     
         400           4  0.99999362238567668        1.8947205481229381      -0.99999554439677774     
         401           5  0.10528131642714909        1.9999928107857952       -4.5212024430973941E-006
         402           6   9.3187907989999998E-006   1.1052806283476448       -5.0438385174045308E-006
         403           1   6.1845878540000002E-006   1.0000050450433531       0.10528039340717300     
         404           2  0.99999675658861464        1.9999955431919423       0.89471960659282690     
         405           3  0.89472103651402424        1.0000083656847949        4.5212024431000004E-006
         406           4  0.99999362238567668        1.8947205481229381        4.4556032222999998E-006
         407           5  0.10528131642714909        1.9999928107857952       0.99999547879755690     
         408           6   9.3187907989999998E-006   1.1052806283476448       0.99999495616148260     
         409           1   6.1845878540000002E-006   1.0000050450433531        1.1052803934071731     
         410           2  0.99999675658861464        1.9999955431919423        1.8947196065928269     
         411           3  0.89472103651402424        1.0000083656847949        1.0000045212024431     
         412           4  0.99999362238567668        1.8947205481229381        1.0000044556032224     
         413           5  0.10528131642714909        1.9999928107857952        1.9999954787975569     
         414           6   9.3187907989999998E-006   1.1052806283476448        1.9999949561614825     
         415           1   6.1845878540000002E-006   1.0000050450433531        2.1052803934071731     
         416           2  0.99999675658861464        1.9999955431919423        2.8947196065928269     
         417           3  0.89472103651402424        1.0000083656847949        2.0000045212024431     
         418           4  0.99999362238567668        1.8947205481229381        2.0000044556032224     
         419           5  0.10528131642714909        1.9999928107857952        2.9999954787975569     
         420           6   9.3187907989999998E-006   1.1052806283476448        2.9999949561614825     
         421           1   6.1845878540000002E-006   2.0000050450433529       -1.8947196065928269     
         422           2  0.99999675658861464        2.9999955431919423       -1.1052803934071731     
         423           3  0.89472103651402424        2.0000083656847951       -1.9999954787975569     
         424           4  0.99999362238567668        2.8947205481229381       -1.9999955443967776     
         425           5  0.10528131642714909        2.9999928107857952       -1.0000045212024431     
         426           6   9.3187907989999998E-006   2.1052806283476451       -1.0000050438385175     
         427           1   6.1845878540000002E-006   2.0000050450433529      -0.89471960659282701     
         428           2  0.99999675658861464        2.9999955431919423      -0.10528039340717310     
         429           3  0.89472103651402424        2.0000083656847951      -0.99999547879755690     
         430           4  0.99999362238567668        2.8947205481229381      -0.99999554439677774     
         431           5  0.10528131642714909        2.9999928107857952       -4.5212024430973941E-006
         432           6   9.3187907989999998E-006   2.1052806283476451       -5.0438385174045308E-006
         433           1   6.1845878540000002E-006   2.0000050450433529       0.10528039340717300     
         434           2  0.99999675658861464        2.9999955431919423       0.89471960659282690     
         435           3  0.89472103651402424        2.0000083656847951        4.5212024431000004E-006
         436           4  0.99999362238567668        2.8947205481229381        4.4556032222999998E-006
         437           5  0.10528131642714909        2.9999928107857952       0.99999547879755690     
         438           6   9.3187907989999998E-006   2.1052806283476451       0.99999495616148260     
         439           1   6.1845878540000002E-006   2.0000050450433529        1.1052803934071731     
         440           2  0.99999675658861464        2.9999955431919423        1.8947196065928269     
         441           3  0.89472103651402424        2.0000083656847951        1.0000045212024431     
         442           4  0.99999362238567668        2.8947205481229381        1.0000044556032224     
         443           5  0.10528131642714909        2.9999928107857952        1.9999954787975569     
         444           6   9.3187907989999998E-006   2.1052806283476451        1.9999949561614825     
         445           1   6.1845878540000002E-006   2.0000050450433529        2.1052803934071731     
         446           2  0.99999675658861464        2.9999955431919423        2.8947196065928269     
         447           3  0.89472103651402424        2.0000083656847951        2.0000045212024431     
         448           4  0.99999362238567668        2.8947205481229381        2.0000044556032224     
         449           5  0.10528131642714909        2.9999928107857952        2.9999954787975569     
         450           6   9.3187907989999998E-006   2.1052806283476451        2.9999949561614825     
         451           1   1.0000061845878541       -1.9999949549566469       -1.8947196065928269     
         452           2   1.9999967565886148       -1.0000044568080577       -1.1052803934071731     
         453           3   1.8947210365140243       -1.9999916343152051       -1.9999954787975569     
         454           4   1.9999936223856767       -1.1052794518770619       -1.9999955443967776     
         455           5   1.1052813164271491       -1.0000071892142048       -1.0000045212024431     
         456           6   1.0000093187907990       -1.8947193716523552       -1.0000050438385175     
         457           1   1.0000061845878541       -1.9999949549566469      -0.89471960659282701     
         458           2   1.9999967565886148       -1.0000044568080577      -0.10528039340717310     
         459           3   1.8947210365140243       -1.9999916343152051      -0.99999547879755690     
         460           4   1.9999936223856767       -1.1052794518770619      -0.99999554439677774     
         461           5   1.1052813164271491       -1.0000071892142048       -4.5212024430973941E-006
         462           6   1.0000093187907990       -1.8947193716523552       -5.0438385174045308E-006
         463           1   1.0000061845878541       -1.9999949549566469       0.10528039340717300     
         464           2   1.9999967565886148       -1.0000044568080577       0.89471960659282690     
         465           3   1.8947210365140243       -1.9999916343152051        4.5212024431000004E-006
         466           4   1.9999936223856767       -1.1052794518770619        4.4556032222999998E-006
         467           5   1.1052813164271491       -1.0000071892142048       0.99999547879755690     
         468           6   1.0000093187907990       -1.8947193716523552       0.99999495616148260     
         469           1   1.0000061845878541       -1.9999949549566469        1.1052803934071731     
         470           2   1.9999967565886148       -1.0000044568080577        1.8947196065928269     
         471           3   1.8947210365140243       -1.9999916343152051        1.0000045212024431     
         472           4   1.9999936223856767       -1.1052794518770619        1.0000044556032224     
         473           5   1.1052813164271491       -1.0000071892142048        1.9999954787975569     
         474           6   1.0000093187907990       -1.8947193716523552        1.9999949561614825     
         475           1   1.0000061845878541       -1.9999949549566469        2.1052803934071731     
         476           2   1.9999967565886148       -1.0000044568080577        2.8947196065928269     
         477           3   1.8947210365140243       -1.9999916343152051        2.0000045212024431     
         478           4   1.9999936223856767       -1.1052794518770619        2.0000044556032224     
         479           5   1.1052813164271491       -1.0000071892142048        2.9999954787975569     
         480           6   1.0000093187907990       -1.8947193716523552        2.9999949561614825     
         481           1   1.0000061845878541      -0.99999495495664703       -1.8947196065928269     
         482           2   1.9999967565886148       -4.4568080578288871E-006  -1.1052803934071731     
         483           3   1.8947210365140243      -0.99999163431520499       -1.9999954787975569     
         484           4   1.9999936223856767      -0.10527945187706178       -1.9999955443967776     
         485           5   1.1052813164271491       -7.1892142047280672E-006  -1.0000045212024431     
         486           6   1.0000093187907990      -0.89471937165235516       -1.0000050438385175     
         487           1   1.0000061845878541      -0.99999495495664703      -0.89471960659282701     
         488           2   1.9999967565886148       -4.4568080578288871E-006 -0.10528039340717310     
         489           3   1.8947210365140243      -0.99999163431520499      -0.99999547879755690     
         490           4   1.9999936223856767      -0.10527945187706178      -0.99999554439677774     
         491           5   1.1052813164271491       -7.1892142047280672E-006  -4.5212024430973941E-006
         492           6   1.0000093187907990      -0.89471937165235516       -5.0438385174045308E-006
         493           1   1.0000061845878541      -0.99999495495664703       0.10528039340717300     
         494           2   1.9999967565886148       -4.4568080578288871E-006  0.89471960659282690     
         495           3   1.8947210365140243      -0.99999163431520499        4.5212024431000004E-006
         496           4   1.9999936223856767      -0.10527945187706178        4.4556032222999998E-006
         497           5   1.1052813164271491       -7.1892142047280672E-006  0.99999547879755690     
         498           6   1.0000093187907990      -0.89471937165235516       0.99999495616148260     
         499           1   1.0000061845878541      -0.99999495495664703        1.1052803934071731     
         500           2   1.9999967565886148       -4.4568080578288871E-006   1.8947196065928269     
         501           3   1.8947210365140243      -0.99999163431520499        1.0000045212024431     
         502           4   1.9999936223856767      -0.10527945187706178        1.0000044556032224     
         503           5   1.1052813164271491       -7.1892142047280672E-006   1.9999954787975569     
         504           6   1.0000093187907990      -0.89471937165235516        1.9999949561614825     
         505           1   1.0000061845878541      -0.99999495495664703        2.1052803934071731     
         506           2   1.9999967565886148       -4.4568080578288871E-006   2.8947196065928269     
         507           3   1.8947210365140243      -0.99999163431520499        2.0000045212024431     
         508           4   1.9999936223856767      -0.10527945187706178        2.0000044556032224     
         509           5   1.1052813164271491       -7.1892142047280672E-006   2.9999954787975569     
         510           6   1.0000093187907990      -0.89471937165235516        2.9999949561614825     
         511           1   1.0000061845878541        5.0450433530000000E-006  -1.8947196065928269     
         512           2   1.9999967565886148       0.99999554319194217       -1.1052803934071731     
         513           3   1.8947210365140243        8.3656847949999994E-006  -1.9999954787975569     
         514           4   1.9999936223856767       0.89472054812293822       -1.9999955443967776     
         515           5   1.1052813164271491       0.99999281078579527       -1.0000045212024431     
         516           6   1.0000093187907990       0.10528062834764490       -1.0000050438385175     
         517           1   1.0000061845878541        5.0450433530000000E-006 -0.89471960659282701     
         518           2   1.9999967565886148       0.99999554319194217      -0.10528039340717310     
         519           3   1.8947210365140243        8.3656847949999994E-006 -0.99999547879755690     
         520           4   1.9999936223856767       0.89472054812293822      -0.99999554439677774     
         521           5   1.1052813164271491       0.99999281078579527       -4.5212024430973941E-006
         522           6   1.0000093187907990       0.10528062834764490       -5.0438385174045308E-006
         523           1   1.0000061845878541        5.0450433530000000E-006  0.10528039340717300     
         524           2   1.9999967565886148       0.99999554319194217       0.89471960659282690     
         525           3   1.8947210365140243        8.3656847949999994E-006   4.5212024431000004E-006
         526           4   1.9999936223856767       0.89472054812293822        4.4556032222999998E-006
         527           5   1.1052813164271491       0.99999281078579527       0.99999547879755690     
         528           6   1.0000093187907990       0.10528062834764490       0.99999495616148260     
         529           1   1.0000061845878541        5.0450433530000000E-006   1.1052803934071731     
         530           2   1.9999967565886148       0.99999554319194217        1.8947196065928269     
         531           3   1.8947210365140243        8.3656847949999994E-006   1.0000045212024431     
         532           4   1.9999936223856767       0.89472054812293822        1.0000044556032224     
         533           5   1.1052813164271491       0.99999281078579527        1.9999954787975569     
         534           6   1.0000093187907990       0.10528062834764490        1.9999949561614825     
         535           1   1.0000061845878541        5.0450433530000000E-006   2.1052803934071731     
         536           2   1.9999967565886148       0.99999554319194217        2.8947196065928269     
         537           3   1.8947210365140243        8.3656847949999994E-006   2.0000045212024431     
         538           4   1.9999936223856767       0.89472054812293822        2.0000044556032224     
         539           5   1.1052813164271491       0.99999281078579527        2.9999954787975569     
         540           6   1.0000093187907990       0.10528062834764490        2.9999949561614825     
         541           1   1.0000061845878541        1.0000050450433531       -1.8947196065928269     
         542           2   1.9999967565886148        1.9999955431919423       -1.1052803934071731     
         543           3   1.8947210365140243        1.0000083656847949       -1.9999954787975569     
         544           4   1.9999936223856767        1.8947205481229381       -1.9999955443967776     
         545           5   1.1052813164271491        1.9999928107857952       -1.0000045212024431     
         546           6   1.0000093187907990        1.1052806283476448       -1.0000050438385175     
         547           1   1.0000061845878541        1.0000050450433531      -0.89471960659282701     
         548           2   1.9999967565886148        1.9999955431919423      -0.10528039340717310     
         549           3   1.8947210365140243        1.0000083656847949      -0.99999547879755690     
         550           4   1.9999936223856767        1.8947205481229381      -0.99999554439677774     
         551           5   1.1052813164271491        1.9999928107857952       -4.5212024430973941E-006
         552           6   1.0000093187907990        1.1052806283476448       -5.0438385174045308E-006
         553           1   1.0000061845878541        1.0000050450433531       0.10528039340717300     
         554           2   1.9999967565886148        1.9999955431919423       0.89471960659282690     
         555           3   1.8947210365140243        1.0000083656847949        4.5212024431000004E-006
         556           4   1.9999936223856767        1.8947205481229381        4.4556032222999998E-006
         557           5   1.1052813164271491        1.9999928107857952       0.99999547879755690     
         558           6   1.0000093187907990        1.1052806283476448       0.99999495616148260     
         559           1   1.0000061845878541        1.0000050450433531        1.1052803934071731     
         560           2   1.9999967565886148        1.9999955431919423        1.8947196065928269     
         561           3   1.8947210365140243        1.0000083656847949        1.0000045212024431     
         562           4   1.9999936223856767        1.8947205481229381        1.0000044556032224     
         563           5   1.1052813164271491        1.9999928107857952        1.9999954787975569     
         564           6   1.0000093187907990        1.1052806283476448        1.9999949561614825     
         565           1   1.0000061845878541        1.0000050450433531        2.1052803934071731     
         566           2   1.9999967565886148        1.9999955431919423        2.8947196065928269     
         567           3   1.8947210365140243        1.0000083656847949        2.0000045212024431     
         568           4   1.9999936223856767        1.8947205481229381        2.0000044556032224     
         569           5   1.1052813164271491        1.9999928107857952        2.9999954787975569     
         570           6   1.0000093187907990        1.1052806283476448        2.9999949561614825     
         571           1   1.0000061845878541        2.0000050450433529       -1.8947196065928269     
         572           2   1.9999967565886148        2.9999955431919423       -1.1052803934071731     
         573           3   1.8947210365140243        2.0000083656847951       -1.9999954787975569     
         574           4   1.9999936223856767        2.8947205481229381       -1.9999955443967776     
         575           5   1.1052813164271491        2.9999928107857952       -1.0000045212024431     
         576           6   1.0000093187907990        2.1052806283476451       -1.0000050438385175     
         577           1   1.0000061845878541        2.0000050450433529      -0.89471960659282701     
         578           2   1.9999967565886148        2.9999955431919423      -0.10528039340717310     
         579           3   1.8947210365140243        2.0000083656847951      -0.99999547879755690     
         580           4   1.9999936223856767        2.8947205481229381      -0.99999554439677774     
         581           5   1.1052813164271491        2.9999928107857952       -4.5212024430973941E-006
         582           6   1.0000093187907990        2.1052806283476451       -5.0438385174045308E-006
         583           1   1.0000061845878541        2.0000050450433529       0.10528039340717300     
         584           2   1.9999967565886148        2.9999955431919423       0.89471960659282690     
         585           3   1.8947210365140243        2.0000083656847951        4.5212024431000004E-006
         586           4   1.9999936223856767        2.8947205481229381        4.4556032222999998E-006
         587           5   1.1052813164271491        2.9999928107857952       0.99999547879755690     
         588           6   1.0000093187907990        2.1052806283476451       0.99999495616148260     
         589           1   1.0000061845878541        2.0000050450433529        1.1052803934071731     
         590           2   1.9999967565886148        2.9999955431919423        1.8947196065928269     
         591           3   1.8947210365140243        2.0000083656847951        1.0000045212024431     
         592           4   1.9999936223856767        2.8947205481229381        1.0000044556032224     
         593           5   1.1052813164271491        2.9999928107857952        1.9999954787975569     
         594           6   1.0000093187907990        2.1052806283476451        1.9999949561614825     
         595           1   1.0000061845878541        2.0000050450433529        2.1052803934071731     
         596           2   1.9999967565886148        2.9999955431919423        2.8947196065928269     
         597           3   1.8947210365140243        2.0000083656847951        2.0000045212024431     
         598           4   1.9999936223856767        2.8947205481229381        2.0000044556032224     
         599           5   1.1052813164271491        2.9999928107857952        2.9999954787975569     
         600           6   1.0000093187907990        2.1052806283476451        2.9999949561614825     
         601           1   2.0000061845878538       -1.9999949549566469       -1.8947196065928269     
         602           2   2.9999967565886148       -1.0000044568080577       -1.1052803934071731     
         603           3   2.8947210365140243       -1.9999916343152051       -1.9999954787975569     
         604           4   2.9999936223856767       -1.1052794518770619       -1.9999955443967776     
         605           5   2.1052813164271491       -1.0000071892142048       -1.0000045212024431     
         606           6   2.0000093187907990       -1.8947193716523552       -1.0000050438385175     
         607           1   2.0000061845878538       -1.9999949549566469      -0.89471960659282701     
         608           2   2.9999967565886148       -1.0000044568080577      -0.10528039340717310     
         609           3   2.8947210365140243       -1.9999916343152051      -0.99999547879755690     
         610           4   2.9999936223856767       -1.1052794518770619      -0.99999554439677774     
         611           5   2.1052813164271491       -1.0000071892142048       -4.5212024430973941E-006
         612           6   2.0000093187907990       -1.8947193716523552       -5.0438385174045308E-006
         613           1   2.0000061845878538       -1.9999949549566469       0.10528039340717300     
         614           2   2.9999967565886148       -1.0000044568080577       0.89471960659282690     
         615           3   2.8947210365140243       -1.9999916343152051        4.5212024431000004E-006
         616           4   2.9999936223856767       -1.1052794518770619        4.4556032222999998E-006
         617           5   2.1052813164271491       -1.0000071892142048       0.99999547879755690     
         618           6   2.0000093187907990       -1.8947193716523552       0.99999495616148260     
         619           1   2.0000061845878538       -1.9999949549566469        1.1052803934071731     
         620           2   2.9999967565886148       -1.0000044568080577        1.8947196065928269     
         621           3   2.8947210365140243       -1.9999916343152051        1.0000045212024431     
         622           4   2.9999936223856767       -1.1052794518770619        1.0000044556032224     
         623           5   2.1052813164271491       -1.0000071892142048        1.9999954787975569     
         624           6   2.0000093187907990       -1.8947193716523552        1.9999949561614825     
         625           1   2.0000061845878538       -1.9999949549566469        2.1052803934071731     
         626           2   2.9999967565886148       -1.0000044568080577        2.8947196065928269     
         627           3   2.8947210365140243       -1.9999916343152051        2.0000045212024431     
         628           4   2.9999936223856767       -1.1052794518770619        2.0000044556032224     
         629           5   2.1052813164271491       -1.0000071892142048        2.9999954787975569     
         630           6   2.0000093187907990       -1.8947193716523552        2.9999949561614825     
         631           1   2.0000061845878538      -0.99999495495664703       -1.8947196065928269     
         632           2   2.9999967565886148       -4.4568080578288871E-006  -1.1052803934071731     
         633           3   2.8947210365140243      -0.99999163431520499       -1.9999954787975569     
         634           4   2.9999936223856767      -0.10527945187706178       -1.9999955443967776     
         635           5   2.1052813164271491       -7.1892142047280672E-006  -1.0000045212024431     
         636           6   2.0000093187907990      -0.89471937165235516       -1.0000050438385175     
         637           1   2.0000061845878538      -0.99999495495664703      -0.89471960659282701     
         638           2   2.9999967565886148       -4.4568080578288871E-006 -0.10528039340717310     
         639           3   2.8947210365140243      -0.99999163431520499      -0.99999547879755690     
         640           4   2.9999936223856767      -0.10527945187706178      -0.99999554439677774     
         641           5   2.1052813164271491       -7.1892142047280672E-006  -4.5212024430973941E-006
         642           6   2.0000093187907990      -0.89471937165235516       -5.0438385174045308E-006
         643           1   2.0000061845878538      -0.99999495495664703       0.10528039340717300     
         644           2   2.9999967565886148       -4.4568080578288871E-006  0.89471960659282690     
         645           3   2.8947210365140243      -0.99999163431520499        4.5212024431000004E-006
         646           4   2.9999936223856767      -0.10527945187706178        4.4556032222999998E-006
         647           5   2.1052813164271491       -7.1892142047280672E-006  0.99999547879755690     
         648           6   2.0000093187907990      -0.89471937165235516       0.99999495616148260     
         649           1   2.0000061845878538      -0.99999495495664703        1.1052803934071731     
         650           2   2.9999967565886148       -4.4568080578288871E-006   1.8947196065928269     
         651           3   2.8947210365140243      -0.99999163431520499        1.0000045212024431     
         652           4   2.9999936223856767      -0.10527945187706178        1.0000044556032224     
         653           5   2.1052813164271491       -7.1892142047280672E-006   1.9999954787975569     
         654           6   2.0000093187907990      -0.89471937165235516        1.9999949561614825     
         655           1   2.0000061845878538      -0.99999495495664703        2.1052803934071731     
         656           2   2.9999967565886148       -4.4568080578288871E-006   2.8947196065928269     
         657           3   2.8947210365140243      -0.99999163431520499        2.0000045212024431     
         658           4   2.9999936223856767      -0.10527945187706178        2.0000044556032224     
         659           5   2.1052813164271491       -7.1892142047280672E-006   2.9999954787975569     
         660           6   2.0000093187907990      -0.89471937165235516        2.9999949561614825     
         661           1   2.0000061845878538        5.0450433530000000E-006  -1.8947196065928269     
         662           2   2.9999967565886148       0.99999554319194217       -1.1052803934071731     
         663           3   2.8947210365140243        8.3656847949999994E-006  -1.9999954787975569     
         664           4   2.9999936223856767       0.89472054812293822       -1.9999955443967776     
         665           5   2.1052813164271491       0.99999281078579527       -1.0000045212024431     
         666           6   2.0000093187907990       0.10528062834764490       -1.0000050438385175     
         667           1   2.0000061845878538        5.0450433530000000E-006 -0.89471960659282701     
         668           2   2.9999967565886148       0.99999554319194217      -0.10528039340717310     
         669           3   2.8947210365140243        8.3656847949999994E-006 -0.99999547879755690     
         670           4   2.9999936223856767       0.89472054812293822      -0.99999554439677774     
         671           5   2.1052813164271491       0.99999281078579527       -4.5212024430973941E-006
         672           6   2.0000093187907990       0.10528062834764490       -5.0438385174045308E-006
         673           1   2.0000061845878538        5.0450433530000000E-006  0.10528039340717300     
         674           2   2.9999967565886148       0.99999554319194217       0.89471960659282690     
         675           3   2.8947210365140243        8.3656847949999994E-006   4.5212024431000004E-006
         676           4   2.9999936223856767       0.89472054812293822        4.4556032222999998E-006
         677           5   2.1052813164271491       0.99999281078579527       0.99999547879755690     
         678           6   2.0000093187907990       0.10528062834764490       0.99999495616148260     
         679           1   2.0000061845878538        5.0450433530000000E-006   1.1052803934071731     
         680           2   2.9999967565886148       0.99999554319194217        1.8947196065928269     
         681           3   2.8947210365140243        8.3656847949999994E-006   1.0000045212024431     
         682           4   2.9999936223856767       0.89472054812293822        1.0000044556032224     
         683           5   2.1052813164271491       0.99999281078579527        1.9999954787975569     
         684           6   2.0000093187907990       0.10528062834764490        1.9999949561614825     
         685           1   2.0000061845878538        5.0450433530000000E-006   2.1052803934071731     
         686           2   2.9999967565886148       0.99999554319194217        2.8947196065928269     
         687           3   2.8947210365140243        8.3656847949999994E-006   2.0000045212024431     
         688           4   2.9999936223856767       0.89472054812293822        2.0000044556032224     
         689           5   2.1052813164271491       0.99999281078579527        2.9999954787975569     
         690           6   2.0000093187907990       0.10528062834764490        2.9999949561614825     
         691           1   2.0000061845878538        1.0000050450433531       -1.8947196065928269     
         692           2   2.9999967565886148        1.9999955431919423       -1.1052803934071731     
         693           3   2.8947210365140243        1.0000083656847949       -1.9999954787975569     
         694           4   2.9999936223856767        1.8947205481229381       -1.9999955443967776     
         695           5   2.1052813164271491        1.9999928107857952       -1.0000045212024431     
         696           6   2.0000093187907990        1.1052806283476448       -1.0000050438385175     
         697           1   2.0000061845878538        1.0000050450433531      -0.89471960659282701     
         698           2   2.9999967565886148        1.9999955431919423      -0.10528039340717310     
         699           3   2.8947210365140243        1.0000083656847949      -0.99999547879755690     
         700           4   2.9999936223856767        1.8947205481229381      -0.99999554439677774     
         701           5   2.1052813164271491        1.9999928107857952       -4.5212024430973941E-006
         702           6   2.0000093187907990        1.1052806283476448       -5.0438385174045308E-006
         703           1   2.0000061845878538        1.0000050450433531       0.10528039340717300     
         704           2   2.9999967565886148        1.9999955431919423       0.89471960659282690     
         705           3   2.8947210365140243        1.0000083656847949        4.5212024431000004E-006
         706           4   2.9999936223856767        1.8947205481229381        4.4556032222999998E-006
         707           5   2.1052813164271491        1.9999928107857952       0.99999547879755690     
         708           6   2.0000093187907990        1.1052806283476448       0.99999495616148260     
         709           1   2.0000061845878538        1.0000050450433531        1.1052803934071731     
         710           2   2.9999967565886148        1.9999955431919423        1.8947196065928269     
         711           3   2.8947210365140243        1.0000083656847949        1.0000045212024431     
         712           4   2.9999936223856767        1.8947205481229381        1.0000044556032224     
         713           5   2.1052813164271491        1.9999928107857952        1.9999954787975569     
         714           6   2.0000093187907990        1.1052806283476448        1.9999949561614825     
         715           1   2.0000061845878538        1.0000050450433531        2.1052803934071731     
         716           2   2.9999967565886148        1.9999955431919423        2.8947196065928269     
         717           3   2.8947210365140243        1.0000083656847949        2.0000045212024431     
         718           4   2.9999936223856767        1.8947205481229381        2.0000044556032224     
         719           5   2.1052813164271491        1.9999928107857952        2.9999954787975569     
         720           6   2.0000093187907990        1.1052806283476448        2.9999949561614825     
         721           1   2.0000061845878538        2.0000050450433529       -1.8947196065928269     
         722           2   2.9999967565886148        2.9999955431919423       -1.1052803934071731     
         723           3   2.8947210365140243        2.0000083656847951       -1.9999954787975569     
         724           4   2.9999936223856767        2.8947205481229381       -1.9999955443967776     
         725           5   2.1052813164271491        2.9999928107857952       -1.0000045212024431     
         726           6   2.0000093187907990        2.1052806283476451       -1.0000050438385175     
         727           1   2.0000061845878538        2.0000050450433529      -0.89471960659282701     
         728           2   2.9999967565886148        2.9999955431919423      -0.10528039340717310     
         729           3   2.8947210365140243        2.0000083656847951      -0.99999547879755690     
         730           4   2.9999936223856767        2.8947205481229381      -0.99999554439677774     
         731           5   2.1052813164271491        2.9999928107857952       -4.5212024430973941E-006
         732           6   2.0000093187907990        2.1052806283476451       -5.0438385174045308E-006
         733           1   2.0000061845878538        2.0000050450433529       0.10528039340717300     
         734           2   2.9999967565886148        2.9999955431919423       0.89471960659282690     
         735           3   2.8947210365140243        2.0000083656847951        4.5212024431000004E-006
         736           4   2.9999936223856767        2.8947205481229381        4.4556032222999998E-006
         737           5   2.1052813164271491        2.9999928107857952       0.99999547879755690     
         738           6   2.0000093187907990        2.1052806283476451       0.99999495616148260     
         739           1   2.0000061845878538        2.0000050450433529        1.1052803934071731     
         740           2   2.9999967565886148        2.9999955431919423        1.8947196065928269     
         741           3   2.8947210365140243        2.0000083656847951        1.0000045212024431     
         742           4   2.9999936223856767        2.8947205481229381        1.0000044556032224     
         743           5   2.1052813164271491        2.9999928107857952        1.9999954787975569     
         744           6   2.0000093187907990        2.1052806283476451        1.9999949561614825     
         745           1   2.0000061845878538        2.0000050450433529        2.1052803934071731     
         746           2   2.9999967565886148        2.9999955431919423        2.8947196065928269     
         747           3   2.8947210365140243        2.0000083656847951        2.0000045212024431     
         748           4   2.9999936223856767        2.8947205481229381        2.0000044556032224     
         749           5   2.1052813164271491        2.9999928107857952        2.9999954787975569     
         750           6   2.0000093187907990        2.1052806283476451        2.9999949561614825     
         750
   1.0513799351800000E-004   8.5765737000999999E-005   1.7897666879219412     
   16.999944862006448        16.999924234263016        15.210233312078056     
   15.210257620738412        1.4221664151500000E-004   7.6860441532700002E-005
   16.999891580556504        15.210249318089950        7.5745254779099999E-005
   1.7897823792615346        16.999877783358521        16.999923139558469     
   1.5841944358300001E-004   1.7897706819099632        16.999914254745203     
  -33.999894862006478       -33.999914234262995       -32.210233312078060     
  -17.000055137993549       -17.000075765736980       -18.789766687921944     
  -18.789742379261586       -33.999857783358486       -33.999923139558469     
  -17.000108419443496       -18.789750681910053       -33.999924254745217     
  -32.210217620738462       -17.000122216641483       -17.000076860441531     
  -33.999841580556414       -32.210229318090036       -17.000085745254797     
  -33.999894862006478       -33.999914234262995       -15.210233312078060     
  -17.000055137993549       -17.000075765736980       -1.7897666879219427     
  -18.789742379261586       -33.999857783358486       -16.999923139558469     
  -17.000108419443496       -18.789750681910053       -16.999924254745221     
  -32.210217620738462       -17.000122216641483       -7.6860441532655699E-005
  -33.999841580556414       -32.210229318090036       -8.5745254795877024E-005
  -33.999894862006478       -33.999914234262995        1.7897666879219412     
  -17.000055137993549       -17.000075765736980        15.210233312078056     
  -18.789742379261586       -33.999857783358486        7.6860441532700002E-005
  -17.000108419443496       -18.789750681910053        7.5745254779099999E-005
  -32.210217620738462       -17.000122216641483        16.999923139558469     
  -33.999841580556414       -32.210229318090036        16.999914254745203     
  -33.999894862006478       -33.999914234262995        18.789766687921944     
  -17.000055137993549       -17.000075765736980        32.210233312078060     
  -18.789742379261586       -33.999857783358486        17.000076860441531     
  -17.000108419443496       -18.789750681910053        17.000075745254779     
  -32.210217620738462       -17.000122216641483        33.999923139558469     
  -33.999841580556414       -32.210229318090036        33.999914254745200     
  -33.999894862006478       -33.999914234262995        35.789766687921940     
  -17.000055137993549       -17.000075765736980        49.210233312078060     
  -18.789742379261586       -33.999857783358486        34.000076860441531     
  -17.000108419443496       -18.789750681910053        34.000075745254783     
  -32.210217620738462       -17.000122216641483        50.999923139558469     
  -33.999841580556414       -32.210229318090036        50.999914254745200     
  -33.999894862006478       -16.999914234262999       -32.210233312078060     
  -17.000055137993549       -7.5765736983091081E-005  -18.789766687921944     
  -18.789742379261586       -16.999857783358486       -33.999923139558469     
  -17.000108419443496       -1.7897506819100504       -33.999924254745217     
  -32.210217620738462       -1.2221664148037714E-004  -17.000076860441531     
  -33.999841580556414       -15.210229318090038       -17.000085745254797     
  -33.999894862006478       -16.999914234262999       -15.210233312078060     
  -17.000055137993549       -7.5765736983091081E-005  -1.7897666879219427     
  -18.789742379261586       -16.999857783358486       -16.999923139558469     
  -17.000108419443496       -1.7897506819100504       -16.999924254745221     
  -32.210217620738462       -1.2221664148037714E-004  -7.6860441532655699E-005
  -33.999841580556414       -15.210229318090038       -8.5745254795877024E-005
  -33.999894862006478       -16.999914234262999        1.7897666879219412     
  -17.000055137993549       -7.5765736983091081E-005   15.210233312078056     
  -18.789742379261586       -16.999857783358486        7.6860441532700002E-005
  -17.000108419443496       -1.7897506819100504        7.5745254779099999E-005
  -32.210217620738462       -1.2221664148037714E-004   16.999923139558469     
  -33.999841580556414       -15.210229318090038        16.999914254745203     
  -33.999894862006478       -16.999914234262999        18.789766687921944     
  -17.000055137993549       -7.5765736983091081E-005   32.210233312078060     
  -18.789742379261586       -16.999857783358486        17.000076860441531     
  -17.000108419443496       -1.7897506819100504        17.000075745254779     
  -32.210217620738462       -1.2221664148037714E-004   33.999923139558469     
  -33.999841580556414       -15.210229318090038        33.999914254745200     
  -33.999894862006478       -16.999914234262999        35.789766687921940     
  -17.000055137993549       -7.5765736983091081E-005   49.210233312078060     
  -18.789742379261586       -16.999857783358486        34.000076860441531     
  -17.000108419443496       -1.7897506819100504        34.000075745254783     
  -32.210217620738462       -1.2221664148037714E-004   50.999923139558469     
  -33.999841580556414       -15.210229318090038        50.999914254745200     
  -33.999894862006478        8.5765737000999999E-005  -32.210233312078060     
  -17.000055137993549        16.999924234263016       -18.789766687921944     
  -18.789742379261586        1.4221664151500000E-004  -33.999923139558469     
  -17.000108419443496        15.210249318089950       -33.999924254745217     
  -32.210217620738462        16.999877783358521       -17.000076860441531     
  -33.999841580556414        1.7897706819099632       -17.000085745254797     
  -33.999894862006478        8.5765737000999999E-005  -15.210233312078060     
  -17.000055137993549        16.999924234263016       -1.7897666879219427     
  -18.789742379261586        1.4221664151500000E-004  -16.999923139558469     
  -17.000108419443496        15.210249318089950       -16.999924254745221     
  -32.210217620738462        16.999877783358521       -7.6860441532655699E-005
  -33.999841580556414        1.7897706819099632       -8.5745254795877024E-005
  -33.999894862006478        8.5765737000999999E-005   1.7897666879219412     
  -17.000055137993549        16.999924234263016        15.210233312078056     
  -18.789742379261586        1.4221664151500000E-004   7.6860441532700002E-005
  -17.000108419443496        15.210249318089950        7.5745254779099999E-005
  -32.210217620738462        16.999877783358521        16.999923139558469     
  -33.999841580556414        1.7897706819099632        16.999914254745203     
  -33.999894862006478        8.5765737000999999E-005   18.789766687921944     
  -17.000055137993549        16.999924234263016        32.210233312078060     
  -18.789742379261586        1.4221664151500000E-004   17.000076860441531     
  -17.000108419443496        15.210249318089950        17.000075745254779     
  -32.210217620738462        16.999877783358521        33.999923139558469     
  -33.999841580556414        1.7897706819099632        33.999914254745200     
  -33.999894862006478        8.5765737000999999E-005   35.789766687921940     
  -17.000055137993549        16.999924234263016        49.210233312078060     
  -18.789742379261586        1.4221664151500000E-004   34.000076860441531     
  -17.000108419443496        15.210249318089950        34.000075745254783     
  -32.210217620738462        16.999877783358521        50.999923139558469     
  -33.999841580556414        1.7897706819099632        50.999914254745200     
  -33.999894862006478        17.000085765737001       -32.210233312078060     
  -17.000055137993549        33.999924234263020       -18.789766687921944     
  -18.789742379261586        17.000142216641514       -33.999923139558469     
  -17.000108419443496        32.210249318089950       -33.999924254745217     
  -32.210217620738462        33.999877783358521       -17.000076860441531     
  -33.999841580556414        18.789770681909964       -17.000085745254797     
  -33.999894862006478        17.000085765737001       -15.210233312078060     
  -17.000055137993549        33.999924234263020       -1.7897666879219427     
  -18.789742379261586        17.000142216641514       -16.999923139558469     
  -17.000108419443496        32.210249318089950       -16.999924254745221     
  -32.210217620738462        33.999877783358521       -7.6860441532655699E-005
  -33.999841580556414        18.789770681909964       -8.5745254795877024E-005
  -33.999894862006478        17.000085765737001        1.7897666879219412     
  -17.000055137993549        33.999924234263020        15.210233312078056     
  -18.789742379261586        17.000142216641514        7.6860441532700002E-005
  -17.000108419443496        32.210249318089950        7.5745254779099999E-005
  -32.210217620738462        33.999877783358521        16.999923139558469     
  -33.999841580556414        18.789770681909964        16.999914254745203     
  -33.999894862006478        17.000085765737001        18.789766687921944     
  -17.000055137993549        33.999924234263020        32.210233312078060     
  -18.789742379261586        17.000142216641514        17.000076860441531     
  -17.000108419443496        32.210249318089950        17.000075745254779     
  -32.210217620738462        33.999877783358521        33.999923139558469     
  -33.999841580556414        18.789770681909964        33.999914254745200     
  -33.999894862006478        17.000085765737001        35.789766687921940     
  -17.000055137993549        33.999924234263020        49.210233312078060     
  -18.789742379261586        17.000142216641514        34.000076860441531     
  -17.000108419443496        32.210249318089950        34.000075745254783     
  -32.210217620738462        33.999877783358521        50.999923139558469     
  -33.999841580556414        18.789770681909964        50.999914254745200     
  -33.999894862006478        34.000085765736998       -32.210233312078060     
  -17.000055137993549        50.999924234263020       -18.789766687921944     
  -18.789742379261586        34.000142216641514       -33.999923139558469     
  -17.000108419443496        49.210249318089950       -33.999924254745217     
  -32.210217620738462        50.999877783358521       -17.000076860441531     
  -33.999841580556414        35.789770681909964       -17.000085745254797     
  -33.999894862006478        34.000085765736998       -15.210233312078060     
  -17.000055137993549        50.999924234263020       -1.7897666879219427     
  -18.789742379261586        34.000142216641514       -16.999923139558469     
  -17.000108419443496        49.210249318089950       -16.999924254745221     
  -32.210217620738462        50.999877783358521       -7.6860441532655699E-005
  -33.999841580556414        35.789770681909964       -8.5745254795877024E-005
  -33.999894862006478        34.000085765736998        1.7897666879219412     
  -17.000055137993549        50.999924234263020        15.210233312078056     
  -18.789742379261586        34.000142216641514        7.6860441532700002E-005
  -17.000108419443496        49.210249318089950        7.5745254779099999E-005
  -32.210217620738462        50.999877783358521        16.999923139558469     
  -33.999841580556414        35.789770681909964        16.999914254745203     
  -33.999894862006478        34.000085765736998        18.789766687921944     
  -17.000055137993549        50.999924234263020        32.210233312078060     
  -18.789742379261586        34.000142216641514        17.000076860441531     
  -17.000108419443496        49.210249318089950        17.000075745254779     
  -32.210217620738462        50.999877783358521        33.999923139558469     
  -33.999841580556414        35.789770681909964        33.999914254745200     
  -33.999894862006478        34.000085765736998        35.789766687921940     
  -17.000055137993549        50.999924234263020        49.210233312078060     
  -18.789742379261586        34.000142216641514        34.000076860441531     
  -17.000108419443496        49.210249318089950        34.000075745254783     
  -32.210217620738462        50.999877783358521        50.999923139558469     
  -33.999841580556414        35.789770681909964        50.999914254745200     
  -16.999894862006482       -33.999914234262995       -32.210233312078060     
  -5.5137993551057640E-005  -17.000075765736980       -18.789766687921944     
  -1.7897423792615879       -33.999857783358486       -33.999923139558469     
  -1.0841944349637700E-004  -18.789750681910053       -33.999924254745217     
  -15.210217620738465       -17.000122216641483       -17.000076860441531     
  -16.999841580556417       -32.210229318090036       -17.000085745254797     
  -16.999894862006482       -33.999914234262995       -15.210233312078060     
  -5.5137993551057640E-005  -17.000075765736980       -1.7897666879219427     
  -1.7897423792615879       -33.999857783358486       -16.999923139558469     
  -1.0841944349637700E-004  -18.789750681910053       -16.999924254745221     
  -15.210217620738465       -17.000122216641483       -7.6860441532655699E-005
  -16.999841580556417       -32.210229318090036       -8.5745254795877024E-005
  -16.999894862006482       -33.999914234262995        1.7897666879219412     
  -5.5137993551057640E-005  -17.000075765736980        15.210233312078056     
  -1.7897423792615879       -33.999857783358486        7.6860441532700002E-005
  -1.0841944349637700E-004  -18.789750681910053        7.5745254779099999E-005
  -15.210217620738465       -17.000122216641483        16.999923139558469     
  -16.999841580556417       -32.210229318090036        16.999914254745203     
  -16.999894862006482       -33.999914234262995        18.789766687921944     
  -5.5137993551057640E-005  -17.000075765736980        32.210233312078060     
  -1.7897423792615879       -33.999857783358486        17.000076860441531     
  -1.0841944349637700E-004  -18.789750681910053        17.000075745254779     
  -15.210217620738465       -17.000122216641483        33.999923139558469     
  -16.999841580556417       -32.210229318090036        33.999914254745200     
  -16.999894862006482       -33.999914234262995        35.789766687921940     
  -5.5137993551057640E-005  -17.000075765736980        49.210233312078060     
  -1.7897423792615879       -33.999857783358486        34.000076860441531     
  -1.0841944349637700E-004  -18.789750681910053        34.000075745254783     
  -15.210217620738465       -17.000122216641483        50.999923139558469     
  -16.999841580556417       -32.210229318090036        50.999914254745200     
  -16.999894862006482       -16.999914234262999       -32.210233312078060     
  -5.5137993551057640E-005  -7.5765736983091081E-005  -18.789766687921944     
  -1.7897423792615879       -16.999857783358486       -33.999923139558469     
  -1.0841944349637700E-004  -1.7897506819100504       -33.999924254745217     
  -15.210217620738465       -1.2221664148037714E-004  -17.000076860441531     
  -16.999841580556417       -15.210229318090038       -17.000085745254797     
  -16.999894862006482       -16.999914234262999       -15.210233312078060     
  -5.5137993551057640E-005  -7.5765736983091081E-005  -1.7897666879219427     
  -1.7897423792615879       -16.999857783358486       -16.999923139558469     
  -1.0841944349637700E-004  -1.7897506819100504       -16.999924254745221     
  -15.210217620738465       -1.2221664148037714E-004  -7.6860441532655699E-005
  -16.999841580556417       -15.210229318090038       -8.5745254795877024E-005
  -16.999894862006482       -16.999914234262999        1.7897666879219412     
  -5.5137993551057640E-005  -7.5765736983091081E-005   15.210233312078056     
  -1.7897423792615879       -16.999857783358486        7.6860441532700002E-005
  -1.0841944349637700E-004  -1.7897506819100504        7.5745254779099999E-005
  -15.210217620738465       -1.2221664148037714E-004   16.999923139558469     
  -16.999841580556417       -15.210229318090038        16.999914254745203     
  -16.999894862006482       -16.999914234262999        18.789766687921944     
  -5.5137993551057640E-005  -7.5765736983091081E-005   32.210233312078060     
  -1.7897423792615879       -16.999857783358486        17.000076860441531     
  -1.0841944349637700E-004  -1.7897506819100504        17.000075745254779     
  -15.210217620738465       -1.2221664148037714E-004   33.999923139558469     
  -16.999841580556417       -15.210229318090038        33.999914254745200     
  -16.999894862006482       -16.999914234262999        35.789766687921940     
  -5.5137993551057640E-005  -7.5765736983091081E-005   49.210233312078060     
  -1.7897423792615879       -16.999857783358486        34.000076860441531     
  -1.0841944349637700E-004  -1.7897506819100504        34.000075745254783     
  -15.210217620738465       -1.2221664148037714E-004   50.999923139558469     
  -16.999841580556417       -15.210229318090038        50.999914254745200     
  -16.999894862006482        8.5765737000999999E-005  -32.210233312078060     
  -5.5137993551057640E-005   16.999924234263016       -18.789766687921944     
  -1.7897423792615879        1.4221664151500000E-004  -33.999923139558469     
  -1.0841944349637700E-004   15.210249318089950       -33.999924254745217     
  -15.210217620738465        16.999877783358521       -17.000076860441531     
  -16.999841580556417        1.7897706819099632       -17.000085745254797     
  -16.999894862006482        8.5765737000999999E-005  -15.210233312078060     
  -5.5137993551057640E-005   16.999924234263016       -1.7897666879219427     
  -1.7897423792615879        1.4221664151500000E-004  -16.999923139558469     
  -1.0841944349637700E-004   15.210249318089950       -16.999924254745221     
  -15.210217620738465        16.999877783358521       -7.6860441532655699E-005
  -16.999841580556417        1.7897706819099632       -8.5745254795877024E-005
  -16.999894862006482        8.5765737000999999E-005   1.7897666879219412     
  -5.5137993551057640E-005   16.999924234263016        15.210233312078056     
  -1.7897423792615879        1.4221664151500000E-004   7.6860441532700002E-005
  -1.0841944349637700E-004   15.210249318089950        7.5745254779099999E-005
  -15.210217620738465        16.999877783358521        16.999923139558469     
  -16.999841580556417        1.7897706819099632        16.999914254745203     
  -16.999894862006482        8.5765737000999999E-005   18.789766687921944     
  -5.5137993551057640E-005   16.999924234263016        32.210233312078060     
  -1.7897423792615879        1.4221664151500000E-004   17.000076860441531     
  -1.0841944349637700E-004   15.210249318089950        17.000075745254779     
  -15.210217620738465        16.999877783358521        33.999923139558469     
  -16.999841580556417        1.7897706819099632        33.999914254745200     
  -16.999894862006482        8.5765737000999999E-005   35.789766687921940     
  -5.5137993551057640E-005   16.999924234263016        49.210233312078060     
  -1.7897423792615879        1.4221664151500000E-004   34.000076860441531     
  -1.0841944349637700E-004   15.210249318089950        34.000075745254783     
  -15.210217620738465        16.999877783358521        50.999923139558469     
  -16.999841580556417        1.7897706819099632        50.999914254745200     
  -16.999894862006482        17.000085765737001       -32.210233312078060     
  -5.5137993551057640E-005   33.999924234263020       -18.789766687921944     
  -1.7897423792615879        17.000142216641514       -33.999923139558469     
  -1.0841944349637700E-004   32.210249318089950       -33.999924254745217     
  -15.210217620738465        33.999877783358521       -17.000076860441531     
  -16.999841580556417        18.789770681909964       -17.000085745254797     
  -16.999894862006482        17.000085765737001       -15.210233312078060     
  -5.5137993551057640E-005   33.999924234263020       -1.7897666879219427     
  -1.7897423792615879        17.000142216641514       -16.999923139558469     
  -1.0841944349637700E-004   32.210249318089950       -16.999924254745221     
  -15.210217620738465        33.999877783358521       -7.6860441532655699E-005
  -16.999841580556417        18.789770681909964       -8.5745254795877024E-005
  -16.999894862006482        17.000085765737001        1.7897666879219412     
  -5.5137993551057640E-005   33.999924234263020        15.210233312078056     
  -1.7897423792615879        17.000142216641514        7.6860441532700002E-005
  -1.0841944349637700E-004   32.210249318089950        7.5745254779099999E-005
  -15.210217620738465        33.999877783358521        16.999923139558469     
  -16.999841580556417        18.789770681909964        16.999914254745203     
  -16.999894862006482        17.000085765737001        18.789766687921944     
  -5.5137993551057640E-005   33.999924234263020        32.210233312078060     
  -1.7897423792615879        17.000142216641514        17.000076860441531     
  -1.0841944349637700E-004   32.210249318089950        17.000075745254779     
  -15.210217620738465        33.999877783358521        33.999923139558469     
  -16.999841580556417        18.789770681909964        33.999914254745200     
  -16.999894862006482        17.000085765737001        35.789766687921940     
  -5.5137993551057640E-005   33.999924234263020        49.210233312078060     
  -1.7897423792615879        17.000142216641514        34.000076860441531     
  -1.0841944349637700E-004   32.210249318089950        34.000075745254783     
  -15.210217620738465        33.999877783358521        50.999923139558469     
  -16.999841580556417        18.789770681909964        50.999914254745200     
  -16.999894862006482        34.000085765736998       -32.210233312078060     
  -5.5137993551057640E-005   50.999924234263020       -18.789766687921944     
  -1.7897423792615879        34.000142216641514       -33.999923139558469     
  -1.0841944349637700E-004   49.210249318089950       -33.999924254745217     
  -15.210217620738465        50.999877783358521       -17.000076860441531     
  -16.999841580556417        35.789770681909964       -17.000085745254797     
  -16.999894862006482        34.000085765736998       -15.210233312078060     
  -5.5137993551057640E-005   50.999924234263020       -1.7897666879219427     
  -1.7897423792615879        34.000142216641514       -16.999923139558469     
  -1.0841944349637700E-004   49.210249318089950       -16.999924254745221     
  -15.210217620738465        50.999877783358521       -7.6860441532655699E-005
  -16.999841580556417        35.789770681909964       -8.5745254795877024E-005
  -16.999894862006482        34.000085765736998        1.7897666879219412     
  -5.5137993551057640E-005   50.999924234263020        15.210233312078056     
  -1.7897423792615879        34.000142216641514        7.6860441532700002E-005
  -1.0841944349637700E-004   49.210249318089950        7.5745254779099999E-005
  -15.210217620738465        50.999877783358521        16.999923139558469     
  -16.999841580556417        35.789770681909964        16.999914254745203     
  -16.999894862006482        34.000085765736998        18.789766687921944     
  -5.5137993551057640E-005   50.999924234263020        32.210233312078060     
  -1.7897423792615879        34.000142216641514        17.000076860441531     
  -1.0841944349637700E-004   49.210249318089950        17.000075745254779     
  -15.210217620738465        50.999877783358521        33.999923139558469     
  -16.999841580556417        35.789770681909964        33.999914254745200     
  -16.999894862006482        34.000085765736998        35.789766687921940     
  -5.5137993551057640E-005   50.999924234263020        49.210233312078060     
  -1.7897423792615879        34.000142216641514        34.000076860441531     
  -1.0841944349637700E-004   49.210249318089950        34.000075745254783     
  -15.210217620738465        50.999877783358521        50.999923139558469     
  -16.999841580556417        35.789770681909964        50.999914254745200     
   1.0513799351800000E-004  -33.999914234262995       -32.210233312078060     
   16.999944862006448       -17.000075765736980       -18.789766687921944     
   15.210257620738412       -33.999857783358486       -33.999923139558469     
   16.999891580556504       -18.789750681910053       -33.999924254745217     
   1.7897823792615346       -17.000122216641483       -17.000076860441531     
   1.5841944358300001E-004  -32.210229318090036       -17.000085745254797     
   1.0513799351800000E-004  -33.999914234262995       -15.210233312078060     
   16.999944862006448       -17.000075765736980       -1.7897666879219427     
   15.210257620738412       -33.999857783358486       -16.999923139558469     
   16.999891580556504       -18.789750681910053       -16.999924254745221     
   1.7897823792615346       -17.000122216641483       -7.6860441532655699E-005
   1.5841944358300001E-004  -32.210229318090036       -8.5745254795877024E-005
   1.0513799351800000E-004  -33.999914234262995        1.7897666879219412     
   16.999944862006448       -17.000075765736980        15.210233312078056     
   15.210257620738412       -33.999857783358486        7.6860441532700002E-005
   16.999891580556504       -18.789750681910053        7.5745254779099999E-005
   1.7897823792615346       -17.000122216641483        16.999923139558469     
   1.5841944358300001E-004  -32.210229318090036        16.999914254745203     
   1.0513799351800000E-004  -33.999914234262995        18.789766687921944     
   16.999944862006448       -17.000075765736980        32.210233312078060     
   15.210257620738412       -33.999857783358486        17.000076860441531     
   16.999891580556504       -18.789750681910053        17.000075745254779     
   1.7897823792615346       -17.000122216641483        33.999923139558469     
   1.5841944358300001E-004  -32.210229318090036        33.999914254745200     
   1.0513799351800000E-004  -33.999914234262995        35.789766687921940     
   16.999944862006448       -17.000075765736980        49.210233312078060     
   15.210257620738412       -33.999857783358486        34.000076860441531     
   16.999891580556504       -18.789750681910053        34.000075745254783     
   1.7897823792615346       -17.000122216641483        50.999923139558469     
   1.5841944358300001E-004  -32.210229318090036        50.999914254745200     
   1.0513799351800000E-004  -16.999914234262999       -32.210233312078060     
   16.999944862006448       -7.5765736983091081E-005  -18.789766687921944     
   15.210257620738412       -16.999857783358486       -33.999923139558469     
   16.999891580556504       -1.7897506819100504       -33.999924254745217     
   1.7897823792615346       -1.2221664148037714E-004  -17.000076860441531     
   1.5841944358300001E-004  -15.210229318090038       -17.000085745254797     
   1.0513799351800000E-004  -16.999914234262999       -15.210233312078060     
   16.999944862006448       -7.5765736983091081E-005  -1.7897666879219427     
   15.210257620738412       -16.999857783358486       -16.999923139558469     
   16.999891580556504       -1.7897506819100504       -16.999924254745221     
   1.7897823792615346       -1.2221664148037714E-004  -7.6860441532655699E-005
   1.5841944358300001E-004  -15.210229318090038       -8.5745254795877024E-005
   1.0513799351800000E-004  -16.999914234262999        1.7897666879219412     
   16.999944862006448       -7.5765736983091081E-005   15.210233312078056     
   15.210257620738412       -16.999857783358486        7.6860441532700002E-005
   16.999891580556504       -1.7897506819100504        7.5745254779099999E-005
   1.7897823792615346       -1.2221664148037714E-004   16.999923139558469     
   1.5841944358300001E-004  -15.210229318090038        16.999914254745203     
   1.0513799351800000E-004  -16.999914234262999        18.789766687921944     
   16.999944862006448       -7.5765736983091081E-005   32.210233312078060     
   15.210257620738412       -16.999857783358486        17.000076860441531     
   16.999891580556504       -1.7897506819100504        17.000075745254779     
   1.7897823792615346       -1.2221664148037714E-004   33.999923139558469     
   1.5841944358300001E-004  -15.210229318090038        33.999914254745200     
   1.0513799351800000E-004  -16.999914234262999        35.789766687921940     
   16.999944862006448       -7.5765736983091081E-005   49.210233312078060     
   15.210257620738412       -16.999857783358486        34.000076860441531     
   16.999891580556504       -1.7897506819100504        34.000075745254783     
   1.7897823792615346       -1.2221664148037714E-004   50.999923139558469     
   1.5841944358300001E-004  -15.210229318090038        50.999914254745200     
   1.0513799351800000E-004   8.5765737000999999E-005  -32.210233312078060     
   16.999944862006448        16.999924234263016       -18.789766687921944     
   15.210257620738412        1.4221664151500000E-004  -33.999923139558469     
   16.999891580556504        15.210249318089950       -33.999924254745217     
   1.7897823792615346        16.999877783358521       -17.000076860441531     
   1.5841944358300001E-004   1.7897706819099632       -17.000085745254797     
   1.0513799351800000E-004   8.5765737000999999E-005  -15.210233312078060     
   16.999944862006448        16.999924234263016       -1.7897666879219427     
   15.210257620738412        1.4221664151500000E-004  -16.999923139558469     
   16.999891580556504        15.210249318089950       -16.999924254745221     
   1.7897823792615346        16.999877783358521       -7.6860441532655699E-005
   1.5841944358300001E-004   1.7897706819099632       -8.5745254795877024E-005
   1.0513799351800000E-004   8.5765737000999999E-005   1.7897666879219412     
   16.999944862006448        16.999924234263016        15.210233312078056     
   15.210257620738412        1.4221664151500000E-004   7.6860441532700002E-005
   16.999891580556504        15.210249318089950        7.5745254779099999E-005
   1.7897823792615346        16.999877783358521        16.999923139558469     
   1.5841944358300001E-004   1.7897706819099632        16.999914254745203     
   1.0513799351800000E-004   8.5765737000999999E-005   18.789766687921944     
   16.999944862006448        16.999924234263016        32.210233312078060     
   15.210257620738412        1.4221664151500000E-004   17.000076860441531     
   16.999891580556504        15.210249318089950        17.000075745254779     
   1.7897823792615346        16.999877783358521        33.999923139558469     
   1.5841944358300001E-004   1.7897706819099632        33.999914254745200     
   1.0513799351800000E-004   8.5765737000999999E-005   35.789766687921940     
   16.999944862006448        16.999924234263016        49.210233312078060     
   15.210257620738412        1.4221664151500000E-004   34.000076860441531     
   16.999891580556504        15.210249318089950        34.000075745254783     
   1.7897823792615346        16.999877783358521        50.999923139558469     
   1.5841944358300001E-004   1.7897706819099632        50.999914254745200     
   1.0513799351800000E-004   17.000085765737001       -32.210233312078060     
   16.999944862006448        33.999924234263020       -18.789766687921944     
   15.210257620738412        17.000142216641514       -33.999923139558469     
   16.999891580556504        32.210249318089950       -33.999924254745217     
   1.7897823792615346        33.999877783358521       -17.000076860441531     
   1.5841944358300001E-004   18.789770681909964       -17.000085745254797     
   1.0513799351800000E-004   17.000085765737001       -15.210233312078060     
   16.999944862006448        33.999924234263020       -1.7897666879219427     
   15.210257620738412        17.000142216641514       -16.999923139558469     
   16.999891580556504        32.210249318089950       -16.999924254745221     
   1.7897823792615346        33.999877783358521       -7.6860441532655699E-005
   1.5841944358300001E-004   18.789770681909964       -8.5745254795877024E-005
   1.0513799351800000E-004   17.000085765737001        1.7897666879219412     
   16.999944862006448        33.999924234263020        15.210233312078056     
   15.210257620738412        17.000142216641514        7.6860441532700002E-005
   16.999891580556504        32.210249318089950        7.5745254779099999E-005
   1.7897823792615346        33.999877783358521        16.999923139558469     
   1.5841944358300001E-004   18.789770681909964        16.999914254745203     
   1.0513799351800000E-004   17.000085765737001        18.789766687921944     
   16.999944862006448        33.999924234263020        32.210233312078060     
   15.210257620738412        17.000142216641514        17.000076860441531     
   16.999891580556504        32.210249318089950        17.000075745254779     
   1.7897823792615346        33.999877783358521        33.999923139558469     
   1.5841944358300001E-004   18.789770681909964        33.999914254745200     
   1.0513799351800000E-004   17.000085765737001        35.789766687921940     
   16.999944862006448        33.999924234263020        49.210233312078060     
   15.210257620738412        17.000142216641514        34.000076860441531     
   16.999891580556504        32.210249318089950        34.000075745254783     
   1.7897823792615346        33.999877783358521        50.999923139558469     
   1.5841944358300001E-004   18.789770681909964        50.999914254745200     
   1.0513799351800000E-004   34.000085765736998       -32.210233312078060     
   16.999944862006448        50.999924234263020       -18.789766687921944     
   15.210257620738412        34.000142216641514       -33.999923139558469     
   16.999891580556504        49.210249318089950       -33.999924254745217     
   1.7897823792615346        50.999877783358521       -17.000076860441531     
   1.5841944358300001E-004   35.789770681909964       -17.000085745254797     
   1.0513799351800000E-004   34.000085765736998       -15.210233312078060     
   16.999944862006448        50.999924234263020       -1.7897666879219427     
   15.210257620738412        34.000142216641514       -16.999923139558469     
   16.999891580556504        49.210249318089950       -16.999924254745221     
   1.7897823792615346        50.999877783358521       -7.6860441532655699E-005
   1.5841944358300001E-004   35.789770681909964       -8.5745254795877024E-005
   1.0513799351800000E-004   34.000085765736998        1.7897666879219412     
   16.999944862006448        50.999924234263020        15.210233312078056     
   15.210257620738412        34.000142216641514        7.6860441532700002E-005
   16.999891580556504        49.210249318089950        7.5745254779099999E-005
   1.7897823792615346        50.999877783358521        16.999923139558469     
   1.5841944358300001E-004   35.789770681909964        16.999914254745203     
   1.0513799351800000E-004   34.000085765736998        18.789766687921944     
   16.999944862006448        50.999924234263020        32.210233312078060     
   15.210257620738412        34.000142216641514        17.000076860441531     
   16.999891580556504        49.210249318089950        17.000075745254779     
   1.7897823792615346        50.999877783358521        33.999923139558469     
   1.5841944358300001E-004   35.789770681909964        33.999914254745200     
   1.0513799351800000E-004   34.000085765736998        35.789766687921940     
   16.999944862006448        50.999924234263020        49.210233312078060     
   15.210257620738412        34.000142216641514        34.000076860441531     
   16.999891580556504        49.210249318089950        34.000075745254783     
   1.7897823792615346        50.999877783358521        50.999923139558469     
   1.5841944358300001E-004   35.789770681909964        50.999914254745200     
   17.000105137993518       -33.999914234262995       -32.210233312078060     
   33.999944862006451       -17.000075765736980       -18.789766687921944     
   32.210257620738417       -33.999857783358486       -33.999923139558469     
   33.999891580556501       -18.789750681910053       -33.999924254745217     
   18.789782379261535       -17.000122216641483       -17.000076860441531     
   17.000158419443583       -32.210229318090036       -17.000085745254797     
   17.000105137993518       -33.999914234262995       -15.210233312078060     
   33.999944862006451       -17.000075765736980       -1.7897666879219427     
   32.210257620738417       -33.999857783358486       -16.999923139558469     
   33.999891580556501       -18.789750681910053       -16.999924254745221     
   18.789782379261535       -17.000122216641483       -7.6860441532655699E-005
   17.000158419443583       -32.210229318090036       -8.5745254795877024E-005
   17.000105137993518       -33.999914234262995        1.7897666879219412     
   33.999944862006451       -17.000075765736980        15.210233312078056     
   32.210257620738417       -33.999857783358486        7.6860441532700002E-005
   33.999891580556501       -18.789750681910053        7.5745254779099999E-005
   18.789782379261535       -17.000122216641483        16.999923139558469     
   17.000158419443583       -32.210229318090036        16.999914254745203     
   17.000105137993518       -33.999914234262995        18.789766687921944     
   33.999944862006451       -17.000075765736980        32.210233312078060     
   32.210257620738417       -33.999857783358486        17.000076860441531     
   33.999891580556501       -18.789750681910053        17.000075745254779     
   18.789782379261535       -17.000122216641483        33.999923139558469     
   17.000158419443583       -32.210229318090036        33.999914254745200     
   17.000105137993518       -33.999914234262995        35.789766687921940     
   33.999944862006451       -17.000075765736980        49.210233312078060     
   32.210257620738417       -33.999857783358486        34.000076860441531     
   33.999891580556501       -18.789750681910053        34.000075745254783     
   18.789782379261535       -17.000122216641483        50.999923139558469     
   17.000158419443583       -32.210229318090036        50.999914254745200     
   17.000105137993518       -16.999914234262999       -32.210233312078060     
   33.999944862006451       -7.5765736983091081E-005  -18.789766687921944     
   32.210257620738417       -16.999857783358486       -33.999923139558469     
   33.999891580556501       -1.7897506819100504       -33.999924254745217     
   18.789782379261535       -1.2221664148037714E-004  -17.000076860441531     
   17.000158419443583       -15.210229318090038       -17.000085745254797     
   17.000105137993518       -16.999914234262999       -15.210233312078060     
   33.999944862006451       -7.5765736983091081E-005  -1.7897666879219427     
   32.210257620738417       -16.999857783358486       -16.999923139558469     
   33.999891580556501       -1.7897506819100504       -16.999924254745221     
   18.789782379261535       -1.2221664148037714E-004  -7.6860441532655699E-005
   17.000158419443583       -15.210229318090038       -8.5745254795877024E-005
   17.000105137993518       -16.999914234262999        1.7897666879219412     
   33.999944862006451       -7.5765736983091081E-005   15.210233312078056     
   32.210257620738417       -16.999857783358486        7.6860441532700002E-005
   33.999891580556501       -1.7897506819100504        7.5745254779099999E-005
   18.789782379261535       -1.2221664148037714E-004   16.999923139558469     
   17.000158419443583       -15.210229318090038        16.999914254745203     
   17.000105137993518       -16.999914234262999        18.789766687921944     
   33.999944862006451       -7.5765736983091081E-005   32.210233312078060     
   32.210257620738417       -16.999857783358486        17.000076860441531     
   33.999891580556501       -1.7897506819100504        17.000075745254779     
   18.789782379261535       -1.2221664148037714E-004   33.999923139558469     
   17.000158419443583       -15.210229318090038        33.999914254745200     
   17.000105137993518       -16.999914234262999        35.789766687921940     
   33.999944862006451       -7.5765736983091081E-005   49.210233312078060     
   32.210257620738417       -16.999857783358486        34.000076860441531     
   33.999891580556501       -1.7897506819100504        34.000075745254783     
   18.789782379261535       -1.2221664148037714E-004   50.999923139558469     
   17.000158419443583       -15.210229318090038        50.999914254745200     
   17.000105137993518        8.5765737000999999E-005  -32.210233312078060     
   33.999944862006451        16.999924234263016       -18.789766687921944     
   32.210257620738417        1.4221664151500000E-004  -33.999923139558469     
   33.999891580556501        15.210249318089950       -33.999924254745217     
   18.789782379261535        16.999877783358521       -17.000076860441531     
   17.000158419443583        1.7897706819099632       -17.000085745254797     
   17.000105137993518        8.5765737000999999E-005  -15.210233312078060     
   33.999944862006451        16.999924234263016       -1.7897666879219427     
   32.210257620738417        1.4221664151500000E-004  -16.999923139558469     
   33.999891580556501        15.210249318089950       -16.999924254745221     
   18.789782379261535        16.999877783358521       -7.6860441532655699E-005
   17.000158419443583        1.7897706819099632       -8.5745254795877024E-005
   17.000105137993518        8.5765737000999999E-005   1.7897666879219412     
   33.999944862006451        16.999924234263016        15.210233312078056     
   32.210257620738417        1.4221664151500000E-004   7.6860441532700002E-005
   33.999891580556501        15.210249318089950        7.5745254779099999E-005
   18.789782379261535        16.999877783358521        16.999923139558469     
   17.000158419443583        1.7897706819099632        16.999914254745203     
   17.000105137993518        8.5765737000999999E-005   18.789766687921944     
   33.999944862006451        16.999924234263016        32.210233312078060     
   32.210257620738417        1.4221664151500000E-004   17.000076860441531     
   33.999891580556501        15.210249318089950        17.000075745254779     
   18.789782379261535        16.999877783358521        33.999923139558469     
   17.000158419443583        1.7897706819099632        33.999914254745200     
   17.000105137993518        8.5765737000999999E-005   35.789766687921940     
   33.999944862006451        16.999924234263016        49.210233312078060     
   32.210257620738417        1.4221664151500000E-004   34.000076860441531     
   33.999891580556501        15.210249318089950        34.000075745254783     
   18.789782379261535        16.999877783358521        50.999923139558469     
   17.000158419443583        1.7897706819099632        50.999914254745200     
   17.000105137993518        17.000085765737001       -32.210233312078060     
   33.999944862006451        33.999924234263020       -18.789766687921944     
   32.210257620738417        17.000142216641514       -33.999923139558469     
   33.999891580556501        32.210249318089950       -33.999924254745217     
   18.789782379261535        33.999877783358521       -17.000076860441531     
   17.000158419443583        18.789770681909964       -17.000085745254797     
   17.000105137993518        17.000085765737001       -15.210233312078060     
   33.999944862006451        33.999924234263020       -1.7897666879219427     
   32.210257620738417        17.000142216641514       -16.999923139558469     
   33.999891580556501        32.210249318089950       -16.999924254745221     
   18.789782379261535        33.999877783358521       -7.6860441532655699E-005
   17.000158419443583        18.789770681909964       -8.5745254795877024E-005
   17.000105137993518        17.000085765737001        1.7897666879219412     
   33.999944862006451        33.999924234263020        15.210233312078056     
   32.210257620738417        17.000142216641514        7.6860441532700002E-005
   33.999891580556501        32.210249318089950        7.5745254779099999E-005
   18.789782379261535        33.999877783358521        16.999923139558469     
   17.000158419443583        18.789770681909964        16.999914254745203     
   17.000105137993518        17.000085765737001        18.789766687921944     
   33.999944862006451        33.999924234263020        32.210233312078060     
   32.210257620738417        17.000142216641514        17.000076860441531     
   33.999891580556501        32.210249318089950        17.000075745254779     
   18.789782379261535        33.999877783358521        33.999923139558469     
   17.000158419443583        18.789770681909964        33.999914254745200     
   17.000105137993518        17.000085765737001        35.789766687921940     
   33.999944862006451        33.999924234263020        49.210233312078060     
   32.210257620738417        17.000142216641514        34.000076860441531     
   33.999891580556501        32.210249318089950        34.000075745254783     
   18.789782379261535        33.999877783358521        50.999923139558469     
   17.000158419443583        18.789770681909964        50.999914254745200     
   17.000105137993518        34.000085765736998       -32.210233312078060     
   33.999944862006451        50.999924234263020       -18.789766687921944     
   32.210257620738417        34.000142216641514       -33.999923139558469     
   33.999891580556501        49.210249318089950       -33.999924254745217     
   18.789782379261535        50.999877783358521       -17.000076860441531     
   17.000158419443583        35.789770681909964       -17.000085745254797     
   17.000105137993518        34.000085765736998       -15.210233312078060     
   33.999944862006451        50.999924234263020       -1.7897666879219427     
   32.210257620738417        34.000142216641514       -16.999923139558469     
   33.999891580556501        49.210249318089950       -16.999924254745221     
   18.789782379261535        50.999877783358521       -7.6860441532655699E-005
   17.000158419443583        35.789770681909964       -8.5745254795877024E-005
   17.000105137993518        34.000085765736998        1.7897666879219412     
   33.999944862006451        50.999924234263020        15.210233312078056     
   32.210257620738417        34.000142216641514        7.6860441532700002E-005
   33.999891580556501        49.210249318089950        7.5745254779099999E-005
   18.789782379261535        50.999877783358521        16.999923139558469     
   17.000158419443583        35.789770681909964        16.999914254745203     
   17.000105137993518        34.000085765736998        18.789766687921944     
   33.999944862006451        50.999924234263020        32.210233312078060     
   32.210257620738417        34.000142216641514        17.000076860441531     
   33.999891580556501        49.210249318089950        17.000075745254779     
   18.789782379261535        50.999877783358521        33.999923139558469     
   17.000158419443583        35.789770681909964        33.999914254745200     
   17.000105137993518        34.000085765736998        35.789766687921940     
   33.999944862006451        50.999924234263020        49.210233312078060     
   32.210257620738417        34.000142216641514        34.000076860441531     
   33.999891580556501        49.210249318089950        34.000075745254783     
   18.789782379261535        50.999877783358521        50.999923139558469     
   17.000158419443583        35.789770681909964        50.999914254745200     
   34.000105137993515       -33.999914234262995       -32.210233312078060     
   50.999944862006451       -17.000075765736980       -18.789766687921944     
   49.210257620738417       -33.999857783358486       -33.999923139558469     
   50.999891580556501       -18.789750681910053       -33.999924254745217     
   35.789782379261538       -17.000122216641483       -17.000076860441531     
   34.000158419443586       -32.210229318090036       -17.000085745254797     
   34.000105137993515       -33.999914234262995       -15.210233312078060     
   50.999944862006451       -17.000075765736980       -1.7897666879219427     
   49.210257620738417       -33.999857783358486       -16.999923139558469     
   50.999891580556501       -18.789750681910053       -16.999924254745221     
   35.789782379261538       -17.000122216641483       -7.6860441532655699E-005
   34.000158419443586       -32.210229318090036       -8.5745254795877024E-005
   34.000105137993515       -33.999914234262995        1.7897666879219412     
   50.999944862006451       -17.000075765736980        15.210233312078056     
   49.210257620738417       -33.999857783358486        7.6860441532700002E-005
   50.999891580556501       -18.789750681910053        7.5745254779099999E-005
   35.789782379261538       -17.000122216641483        16.999923139558469     
   34.000158419443586       -32.210229318090036        16.999914254745203     
   34.000105137993515       -33.999914234262995        18.789766687921944     
   50.999944862006451       -17.000075765736980        32.210233312078060     
   49.210257620738417       -33.999857783358486        17.000076860441531     
   50.999891580556501       -18.789750681910053        17.000075745254779     
   35.789782379261538       -17.000122216641483        33.999923139558469     
   34.000158419443586       -32.210229318090036        33.999914254745200     
   34.000105137993515       -33.999914234262995        35.789766687921940     
   50.999944862006451       -17.000075765736980        49.210233312078060     
   49.210257620738417       -33.999857783358486        34.000076860441531     
   50.999891580556501       -18.789750681910053        34.000075745254783     
   35.789782379261538       -17.000122216641483        50.999923139558469     
   34.000158419443586       -32.210229318090036        50.999914254745200     
   34.000105137993515       -16.999914234262999       -32.210233312078060     
   50.999944862006451       -7.5765736983091081E-005  -18.789766687921944     
   49.210257620738417       -16.999857783358486       -33.999923139558469     
   50.999891580556501       -1.7897506819100504       -33.999924254745217     
   35.789782379261538       -1.2221664148037714E-004  -17.000076860441531     
   34.000158419443586       -15.210229318090038       -17.000085745254797     
   34.000105137993515       -16.999914234262999       -15.210233312078060     
   50.999944862006451       -7.5765736983091081E-005  -1.7897666879219427     
   49.210257620738417       -16.999857783358486       -16.999923139558469     
   50.999891580556501       -1.7897506819100504       -16.999924254745221     
   35.789782379261538       -1.2221664148037714E-004  -7.6860441532655699E-005
   34.000158419443586       -15.210229318090038       -8.5745254795877024E-005
   34.000105137993515       -16.999914234262999        1.7897666879219412     
   50.999944862006451       -7.5765736983091081E-005   15.210233312078056     
   49.210257620738417       -16.999857783358486        7.6860441532700002E-005
   50.999891580556501       -1.7897506819100504        7.5745254779099999E-005
   35.789782379261538       -1.2221664148037714E-004   16.999923139558469     
   34.000158419443586       -15.210229318090038        16.999914254745203     
   34.000105137993515       -16.999914234262999        18.789766687921944     
   50.999944862006451       -7.5765736983091081E-005   32.210233312078060     
   49.210257620738417       -16.999857783358486        17.000076860441531     
   50.999891580556501       -1.7897506819100504        17.000075745254779     
   35.789782379261538       -1.2221664148037714E-004   33.999923139558469     
   34.000158419443586       -15.210229318090038        33.999914254745200     
   34.000105137993515       -16.999914234262999        35.789766687921940     
   50.999944862006451       -7.5765736983091081E-005   49.210233312078060     
   49.210257620738417       -16.999857783358486        34.000076860441531     
   50.999891580556501       -1.7897506819100504        34.000075745254783     
   35.789782379261538       -1.2221664148037714E-004   50.999923139558469     
   34.000158419443586       -15.210229318090038        50.999914254745200     
   34.000105137993515        8.5765737000999999E-005  -32.210233312078060     
   50.999944862006451        16.999924234263016       -18.789766687921944     
   49.210257620738417        1.4221664151500000E-004  -33.999923139558469     
   50.999891580556501        15.210249318089950       -33.999924254745217     
   35.789782379261538        16.999877783358521       -17.000076860441531     
   34.000158419443586        1.7897706819099632       -17.000085745254797     
   34.000105137993515        8.5765737000999999E-005  -15.210233312078060     
   50.999944862006451        16.999924234263016       -1.7897666879219427     
   49.210257620738417        1.4221664151500000E-004  -16.999923139558469     
   50.999891580556501        15.210249318089950       -16.999924254745221     
   35.789782379261538        16.999877783358521       -7.6860441532655699E-005
   34.000158419443586        1.7897706819099632       -8.5745254795877024E-005
   34.000105137993515        8.5765737000999999E-005   1.7897666879219412     
   50.999944862006451        16.999924234263016        15.210233312078056     
   49.210257620738417        1.4221664151500000E-004   7.6860441532700002E-005
   50.999891580556501        15.210249318089950        7.5745254779099999E-005
   35.789782379261538        16.999877783358521        16.999923139558469     
   34.000158419443586        1.7897706819099632        16.999914254745203     
   34.000105137993515        8.5765737000999999E-005   18.789766687921944     
   50.999944862006451        16.999924234263016        32.210233312078060     
   49.210257620738417        1.4221664151500000E-004   17.000076860441531     
   50.999891580556501        15.210249318089950        17.000075745254779     
   35.789782379261538        16.999877783358521        33.999923139558469     
   34.000158419443586        1.7897706819099632        33.999914254745200     
   34.000105137993515        8.5765737000999999E-005   35.789766687921940     
   50.999944862006451        16.999924234263016        49.210233312078060     
   49.210257620738417        1.4221664151500000E-004   34.000076860441531     
   50.999891580556501        15.210249318089950        34.000075745254783     
   35.789782379261538        16.999877783358521        50.999923139558469     
   34.000158419443586        1.7897706819099632        50.999914254745200     
   34.000105137993515        17.000085765737001       -32.210233312078060     
   50.999944862006451        33.999924234263020       -18.789766687921944     
   49.210257620738417        17.000142216641514       -33.999923139558469     
   50.999891580556501        32.210249318089950       -33.999924254745217     
   35.789782379261538        33.999877783358521       -17.000076860441531     
   34.000158419443586        18.789770681909964       -17.000085745254797     
   34.000105137993515        17.000085765737001       -15.210233312078060     
   50.999944862006451        33.999924234263020       -1.7897666879219427     
   49.210257620738417        17.000142216641514       -16.999923139558469     
   50.999891580556501        32.210249318089950       -16.999924254745221     
   35.789782379261538        33.999877783358521       -7.6860441532655699E-005
   34.000158419443586        18.789770681909964       -8.5745254795877024E-005
   34.000105137993515        17.000085765737001        1.7897666879219412     
   50.999944862006451        33.999924234263020        15.210233312078056     
   49.210257620738417        17.000142216641514        7.6860441532700002E-005
   50.999891580556501        32.210249318089950        7.5745254779099999E-005
   35.789782379261538        33.999877783358521        16.999923139558469     
   34.000158419443586        18.789770681909964        16.999914254745203     
   34.000105137993515        17.000085765737001        18.789766687921944     
   50.999944862006451        33.999924234263020        32.210233312078060     
   49.210257620738417        17.000142216641514        17.000076860441531     
   50.999891580556501        32.210249318089950        17.000075745254779     
   35.789782379261538        33.999877783358521        33.999923139558469     
   34.000158419443586        18.789770681909964        33.999914254745200     
   34.000105137993515        17.000085765737001        35.789766687921940     
   50.999944862006451        33.999924234263020        49.210233312078060     
   49.210257620738417        17.000142216641514        34.000076860441531     
   50.999891580556501        32.210249318089950        34.000075745254783     
   35.789782379261538        33.999877783358521        50.999923139558469     
   34.000158419443586        18.789770681909964        50.999914254745200     
   34.000105137993515        34.000085765736998       -32.210233312078060     
   50.999944862006451        50.999924234263020       -18.789766687921944     
   49.210257620738417        34.000142216641514       -33.999923139558469     
   50.999891580556501        49.210249318089950       -33.999924254745217     
   35.789782379261538        50.999877783358521       -17.000076860441531     
   34.000158419443586        35.789770681909964       -17.000085745254797     
   34.000105137993515        34.000085765736998       -15.210233312078060     
   50.999944862006451        50.999924234263020       -1.7897666879219427     
   49.210257620738417        34.000142216641514       -16.999923139558469     
   50.999891580556501        49.210249318089950       -16.999924254745221     
   35.789782379261538        50.999877783358521       -7.6860441532655699E-005
   34.000158419443586        35.789770681909964       -8.5745254795877024E-005
   34.000105137993515        34.000085765736998        1.7897666879219412     
   50.999944862006451        50.999924234263020        15.210233312078056     
   49.210257620738417        34.000142216641514        7.6860441532700002E-005
   50.999891580556501        49.210249318089950        7.5745254779099999E-005
   35.789782379261538        50.999877783358521        16.999923139558469     
   34.000158419443586        35.789770681909964        16.999914254745203     
   34.000105137993515        34.000085765736998        18.789766687921944     
   50.999944862006451        50.999924234263020        32.210233312078060     
   49.210257620738417        34.000142216641514        17.000076860441531     
   50.999891580556501        49.210249318089950        17.000075745254779     
   35.789782379261538        50.999877783358521        33.999923139558469     
   34.000158419443586        35.789770681909964        33.999914254745200     
   34.000105137993515        34.000085765736998        35.789766687921940     
   50.999944862006451        50.999924234263020        49.210233312078060     
   49.210257620738417        34.000142216641514        34.000076860441531     
   50.999891580556501        49.210249318089950        34.000075745254783     
   35.789782379261538        50.999877783358521        50.999923139558469     
   34.000158419443586        35.789770681909964        50.999914254745200     
           1           1   58.889727457341820     
           1           2   31.646929321388022     
           1           3   52.820038139049387     
           1           4   43.851649826425259     
           1           5   40.982559513014664     
           1           6   50.463445474166811     
           1           1   50.999999999999993     
           1           2   24.306871470722776     
           1           3   43.152137547012643     
           1           4   31.545486213541537     
           1           5   36.465264342843184     
           1           6   46.869012645843078     
           1           1   48.083261120685222     
           1           2   27.533976572873463     
           1           3   38.887755408893995     
           1           4   25.402129997267075     
           1           5   39.469745666131075     
           1           6   49.242759505009353     
           1           1   50.999999999999993     
           1           2   38.773905286118044     
           1           3   41.718198266555454     
           1           4   29.553658256591049     
           1           5   48.621046289695521     
           1           6   56.841836537361978     
           1           1   58.889727457341820     
           1           2   53.166827969685770     
           1           3   50.463438373472890     
           1           4   40.982547801432368     
           1           5   61.222148456750169     
           1           6   67.934817275180549     
           1           1   50.999999999999993     
           1           2   26.693119776504457     
           1           3   43.851548984515766     
           1           4   39.662485465228002     
           1           5   37.290254931240682     
           1           6   41.718204854404846     
           1           1   41.641325627314025     
           1           2   17.372924584655326     
           1           3   31.545346633173203     
           1           4   25.402032620023526     
           1           5   32.260012898208245     
           1           6   37.290127829575468     
           1           1   38.013155617496416     
           1           2   21.659048313474656     
           1           3   25.401957406324378     
           1           4   17.187605103040273     
           1           5   35.620973478390567     
           1           6   40.233054206933751     
           1           1   41.641325627314025     
           1           2   34.848389332460371     
           1           3   29.553510551851264     
           1           4   22.881526984171586     
           1           5   45.552157697565171     
           1           6   49.242701673345060     
           1           1   50.999999999999993     
           1           2   50.375649914299331     
           1           3   40.982441750145270     
           1           4   36.465254490770931     
           1           5   58.814491328748971     
           1           6   61.717004831424312     
           1           1   48.083261120685229     
           1           2   31.646755778953047     
           1           3   40.422274400040124     
           1           4   42.441233653835077     
           1           5   40.982386966062037     
           1           6   38.887760329234297     
           1           1   38.013155617496416     
           1           2   24.306645522449326     
           1           3   26.572745690609491     
           1           4   29.553490859943089     
           1           5   36.465070420769706     
           1           6   34.094030572755102     
           1           1   33.999999999999993     
           1           2   27.533777106951995     
           1           3   18.874887003727238     
           1           4   22.881418879913372     
           1           5   39.469566505693166     
           1           6   37.290051461052592     
           1           1   38.013155617496416     
           1           2   38.773763642398990     
           1           3   24.174612825630472     
           1           4   27.417327329763065     
           1           5   48.620900850385091     
           1           6   46.868891124496869     
           1           1   48.083261120685229     
           1           2   53.166724670774386     
           1           3   37.290246058920069     
           1           4   39.469739622357395     
           1           5   61.222032952676606     
           1           6   59.840103379856657     
           1           1   50.999999999999993     
           1           2   43.226284356425815     
           1           3   43.851592753318464     
           1           4   51.062744489886391     
           1           5   50.463342834528753     
           1           6   43.152140046281012     
           1           1   41.641325627314025     
           1           2   38.181245716763755     
           1           3   31.545407476660667     
           1           4   40.982366729957654     
           1           5   46.868905357292334     
           1           6   38.887687098178525     
           1           1   38.013155617496416     
           1           2   40.312571112559901     
           1           3   25.402032964592120     
           1           4   36.465118822486467     
           1           5   49.242660455609709     
           1           6   41.718068329176404     
           1           1   41.641325627314025     
           1           2   48.686746193666572     
           1           3   29.553575496035855     
           1           4   39.469676951900340     
           1           5   56.841753386943559     
           1           6   50.463276175748057     
           1           1   50.999999999999993     
           1           2   60.775777412944834     
           1           3   40.982488583119952     
           1           4   48.621043866176819     
           1           5   67.934749925629021     
           1           6   62.695193273980841     
           1           1   58.889727457341827     
           1           2   57.563062524438948     
           1           3   52.820110813341223     
           1           4   63.178710303546275     
           1           5   63.178650655378163     
           1           6   52.820038600172666     
           1           1   50.999999999999993     
           1           2   53.877658007877216     
           1           3   43.152226503383488     
           1           4   55.350699576145743     
           1           5   60.346393578986621     
           1           6   49.397383483295158     
           1           1   48.083261120685229     
           1           2   55.408464133515587     
           1           3   38.887854120084569     
           1           4   52.094629776187652     
           1           5   62.207978084371135     
           1           6   51.655072473743679     
           1           1   50.999999999999993     
           1           2   61.768873737962807     
           1           3   41.718290280530965     
           1           4   54.240215333895698     
           1           5   68.381122078401447     
           1           6   58.943969407732482     
           1           1   58.889727457341827     
           1           2   71.684654062621377     
           1           3   50.463514441587506     
           1           4   61.222148503762021     
           1           5   77.846792972202024     
           1           6   69.703203275112784     
           1           1   50.999999999999993     
           1           2   26.693120576084180     
           1           3   49.397384682025006     
           1           4   40.422270242362238     
           1           5   29.553666615851604     
           1           6   40.982449178807137     
           1           1   41.641325627314025     
           1           2   17.372925813192101     
           1           3   38.887686473865024     
           1           4   26.572738652534120     
           1           5   22.881532505418939     
           1           6   36.465136198367624     
           1           1   38.013155617496416     
           1           2   21.659049298895471     
           1           3   34.094027411781241     
           1           4   18.874876090856791     
           1           5   27.417327534830697     
           1           6   39.469623449400828     
           1           1   41.641325627314025     
           1           2   34.848389944921308     
           1           3   37.290122700535015     
           1           4   24.174603520937296     
           1           5   39.469674035996640     
           1           6   48.620943969749106     
           1           1   50.999999999999993     
           1           2   50.375650337981753     
           1           3   46.869006783658463     
           1           4   37.290239518456175     
           1           5   54.240210986531658     
           1           6   61.222064729813489     
           1           1   41.641325627314025     
           1           2   20.579533377101949     
           1           3   39.662369227703884     
           1           4   35.834417705978758     
           1           5   24.174617660679420     
           1           6   29.553518028204202     
           1           1   29.444863728670914     
           1           2   3.5795333830767828     
           1           3   25.401851873837433     
           1           4   18.874745038698691     
           1           5   15.315268799328177     
           1           6   22.881333988982846     
           1           1   24.041630560342615     
           1           2   13.420466626085288     
           1           3   17.187339075204292     
           1           4   2.5311081022345667     
           1           5   21.510527137922889     
           1           6   27.417156351222360     
           1           1   29.444863728670917     
           1           2   30.420466625007204     
           1           3   22.881327984881263     
           1           4   15.315254362057260     
           1           5   35.620894108752502     
           1           6   39.469551297922848     
           1           1   41.641325627314025     
           1           2   47.420466624702094     
           1           3   36.465130141237353     
           1           4   32.259998823989918     
           1           5   51.507217129860557     
           1           6   54.240118887511244     
           1           1   38.013155617496423     
           1           2   26.692914826768874     
           1           3   35.834417144492051     
           1           4   38.887672251069034     
           1           5   29.553427341666563     
           1           6   25.401962817728702     
           1           1   24.041630560342615     
           1           2   17.372609682210832     
           1           3   18.874744977115100     
           1           4   24.174398876825897     
           1           5   22.881223459308437     
           1           6   17.187342210628799     
           1           1   17.000000000000000     
           1           2   21.658795728104401     
           1           3   2.5311151330585151     
           1           4   15.315092850035148     
           1           5   27.417069616398628     
           1           6   22.881209529595530     
           1           1   24.041630560342618     
           1           2   34.848232345602000     
           1           3   15.315256761884989     
           1           4   21.510522470514616     
           1           5   39.469494875233593     
           1           6   36.464980005605980     
           1           1   38.013155617496423     
           1           2   50.375541315546876     
           1           3   32.260000550962957     
           1           4   35.620964120919453     
           1           5   54.240080614447223     
           1           6   52.094527390900041     
           1           1   41.641325627314025     
           1           2   39.743002023991878     
           1           3   39.662417619406646     
           1           4   48.149731192256567     
           1           5   41.718077571219609     
           1           6   31.545348343981750     
           1           1   29.444863728670914     
           1           2   34.187747441156908     
           1           3   25.401927432419082     
           1           4   37.290040518024135     
           1           5   37.289989482352212     
           1           6   25.401850708464988     
           1           1   24.041630560342615     
           1           2   36.552673504432455     
           1           3   17.187450746040007     
           1           4   32.259845470572209     
           1           5   40.232929733609765     
           1           6   29.553325306759206     
           1           1   29.444863728670917     
           1           2   45.622295049054102     
           1           3   22.881411866692520     
           1           4   35.620894679029533     
           1           5   49.242603041525157     
           1           6   40.982240714230414     
           1           1   41.641325627314025     
           1           2   58.349718686247790     
           1           3   36.465182775887513     
           1           4   45.552153030167865     
           1           5   61.716928582528027     
           1           6   55.350601362867913     
           1           1   51.000000000000000     
           1           2   54.995460883684821     
           1           3   49.397462391776493     
           1           4   60.848518261881821     
           1           5   56.439267578853546     
           1           6   43.851548311240201     
           1           1   41.641325627314025     
           1           2   51.125302767125156     
           1           3   38.887785185230577     
           1           4   52.675351755976742     
           1           5   53.249753466030910     
           1           6   39.662366376264345     
           1           1   38.013155617496423     
           1           2   52.736064019336169     
           1           3   34.094140002034145     
           1           4   49.242696824658154     
           1           5   55.350533543487302     
           1           6   42.441115958902579     
           1           1   41.641325627314025     
           1           2   59.383400992809690     
           1           3   37.290225640829405     
           1           4   51.507219867844888     
           1           5   62.207932636476151     
           1           6   51.062641344812995     
           1           1   51.000000000000000     
           1           2   69.639673884174243     
           1           3   46.869088685503982     
           1           4   58.814489766245799     
           1           5   72.484289347830384     
           1           6   63.178622637574151     
           1           1   48.083261120685229     
           1           2   31.646757127797599     
           1           3   51.655075237940416     
           1           4   43.851484246188356     
           1           5   25.402130553243250     
           1           6   37.290252778210181     
           1           1   38.013155617496416     
           1           2   24.306647278617348     
           1           3   41.718069750444485     
           1           4   31.545256038634751     
           1           5   17.187598901523629     
           1           6   32.260005727445289     
           1           1   33.999999999999993     
           1           2   27.533778657286106     
           1           3   37.290050812094869     
           1           4   25.401844155343110     
           1           5   22.881408946026426     
           1           6   35.620962743962913     
           1           1   38.013155617496416     
           1           2   38.773764743312356     
           1           3   40.233051530231748     
           1           4   29.553412568460775     
           1           5   36.465109278746716     
           1           6   45.552145987634702     
           1           1   48.083261120685229     
           1           2   53.166725473655418     
           1           3   49.242755622527355     
           1           4   40.982370629222657     
           1           5   52.094620778604217     
           1           6   58.814479691235690     
           1           1   38.013155617496423     
           1           2   26.692915626354736     
           1           3   42.441120592746351     
           1           4   39.662302396276814     
           1           5   18.874881860375861     
           1           6   24.174619736672032     
           1           1   24.041630560342615     
           1           2   17.372610910769883     
           1           3   29.553329136219233     
           1           4   25.401746777003790     
           1           5   2.5311034350234918     
           1           6   15.315262214036165     
           1           1   17.000000000000000     
           1           2   21.658796713536709     
           1           3   22.881210826775991     
           1           4   17.187182644992724     
           1           5   15.315084196778992     
           1           6   21.510515427499055     
           1           1   24.041630560342618     
           1           2   34.848232958065708     
           1           3   27.417154388539974     
           1           4   22.881209653811037     
           1           5   32.259837620640184     
           1           6   35.620882796874440     
           1           1   38.013155617496423     
           1           2   50.375541739230208     
           1           3   39.469619970690154     
           1           4   36.465055370463546     
           1           5   49.242689230643300     
           1           6   51.507206374454597     
           1           1   34.000000000000000     
           1           2   31.646583584418355     
           1           3   38.887666894515434     
           1           4   42.441062570978424     
           1           5   25.401852173459268     
           1           6   18.874891431808919     
           1           1   17.000000000000000     
           1           2   24.306421328259852     
           1           3   24.174391044335700     
           1           4   29.553245170421178     
           1           5   17.187187472007146     
           1           6   2.5311151365681925     
           1           1   0.0000000000000000     
           1           2   27.533579189930851     
           1           3   15.315081724565632     
           1           4   22.881101548053564     
           1           5   22.881099898247054     
           1           6   15.315076268388463     
           1           1   17.000000000000004     
           1           2   38.773623099079884     
           1           3   21.510515430732717     
           1           4   27.417062497679357     
           1           5   36.464915355848603     
           1           6   32.259829174664681     
           1           1   34.000000000000000     
           1           2   53.166622174544905     
           1           3   35.620960402008485     
           1           4   39.469555659406311     
           1           5   52.094485036948448     
           1           6   49.242680630227035     
           1           1   38.013155617496423     
           1           2   43.226158289807138     
           1           3   42.441165816098234     
           1           4   51.062602293006051     
           1           5   38.887620426575467     
           1           6   26.572745693895737     
           1           1   24.041630560342615     
           1           2   38.181102992406728     
           1           3   29.553394080802487     
           1           4   40.982189556965146     
           1           5   34.093875429423555     
           1           6   18.874740554096242     
           1           1   17.000000000000000     
           1           2   40.312435934064787     
           1           3   22.881294709016743     
           1           4   36.464919701438255     
           1           5   37.289913665127912     
           1           6   24.174384133963706     
           1           1   24.041630560342618     
           1           2   48.686634266083601     
           1           3   27.417224393190200     
           1           4   39.469492988657151     
           1           5   46.868784713371170     
           1           6   37.290023672940016     
           1           1   38.013155617496423     
           1           2   60.775687749137767     
           1           3   39.469668598712730     
           1           4   48.620894528288687     
           1           5   59.840022559019623     
           1           6   52.675334671935573     
           1           1   48.083261120685229     
           1           2   57.562967856299309     
           1           3   51.655149551233507     
           1           4   63.178595376232501     
           1           5   54.380510764800114     
           1           6   40.422272336699919     
           1           1   38.013155617496423     
           1           2   53.877556864121587     
           1           3   41.718161764703453     
           1           4   55.350568395121506     
           1           5   51.062562317182859     
           1           6   35.834412484849345     
           1           1   34.000000000000000     
           1           2   55.408365784130133     
           1           3   37.290153752587713     
           1           4   52.094490395936688     
           1           5   53.249700372413599     
           1           6   38.887660451694927     
           1           1   38.013155617496423     
           1           2   61.768785515738216     
           1           3   40.233146940766360     
           1           4   54.240081467136982     
           1           5   60.346299879176243     
           1           6   48.149716018667320     
           1           1   48.083261120685229     
           1           2   71.684578043750662     
           1           3   49.242833576297819     
           1           4   61.222029903548389     
           1           5   70.893026656104254     
           1           6   60.848501788871509     
           1           1   50.999999999999993     
           1           2   43.226285837696587     
           1           3   58.943973247912396     
           1           4   52.819933828440632     
           1           5   31.545479277499126     
           1           6   40.982493382322581     
           1           1   41.641325627314025     
           1           2   38.181247393760671     
           1           3   50.463279006781534     
           1           4   43.152009427026272     
           1           5   25.402019254436620     
           1           6   36.465185877821945     
           1           1   38.013155617496416     
           1           2   40.312572700894002     
           1           3   46.868892391243307     
           1           4   38.887612751871004     
           1           5   29.553475287322989     
           1           6   39.469669347184755     
           1           1   41.641325627314025     
           1           2   48.686747508805432     
           1           3   49.242701183501403     
           1           4   41.718064833939707     
           1           5   40.982352554655186     
           1           6   48.620981228766730     
           1           1   50.999999999999993     
           1           2   60.775778466486798     
           1           3   56.841834644153394     
           1           4   50.463327688908052     
           1           5   55.350686899709693     
           1           6   61.222094319943658     
           1           1   41.641325627314025     
           1           2   39.743003098056555     
           1           3   51.062646832898956     
           1           4   49.397276953500658     
           1           5   26.572733985163406     
           1           6   29.553579326064639     
           1           1   29.444863728670914     
           1           2   34.187748689749093     
           1           3   40.982245514942583     
           1           4   38.887549143269027     
           1           5   18.874732072320928     
           1           6   22.881413161209821     
           1           1   24.041630560342615     
           1           2   36.552674672241821     
           1           3   36.464983111372717     
           1           4   34.093870216205737     
           1           5   24.174383759623371     
           1           6   27.417222425438670     
           1           1   29.444863728670917     
           1           2   45.622295984705296     
           1           3   39.469552051909126     
           1           4   37.289978469674622     
           1           5   37.290027480724440     
           1           6   39.469597195790683     
           1           1   41.641325627314025     
           1           2   58.349719417811819     
           1           3   48.620942864613703     
           1           4   46.868891625662691     
           1           5   52.675340234960288     
           1           6   54.240152286566811     
           1           1   38.013155617496423     
           1           2   43.226158783565509     
           1           3   48.149722957791965     
           1           4   51.654975861003436     
           1           5   31.545255111433001     
           1           6   25.402034133743616     
           1           1   24.041630560342615     
           1           2   38.181103551407801     
           1           3   37.290030393897304     
           1           4   41.717946247989772     
           1           5   25.401740873432903     
           1           6   17.187447611669011     
           1           1   17.000000000000000     
           1           2   40.312436463511276     
           1           3   32.259834355486873     
           1           4   37.289912135850912     
           1           5   29.553236011588879     
           1           6   22.881288702253151     
           1           1   24.041630560342618     
           1           2   48.686634704464240     
           1           3   35.620885144941546     
           1           4   40.232922526816232     
           1           5   40.982180006831207     
           1           6   36.465029685273102     
           1           1   38.013155617496423     
           1           2   60.775688100318945     
           1           3   45.552145990883716     
           1           4   49.242649837291594     
           1           5   55.350559143227791     
           1           6   52.094562165545064     
           1           1   41.641325627314025     
           1           2   52.301962784506493     
           1           3   51.062684420649802     
           1           4   58.943889352339546     
           1           5   43.152010945546003     
           1           6   31.545405771391760     
           1           1   29.444863728670914     
           1           2   48.216088355788571     
           1           3   40.982292348141513     
           1           4   50.463180636283369     
           1           5   38.887547724177260     
           1           6   25.401922024794647     
           1           1   24.041630560342615     
           1           2   49.920807701343520     
           1           3   36.465035746235110     
           1           4   46.868786072176874     
           1           5   41.717942031646359     
           1           6   29.553386605019373     
           1           1   29.444863728670917     
           1           2   56.898004418220388     
           1           3   39.469600680015382     
           1           4   49.242599604699976     
           1           5   50.463174758544952     
           1           6   40.982284917970702     
           1           1   41.641325627314025     
           1           2   67.532797750405209     
           1           3   48.620982339989148     
           1           4   56.841746311827144     
           1           5   62.695114052588579     
           1           6   55.350634091848669     
           1           1   51.000000000000000     
           1           2   64.656707455930558     
           1           3   58.944038371777907     
           1           4   69.703139475642331     
           1           5   57.507294991536980     
           1           6   43.851589622630989     
           1           1   41.641325627314025     
           1           2   61.398580474332590     
           1           3   50.463355075136370     
           1           4   62.695120708952821     
           1           5   54.380458775182248     
           1           6   39.662412051004019     
           1           1   38.013155617496423     
           1           2   62.746167607945608     
           1           3   46.868974293288716     
           1           4   59.840025640531621     
           1           5   56.439167392467240     
           1           6   42.441158643180550     
           1           1   41.641325627314025     
           1           2   68.427899388376019     
           1           3   49.242779137358042     
           1           4   61.716927796260229     
           1           5   63.178516406374875     
           1           6   51.062676822191868     
           1           1   51.000000000000000     
           1           2   77.496279136014138     
           1           3   56.841902176442780     
           1           4   67.934745782685567     
           1           5   73.318962449466113     
           1           6   63.178651311337767     
           1           1   58.889727457341827     
           1           2   57.563064007562076     
           1           3   69.703207721481078     
           1           4   65.076402395092401     
           1           5   43.851639525224591     
           1           6   50.463517271405259     
           1           1   50.999999999999993     
           1           2   53.877659592450712     
           1           3   62.695196885643512     
           1           4   57.507292204009275     
           1           5   39.662471032524962     
           1           6   46.869089949276891     
           1           1   48.083261120685229     
           1           2   55.408465674311032     
           1           3   59.840105768583584     
           1           4   54.380503533772306     
           1           5   42.441217321862055     
           1           6   49.242833082037414     
           1           1   50.999999999999993     
           1           2   61.768875120100837     
           1           3   61.717005794683011     
           1           4   56.439256484613068     
           1           5   51.062728551431384     
           1           6   56.841900278028959     
           1           1   58.889727457341827     
           1           2   71.684655253575158     
           1           3   67.934816921270965     
           1           4   63.178637057831942     
           1           5   63.178695511009153     
           1           6   67.934870607732663     
           1           1   51.000000000000000     
           1           2   54.995462047959677     
           1           3   63.178628395959116     
           1           4   62.330439670100105     
           1           5   40.422261411867737     
           1           6   41.718291702217357     
           1           1   41.641325627314025     
           1           2   51.125304019534994     
           1           3   55.350606427214132     
           1           4   54.380458047145076     
           1           5   35.834404376311504     
           1           6   37.290224990247630     
           1           1   38.013155617496423     
           1           2   52.736065233492617     
           1           3   52.094531169077861     
           1           4   51.062556980302332     
           1           5   38.887656863851483     
           1           6   40.233144260612789     
           1           1   41.641325627314025     
           1           2   59.383402071054306     
           1           3   54.240120976927130     
           1           4   53.249743974182060     
           1           5   48.149716257900181     
           1           6   49.242775250459538     
           1           1   51.000000000000000     
           1           2   69.639674803618988     
           1           3   61.222065217185843     
           1           4   60.346381343583943     
           1           5   60.848504460437972     
           1           6   61.717063537074260     
           1           1   48.083261120685229     
           1           2   57.562968597862096     
           1           3   60.848508653256616     
           1           4   64.134462422694313     
           1           5   43.851478267539655     
           1           6   38.887853498247729     
           1           1   38.013155617496423     
           1           2   53.877557656409827     
           1           3   52.675341016372279     
           1           4   56.439168829787938     
           1           5   39.662292742656028     
           1           6   34.094136841591542     
           1           1   34.000000000000000     
           1           2   55.408366554529231     
           1           3   49.242685721402097     
           1           4   53.249697521644407     
           1           5   42.441050705181496     
           1           6   37.290148621923734     
           1           1   38.013155617496423     
           1           2   61.768786206808223     
           1           3   51.507209620813704     
           1           4   55.350526592760971     
           1           5   51.062590066656711     
           1           6   46.868968428131112     
           1           1   48.083261120685229     
           1           2   71.684578639228178     
           1           3   58.814481114672006     
           1           4   62.207968155576793     
           1           5   63.178583583925580     
           1           6   59.840163926823777     
           1           1   51.000000000000000     
           1           2   64.656707786032086     
           1           3   63.178658775382367     
           1           4   70.138255118216264     
           1           5   52.819930659246751     
           1           6   43.152224008167401     
           1           1   41.641325627314025     
           1           2   61.398580821951008     
           1           3   55.350641103079056     
           1           4   63.178519601026636     
           1           5   49.397271121017170     
           1           6   38.887780267367411     
           1           1   38.013155617496423     
           1           2   62.746167948098297     
           1           3   52.094568012294054     
           1           4   60.346299363976108     
           1           5   51.654967946548169     
           1           6   41.718155177273132     
           1           1   41.641325627314025     
           1           2   68.427899700285010     
           1           3   54.240156362728129     
           1           4   62.207928392415866     
           1           5   58.943880368657105     
           1           6   50.463347973227378     
           1           1   51.000000000000000     
           1           2   77.496279411424482     
           1           3   61.222096567488308     
           1           4   68.381114811220044     
           1           5   69.703130146860715     
           1           6   62.695251063689206     
           1           1   58.889727457341827     
           1           2   75.003229061542584     
           1           3   69.703262792978009     
           1           4   79.394712618712774     
           1           5   65.076401279163917     
           1           6   52.820107194144732     
           1           1   51.000000000000000     
           1           2   72.213435279590001     
           1           3   62.695258112975488     
           1           4   73.318966848676382     
           1           5   62.330436568360476     
           1           6   49.397456830012324     
           1           1   48.083261120685229     
           1           2   73.362634222748866     
           1           3   59.840169917190956     
           1           4   70.893027920287224     
           1           5   64.134457526029252     
           1           6   51.655142614699280     
           1           1   51.000000000000000     
           1           2   78.277531676223347     
           1           3   61.717067992443958     
           1           4   72.484287370822230     
           1           5   70.138248919642223     
           1           6   58.944030875203239     
           1           1   58.889727457341827     
           1           2   86.317251059932744     
           1           3   67.934873426316301     
           1           4   77.846788139301268     
           1           5   79.394705622411209     
           1           6   69.703255254607043     
           2           1   86.317251059932715     
           2           2   58.889727457341827     
           2           3   79.394703706653104     
           2           4   69.703257179979445     
           2           5   67.934875665240867     
           2           6   77.846785955544533     
           2           1   78.277531676223333     
           2           2   51.000000000000000     
           2           3   70.138246751052989     
           2           4   58.944030267927609     
           2           5   61.717070456933307     
           2           6   72.484282680171759     
           2           1   73.362634222748852     
           2           2   48.083261120685229     
           2           3   64.134455154432814     
           2           4   51.655138630676177     
           2           5   59.840172458979467     
           2           6   70.893020726371432     
           2           1   72.213435279589987     
           2           2   51.000000000000000     
           2           3   62.330434128123251     
           2           4   49.397449222428307     
           2           5   62.695260539013141     
           2           6   73.318957574152762     
           2           1   75.003229061542569     
           2           2   58.889727457341827     
           2           3   65.076398941894979     
           2           4   52.820096861047048     
           2           5   69.703264975100495     
           2           6   79.394701912729005     
           2           1   77.496279411424482     
           2           2   51.000000000000000     
           2           3   69.703130403649055     
           2           4   62.695255915806513     
           2           5   61.222101828677715     
           2           6   68.381114811242739     
           2           1   68.427899700285010     
           2           2   41.641325627314025     
           2           3   58.943880672318009     
           2           4   50.463350632676793     
           2           5   54.240162301152061     
           2           6   62.207925659670117     
           2           1   62.746167948098289     
           2           2   38.013155617496423     
           2           3   51.654968293057955     
           2           4   41.718154319246793     
           2           5   52.094574195300332     
           2           6   60.346293729853258     
           2           1   61.398580821951001     
           2           2   41.641325627314025     
           2           3   49.397271483364143     
           2           4   38.887774975337663     
           2           5   55.350646922362031     
           2           6   63.178511528686791     
           2           1   64.656707786032072     
           2           2   51.000000000000000     
           2           3   52.819930998114138     
           2           4   43.152215299570742     
           2           5   63.178663873639486     
           2           6   70.138245423100599     
           2           1   71.684578639228178     
           2           2   48.083261120685229     
           2           3   63.178586558018019     
           2           4   59.840171851345708     
           2           5   58.814489481676461     
           2           6   62.207970888370546     
           2           1   61.768786206808215     
           2           2   38.013155617496423     
           2           3   51.062593746433727     
           2           4   46.868974918666581     
           2           5   51.507219174835726     
           2           6   55.350526592788974     
           2           1   55.408366554529223     
           2           2   34.000000000000000     
           2           3   42.441055132473927     
           2           4   37.290152220855916     
           2           5   49.242695714784936     
           2           6   53.249694329167028     
           2           1   53.877557656409820     
           2           2   38.013155617496423     
           2           3   39.662297480126512     
           2           4   34.094135791696118     
           2           5   52.675350358523794     
           2           6   56.439162805629969     
           2           1   57.562968597862088     
           2           2   48.083261120685229     
           2           3   43.851482552433822     
           2           4   38.887848206227908     
           2           5   60.848516740571149     
           2           6   64.134454470675038     
           2           1   69.639674803618988     
           2           2   51.000000000000000     
           2           3   60.848510342241276     
           2           4   61.717073975105976     
           2           5   61.222076031930492     
           2           6   60.346386977749987     
           2           1   59.383402071054299     
           2           2   41.641325627314025     
           2           3   48.149723690943460     
           2           4   49.242784880393522     
           2           5   54.240133183776493     
           2           6   53.249747166714656     
           2           1   52.736065233492610     
           2           2   38.013155617496423     
           2           3   38.887666067257882     
           2           4   40.233151821659725     
           2           5   52.094543878684128     
           2           6   51.062556980332651     
           2           1   51.125304019534980     
           2           2   41.641325627314025     
           2           3   35.834414363889337     
           2           4   37.290228589172393     
           2           5   55.350618389160566     
           2           6   54.380454921050465     
           2           1   54.995462047959670     
           2           2   51.000000000000000     
           2           3   40.422270265872953     
           2           4   41.718290844193731     
           2           5   63.178638875784706     
           2           6   62.330434215326022     
           2           1   71.684655253575158     
           2           2   58.889727457341827     
           2           3   63.178703866656782     
           2           4   67.934882592809558     
           2           5   67.934829169791286     
           2           6   63.178645130204792     
           2           1   61.768875120100830     
           2           2   51.000000000000000     
           2           3   51.062738889674442     
           2           4   56.841911611299885     
           2           5   61.717019277206340     
           2           6   56.439262508815901     
           2           1   55.408465674311024     
           2           2   48.083261120685229     
           2           3   42.441229760215826     
           2           4   49.242842711960051     
           2           5   59.840119673989570     
           2           6   54.380506659921032     
           2           1   53.877659592450705     
           2           2   51.000000000000000     
           2           3   39.662484342307501     
           2           4   46.869096439795442     
           2           5   62.695210157808127     
           2           6   57.507292204036162     
           2           1   57.563064007562069     
           2           2   58.889727457341827     
           2           3   43.851651563517485     
           2           4   50.463519930845628     
           2           5   69.703219659252909     
           2           6   65.076399782802071     
           2           1   77.496279136014124     
           2           2   51.000000000000000     
           2           3   73.318958056318039     
           2           4   63.178653435547815     
           2           5   56.841901861552891     
           2           6   67.934743280307075     
           2           1   68.427899388376005     
           2           2   41.641325627314025     
           2           3   63.178511308106032     
           2           4   51.062676121185305     
           2           5   49.242778773874491     
           2           6   61.716922287261781     
           2           1   62.746167607945594     
           2           2   38.013155617496423     
           2           3   56.439161685418753     
           2           4   42.441153794225201     
           2           5   46.868973911395571     
           2           6   59.840017117833384     
           2           1   61.398580474332576     
           2           2   41.641325627314025     
           2           3   54.380452852079102     
           2           4   39.662402576156239     
           2           5   50.463354720444542     
           2           6   62.695109862837590     
           2           1   64.656707455930544     
           2           2   51.000000000000000     
           2           3   57.507289390489937     
           2           4   43.851577176209908     
           2           5   58.944038068118019     
           2           6   69.703127281090900     
           2           1   67.532797750405209     
           2           2   41.641325627314025     
           2           3   62.695111626545433     
           2           4   55.350639587805794     
           2           5   48.620985468289895     
           2           6   56.841746311854493     
           2           1   56.898004418220374     
           2           2   29.444863728670914     
           2           3   50.463171744444985     
           2           4   40.982288192671518     
           2           5   39.469604533640712     
           2           6   49.242596152436022     
           2           1   49.920807701343506     
           2           2   24.041630560342615     
           2           3   41.717938385707761     
           2           4   29.553385393812189     
           2           5   36.465039917382860     
           2           6   46.868778817914489     
           2           1   48.216088355788564     
           2           2   29.444863728670917     
           2           3   38.887543812872359     
           2           4   25.401913923230278     
           2           5   40.982296059526234     
           2           6   50.463170529934722     
           2           1   52.301962784506486     
           2           2   41.641325627314025     
           2           3   43.152007420772740     
           2           4   31.545393858552615     
           2           5   51.062687399362304     
           2           6   58.943877815969621     
           2           1   60.775688100318945     
           2           2   38.013155617496423     
           2           3   55.350559466602157     
           2           4   52.094571268312492     
           2           5   45.552153061923477     
           2           6   49.242653289614886     
           2           1   48.686634704464232     
           2           2   24.041630560342615     
           2           3   40.982180443580837     
           2           4   36.465038027640929     
           2           5   35.620894187418131     
           2           6   40.232922526854829     
           2           1   40.312436463511268     
           2           2   17.000000000000000     
           2           3   29.553236617240053     
           2           4   22.881294567513162     
           2           5   32.259844340070401     
           2           6   37.289907577018553     
           2           1   38.181103551407794     
           2           2   24.041630560342618     
           2           3   25.401741578067764     
           2           4   17.187445529028331     
           2           5   37.290039031622193     
           2           6   41.717938098056436     
           2           1   43.226158783565502     
           2           2   38.013155617496423     
           2           3   31.545255678838533     
           2           4   25.402026032214927     
           2           5   48.149729647363969     
           2           6   51.654965987830749     
           2           1   58.349719417811812     
           2           2   41.641325627314025     
           2           3   52.675343802074330     
           2           4   54.240164163462900     
           2           5   48.620952985787426     
           2           6   46.868898879973869     
           2           1   45.622295984705289     
           2           2   29.444863728670917     
           2           3   37.290032519576712     
           2           4   39.469609210219126     
           2           5   39.469564519772518     
           2           6   37.289983028581538     
           2           1   36.552674672241814     
           2           2   24.041630560342618     
           2           3   24.174391532269169     
           2           4   27.417233520824510     
           2           5   36.464996606537888     
           2           6   34.093870216251219     
           2           1   34.187748689749085     
           2           2   29.444863728670917     
           2           3   18.874742027371006     
           2           4   22.881419026437843     
           2           5   40.982257522605479     
           2           6   38.887544771729480     
           2           1   39.743003098056548     
           2           2   41.641325627314025     
           2           3   26.572741056281032     
           2           4   29.553578114865221     
           2           5   51.062656470100414     
           2           6   49.397270070561063     
           2           1   60.775778466486798     
           2           2   51.000000000000000     
           2           3   55.350693365734813     
           2           4   61.222107619139678     
           2           5   56.841846292281879     
           2           6   50.463337795286712     
           2           1   48.686747508805425     
           2           2   41.641325627314025     
           2           3   40.982361287655912     
           2           4   48.620994478286129     
           2           5   49.242714629168574     
           2           6   41.718072983922632     
           2           1   40.312572700893995     
           2           2   38.013155617496423     
           2           3   29.553487397535946     
           2           4   39.469681361591185     
           2           5   46.868906517904463     
           2           6   38.887617123482613     
           2           1   38.181247393760664     
           2           2   41.641325627314025     
           2           3   25.402033343822584     
           2           4   36.465194220153926     
           2           5   50.463292127232457     
           2           6   43.152009427062154     
           2           1   43.226285837696580     
           2           2   51.000000000000000     
           2           3   31.545490622988137     
           2           4   40.982496657006585     
           2           5   58.943984480629872     
           2           6   52.819930609987971     
           2           1   71.684578043750648     
           2           2   48.083261120685229     
           2           3   70.893019714644765     
           2           4   60.848503994426686     
           2           5   49.242829760535528     
           2           6   61.222027126795545     
           2           1   61.768785515738202     
           2           2   38.013155617496423     
           2           3   60.346291724557268     
           2           4   48.149715275251310     
           2           5   40.233142270513966     
           2           6   54.240075198738175     
           2           1   55.408365784130119     
           2           2   34.000000000000000     
           2           3   53.249691131026545     
           2           4   38.887655159649036     
           2           5   37.290148713752153     
           2           6   52.094480606062824     
           2           1   53.877556864121573     
           2           2   38.013155617496423     
           2           3   51.062552679963865     
           2           4   35.834401997853782     
           2           5   41.718157260695079     
           2           6   55.350556109818250     
           2           1   57.562967856299295     
           2           2   48.083261120685229     
           2           3   54.380501715582248     
           2           4   40.422258834357535     
           2           5   51.655145913668854     
           2           6   63.178581922332043     
           2           1   60.775687749137767     
           2           2   38.013155617496423     
           2           3   59.840017176316714     
           2           4   52.675340447023935     
           2           5   39.469668145226784     
           2           6   48.620894528320704     
           2           1   48.686634266083601     
           2           2   24.041630560342615     
           2           3   46.868777840970395     
           2           4   37.290027271884441     
           2           5   27.417223740354608     
           2           6   39.469488681572365     
           2           1   40.312435934064780     
           2           2   17.000000000000000     
           2           3   37.289905027374310     
           2           4   24.174382653252877     
           2           5   22.881293926764680     
           2           6   36.464910377449883     
           2           1   38.181102992406721     
           2           2   24.041630560342618     
           2           3   34.093865981946870     
           2           4   18.874729650882479     
           2           5   29.553393475154969     
           2           6   40.982177112570959     
           2           1   43.226158289807131     
           2           2   38.013155617496423     
           2           3   38.887612143706029     
           2           4   26.572731551760178     
           2           5   42.441165394362891     
           2           6   51.062588976047991     
           2           1   53.166622174544905     
           2           2   34.000000000000000     
           2           3   52.094482117233376     
           2           4   49.242690260179643     
           2           5   35.620964671995857     
           2           6   39.469559966562613     
           2           1   38.773623099079884     
           2           2   17.000000000000000     
           2           3   36.464911184686940     
           2           4   32.259838604493993     
           2           5   21.510522501741129     
           2           6   27.417062497736065     
           2           1   27.533579189930851     
           2           2   0.0000000000000000     
           2           3   22.881093250792564     
           2           4   15.315085031301960     
           2           5   15.315091656018433     
           2           6   22.881094118408068     
           2           1   24.306421328259852     
           2           2   17.000000000000004     
           2           3   17.187178622328428     
           2           4   2.5311009944326512     
           2           5   24.174397336160823     
           2           6   29.553233665812801     
           2           1   31.646583584418355     
           2           2   34.000000000000000     
           2           3   25.401846185664962     
           2           4   18.874880528682205     
           2           5   38.887670805808277     
           2           6   42.441050554349076     
           2           1   50.375541739230208     
           2           2   38.013155617496423     
           2           3   49.242689594127746     
           2           4   51.507218881532587     
           2           5   39.469628131423086     
           2           6   36.465064694500114     
           2           1   34.848232958065701     
           2           2   24.041630560342618     
           2           3   32.259838175477192     
           2           4   35.620896109420336     
           2           5   27.417166136695432     
           2           6   22.881217083554830     
           2           1   21.658796713536709     
           2           2   17.000000000000004     
           2           3   15.315085365492875     
           2           4   21.510529569634613     
           2           5   22.881224903870262     
           2           6   17.187182645083066     
           2           1   17.372610910769883     
           2           2   24.041630560342622     
           2           3   2.5311105066140955     
           2           4   15.315270976843136     
           2           5   29.553340035194445     
           2           6   25.401740084610886     
           2           1   26.692915626354736     
           2           2   38.013155617496423     
           2           3   18.874882808670638     
           2           4   24.174618255975471     
           2           5   42.441128182108457     
           2           6   39.662293823943294     
           2           1   53.166725473655418     
           2           2   48.083261120685229     
           2           3   52.094624385482291     
           2           4   58.814493534844139     
           2           5   49.242765615896026     
           2           6   40.982383073633905     
           2           1   38.773764743312356     
           2           2   38.013155617496423     
           2           3   36.465114431588511     
           2           4   45.552160129770272     
           2           5   40.233063761493561     
           2           6   29.553424073104587     
           2           1   27.533778657286106     
           2           2   34.000000000000000     
           2           3   22.881417157886066     
           2           4   35.620976056478867     
           2           5   37.290064008670463     
           2           6   25.401850847830769     
           2           1   24.306647278617348     
           2           2   38.013155617496423     
           2           3   17.187609833759936     
           2           4   32.260015157222867     
           2           5   41.718081546316029     
           2           6   31.545256038683910     
           2           1   31.646757127797599     
           2           2   48.083261120685229     
           2           3   25.402137950218272     
           2           4   37.290256377132323     
           2           5   51.655084764613527     
           2           6   43.851480369501857     
           2           1   69.639673884174229     
           2           2   51.000000000000000     
           2           3   72.484280213422110     
           2           4   63.178624761785230     
           2           5   46.869081049362975     
           2           6   58.814486875828067     
           2           1   59.383400992809676     
           2           2   41.641325627314025     
           2           3   62.207921993121225     
           2           4   51.062640643806027     
           2           5   37.290216043167277     
           2           6   51.507213266858408     
           2           1   52.736064019336155     
           2           2   38.013155617496423     
           2           3   55.350521581522734     
           2           4   42.441111109942440     
           2           5   34.094129504658483     
           2           6   49.242686467822999     
           2           1   51.125302767125142     
           2           2   41.641325627314025     
           2           3   53.249741032149366     
           2           4   39.662356901405751     
           2           5   38.887775981852684     
           2           6   52.675338846741184     
           2           1   54.995460883684807     
           2           2   51.000000000000000     
           2           3   56.439255847639686     
           2           4   43.851535864807488     
           2           5   49.397455146485960     
           2           6   60.848504292790011     
           2           1   58.349718686247790     
           2           2   41.641325627314025     
           2           3   61.716920609009378     
           2           4   55.350606858828364     
           2           5   36.465177623055709     
           2           6   45.552153030202085     
           2           1   45.622295049054102     
           2           2   29.444863728670917     
           2           3   49.242593048123737     
           2           4   40.982243988934854     
           2           5   22.881403654831523     
           2           6   35.620889906593177     
           2           1   36.552673504432448     
           2           2   24.041630560342618     
           2           3   40.232917502307522     
           2           4   29.553324095549648     
           2           5   17.187439813703239     
           2           6   32.259834931200672     
           2           1   34.187747441156901     
           2           2   29.444863728670917     
           2           3   37.289976285750583     
           2           4   25.401842606878027     
           2           5   25.401920035383256     
           2           6   37.290026841489372     
           2           1   39.743002023991878     
           2           2   41.641325627314025     
           2           3   41.718065775347249     
           2           4   31.545336431121047     
           2           5   39.662412881950836     
           2           6   48.149717069674260     
           2           1   50.375541315546876     
           2           2   38.013155617496423     
           2           3   54.240074676014558     
           2           4   52.094536493673623     
           2           5   32.259999996129110     
           2           6   35.620968893433329     
           2           1   34.848232345602000     
           2           2   24.041630560342618     
           2           3   39.469486714473419     
           2           4   36.464988347985283     
           2           5   15.315255593185000     
           2           6   21.510522470586992     
           2           1   21.658795728104401     
           2           2   17.000000000000004     
           2           3   27.417057868202271     
           2           4   22.881215394876016     
           2           5   2.5311080614858010     
           2           6   15.315081749971528     
           2           1   17.372609682210836     
           2           2   24.041630560342622     
           2           3   22.881209382213836     
           2           4   17.187340127975581     
           2           5   18.874744028814071     
           2           6   24.174384812420641     
           2           1   26.692914826768874     
           2           2   38.013155617496423     
           2           3   29.553416442723986     
           2           4   25.401954716177421     
           2           5   35.834416645001866     
           2           6   38.887659136410832     
           2           1   47.420466624702094     
           2           2   41.641325627314032     
           2           3   51.507214176855889     
           2           4   54.240130764414722     
           2           5   36.465134312374296     
           2           6   32.260009363404421     
           2           1   30.420466625007201     
           2           2   29.444863728670917     
           2           3   35.620889838757016     
           2           4   39.469563312365366     
           2           5   22.881334632268100     
           2           6   15.315265462198953     
           2           1   13.420466626085288     
           2           2   24.041630560342622     
           2           3   21.510520066916584     
           2           4   27.417167446635087     
           2           5   17.187347924801127     
           2           6   2.5311081028488580     
           2           1   3.5795333830767868     
           2           2   29.444863728670921     
           2           3   15.315258867991073     
           2           4   22.881339854231339     
           2           5   25.401857861630901     
           2           6   18.874736032034725     
           2           1   20.579533377101949     
           2           2   41.641325627314032     
           2           3   24.174611368912167     
           2           4   29.553516817002407     
           2           5   39.662373062599691     
           2           6   35.834408217935916     
           2           1   50.375650337981753     
           2           2   51.000000000000000     
           2           3   54.240211316525802     
           2           4   61.222078029016011     
           2           5   46.869013656025928     
           2           6   37.290253194996374     
           2           1   34.848389944921308     
           2           2   41.641325627314025     
           2           3   39.469674489482827     
           2           4   48.620957219278743     
           2           5   37.290131338238524     
           2           6   24.174617585343938     
           2           1   21.659049298895471     
           2           2   38.013155617496423     
           2           3   27.417328187664275     
           2           4   39.469635463821326     
           2           5   34.094036859213560     
           2           6   18.874885097618563     
           2           1   17.372925813192104     
           2           2   41.641325627314025     
           2           3   22.881533287663402     
           2           4   36.465144540711080     
           2           5   38.887694756718957     
           2           6   26.572738652592548     
           2           1   26.693120576084180     
           2           2   51.000000000000000     
           2           3   29.553667221493956     
           2           4   40.982452453494773     
           2           5   49.397391202634182     
           2           6   40.422266036797950     
           2           1   71.684654062621362     
           2           2   58.889727457341827     
           2           3   77.846782283243954     
           2           4   69.703205200486750     
           2           5   50.463503980584115     
           2           6   61.222145727014627     
           2           1   61.768873737962792     
           2           2   51.000000000000000     
           2           3   68.381109909821902     
           2           4   58.943968800456361     
           2           5   41.718277626632229     
           2           6   54.240209065512438     
           2           1   55.408464133515579     
           2           2   48.083261120685229     
           2           3   62.207964708255012     
           2           4   51.655068489715333     
           2           5   38.887840545176807     
           2           6   52.094619986340057     
           2           1   53.877658007877201     
           2           2   51.000000000000000     
           2           3   60.346379790239773     
           2           4   49.397375875700021     
           2           5   43.152214269970337     
           2           6   55.350687290871683     
           2           1   57.563062524438934     
           2           2   58.889727457341827     
           2           3   63.178637484771841     
           2           4   52.820028267061716     
           2           5   52.820100819060968     
           2           6   63.178696849670359     
           2           1   60.775777412944834     
           2           2   51.000000000000000     
           2           3   67.934740179496188     
           2           4   62.695198126102760     
           2           5   40.982479850146646     
           2           6   48.621043866208915     
           2           1   48.686746193666572     
           2           2   41.641325627314025     
           2           3   56.841741738796252     
           2           4   50.463278835201429     
           2           5   29.553563385859416     
           2           6   39.469672644835740     
           2           1   40.312571112559894     
           2           2   38.013155617496423     
           2           3   49.242647009927992     
           2           4   41.718067471148480     
           2           5   25.402018875206441     
           2           6   36.465109498549126     
           2           1   38.181245716763755     
           2           2   41.641325627314025     
           2           3   46.868891230631100     
           2           4   38.887681806136321     
           2           5   31.545396131142155     
           2           6   40.982354285617369     
           2           1   43.226284356425808     
           2           2   51.000000000000000     
           2           3   50.463329714091266     
           2           4   43.152131337667605     
           2           5   43.851584591722705     
           2           6   51.062731172965506     
           2           1   53.166724670774386     
           2           2   48.083261120685229     
           2           3   61.222024914703063     
           2           4   59.840111304386745     
           2           5   37.290241020096978     
           2           6   39.469743929493738     
           2           1   38.773763642398990     
           2           2   38.013155617496423     
           2           3   48.620890729200767     
           2           4   46.868897615043217     
           2           5   24.174605053056347     
           2           6   27.417327329819926     
           2           1   27.533777106951995     
           2           2   34.000000000000000     
           2           3   39.469554037830719     
           2           4   37.290055059994380     
           2           5   18.874877048754289     
           2           6   22.881411450371100     
           2           1   24.306645522449326     
           2           2   38.013155617496423     
           2           3   36.465056925632211     
           2           4   34.094029522856658     
           2           5   26.572738619493578     
           2           6   29.553479355430497     
           2           1   31.646755778953047     
           2           2   48.083261120685229     
           2           3   40.982374958437383     
           2           4   38.887755037202005     
           2           5   40.422269751638879     
           2           6   42.441221637254266     
           2           1   50.375649914299331     
           2           2   51.000000000000000     
           2           3   58.814485852189435     
           2           4   61.717015269466089     
           2           5   40.982441313398724     
           2           6   36.465263814756696     
           2           1   34.848389332460364     
           2           2   41.641325627314025     
           2           3   45.552150626526405     
           2           4   49.242711303293603     
           2           5   29.553509946206130     
           2           6   22.881534413812524     
           2           1   21.659048313474656     
           2           2   38.013155617496423     
           2           3   35.620964435934468     
           2           4   40.233061767997825     
           2           5   25.401956701696005     
           2           6   17.187605103130856     
           2           1   17.372924584655326     
           2           2   41.641325627314025     
           2           3   32.260002913677276     
           2           4   37.290131428509838     
           2           5   31.545346065769710     
           2           6   25.402025927706095     
           2           1   26.693119776504457     
           2           2   51.000000000000000     
           2           3   37.290246293566156     
           2           4   41.718203996379636     
           2           5   43.851548576344562     
           2           6   39.662476892934151     
           2           1   53.166827969685770     
           2           2   58.889727457341827     
           2           3   61.222145972337991     
           2           4   67.934829260266980     
           2           5   50.463441387557168     
           2           6   40.982560245789919     
           2           1   38.773905286118044     
           2           2   51.000000000000000     
           2           3   48.621043161398944     
           2           4   56.841847870645751     
           2           5   41.718201912471635     
           2           6   29.553669761139361     
           2           1   27.533976572873463     
           2           2   48.083261120685229     
           2           3   39.469741812519842     
           2           4   49.242769134946542     
           2           5   38.887759320177935     
           2           6   25.402136689679594     
           2           1   24.306871470722776     
           2           2   51.000000000000000     
           2           3   36.465260171721461     
           2           4   46.869019136372508     
           2           5   43.152141071775574     
           2           6   31.545486213590827     
           2           1   31.646929321388022     
           2           2   58.889727457341827     
           2           3   40.982555801654115     
           2           4   50.463448133611131     
           2           5   52.820041018658387     
           2           6   43.851645949753497     
           3           1   67.934873426316287     
           3           2   40.982555801654108     
           3           3   58.889727457341827     
           3           4   50.463529716164750     
           3           5   53.166866462701392     
           3           6   61.222115501073937     
           3           1   61.717067992443951     
           3           2   36.465260171721447     
           3           3   51.000000000000000     
           3           4   40.982530345232391     
           3           5   50.375693175902782     
           3           6   58.814470139865776     
           3           1   59.840169917190934     
           3           2   39.469741812519828     
           3           3   48.083261120685229     
           3           4   37.290317182635278     
           3           5   53.166768158716152     
           3           6   61.222025197141974     
           3           1   62.695258112975473     
           3           2   48.621043161398937     
           3           3   51.000000000000000     
           3           4   40.982529420049154     
           3           5   60.775817641004629     
           3           6   67.934754291495096     
           3           1   69.703262792977995     
           3           2   61.222145972337991     
           3           3   58.889727457341827     
           3           4   50.463528213441883     
           3           5   71.684690021109986     
           3           6   77.846806691425286     
           3           1   61.222096567488300     
           3           2   37.290246293566149     
           3           3   51.000000000000000     
           3           4   46.869088671143260     
           3           5   50.375655814402066     
           3           6   54.240158501298325     
           3           1   54.240156362728122     
           3           2   32.260002913677262     
           3           3   41.641325627314025     
           3           4   36.465208554828536     
           3           5   47.420475242463311     
           3           6   51.507176836362234     
           3           1   52.094568012294047     
           3           2   35.620964435934454     
           3           3   38.013155617496423     
           3           4   32.260058850392547     
           3           5   50.375552063585886     
           3           6   54.240056573150945     
           3           1   55.350641103079049     
           3           2   45.552150626526398     
           3           3   41.641325627314025     
           3           4   36.465207515033299     
           3           5   58.349730241030493     
           3           6   61.716919952837401     
           3           1   63.178658775382360     
           3           2   58.814485852189435     
           3           3   51.000000000000000     
           3           4   46.869087053174951     
           3           5   69.639685472372747     
           3           6   72.484292642415042     
           3           1   58.814481114671999     
           3           2   40.982374958437376     
           3           3   48.083261120685229     
           3           4   49.242817895737204     
           3           5   53.166697358397940     
           3           6   52.094550214634666     
           3           1   51.507209620813697     
           3           2   36.465056925632197     
           3           3   38.013155617496423     
           3           4   39.469672869133170     
           3           5   50.375514701980507     
           3           6   49.242630245260230     
           3           1   49.242685721402083     
           3           2   39.469554037830704     
           3           3   34.000000000000000     
           3           4   35.620991542628872     
           3           5   53.166599054100033     
           3           6   52.094444088383760     
           3           1   52.675341016372272     
           3           2   48.620890729200759     
           3           3   38.013155617496423     
           3           4   39.469671908488017     
           3           5   60.775669708111039     
           3           6   59.839999801838786     
           3           1   60.848508653256609     
           3           2   61.222024914703063     
           3           3   48.083261120685229     
           3           4   49.242816355762379     
           3           5   71.684564600472967     
           3           6   70.893018328255650     
           3           1   61.222065217185836     
           3           2   50.463329714091259     
           3           3   51.000000000000000     
           3           4   56.841875019759712     
           3           5   60.775724736673084     
           3           6   55.350605506030554     
           3           1   54.240120976927123     
           3           2   46.868891230631085     
           3           3   41.641325627314025     
           3           4   48.620969939375271     
           3           5   58.349665729615218     
           3           6   52.675269351855661     
           3           1   52.094531169077847     
           3           2   49.242647009927985     
           3           3   38.013155617496423     
           3           4   45.552153406060661     
           3           5   60.775638739940923     
           3           6   55.350505622775202     
           3           1   55.350606427214124     
           3           2   56.841741738796252     
           3           3   41.641325627314025     
           3           4   48.620969159539946     
           3           5   67.532755295025424     
           3           6   62.695079105964879     
           3           1   63.178628395959109     
           3           2   67.934740179496188     
           3           3   51.000000000000000     
           3           4   56.841873685660509     
           3           5   77.496243852381397     
           3           6   73.318943087782699     
           3           1   67.934816921270951     
           3           2   63.178637484771841     
           3           3   58.889727457341827     
           3           4   67.934839347798786     
           3           5   71.684584999400215     
           3           6   63.178611077668897     
           3           1   61.717005794683004     
           3           2   60.346379790239773     
           3           3   51.000000000000000     
           3           4   61.222074117877455     
           3           5   69.639604393090934     
           3           6   60.848429471184147     
           3           1   59.840105768583577     
           3           2   62.207964708255012     
           3           3   48.083261120685229     
           3           4   58.814473740555833     
           3           5   71.684512089545436     
           3           6   63.178523570244948     
           3           1   62.695196885643512     
           3           2   68.381109909821902     
           3           3   51.000000000000000     
           3           4   61.222073498552639     
           3           5   77.496219565899878     
           3           6   69.703086817746609     
           3           1   69.703207721481064     
           3           2   77.846782283243954     
           3           3   58.889727457341827     
           3           4   67.934838231542386     
           3           5   86.317198868453431     
           3           6   79.394677298472885     
           3           1   56.841902176442773     
           3           2   29.553667221493949     
           3           3   51.000000000000000     
           3           4   41.718285991253978     
           3           5   38.773954289606685     
           3           6   48.621024810084108     
           3           1   49.242779137358035     
           3           2   22.881533287663395     
           3           3   41.641325627314025     
           3           4   29.553601271785958     
           3           5   34.848447666179979     
           3           6   45.552151705371060     
           3           1   46.868974293288709     
           3           2   27.417328187664268     
           3           3   38.013155617496423     
           3           4   24.174683249535224     
           3           5   38.773819495020874     
           3           6   48.620911102070721     
           3           1   50.463355075136370     
           3           2   39.469674489482827     
           3           3   41.641325627314025     
           3           4   29.553599988817087     
           3           5   48.686793401521491     
           3           6   56.841775727028342     
           3           1   58.944038371777900     
           3           2   54.240211316525802     
           3           3   51.000000000000000     
           3           4   41.718284173521091     
           3           5   61.768913097224015     
           3           6   68.381151929520129     
           3           1   48.620982339989148     
           3           2   24.174611368912160     
           3           3   41.641325627314025     
           3           4   37.290200153623530     
           3           5   34.848393657683665     
           3           6   39.469626567804532     
           3           1   39.469600680015375     
           3           2   15.315258867991068     
           3           3   29.444863728670914     
           3           4   22.881411442062642     
           3           5   30.420475243014579     
           3           6   35.620863167647499     
           3           1   36.465035746235102     
           3           2   21.510520066916580     
           3           3   24.041630560342615     
           3           4   15.315317550237266     
           3           5   34.848243678854729     
           3           6   39.469486495451029     
           3           1   40.982292348141513     
           3           2   35.620889838757016     
           3           3   29.444863728670914     
           3           4   22.881409784981695     
           3           5   45.622306616290402     
           3           6   49.242611990235815     
           3           1   51.062684420649802     
           3           2   51.507214176855896     
           3           3   41.641325627314025     
           3           4   37.290198120040969     
           3           5   59.383412115512449     
           3           6   62.207952120506590     
           3           1   45.552145990883709     
           3           2   29.553416442723982     
           3           3   38.013155617496423     
           3           4   40.233104142565871     
           3           5   38.773722413372504     
           3           6   36.465035160014153     
           3           1   35.620885144941539     
           3           2   22.881209382213829     
           3           3   24.041630560342615     
           3           4   27.417195900204710     
           3           5   34.848189670042274     
           3           6   32.259777752293857     
           3           1   32.259834355486866     
           3           2   27.417057868202267     
           3           3   17.000000000000000     
           3           4   21.510522846129344     
           3           5   38.773587617980581     
           3           6   36.464883546142289     
           3           1   37.290030393897304     
           3           2   39.469486714473419     
           3           3   24.041630560342615     
           3           4   27.417194517264210     
           3           5   48.686608736481048     
           3           6   46.868776423542819     
           3           1   48.149722957791965     
           3           2   54.240074676014565     
           3           3   38.013155617496423     
           3           4   40.233102257732419     
           3           5   61.768767542740953     
           3           6   60.346306223714869     
           3           1   48.620942864613696     
           3           2   41.718065775347249     
           3           3   41.641325627314025     
           3           4   49.242728502752549     
           3           5   48.686677428816637     
           3           6   40.982266372666558     
           3           1   39.469552051909119     
           3           2   37.289976285750591     
           3           3   29.444863728670914     
           3           4   39.469561341360880     
           3           5   45.622224107857996     
           3           6   37.289953451922152     
           3           1   36.464983111372717     
           3           2   40.232917502307522     
           3           3   24.041630560342615     
           3           4   35.620867964763285     
           3           5   48.686570078796834     
           3           6   40.982131470347490     
           3           1   40.982245514942583     
           3           2   49.242593048123744     
           3           3   29.444863728670914     
           3           4   39.469560380713006     
           3           5   56.897951452820962     
           3           6   50.463150627553674     
           3           1   51.062646832898949     
           3           2   61.716920609009385     
           3           3   41.641325627314025     
           3           4   49.242726962774924     
           3           5   68.427857287931701     
           3           6   63.178509341907514     
           3           1   56.841834644153387     
           3           2   56.439255847639686     
           3           3   51.000000000000000     
           3           4   61.717015091828969     
           3           5   61.768791216325596     
           3           6   51.062643144076702     
           3           1   49.242701183501396     
           3           2   53.249741032149373     
           3           3   41.641325627314025     
           3           4   54.240113513235713     
           3           5   59.383317032782848     
           3           6   48.149641704436888     
           3           1   46.868892391243293     
           3           2   55.350521581522734     
           3           3   38.013155617496423     
           3           4   51.507182761361996     
           3           5   61.768706602178206     
           3           6   51.062534873153062     
           3           1   50.463279006781526     
           3           2   62.207921993121232     
           3           3   41.641325627314025     
           3           4   54.240112814189430     
           3           5   68.427829782888409     
           3           6   58.943845642088007     
           3           1   58.943973247912389     
           3           2   72.484280213422124     
           3           3   51.000000000000000     
           3           4   61.717013863112719     
           3           5   78.277472252787561     
           3           6   70.138230733920153     
           3           1   49.242833576297812     
           3           2   25.402137950218268     
           3           3   48.083261120685229     
           3           4   38.887825095804381     
           3           5   27.534040260054372     
           3           6   39.469743864621037     
           3           1   40.233146940766353     
           3           2   17.187609833759932     
           3           3   38.013155617496423     
           3           4   25.402025564224669     
           3           5   21.659135405926776     
           3           6   35.620993138107686     
           3           1   37.290153752587706     
           3           2   22.881417157886066     
           3           3   34.000000000000000     
           3           4   18.874926883280214     
           3           5   27.533850439454461     
           3           6   39.469603792683806     
           3           1   41.718161764703453     
           3           2   36.465114431588511     
           3           3   38.013155617496423     
           3           4   25.402024071573990     
           3           5   40.312624492982629     
           3           6   49.242706007669447     
           3           1   51.655149551233499     
           3           2   52.094624385482298     
           3           3   48.083261120685229     
           3           4   38.887823145767307     
           3           5   55.408505366975909     
           3           6   62.208026542915576     
           3           1   39.469668598712730     
           3           2   18.874882808670638     
           3           3   38.013155617496423     
           3           4   34.094084268845229     
           3           5   21.659048508895147     
           3           6   27.417294698017113     
           3           1   27.417224393190200     
           3           2   2.5311105066140960     
           3           3   24.041630560342615     
           3           4   17.187394922290299     
           3           5   13.420475244962413     
           3           6   21.510521145807743     
           3           1   22.881294709016743     
           3           2   15.315085365492875     
           3           3   17.000000000000000     
           3           4   2.5311077216153310     
           3           5   21.658807199165537     
           3           6   27.417093051061542     
           3           1   29.553394080802491     
           3           2   32.259838175477199     
           3           3   24.041630560342615     
           3           4   17.187392716234513     
           3           5   36.552683934023243     
           3           6   40.232964876788429     
           3           1   42.441165816098234     
           3           2   49.242689594127761     
           3           3   38.013155617496423     
           3           4   34.094082044626482     
           3           5   52.736073766166712     
           3           6   55.350573024885804     
           3           1   35.620960402008485     
           3           2   25.401846185664962     
           3           3   34.000000000000000     
           3           4   37.290082107450054     
           3           5   27.533713726612529     
           3           6   22.881333360996351     
           3           1   21.510515430732717     
           3           2   17.187178622328428     
           3           3   17.000000000000000     
           3           4   22.881219059831956     
           3           5   21.658720300817109     
           3           6   15.315021638357855     
           3           1   15.315081724565632     
           3           2   22.881093250792564     
           3           3   0.0000000000000000     
           3           4   15.315030125587986     
           3           5   27.533523903761449     
           3           6   22.881091739462395     
           3           1   24.174391044335703     
           3           2   36.464911184686947     
           3           3   17.000000000000000     
           3           4   22.881217402737075     
           3           5   40.312401467153741     
           3           6   37.289929345548764     
           3           1   38.887666894515434     
           3           2   52.094482117233390     
           3           3   34.000000000000000     
           3           4   37.290080073861049     
           3           5   55.408343104075534     
           3           6   53.249725839691827     
           3           1   39.469619970690154     
           3           2   38.887612143706029     
           3           3   38.013155617496423     
           3           4   46.868900830183904     
           3           5   40.312484429112395     
           3           6   29.553388709184805     
           3           1   27.417154388539977     
           3           2   34.093865981946877     
           3           3   24.041630560342615     
           3           4   36.464967120693579     
           3           5   36.552580953161232     
           3           6   24.174309826807811     
           3           1   22.881210826775991     
           3           2   37.289905027374317     
           3           3   17.000000000000000     
           3           4   32.259785944685284     
           3           5   40.312354778992770     
           3           6   29.553201637196970     
           3           1   29.553329136219237     
           3           2   46.868777840970402     
           3           3   24.041630560342615     
           3           4   36.464966080891465     
           3           5   49.920744398670152     
           3           6   41.717936171569491     
           3           1   42.441120592746351     
           3           2   59.840017176316728     
           3           3   38.013155617496423     
           3           4   46.868899212209108     
           3           5   62.746119360541591     
           3           6   56.439176728771223     
           3           1   49.242755622527355     
           3           2   54.380501715582248     
           3           3   48.083261120685229     
           3           4   59.840099485870347     
           3           5   55.408369495192765     
           3           6   42.441137496717722     
           3           1   40.233051530231748     
           3           2   51.062552679963872     
           3           3   38.013155617496423     
           3           4   52.094505166692109     
           3           5   52.735966698314954     
           3           6   38.887589581017025     
           3           1   37.290050812094869     
           3           2   53.249691131026545     
           3           3   34.000000000000000     
           3           4   49.242638339615411     
           3           5   55.408275168026663     
           3           6   42.441007231543750     
           3           1   41.718069750444485     
           3           2   60.346291724557275     
           3           3   38.013155617496423     
           3           4   52.094504438854315     
           3           5   62.746089364881826     
           3           6   51.654947161276560     
           3           1   51.655075237940416     
           3           2   70.893019714644765     
           3           3   48.083261120685229     
           3           4   59.840098218614770     
           3           5   73.362568821407223     
           3           6   64.134452813137784     
           3           1   46.869088685503975     
           3           2   31.545490622988140     
           3           3   51.000000000000000     
           3           4   43.152178338013108     
           3           5   24.306937586460396     
           3           6   36.465289082835554     
           3           1   37.290225640829398     
           3           2   25.402033343822588     
           3           3   41.641325627314032     
           3           4   31.545371410071223     
           3           5   17.373024731521479     
           3           6   32.260064775215355     
           3           1   34.094140002034138     
           3           2   29.553487397535953     
           3           3   38.013155617496430     
           3           4   26.572738275966014     
           3           5   24.306722564180323     
           3           6   36.465137470019435     
           3           1   38.887785185230577     
           3           2   40.982361287655920     
           3           3   41.641325627314032     
           3           4   31.545370208108821     
           3           5   38.181298240133337     
           3           6   46.868973981875683     
           3           1   49.397462391776486     
           3           2   55.350693365734820     
           3           3   51.000000000000000     
           3           4   43.152176580681193     
           3           5   53.877697693869443     
           3           6   60.346459660199329     
           3           1   36.465182775887513     
           3           2   26.572741056281036     
           3           3   41.641325627314032     
           3           4   38.887711899325403     
           3           5   17.372916395943982     
           3           6   22.881535693958419     
           3           1   22.881411866692524     
           3           2   18.874742027371013     
           3           3   29.444863728670917     
           3           4   25.401852272001452     
           3           5   3.5795247715912080     
           3           6   15.315323931285878     
           3           1   17.187450746040007     
           3           2   24.174391532269173     
           3           3   24.041630560342622     
           3           4   18.874693664593231     
           3           5   17.372615550929890     
           3           6   22.881294074561055     
           3           1   25.401927432419086     
           3           2   37.290032519576719     
           3           3   29.444863728670917     
           3           4   25.401850779340592     
           3           5   34.187754307213382     
           3           6   37.290053498659226     
           3           1   39.662417619406646     
           3           2   52.675343802074345     
           3           3   41.641325627314032     
           3           4   38.887709949282652     
           3           5   51.125309955640979     
           3           6   53.249812782198511     
           3           1   32.260000550962957     
           3           2   31.545255678838537     
           3           3   38.013155617496430     
           3           4   41.718074958154304     
           3           5   24.306567700291158     
           3           6   17.187554902691083     
           3           1   15.315256761884992     
           3           2   25.401741578067767     
           3           3   24.041630560342622     
           3           4   29.553303373698046     
           3           5   17.372507212800727     
           3           6   2.5311094285599589     
           3           1   2.5311151330585155     
           3           2   29.553236617240056     
           3           3   17.000000000000007     
           3           4   24.174319067586634     
           3           5   24.306352674738950     
           3           6   17.187233237076583     
           3           1   18.874744977115103     
           3           2   40.982180443580852     
           3           3   24.041630560342622     
           3           4   29.553302090716244     
           3           5   38.181062764658151     
           3           6   34.093921126089242     
           3           1   35.834417144492051     
           3           2   55.350559466602171     
           3           3   38.013155617496430     
           3           4   41.718073140412223     
           3           5   53.877530820637475     
           3           6   51.062607935340701     
           3           1   36.465130141237353     
           3           2   43.152007420772748     
           3           3   41.641325627314032     
           3           4   50.463268024013551     
           3           5   38.181150357698961     
           3           6   25.401956841002381     
           3           1   22.881327984881267     
           3           2   38.887543812872366     
           3           3   29.444863728670917     
           3           4   40.982208112143972     
           3           5   34.187644202652969     
           3           6   18.874688944681246     
           3           1   17.187339075204292     
           3           2   41.717938385707768     
           3           3   24.041630560342622     
           3           4   37.289963044105171     
           3           5   38.181013470272987     
           3           6   25.401739195669208     
           3           1   25.401851873837437     
           3           2   50.463171744444999     
           3           3   29.444863728670917     
           3           4   40.982207186953460     
           3           5   48.216019776700186     
           3           6   38.887566465017088     
           3           1   39.662369227703884     
           3           2   62.695111626545447     
           3           3   41.641325627314032     
           3           4   50.463266521282897     
           3           5   61.398528782024734     
           3           6   54.380486362089911     
           3           1   46.869006783658463     
           3           2   57.507289390489944     
           3           3   51.000000000000000     
           3           4   62.695175740344446     
           3           5   53.877557961600246     
           3           6   39.662410153333788     
           3           1   37.290122700535015     
           3           2   54.380452852079110     
           3           3   41.641325627314032     
           3           4   55.350564795639855     
           3           5   51.125199514481800     
           3           6   35.834358520526074     
           3           1   34.094027411781241     
           3           2   56.439161685418760     
           3           3   38.013155617496430     
           3           4   52.675278692001015     
           3           5   53.877460954331788     
           3           6   39.662270761820039     
           3           1   38.887686473865024     
           3           2   63.178511308106039     
           3           3   41.641325627314032     
           3           4   55.350564110617938     
           3           5   61.398498128012235     
           3           6   49.397269088384320     
           3           1   49.397384682025006     
           3           2   73.318958056318053     
           3           3   51.000000000000000     
           3           4   62.695174530798440     
           3           5   72.213366808822158     
           3           6   62.330447333518904     
           3           1   50.463514441587499     
           3           2   43.851651563517493     
           3           3   58.889727457341834     
           3           4   52.820053483023884     
           3           5   31.646975473524598     
           3           6   40.982605274076242     
           3           1   41.718290280530965     
           3           2   39.662484342307508     
           3           3   51.000000000000007     
           3           4   43.851545149893568     
           3           5   26.693179468018482     
           3           6   37.290325909772719     
           3           1   38.887854120084562     
           3           2   42.441229760215826     
           3           3   48.083261120685236     
           3           4   40.422246030086008     
           3           5   31.646810322713716     
           3           6   40.982470372872733     
           3           1   43.152226503383488     
           3           2   51.062738889674456     
           3           3   51.000000000000007     
           3           4   43.851544285241026     
           3           5   43.226327360669856     
           3           6   50.463425857443681     
           3           1   52.820110813341216     
           3           2   63.178703866656797     
           3           3   58.889727457341834     
           3           4   52.820052047343772     
           3           5   57.563097124648976     
           3           6   63.178729179020692     
           3           1   40.982488583119952     
           3           2   40.422270265872960     
           3           3   51.000000000000007     
           3           4   49.397385471285318     
           3           5   26.693108958872617     
           3           6   29.553702016327314     
           3           1   29.553575496035855     
           3           2   35.834414363889344     
           3           3   41.641325627314032     
           3           4   39.662345536823715     
           3           5   20.579524760796140     
           3           6   24.174692847608092     
           3           1   25.402032964592120     
           3           2   38.887666067257889     
           3           3   38.013155617496430     
           3           4   35.834363613242118     
           3           5   26.692913158181096     
           3           6   29.553514946322693     
           3           1   31.545407476660671     
           3           2   48.149723690943468     
           3           3   41.641325627314032     
           3           4   39.662344580845208     
           3           5   39.743004244271383     
           3           6   41.718158121959839     
           3           1   43.851592753318464     
           3           2   60.848510342241291     
           3           3   51.000000000000007     
           3           4   49.397383936129167     
           3           5   54.995464902573097     
           3           6   56.439340787213027     
           3           1   37.290246058920069     
           3           2   43.851482552433829     
           3           3   48.083261120685236     
           3           4   51.655061057441372     
           3           5   31.646691377751068     
           3           6   25.402139096717747     
           3           1   24.174612825630479     
           3           2   39.662297480126512     
           3           3   38.013155617496430     
           3           4   42.441080275266877     
           3           5   26.692842648331776     
           3           6   18.874934227576031     
           3           1   18.874887003727238     
           3           2   42.441055132473934     
           3           3   34.000000000000007     
           3           4   38.887597727492725     
           3           5   31.646526225457599     
           3           6   25.401921452946151     
           3           1   26.572745690609494     
           3           2   51.062593746433741     
           3           3   38.013155617496430     
           3           4   42.441079381878922     
           3           5   43.226119368138420     
           3           6   38.887685517499889     
           3           1   40.422274400040124     
           3           2   63.178586558018026     
           3           3   48.083261120685236     
           3           4   51.655059589381935     
           3           5   57.562940935279940     
           3           6   54.380571496760631     
           3           1   40.982441750145270     
           3           2   52.819930998114145     
           3           3   51.000000000000007     
           3           4   58.943947732547088     
           3           5   43.226196737938928     
           3           6   31.545459871558755     
           3           1   29.553510551851264     
           3           2   49.397271483364158     
           3           3   41.641325627314032     
           3           4   51.062598214161547     
           3           5   39.742909530090749     
           3           6   26.572739977549332     
           3           1   25.401957406324378     
           3           2   51.654968293057962     
           3           3   38.013155617496430     
           3           4   48.149651073133903     
           3           5   43.226075827062459     
           3           6   31.545284613088739     
           3           1   31.545346633173207     
           3           2   58.943880672318016     
           3           3   41.641325627314032     
           3           4   51.062597471615121     
           3           5   52.301896761942864     
           3           6   43.152050388447336     
           3           1   43.851548984515766     
           3           2   69.703130403649070     
           3           3   51.000000000000007     
           3           4   58.943946446024853     
           3           5   64.656656102731645     
           3           6   57.507338002496887     
           3           1   50.463438373472890     
           3           2   65.076398941894979     
           3           3   58.889727457341834     
           3           4   69.703175076509169     
           3           5   57.562966338570327     
           3           6   43.851606656167696     
           3           1   41.718198266555454     
           3           2   62.330434128123258     
           3           3   51.000000000000007     
           3           4   63.178576889877320     
           3           5   54.995362233422519     
           3           6   40.422244837880733     
           3           1   38.887755408893995     
           3           2   64.134455154432814     
           3           3   48.083261120685236     
           3           4   60.848439091843524     
           3           5   57.562875542100329     
           3           6   43.851480580932503     
           3           1   43.152137547012643     
           3           2   70.138246751053003     
           3           3   51.000000000000007     
           3           4   63.178576289731645     
           3           5   64.656626993412729     
           3           6   52.819947184243048     
           3           1   52.820038139049387     
           3           2   79.394703706653118     
           3           3   58.889727457341834     
           3           4   69.703173988571649     
           3           5   75.003161184414637     
           3           6   65.076426545658990     
           4           1   77.846788139301253     
           4           2   50.463448133611131     
           4           3   69.703173988571649     
           4           4   58.889727457341827     
           4           5   61.222120762235740     
           4           6   71.684587376175415     
           4           1   72.484287370822216     
           4           2   46.869019136372508     
           4           3   63.178576289731645     
           4           4   51.000000000000000     
           4           5   58.814478506844736     
           4           6   69.639604942986296     
           4           1   70.893027920287210     
           4           2   49.242769134946542     
           4           3   60.848439091843524     
           4           4   48.083261120685229     
           4           5   61.222036011867715     
           4           6   71.684510781185324     
           4           1   73.318966848676368     
           4           2   56.841847870645758     
           4           3   63.178576889877320     
           4           4   51.000000000000000     
           4           5   67.934766540003309     
           4           6   77.496216651269833     
           4           1   79.394712618712774     
           4           2   67.934829260266994     
           4           3   69.703175076509183     
           4           4   58.889727457341834     
           4           5   77.846819564135558     
           4           6   86.317194721464531     
           4           1   68.381114811220030     
           4           2   41.718203996379629     
           4           3   58.943946446024846     
           4           4   50.999999999999993     
           4           5   54.240164439692720     
           4           6   61.768793040356613     
           4           1   62.207928392415859     
           4           2   37.290131428509838     
           4           3   51.062597471615121     
           4           4   41.641325627314025     
           4           5   51.507186390359479     
           4           6   59.383316705831469     
           4           1   60.346299363976101     
           4           2   40.233061767997825     
           4           3   48.149651073133903     
           4           4   38.013155617496423     
           4           5   54.240068779985499     
           4           6   61.768704149494319     
           4           1   63.178519601026629     
           4           2   49.242711303293611     
           4           3   51.062598214161547     
           4           4   41.641325627314025     
           4           5   61.716933435353738     
           4           6   68.427825638627681     
           4           1   70.138255118216264     
           4           2   61.717015269466103     
           4           3   58.943947732547095     
           4           4   51.000000000000007     
           4           5   72.484306467470660     
           4           6   78.277466942620890     
           4           1   62.207968155576779     
           4           2   38.887755037201998     
           4           3   51.655059589381935     
           4           4   48.083261120685229     
           4           5   52.094556397612585     
           4           6   55.408370487068908     
           4           1   55.350526592760964     
           4           2   34.094029522856658     
           4           3   42.441079381878922     
           4           4   38.013155617496423     
           4           5   49.242640238622094     
           4           6   52.735965235832779     
           4           1   53.249697521644400     
           4           2   37.290055059994380     
           4           3   38.887597727492725     
           4           4   34.000000000000000     
           4           5   52.094456797980818     
           4           6   55.408271392253681     
           4           1   56.439168829787931     
           4           2   46.868897615043224     
           4           3   42.441080275266877     
           4           4   38.013155617496423     
           4           5   59.840013707242875     
           4           6   62.746083925614926     
           4           1   64.134462422694313     
           4           2   59.840111304386767     
           4           3   51.655061057441380     
           4           4   48.083261120685236     
           4           5   70.893032463630306     
           4           6   73.362562368847136     
           4           1   60.346381343583928     
           4           2   43.152131337667598     
           4           3   49.397383936129160     
           4           4   50.999999999999993     
           4           5   55.350611325288632     
           4           6   53.877557910526804     
           4           1   53.249743974182053     
           4           2   38.887681806136321     
           4           3   39.662344580845208     
           4           4   41.641325627314025     
           4           5   52.675278693989796     
           4           6   51.125196877125504     
           4           1   51.062556980302318     
           4           2   41.718067471148480     
           4           3   35.834363613242118     
           4           4   38.013155617496423     
           4           5   55.350517584714787     
           4           6   53.877456000144605     
           4           1   54.380458047145069     
           4           2   50.463278835201429     
           4           3   39.662345536823715     
           4           4   41.641325627314025     
           4           5   62.695092378129139     
           4           6   61.398491629438197     
           4           1   62.330439670100105     
           4           2   62.695198126102774     
           4           3   49.397385471285318     
           4           4   51.000000000000007     
           4           5   73.318956755456313     
           4           6   72.213359454417215     
           4           1   63.178637057831928     
           4           2   52.820028267061716     
           4           3   52.820052047343772     
           4           4   58.889727457341827     
           4           5   63.178616175904814     
           4           6   57.562965288213306     
           4           1   56.439256484613061     
           4           2   49.397375875700021     
           4           3   43.851544285241019     
           4           4   51.000000000000000     
           4           5   60.848437558483184     
           4           6   54.995358732303252     
           4           1   54.380503533772291     
           4           2   51.655068489715333     
           4           3   40.422246030086008     
           4           4   48.083261120685229     
           4           5   63.178534050062858     
           4           6   57.562869902545671     
           4           1   57.507292204009261     
           4           2   58.943968800456368     
           4           3   43.851545149893560     
           4           4   51.000000000000000     
           4           5   69.703098755516436     
           4           6   64.656619929749439     
           4           1   65.076402395092401     
           4           2   69.703205200486764     
           4           3   52.820053483023884     
           4           4   58.889727457341834     
           4           5   79.394689920218241     
           4           6   75.003153334128214     
           4           1   67.934745782685567     
           4           2   40.982452453494773     
           4           3   62.695174530798440     
           4           4   50.999999999999993     
           4           5   48.621027938349336     
           4           6   60.775728212952650     
           4           1   61.716927796260222     
           4           2   36.465144540711080     
           4           3   55.350564110617938     
           4           4   41.641325627314025     
           4           5   45.552158776374938     
           4           6   58.349667086774055     
           4           1   59.840025640531614     
           4           2   39.469635463821334     
           4           3   52.675278692001015     
           4           4   38.013155617496423     
           4           5   48.620921223218282     
           4           6   60.775637869626991     
           4           1   62.695120708952821     
           4           2   48.620957219278750     
           4           3   55.350564795639855     
           4           4   41.641325627314025     
           4           5   56.841787375140861     
           4           6   67.532752555946601     
           4           1   69.703139475642331     
           4           2   61.222078029016025     
           4           3   62.695175740344453     
           4           4   51.000000000000007     
           4           5   68.381164098069064     
           4           6   77.496239761070910     
           4           1   56.841746311827137     
           4           2   29.553516817002407     
           4           3   50.463266521282883     
           4           4   41.641325627314025     
           4           5   39.469630421387002     
           4           6   48.686680582933249     
           4           1   49.242599604699976     
           4           2   22.881339854231342     
           4           3   40.982207186953460     
           4           4   29.444863728670914     
           4           5   35.620872210084968     
           4           6   45.622224578677049     
           4           1   46.868786072176874     
           4           2   27.417167446635091     
           4           3   37.289963044105171     
           4           4   24.041630560342615     
           4           5   39.469498963294797     
           4           6   48.686567807044256     
           4           1   50.463180636283369     
           4           2   39.469563312365381     
           4           3   40.982208112143972     
           4           4   29.444863728670914     
           4           5   49.242625435895015     
           4           6   56.897947187509260     
           4           1   58.943889352339554     
           4           2   54.240130764414744     
           4           3   50.463268024013551     
           4           4   41.641325627314032     
           4           5   62.207965496600032     
           4           6   68.427851811051823     
           4           1   49.242649837291594     
           4           2   25.401954716177421     
           4           3   41.718073140412216     
           4           4   38.013155617496416     
           4           5   36.465039331118369     
           4           6   40.312486806874738     
           4           1   40.232922526816239     
           4           2   17.187340127975585     
           4           3   29.553302090716244     
           4           4   24.041630560342615     
           4           5   32.259787736845617     
           4           6   36.552579961982495     
           4           1   37.289912135850912     
           4           2   22.881215394876016     
           4           3   24.174319067586634     
           4           4   17.000000000000000     
           4           5   36.464897041300695     
           4           6   40.312350603751682     
           4           1   41.717946247989779     
           4           2   36.464988347985290     
           4           3   29.553303373698046     
           4           4   24.041630560342615     
           4           5   46.868790550204999     
           4           6   49.920738381182559     
           4           1   51.654975861003436     
           4           2   52.094536493673644     
           4           3   41.718074958154311     
           4           4   38.013155617496430     
           4           5   60.346320012452388     
           4           6   62.746112467985995     
           4           1   46.868891625662677     
           4           2   31.545336431121047     
           4           3   38.887709949282645     
           4           4   41.641325627314025     
           4           5   40.982270084014878     
           4           6   38.181151356714352     
           4           1   37.289978469674622     
           4           2   25.401842606878034     
           4           3   25.401850779340592     
           4           4   29.444863728670914     
           4           5   37.289962089622271     
           4           6   34.187641454873791     
           4           1   34.093870216205737     
           4           2   29.553324095549652     
           4           3   18.874693664593231     
           4           4   24.041630560342615     
           4           5   40.982143478005050     
           4           6   38.181007550478277     
           4           1   38.887549143269034     
           4           2   40.982243988934862     
           4           3   25.401852272001452     
           4           4   29.444863728670914     
           4           5   50.463163748006501     
           4           6   48.216012349554106     
           4           1   49.397276953500665     
           4           2   55.350606858828378     
           4           3   38.887711899325410     
           4           4   41.641325627314032     
           4           5   63.178522512515620     
           4           6   61.398520798265395     
           4           1   50.463327688908045     
           4           2   43.851535864807481     
           4           3   43.152176580681186     
           4           4   50.999999999999993     
           4           5   51.062646122760540     
           4           6   43.226196285287593     
           4           1   41.718064833939707     
           4           2   39.662356901405751     
           4           3   31.545370208108817     
           4           4   41.641325627314025     
           4           5   48.149648393987235     
           4           6   39.742905714314411     
           4           1   38.887612751871004     
           4           2   42.441111109942440     
           4           3   26.572738275966010     
           4           4   38.013155617496423     
           4           5   51.062544510344594     
           4           6   43.226069263114354     
           4           1   43.152009427026265     
           4           2   51.062640643806034     
           4           3   31.545371410071219     
           4           4   41.641325627314025     
           4           5   58.943856874802897     
           4           6   52.301888811612088     
           4           1   52.819933828440632     
           4           2   63.178624761785244     
           4           3   43.152178338013115     
           4           4   51.000000000000007     
           4           5   70.138242597626970     
           4           6   64.656647628723448     
           4           1   61.222029903548382     
           4           2   37.290256377132323     
           4           3   59.840098218614770     
           4           4   48.083261120685229     
           4           5   39.469743411095521     
           4           6   53.166702101379677     
           4           1   54.240081467136974     
           4           2   32.260015157222867     
           4           3   52.094504438854315     
           4           4   38.013155617496423     
           4           5   35.620997408046335     
           4           6   50.375517085778128     
           4           1   52.094490395936681     
           4           2   35.620976056478867     
           4           3   49.242638339615411     
           4           4   34.000000000000000     
           4           5   39.469611953379641     
           4           6   53.166598828420447     
           4           1   55.350568395121499     
           4           2   45.552160129770272     
           4           3   52.094505166692109     
           4           4   38.013155617496423     
           4           5   49.242716001015772     
           4           6   60.775667337388178     
           4           1   63.178595376232501     
           4           2   58.814493534844154     
           4           3   59.840099485870347     
           4           4   48.083261120685236     
           4           5   62.208037186227152     
           4           6   71.684560747957079     
           4           1   48.620894528288687     
           4           2   24.174618255975464     
           4           3   46.868899212209101     
           4           4   38.013155617496416     
           4           5   27.417294045125040     
           4           6   38.773727428591776     
           4           1   39.469492988657159     
           4           2   15.315270976843136     
           4           3   36.464966080891465     
           4           4   24.041630560342615     
           4           5   21.510528216740159     
           4           6   34.848191459951039     
           4           1   36.464919701438255     
           4           2   21.510529569634613     
           4           3   32.259785944685284     
           4           4   17.000000000000000     
           4           5   27.417104799185125     
           4           6   38.773585820144092     
           4           1   40.982189556965146     
           4           2   35.620896109420343     
           4           3   36.464967120693579     
           4           4   24.041630560342615     
           4           5   40.232977108036955     
           4           6   48.686604591763775     
           4           1   51.062602293006051     
           4           2   51.507218881532602     
           4           3   46.868900830183904     
           4           4   38.013155617496430     
           4           5   55.350584986810674     
           4           6   61.768762137486846     
           4           1   39.469555659406304     
           4           2   18.874880528682201     
           4           3   37.290080073861041     
           4           4   33.999999999999993     
           4           5   22.881332578676020     
           4           6   27.533718693206165     
           4           1   27.417062497679357     
           4           2   2.5311009944326504     
           4           3   22.881217402737075     
           4           4   17.000000000000000     
           4           5   15.315031569745649     
           4           6   21.658720516209744     
           4           1   22.881101548053564     
           4           2   15.315085031301960     
           4           3   15.315030125587986     
           4           4   0.0000000000000000     
           4           5   22.881105816560339     
           4           6   27.533519276001737     
           4           1   29.553245170421182     
           4           2   32.259838604494000     
           4           3   22.881219059831956     
           4           4   17.000000000000000     
           4           5   37.289942542124642     
           4           6   40.312395029874295     
           4           1   42.441062570978438     
           4           2   49.242690260179664     
           4           3   37.290082107450061     
           4           4   34.000000000000007     
           4           5   53.249738273547251     
           4           6   55.408336036803242     
           4           1   36.465055370463539     
           4           2   26.572731551760178     
           4           3   34.094082044626475     
           4           4   38.013155617496416     
           4           5   29.553388103483361     
           4           6   24.306570952038690     
           4           1   22.881209653811041     
           4           2   18.874729650882482     
           4           3   17.187392716234513     
           4           4   24.041630560342615     
           4           5   24.174316118588283     
           4           6   17.372504159422885     
           4           1   17.187182644992724     
           4           2   24.174382653252881     
           4           3   2.5311077216153297     
           4           4   17.000000000000000     
           4           5   29.553212536165383     
           4           6   24.306345058273152     
           4           1   25.401746777003794     
           4           2   37.290027271884448     
           4           3   17.187394922290299     
           4           4   24.041630560342615     
           4           5   41.717947967440686     
           4           6   38.181054456556254     
           4           1   39.662302396276822     
           4           2   52.675340447023949     
           4           3   34.094084268845236     
           4           4   38.013155617496430     
           4           5   56.439188459973572     
           4           6   53.877522481431797     
           4           1   40.982370629222657     
           4           2   40.422258834357528     
           4           3   38.887823145767300     
           4           4   48.083261120685229     
           4           5   42.441137074944677     
           4           6   31.646692051719583     
           4           1   29.553412568460772     
           4           2   35.834401997853782     
           4           3   25.402024071573987     
           4           4   38.013155617496423     
           4           5   38.887593492276800     
           4           6   26.692838499100201     
           4           1   25.401844155343102     
           4           2   38.887655159649036     
           4           3   18.874926883280210     
           4           4   34.000000000000000     
           4           5   42.441014820888704     
           4           6   31.646518551994316     
           4           1   31.545256038634751     
           4           2   48.149715275251324     
           4           3   25.402025564224665     
           4           4   38.013155617496423     
           4           5   51.654956687942537     
           4           6   43.226110694629867     
           4           1   43.851484246188363     
           4           2   60.848503994426700     
           4           3   38.887825095804381     
           4           4   48.083261120685236     
           4           5   64.134463136753126     
           4           6   57.562932127429619     
           4           1   58.814489766245792     
           4           2   40.982496657006585     
           4           3   61.717013863112719     
           4           4   50.999999999999993     
           4           5   36.465283929974952     
           4           6   50.375661631972740     
           4           1   51.507219867844881     
           4           2   36.465194220153926     
           4           3   54.240112814189430     
           4           4   41.641325627314025     
           4           5   32.260064220333085     
           4           6   47.420478637205726     
           4           1   49.242696824658147     
           4           2   39.469681361591185     
           4           3   51.507182761361996     
           4           4   38.013155617496423     
           4           5   36.465141641111721     
           4           6   50.375552637210433     
           4           1   52.675351755976735     
           4           2   48.620994478286136     
           4           3   54.240113513235720     
           4           4   41.641325627314025     
           4           5   46.868980854213866     
           4           6   58.349728472607595     
           4           1   60.848518261881821     
           4           2   61.222107619139692     
           4           3   61.717015091828976     
           4           4   51.000000000000007     
           4           5   60.346467814769341     
           4           6   69.639682093973605     
           4           1   45.552153030167865     
           4           2   29.553578114865221     
           4           3   49.242726962774917     
           4           4   41.641325627314025     
           4           5   22.881527482072087     
           4           6   34.848400411337259     
           4           1   35.620894679029540     
           4           2   22.881419026437847     
           4           3   39.469560380713006     
           4           4   29.444863728670914     
           4           5   15.315322762486778     
           4           6   30.420478637778945     
           4           1   32.259845470572209     
           4           2   27.417233520824514     
           4           3   35.620867964763285     
           4           4   24.041630560342615     
           4           5   22.881300721887971     
           4           6   34.848242852032577     
           4           1   37.290040518024135     
           4           2   39.469609210219133     
           4           3   39.469561341360880     
           4           4   29.444863728670914     
           4           5   37.290062136335955     
           4           6   45.622303089573570     
           4           1   48.149731192256567     
           4           2   54.240164163462921     
           4           3   49.242728502752556     
           4           4   41.641325627314032     
           4           5   53.249822023534712     
           4           6   59.383407181801118     
           4           1   35.620964120919446     
           4           2   25.402026032214927     
           4           3   40.233102257732412     
           4           4   38.013155617496416     
           4           5   17.187543970327802     
           4           6   21.659056710733530     
           4           1   21.510522470514616     
           4           2   17.187445529028334     
           4           3   27.417194517264218     
           4           4   24.041630560342615     
           4           5   2.5311023563413970     
           4           6   13.420478639804379     
           4           1   15.315092850035148     
           4           2   22.881294567513166     
           4           3   21.510522846129348     
           4           4   16.999999999999996     
           4           5   17.187242086635145     
           4           6   21.658803204335182     
           4           1   24.174398876825901     
           4           2   36.465038027640936     
           4           3   27.417195900204714     
           4           4   24.041630560342615     
           4           5   34.093930573504252     
           4           6   36.552677953424897     
           4           1   38.887672251069041     
           4           2   52.094571268312514     
           4           3   40.233104142565885     
           4           4   38.013155617496430     
           4           5   51.062617572518292     
           4           6   52.736067116248527     
           4           1   32.259998823989910     
           4           2   31.545393858552615     
           4           3   37.290198120040962     
           4           4   41.641325627314025     
           4           5   25.401949443912429     
           4           6   17.372923299452275     
           4           1   15.315254362057262     
           4           2   25.401913923230282     
           4           3   22.881409784981695     
           4           4   29.444863728670914     
           4           5   18.874687996293034     
           4           6   3.5795213774087267     
           4           1   2.5311081022345667     
           4           2   29.553385393812192     
           4           3   15.315317550237271     
           4           4   24.041630560342615     
           4           5   25.401745183426545     
           4           6   17.372607248596868     
           4           1   18.874745038698698     
           4           2   40.982288192671525     
           4           3   22.881411442062646     
           4           4   29.444863728670914     
           4           5   38.887574747855638     
           4           6   34.187746224878218     
           4           1   35.834417705978765     
           4           2   55.350639587805809     
           4           3   37.290200153623537     
           4           4   41.641325627314032     
           4           5   54.380495411281288     
           4           6   51.125301967414821     
           4           1   37.290239518456168     
           4           2   43.851577176209908     
           4           3   41.718284173521084     
           4           4   50.999999999999993     
           4           5   39.662405415836979     
           4           6   26.693111289966410     
           4           1   24.174603520937289     
           4           2   39.662402576156239     
           4           3   29.553599988817087     
           4           4   41.641325627314025     
           4           5   35.834358020990692     
           4           6   20.579521366183581     
           4           1   18.874876090856784     
           4           2   42.441153794225201     
           4           3   24.174683249535224     
           4           4   38.013155617496423     
           4           5   39.662274596685265     
           4           6   26.692905592757807     
           4           1   26.572738652534117     
           4           2   51.062676121185305     
           4           3   29.553601271785958     
           4           4   41.641325627314025     
           4           5   49.397275608976571     
           4           6   39.742995839601164     
           4           1   40.422270242362245     
           4           2   63.178653435547830     
           4           3   41.718285991253985     
           4           4   51.000000000000007     
           4           5   62.330455228527867     
           4           6   54.995456427137960     
           4           1   61.222148503762014     
           4           2   50.463519930845628     
           4           3   67.934838231542386     
           4           4   58.889727457341827     
           4           5   40.982596541088760     
           4           6   53.166872744042145     
           4           1   54.240215333895691     
           4           2   46.869096439795442     
           4           3   61.222073498552639     
           4           4   51.000000000000000     
           4           5   37.290320870917512     
           4           6   50.375697183303039     
           4           1   52.094629776187645     
           4           2   49.242842711960051     
           4           3   58.814473740555833     
           4           4   48.083261120685229     
           4           5   40.982469936087448     
           4           6   53.166769471414376     
           4           1   55.350699576145736     
           4           2   56.841911611299892     
           4           3   61.222074117877455     
           4           4   51.000000000000000     
           4           5   50.463428871497001     
           4           6   60.775816616061967     
           4           1   63.178710303546268     
           4           2   67.934882592809572     
           4           3   67.934839347798786     
           4           4   58.889727457341834     
           4           5   63.178734277246818     
           4           6   71.684687309577271     
           4           1   48.621043866176805     
           4           2   41.718290844193739     
           4           3   56.841873685660509     
           4           4   50.999999999999993     
           4           5   29.553689906148627     
           4           6   38.773961414215229     
           4           1   39.469676951900347     
           4           2   37.290228589172393     
           4           3   48.620969159539946     
           4           4   41.641325627314025     
           4           5   24.174685074993569     
           4           6   34.848451803110649     
           4           1   36.465118822486467     
           4           2   40.233151821659732     
           4           3   45.552153406060661     
           4           4   38.013155617496423     
           4           5   29.553514340623558     
           4           6   38.773819806622100     
           4           1   40.982366729957654     
           4           2   49.242784880393529     
           4           3   48.620969939375271     
           4           4   41.641325627314025     
           4           5   41.718161767841210     
           4           6   48.686790936752800     
           4           1   51.062744489886406     
           4           2   61.717073975105990     
           4           3   56.841875019759712     
           4           4   51.000000000000007     
           4           5   56.439346494215307     
           4           6   61.768909016120318     
           4           1   39.469739622357395     
           4           2   38.887848206227908     
           4           3   49.242816355762372     
           4           4   48.083261120685229     
           4           5   25.402125007328085     
           4           6   27.534048197112824     
           4           1   27.417327329763065     
           4           2   34.094135791696125     
           4           3   39.469671908488017     
           4           4   38.013155617496423     
           4           5   18.874924272543407     
           4           6   21.659139397575483     
           4           1   22.881418879913372     
           4           2   37.290152220855923     
           4           3   35.620991542628872     
           4           4   34.000000000000000     
           4           5   25.401920748253932     
           4           6   27.533848782294871     
           4           1   29.553490859943089     
           4           2   46.868974918666588     
           4           3   39.469672869133170     
           4           4   38.013155617496423     
           4           5   38.887689428749802     
           4           6   40.312620084645395     
           4           1   42.441233653835077     
           4           2   59.840171851345730     
           4           3   49.242817895737211     
           4           4   48.083261120685236     
           4           5   54.380577419821726     
           4           6   55.408499775861372     
           4           1   36.465254490770917     
           4           2   43.152215299570749     
           4           3   46.869087053174944     
           4           4   50.999999999999993     
           4           5   31.545448526008535     
           4           6   24.306944203062887     
           4           1   22.881526984171586     
           4           2   38.887774975337678     
           4           3   36.465207515033299     
           4           4   41.641325627314025     
           4           5   26.572732906371893     
           4           6   17.373026386139141     
           4           1   17.187605103040269     
           4           2   41.718154319246800     
           4           3   32.260058850392547     
           4           4   38.013155617496423     
           4           5   31.545284045633586     
           4           6   24.306718312766147     
           4           1   25.402032620023530     
           4           2   50.463350632676807     
           4           3   36.465208554828536     
           4           4   41.641325627314025     
           4           5   43.152053913180431     
           4           6   38.181292074245412     
           4           1   39.662485465228009     
           4           2   62.695255915806534     
           4           3   46.869088671143260     
           4           4   51.000000000000007     
           4           5   57.507343603511686     
           4           6   53.877690872767644     
           4           1   40.982547801432361     
           4           2   52.820096861047048     
           4           3   50.463528213441876     
           4           4   58.889727457341827     
           4           5   43.851598494538209     
           4           6   31.646978731953119     
           4           1   29.553658256591042     
           4           2   49.397449222428314     
           4           3   40.982529420049154     
           4           4   51.000000000000000     
           4           5   40.422240189436693     
           4           6   26.693178382938353     
           4           1   25.402129997267068     
           4           2   51.655138630676184     
           4           3   37.290317182635278     
           4           4   48.083261120685229     
           4           5   43.851480172724351     
           4           6   31.646805233799537     
           4           1   31.545486213541533     
           4           2   58.944030267927616     
           4           3   40.982530345232391     
           4           4   51.000000000000000     
           4           5   52.819950063826852     
           4           6   43.226320579349753     
           4           1   43.851649826425259     
           4           2   69.703257179979460     
           4           3   50.463529716164757     
           4           4   58.889727457341834     
           4           5   65.076431495215601     
           4           6   57.563089737707706     
           5           1   79.394705622411195     
           5           2   52.820041018658380     
           5           3   75.003161184414637     
           5           4   65.076431495215587     
           5           5   58.889727457341827     
           5           6   69.703173731822247     
           5           1   70.138248919642209     
           5           2   43.152141071775560     
           5           3   64.656626993412729     
           5           4   52.819950063826852     
           5           5   50.999999999999993     
           5           6   63.178573315681497     
           5           1   64.134457526029237     
           5           2   38.887759320177928     
           5           3   57.562875542100329     
           5           4   43.851480172724351     
           5           5   48.083261120685229     
           5           6   60.848433210077744     
           5           1   62.330436568360462     
           5           2   41.718201912471628     
           5           3   54.995362233422519     
           5           4   40.422240189436700     
           5           5   50.999999999999993     
           5           6   63.178568534255668     
           5           1   65.076401279163903     
           5           2   50.463441387557168     
           5           3   57.562966338570327     
           5           4   43.851598494538216     
           5           5   58.889727457341827     
           5           6   69.703165064105875     
           5           1   69.703130146860701     
           5           2   43.851548576344555     
           5           3   64.656656102731645     
           5           4   57.507343603511679     
           5           5   50.999999999999993     
           5           6   58.943946142410105     
           5           1   58.943880368657098     
           5           2   31.545346065769706     
           5           3   52.301896761942864     
           5           4   43.152053913180424     
           5           5   41.641325627314025     
           5           6   51.062593791891260     
           5           1   51.654967946548155     
           5           2   25.401956701696001     
           5           3   43.226075827062459     
           5           4   31.545284045633586     
           5           5   38.013155617496416     
           5           6   48.149643640135501     
           5           1   49.397271121017155     
           5           2   29.553509946206127     
           5           3   39.742909530090742     
           5           4   26.572732906371890     
           5           5   41.641325627314025     
           5           6   51.062587875942889     
           5           1   52.819930659246744     
           5           2   40.982441313398724     
           5           3   43.226196737938928     
           5           4   31.545448526008535     
           5           5   50.999999999999993     
           5           6   58.943935892547408     
           5           1   63.178583583925572     
           5           2   40.422269751638879     
           5           3   57.562940935279940     
           5           4   54.380577419821719     
           5           5   48.083261120685229     
           5           6   51.655059242924999     
           5           1   51.062590066656703     
           5           2   26.572738619493574     
           5           3   43.226119368138420     
           5           4   38.887689428749795     
           5           5   38.013155617496416     
           5           6   42.441074954652606     
           5           1   42.441050705181489     
           5           2   18.874877048754282     
           5           3   31.646526225457592     
           5           4   25.401920748253929     
           5           5   33.999999999999993     
           5           6   38.887588524139545     
           5           1   39.662292742656014     
           5           2   24.174605053056347     
           5           3   26.692842648331769     
           5           4   18.874924272543403     
           5           5   38.013155617496416     
           5           6   42.441067836932874     
           5           1   43.851478267539648     
           5           2   37.290241020096978     
           5           3   31.646691377751061     
           5           4   25.402125007328085     
           5           5   48.083261120685229     
           5           6   51.655047546735325     
           5           1   60.848504460437958     
           5           2   43.851584591722705     
           5           3   54.995464902573090     
           5           4   56.439346494215300     
           5           5   50.999999999999993     
           5           6   49.397383573837601     
           5           1   48.149716257900174     
           5           2   31.545396131142155     
           5           3   39.743004244271383     
           5           4   41.718161767841202     
           5           5   41.641325627314025     
           5           6   39.662339843448336     
           5           1   38.887656863851468     
           5           2   25.402018875206441     
           5           3   26.692913158181089     
           5           4   29.553514340623554     
           5           5   38.013155617496416     
           5           6   35.834353625725392     
           5           1   35.834404376311497     
           5           2   29.553563385859416     
           5           3   20.579524760796133     
           5           4   24.174685074993565     
           5           5   41.641325627314025     
           5           6   39.662332227062585     
           5           1   40.422261411867723     
           5           2   40.982479850146653     
           5           3   26.693108958872614     
           5           4   29.553689906148630     
           5           5   50.999999999999993     
           5           6   49.397371343080962     
           5           1   63.178695511009138     
           5           2   52.820100819060968     
           5           3   57.563097124648969     
           5           4   63.178734277246811     
           5           5   58.889727457341827     
           5           6   52.820051708528169     
           5           1   51.062728551431370     
           5           2   43.152214269970329     
           5           3   43.226327360669849     
           5           4   50.463428871496994     
           5           5   50.999999999999993     
           5           6   43.851540000414339     
           5           1   42.441217321862041     
           5           2   38.887840545176807     
           5           3   31.646810322713709     
           5           4   40.982469936087440     
           5           5   48.083261120685229     
           5           6   40.422237176142140     
           5           1   39.662471032524948     
           5           2   41.718277626632229     
           5           3   26.693179468018474     
           5           4   37.290320870917498     
           5           5   50.999999999999993     
           5           6   43.851533111632897     
           5           1   43.851639525224577     
           5           2   50.463503980584115     
           5           3   31.646975473524591     
           5           4   40.982596541088753     
           5           5   58.889727457341827     
           5           6   52.820040270308247     
           5           1   73.318962449466099     
           5           2   49.397391202634182     
           5           3   72.213366808822158     
           5           4   62.330455228527860     
           5           5   51.000000000000000     
           5           6   62.695176956882293     
           5           1   63.178516406374868     
           5           2   38.887694756718950     
           5           3   61.398498128012235     
           5           4   49.397275608976571     
           5           5   41.641325627314025     
           5           6   55.350563787292472     
           5           1   56.439167392467233     
           5           2   34.094036859213553     
           5           3   53.877460954331788     
           5           4   39.662274596685272     
           5           5   38.013155617496423     
           5           6   52.675275124933918     
           5           1   54.380458775182234     
           5           2   37.290131338238524     
           5           3   51.125199514481800     
           5           4   35.834358020990699     
           5           5   41.641325627314025     
           5           6   55.350558329648585     
           5           1   57.507294991536973     
           5           2   46.869013656025928     
           5           3   53.877557961600246     
           5           4   39.662405415836986     
           5           5   51.000000000000000     
           5           6   62.695167320298140     
           5           1   62.695114052588579     
           5           2   39.662373062599691     
           5           3   61.398528782024734     
           5           4   54.380495411281281     
           5           5   41.641325627314025     
           5           6   50.463269535430747     
           5           1   50.463174758544938     
           5           2   25.401857861630901     
           5           3   48.216019776700186     
           5           4   38.887574747855631     
           5           5   29.444863728670914     
           5           6   40.982206750270066     
           5           1   41.717942031646352     
           5           2   17.187347924801127     
           5           3   38.181013470272987     
           5           4   25.401745183426545     
           5           5   24.041630560342615     
           5           6   37.289958005315995     
           5           1   38.887547724177253     
           5           2   22.881334632268103     
           5           3   34.187644202652969     
           5           4   18.874687996293034     
           5           5   29.444863728670914     
           5           6   40.982199379176556     
           5           1   43.152010945545996     
           5           2   36.465134312374303     
           5           3   38.181150357698961     
           5           4   25.401949443912432     
           5           5   41.641325627314025     
           5           6   50.463257563012398     
           5           1   55.350559143227791     
           5           2   35.834416645001866     
           5           3   53.877530820637475     
           5           4   51.062617572518285     
           5           5   38.013155617496423     
           5           6   41.718076786403778     
           5           1   40.982180006831207     
           5           2   18.874744028814071     
           5           3   38.181062764658151     
           5           4   34.093930573504245     
           5           5   24.041630560342615     
           5           6   29.553301485157807     
           5           1   29.553236011588879     
           5           2   2.5311080614857997     
           5           3   24.306352674738950     
           5           4   17.187242086635145     
           5           5   17.000000000000000     
           5           6   24.174311295029266     
           5           1   25.401740873432907     
           5           2   15.315255593185002     
           5           3   17.372507212800727     
           5           4   2.5311023563413970     
           5           5   24.041630560342615     
           5           6   29.553291263501070     
           5           1   31.545255111433001     
           5           2   32.259999996129118     
           5           3   24.306567700291158     
           5           4   17.187543970327805     
           5           5   38.013155617496423     
           5           6   41.718062304254701     
           5           1   52.675340234960288     
           5           2   39.662412881950836     
           5           3   51.125309955640979     
           5           4   53.249822023534698     
           5           5   41.641325627314025     
           5           6   38.887713860640240     
           5           1   37.290027480724440     
           5           2   25.401920035383259     
           5           3   34.187754307213382     
           5           4   37.290062136335955     
           5           5   29.444863728670914     
           5           6   25.401850074815016     
           5           1   24.174383759623371     
           5           2   17.187439813703243     
           5           3   17.372615550929890     
           5           4   22.881300721887971     
           5           5   24.041630560342615     
           5           6   18.874683709660637     
           5           1   18.874732072320928     
           5           2   22.881403654831526     
           5           3   3.5795247715912080     
           5           4   15.315322762486776     
           5           5   29.444863728670914     
           5           6   25.401838182621301     
           5           1   26.572733985163406     
           5           2   36.465177623055723     
           5           3   17.372916395943982     
           5           4   22.881527482072087     
           5           5   41.641325627314025     
           5           6   38.887698324437075     
           5           1   55.350686899709693     
           5           2   49.397455146485960     
           5           3   53.877697693869443     
           5           4   60.346467814769326     
           5           5   51.000000000000000     
           5           6   43.152180105503128     
           5           1   40.982352554655186     
           5           2   38.887775981852684     
           5           3   38.181298240133330     
           5           4   46.868980854213852     
           5           5   41.641325627314025     
           5           6   31.545369640790845     
           5           1   29.553475287322986     
           5           2   34.094129504658483     
           5           3   24.306722564180319     
           5           4   36.465141641111714     
           5           5   38.013155617496423     
           5           6   26.572731204949136     
           5           1   25.402019254436617     
           5           2   37.290216043167277     
           5           3   17.373024731521475     
           5           4   32.260064220333078     
           5           5   41.641325627314025     
           5           6   31.545360064624820     
           5           1   31.545479277499123     
           5           2   46.869081049362990     
           5           3   24.306937586460393     
           5           4   36.465283929974944     
           5           5   51.000000000000000     
           5           6   43.152166104648508     
           5           1   70.893026656104254     
           5           2   51.655084764613520     
           5           3   73.362568821407223     
           5           4   64.134463136753126     
           5           5   48.083261120685229     
           5           6   59.840103601355615     
           5           1   60.346299879176236     
           5           2   41.718081546316029     
           5           3   62.746089364881826     
           5           4   51.654956687942537     
           5           5   38.013155617496423     
           5           6   52.094507358620085     
           5           1   53.249700372413585     
           5           2   37.290064008670456     
           5           3   55.408275168026663     
           5           4   42.441014820888704     
           5           5   34.000000000000000     
           5           6   49.242637976185549     
           5           1   51.062562317182852     
           5           2   40.233063761493554     
           5           3   52.735966698314954     
           5           4   38.887593492276807     
           5           5   38.013155617496423     
           5           6   52.094501559857740     
           5           1   54.380510764800107     
           5           2   49.242765615896026     
           5           3   55.408369495192765     
           5           4   42.441137074944677     
           5           5   48.083261120685229     
           5           6   59.840093504993526     
           5           1   59.840022559019623     
           5           2   42.441128182108457     
           5           3   62.746119360541591     
           5           4   56.439188459973565     
           5           5   38.013155617496423     
           5           6   46.868906084649794     
           5           1   46.868784713371170     
           5           2   29.553340035194445     
           5           3   49.920744398670152     
           5           4   41.717947967440679     
           5           5   24.041630560342615     
           5           6   36.464970252121020     
           5           1   37.289913665127905     
           5           2   22.881224903870262     
           5           3   40.312354778992770     
           5           4   29.553212536165383     
           5           5   17.000000000000000     
           5           6   32.259785389931224     
           5           1   34.093875429423548     
           5           2   27.417166136695432     
           5           3   36.552580953161232     
           5           4   24.174316118588283     
           5           5   24.041630560342615     
           5           6   36.464961967905147     
           5           1   38.887620426575459     
           5           2   39.469628131423086     
           5           3   40.312484429112395     
           5           4   29.553388103483364     
           5           5   38.013155617496423     
           5           6   46.868893194069749     
           5           1   52.094485036948448     
           5           2   38.887670805808277     
           5           3   55.408343104075534     
           5           4   53.249738273547237     
           5           5   34.000000000000000     
           5           6   37.290088711646575     
           5           1   36.464915355848603     
           5           2   24.174397336160823     
           5           3   40.312401467153741     
           5           4   37.289942542124635     
           5           5   17.000000000000000     
           5           6   22.881224050273627     
           5           1   22.881099898247054     
           5           2   15.315091656018433     
           5           3   27.533523903761449     
           5           4   22.881105816560339     
           5           5   0.0000000000000000     
           5           6   15.315028957046383     
           5           1   17.187187472007146     
           5           2   21.510522501741132     
           5           3   21.658720300817109     
           5           4   15.315031569745649     
           5           5   17.000000000000000     
           5           6   22.881210848019347     
           5           1   25.401852173459268     
           5           2   35.620964671995864     
           5           3   27.533713726612529     
           5           4   22.881332578676020     
           5           5   34.000000000000000     
           5           6   37.290072509823133     
           5           1   49.242689230643300     
           5           2   42.441165394362898     
           5           3   52.736073766166712     
           5           4   55.350584986810667     
           5           5   38.013155617496423     
           5           6   34.094091492122516     
           5           1   32.259837620640184     
           5           2   29.553393475154973     
           5           3   36.552683934023243     
           5           4   40.232977108036948     
           5           5   24.041630560342615     
           5           6   17.187401565960148     
           5           1   15.315084196778992     
           5           2   22.881293926764684     
           5           3   21.658807199165537     
           5           4   27.417104799185125     
           5           5   17.000000000000000     
           5           6   2.5311006510840914     
           5           1   2.5311034350234927     
           5           2   27.417223740354611     
           5           3   13.420475244962413     
           5           4   21.510528216740159     
           5           5   24.041630560342615     
           5           6   17.187383990074441     
           5           1   18.874881860375861     
           5           2   39.469668145226791     
           5           3   21.659048508895147     
           5           4   27.417294045125043     
           5           5   38.013155617496423     
           5           6   34.094073771531264     
           5           1   52.094620778604217     
           5           2   51.655145913668854     
           5           3   55.408505366975909     
           5           4   62.208037186227145     
           5           5   48.083261120685229     
           5           6   38.887831428661194     
           5           1   36.465109278746716     
           5           2   41.718157260695079     
           5           3   40.312624492982621     
           5           4   49.242716001015765     
           5           5   38.013155617496423     
           5           6   25.402030059432619     
           5           1   22.881408946026422     
           5           2   37.290148713752153     
           5           3   27.533850439454458     
           5           4   39.469611953379633     
           5           5   34.000000000000000     
           5           6   18.874925935130644     
           5           1   17.187598901523621     
           5           2   40.233142270513966     
           5           3   21.659135405926772     
           5           4   35.620997408046328     
           5           5   38.013155617496423     
           5           6   25.402018167323167     
           5           1   25.402130553243246     
           5           2   49.242829760535528     
           5           3   27.534040260054368     
           5           4   39.469743411095514     
           5           5   48.083261120685229     
           5           6   38.887815892505003     
           5           1   72.484289347830384     
           5           2   58.943984480629872     
           5           3   78.277472252787561     
           5           4   70.138242597626970     
           5           5   51.000000000000000     
           5           6   61.717021836663207     
           5           1   62.207932636476144     
           5           2   50.463292127232457     
           5           3   68.427829782888409     
           5           4   58.943856874802897     
           5           5   41.641325627314025     
           5           6   54.240118752667861     
           5           1   55.350533543487295     
           5           2   46.868906517904463     
           5           3   61.768706602178206     
           5           4   51.062544510344601     
           5           5   38.013155617496423     
           5           6   51.507185714421063     
           5           1   53.249753466030896     
           5           2   49.242714629168582     
           5           3   59.383317032782848     
           5           4   48.149648393987242     
           5           5   41.641325627314025     
           5           6   54.240113183290923     
           5           1   56.439267578853539     
           5           2   56.841846292281879     
           5           3   61.768791216325596     
           5           4   51.062646122760547     
           5           5   51.000000000000000     
           5           6   61.717012047348490     
           5           1   61.716928582528020     
           5           2   51.062656470100421     
           5           3   68.427857287931701     
           5           4   63.178522512515613     
           5           5   41.641325627314025     
           5           6   49.242736956204126     
           5           1   49.242603041525157     
           5           2   40.982257522605487     
           5           3   56.897951452820962     
           5           4   50.463163748006494     
           5           5   29.444863728670914     
           5           6   39.469568541526534     
           5           1   40.232929733609758     
           5           2   36.464996606537895     
           5           3   48.686570078796834     
           5           4   40.982143478005050     
           5           5   24.041630560342615     
           5           6   35.620872234837393     
           5           1   37.289989482352212     
           5           2   39.469564519772526     
           5           3   45.622224107857996     
           5           4   37.289962089622271     
           5           5   29.444863728670914     
           5           6   39.469560887941967     
           5           1   41.718077571219609     
           5           2   48.620952985787433     
           5           3   48.686677428816637     
           5           4   40.982270084014878     
           5           5   41.641325627314025     
           5           6   49.242724687036841     
           5           1   54.240080614447223     
           5           2   48.149729647363976     
           5           3   61.768767542740960     
           5           4   60.346320012452381     
           5           5   38.013155617496423     
           5           6   40.233114489045725     
           5           1   39.469494875233593     
           5           2   37.290039031622200     
           5           3   48.686608736481055     
           5           4   46.868790550204999     
           5           5   24.041630560342615     
           5           6   27.417206265500681     
           5           1   27.417069616398628     
           5           2   32.259844340070408     
           5           3   38.773587617980581     
           5           4   36.464897041300695     
           5           5   17.000000000000000     
           5           6   21.510529917260495     
           5           1   22.881223459308440     
           5           2   35.620894187418138     
           5           3   34.848189670042274     
           5           4   32.259787736845617     
           5           5   24.041630560342615     
           5           6   27.417195247466648     
           5           1   29.553427341666563     
           5           2   45.552153061923484     
           5           3   38.773722413372504     
           5           4   36.465039331118369     
           5           5   38.013155617496423     
           5           6   40.233099472375436     
           5           1   51.507217129860557     
           5           2   51.062687399362311     
           5           3   59.383412115512449     
           5           4   62.207965496600025     
           5           5   41.641325627314025     
           5           6   37.290211316636572     
           5           1   35.620894108752502     
           5           2   40.982296059526242     
           5           3   45.622306616290402     
           5           4   49.242625435895015     
           5           5   29.444863728670914     
           5           6   22.881423862071149     
           5           1   21.510527137922889     
           5           2   36.465039917382867     
           5           3   34.848243678854736     
           5           4   39.469498963294797     
           5           5   24.041630560342615     
           5           6   15.315327481712819     
           5           1   15.315268799328177     
           5           2   39.469604533640720     
           5           3   30.420475243014582     
           5           4   35.620872210084968     
           5           5   29.444863728670914     
           5           6   22.881410659932154     
           5           1   24.174617660679420     
           5           2   48.620985468289902     
           5           3   34.848393657683665     
           5           4   39.469630421387002     
           5           5   41.641325627314025     
           5           6   37.290195114866400     
           5           1   54.240210986531658     
           5           2   58.944038068118019     
           5           3   61.768913097224015     
           5           4   68.381164098069064     
           5           5   51.000000000000000     
           5           6   41.718295969396436     
           5           1   39.469674035996640     
           5           2   50.463354720444542     
           5           3   48.686793401521491     
           5           4   56.841787375140861     
           5           5   41.641325627314025     
           5           6   29.553610887783375     
           5           1   27.417327534830694     
           5           2   46.868973911395571     
           5           3   38.773819495020874     
           5           4   48.620921223218282     
           5           5   38.013155617496423     
           5           6   24.174689541395498     
           5           1   22.881532505418935     
           5           2   49.242778773874491     
           5           3   34.848447666179979     
           5           4   45.552158776374938     
           5           5   41.641325627314025     
           5           6   29.553600666233649     
           5           1   29.553666615851601     
           5           2   56.841901861552898     
           5           3   38.773954289606685     
           5           4   48.621027938349336     
           5           5   51.000000000000000     
           5           6   41.718281487323452     
           5           1   77.846792972202024     
           5           2   69.703219659252909     
           5           3   86.317198868453445     
           5           4   79.394689920218241     
           5           5   58.889727457341834     
           5           6   67.934847977701054     
           5           1   68.381122078401447     
           5           2   62.695210157808134     
           5           3   77.496219565899878     
           5           4   69.703098755516450     
           5           5   51.000000000000007     
           5           6   61.222081536564090     
           5           1   62.207978084371135     
           5           2   59.840119673989577     
           5           3   71.684512089545450     
           5           4   63.178534050062865     
           5           5   48.083261120685236     
           5           6   58.814479217162599     
           5           1   60.346393578986621     
           5           2   61.717019277206347     
           5           3   69.639604393090949     
           5           4   60.848437558483191     
           5           5   51.000000000000007     
           5           6   61.222076602336841     
           5           1   63.178650655378163     
           5           2   67.934829169791300     
           5           3   71.684584999400229     
           5           4   63.178616175904821     
           5           5   58.889727457341834     
           5           6   67.934839084366345     
           5           1   67.934749925629021     
           5           2   63.178638875784713     
           5           3   77.496243852381397     
           5           4   73.318956755456298     
           5           5   51.000000000000007     
           5           6   56.841885333828458     
           5           1   56.841753386943559     
           5           2   55.350618389160580     
           5           3   67.532755295025424     
           5           4   62.695092378129139     
           5           5   41.641325627314032     
           5           6   48.620979280763677     
           5           1   49.242660455609709     
           5           2   52.094543878684142     
           5           3   60.775638739940938     
           5           4   55.350517584714787     
           5           5   38.013155617496430     
           5           6   45.552160477158495     
           5           1   46.868905357292334     
           5           2   54.240133183776507     
           5           3   58.349665729615225     
           5           4   52.675278693989796     
           5           5   41.641325627314032     
           5           6   48.620973067732294     
           5           1   50.463342834528753     
           5           2   61.222076031930506     
           5           3   60.775724736673098     
           5           4   55.350611325288632     
           5           5   51.000000000000007     
           5           6   56.841874704917132     
           5           1   61.222032952676606     
           5           2   60.848516740571156     
           5           3   71.684564600472982     
           5           4   70.893032463630306     
           5           5   48.083261120685236     
           5           6   49.242829801452828     
           5           1   48.620900850385098     
           5           2   52.675350358523808     
           5           3   60.775669708111053     
           5           4   59.840013707242875     
           5           5   38.013155617496430     
           5           6   39.469684376381828     
           5           1   39.469566505693173     
           5           2   49.242695714784951     
           5           3   53.166599054100040     
           5           4   52.094456797980818     
           5           5   34.000000000000007     
           5           6   35.621000585154100     
           5           1   36.465070420769713     
           5           2   51.507219174835733     
           5           3   50.375514701980521     
           5           4   49.242640238622094     
           5           5   38.013155617496430     
           5           6   39.469676722819727     
           5           1   40.982386966062045     
           5           2   58.814489481676475     
           5           3   53.166697358397954     
           5           4   52.094556397612585     
           5           5   48.083261120685236     
           5           6   49.242817532308671     
           5           1   58.814491328748979     
           5           2   63.178663873639501     
           5           3   69.639685472372761     
           5           4   72.484306467470660     
           5           5   51.000000000000007     
           5           6   46.869101179834885     
           5           1   45.552157697565178     
           5           2   55.350646922362046     
           5           3   58.349730241030500     
           5           4   61.716933435353724     
           5           5   41.641325627314032     
           5           6   36.465221010189268     
           5           1   35.620973478390574     
           5           2   52.094574195300353     
           5           3   50.375552063585900     
           5           4   54.240068779985499     
           5           5   38.013155617496430     
           5           6   32.260068834990072     
           5           1   32.260012898208252     
           5           2   54.240162301152075     
           5           3   47.420475242463326     
           5           4   51.507186390359479     
           5           5   41.641325627314032     
           5           6   36.465212726030366     
           5           1   37.290254931240689     
           5           2   61.222101828677737     
           5           3   50.375655814402080     
           5           4   54.240164439692720     
           5           5   51.000000000000007     
           5           6   46.869088289308507     
           5           1   61.222148456750169     
           5           2   69.703264975100510     
           5           3   71.684690021109986     
           5           4   77.846819564135544     
           5           5   58.889727457341834     
           5           6   50.463541333881331     
           5           1   48.621046289695521     
           5           2   62.695260539013155     
           5           3   60.775817641004636     
           5           4   67.934766540003295     
           5           5   51.000000000000007     
           5           6   40.982541427694528     
           5           1   39.469745666131075     
           5           2   59.840172458979481     
           5           3   53.166768158716167     
           5           4   61.222036011867708     
           5           5   48.083261120685236     
           5           6   37.290325820365886     
           5           1   36.465264342843192     
           5           2   61.717070456933321     
           5           3   50.375693175902789     
           5           4   58.814478506844736     
           5           5   51.000000000000007     
           5           6   40.982534056661208     
           5           1   40.982559513014664     
           5           2   67.934875665240881     
           5           3   53.166866462701407     
           5           4   61.222120762235733     
           5           5   58.889727457341834     
           5           6   50.463529361527463     
           6           1   69.703255254607043     
           6           2   43.851645949753490     
           6           3   65.076426545658990     
           6           4   57.563089737707699     
           6           5   50.463529361527463     
           6           6   58.889727457341827     
           6           1   58.944030875203239     
           6           2   31.545486213590820     
           6           3   52.819947184243048     
           6           4   43.226320579349753     
           6           5   40.982534056661208     
           6           6   51.000000000000000     
           6           1   51.655142614699272     
           6           2   25.402136689679583     
           6           3   43.851480580932503     
           6           4   31.646805233799537     
           6           5   37.290325820365886     
           6           6   48.083261120685229     
           6           1   49.397456830012317     
           6           2   29.553669761139357     
           6           3   40.422244837880733     
           6           4   26.693178382938353     
           6           5   40.982541427694521     
           6           6   51.000000000000000     
           6           1   52.820107194144725     
           6           2   40.982560245789912     
           6           3   43.851606656167689     
           6           4   31.646978731953119     
           6           5   50.463541333881324     
           6           6   58.889727457341827     
           6           1   62.695251063689206     
           6           2   39.662476892934151     
           6           3   57.507338002496880     
           6           4   53.877690872767637     
           6           5   46.869088289308500     
           6           6   51.000000000000000     
           6           1   50.463347973227378     
           6           2   25.402025927706092     
           6           3   43.152050388447329     
           6           4   38.181292074245412     
           6           5   36.465212726030359     
           6           6   41.641325627314025     
           6           1   41.718155177273125     
           6           2   17.187605103130849     
           6           3   31.545284613088736     
           6           4   24.306718312766147     
           6           5   32.260068834990065     
           6           6   38.013155617496423     
           6           1   38.887780267367404     
           6           2   22.881534413812521     
           6           3   26.572739977549325     
           6           4   17.373026386139138     
           6           5   36.465221010189261     
           6           6   41.641325627314025     
           6           1   43.152224008167394     
           6           2   36.465263814756689     
           6           3   31.545459871558748     
           6           4   24.306944203062887     
           6           5   46.869101179834885     
           6           6   51.000000000000000     
           6           1   59.840163926823784     
           6           2   42.441221637254259     
           6           3   54.380571496760631     
           6           4   55.408499775861365     
           6           5   49.242817532308671     
           6           6   48.083261120685229     
           6           1   46.868968428131112     
           6           2   29.553479355430493     
           6           3   38.887685517499882     
           6           4   40.312620084645395     
           6           5   39.469676722819727     
           6           6   38.013155617496423     
           6           1   37.290148621923727     
           6           2   22.881411450371093     
           6           3   25.401921452946148     
           6           4   27.533848782294871     
           6           5   35.621000585154093     
           6           6   34.000000000000000     
           6           1   34.094136841591535     
           6           2   27.417327329819923     
           6           3   18.874934227576023     
           6           4   21.659139397575480     
           6           5   39.469684376381821     
           6           6   38.013155617496423     
           6           1   38.887853498247729     
           6           2   39.469743929493731     
           6           3   25.402139096717743     
           6           4   27.534048197112824     
           6           5   49.242829801452828     
           6           6   48.083261120685229     
           6           1   61.717063537074260     
           6           2   51.062731172965506     
           6           3   56.439340787213020     
           6           4   61.768909016120304     
           6           5   56.841874704917124     
           6           6   51.000000000000000     
           6           1   49.242775250459530     
           6           2   40.982354285617369     
           6           3   41.718158121959831     
           6           4   48.686790936752800     
           6           5   48.620973067732287     
           6           6   41.641325627314025     
           6           1   40.233144260612775     
           6           2   36.465109498549118     
           6           3   29.553514946322689     
           6           4   38.773819806622100     
           6           5   45.552160477158480     
           6           6   38.013155617496423     
           6           1   37.290224990247623     
           6           2   39.469672644835732     
           6           3   24.174692847608085     
           6           4   34.848451803110649     
           6           5   48.620979280763670     
           6           6   41.641325627314025     
           6           1   41.718291702217357     
           6           2   48.621043866208915     
           6           3   29.553702016327307     
           6           4   38.773961414215229     
           6           5   56.841885333828451     
           6           6   51.000000000000000     
           6           1   67.934870607732677     
           6           2   63.178696849670359     
           6           3   63.178729179020692     
           6           4   71.684687309577257     
           6           5   67.934839084366331     
           6           6   58.889727457341827     
           6           1   56.841900278028966     
           6           2   55.350687290871683     
           6           3   50.463425857443681     
           6           4   60.775816616061967     
           6           5   61.222076602336834     
           6           6   51.000000000000000     
           6           1   49.242833082037414     
           6           2   52.094619986340057     
           6           3   40.982470372872733     
           6           4   53.166769471414376     
           6           5   58.814479217162592     
           6           6   48.083261120685229     
           6           1   46.869089949276891     
           6           2   54.240209065512445     
           6           3   37.290325909772712     
           6           4   50.375697183303039     
           6           5   61.222081536564083     
           6           6   51.000000000000000     
           6           1   50.463517271405259     
           6           2   61.222145727014627     
           6           3   40.982605274076235     
           6           4   53.166872744042145     
           6           5   67.934847977701054     
           6           6   58.889727457341827     
           6           1   63.178651311337767     
           6           2   40.422266036797950     
           6           3   62.330447333518904     
           6           4   54.995456427137952     
           6           5   41.718281487323452     
           6           6   51.000000000000000     
           6           1   51.062676822191868     
           6           2   26.572738652592552     
           6           3   49.397269088384320     
           6           4   39.742995839601164     
           6           5   29.553600666233653     
           6           6   41.641325627314025     
           6           1   42.441158643180550     
           6           2   18.874885097618559     
           6           3   39.662270761820039     
           6           4   26.692905592757807     
           6           5   24.174689541395502     
           6           6   38.013155617496423     
           6           1   39.662412051004011     
           6           2   24.174617585343938     
           6           3   35.834358520526074     
           6           4   20.579521366183585     
           6           5   29.553610887783378     
           6           6   41.641325627314025     
           6           1   43.851589622630982     
           6           2   37.290253194996374     
           6           3   39.662410153333788     
           6           4   26.693111289966414     
           6           5   41.718295969396443     
           6           6   51.000000000000000     
           6           1   55.350634091848676     
           6           2   35.834408217935916     
           6           3   54.380486362089911     
           6           4   51.125301967414806     
           6           5   37.290195114866400     
           6           6   41.641325627314025     
           6           1   40.982284917970709     
           6           2   18.874736032034729     
           6           3   38.887566465017088     
           6           4   34.187746224878218     
           6           5   22.881410659932158     
           6           6   29.444863728670914     
           6           1   29.553386605019373     
           6           2   2.5311081028488567     
           6           3   25.401739195669208     
           6           4   17.372607248596868     
           6           5   15.315327481712819     
           6           6   24.041630560342615     
           6           1   25.401922024794647     
           6           2   15.315265462198958     
           6           3   18.874688944681246     
           6           4   3.5795213774087267     
           6           5   22.881423862071149     
           6           6   29.444863728670914     
           6           1   31.545405771391760     
           6           2   32.260009363404421     
           6           3   25.401956841002381     
           6           4   17.372923299452278     
           6           5   37.290211316636572     
           6           6   41.641325627314025     
           6           1   52.094562165545071     
           6           2   38.887659136410832     
           6           3   51.062607935340701     
           6           4   52.736067116248520     
           6           5   40.233099472375436     
           6           6   38.013155617496423     
           6           1   36.465029685273109     
           6           2   24.174384812420644     
           6           3   34.093921126089242     
           6           4   36.552677953424897     
           6           5   27.417195247466648     
           6           6   24.041630560342615     
           6           1   22.881288702253151     
           6           2   15.315081749971528     
           6           3   17.187233237076583     
           6           4   21.658803204335182     
           6           5   21.510529917260495     
           6           6   17.000000000000000     
           6           1   17.187447611669011     
           6           2   21.510522470586995     
           6           3   2.5311094285599594     
           6           4   13.420478639804379     
           6           5   27.417206265500681     
           6           6   24.041630560342615     
           6           1   25.402034133743616     
           6           2   35.620968893433329     
           6           3   17.187554902691083     
           6           4   21.659056710733534     
           6           5   40.233114489045725     
           6           6   38.013155617496423     
           6           1   54.240152286566818     
           6           2   48.149717069674260     
           6           3   53.249812782198511     
           6           4   59.383407181801111     
           6           5   49.242724687036841     
           6           6   41.641325627314025     
           6           1   39.469597195790683     
           6           2   37.290026841489372     
           6           3   37.290053498659226     
           6           4   45.622303089573570     
           6           5   39.469560887941974     
           6           6   29.444863728670914     
           6           1   27.417222425438666     
           6           2   32.259834931200672     
           6           3   22.881294074561051     
           6           4   34.848242852032577     
           6           5   35.620872234837393     
           6           6   24.041630560342615     
           6           1   22.881413161209821     
           6           2   35.620889906593177     
           6           3   15.315323931285874     
           6           4   30.420478637778945     
           6           5   39.469568541526534     
           6           6   29.444863728670914     
           6           1   29.553579326064636     
           6           2   45.552153030202085     
           6           3   22.881535693958416     
           6           4   34.848400411337259     
           6           5   49.242736956204126     
           6           6   41.641325627314025     
           6           1   61.222094319943665     
           6           2   60.848504292790011     
           6           3   60.346459660199329     
           6           4   69.639682093973605     
           6           5   61.717012047348490     
           6           6   51.000000000000000     
           6           1   48.620981228766730     
           6           2   52.675338846741191     
           6           3   46.868973981875683     
           6           4   58.349728472607595     
           6           5   54.240113183290923     
           6           6   41.641325627314025     
           6           1   39.469669347184755     
           6           2   49.242686467822999     
           6           3   36.465137470019435     
           6           4   50.375552637210433     
           6           5   51.507185714421063     
           6           6   38.013155617496423     
           6           1   36.465185877821945     
           6           2   51.507213266858422     
           6           3   32.260064775215355     
           6           4   47.420478637205726     
           6           5   54.240118752667861     
           6           6   41.641325627314025     
           6           1   40.982493382322581     
           6           2   58.814486875828074     
           6           3   36.465289082835554     
           6           4   50.375661631972740     
           6           5   61.717021836663207     
           6           6   51.000000000000000     
           6           1   60.848501788871509     
           6           2   43.851480369501850     
           6           3   64.134452813137784     
           6           4   57.562932127429619     
           6           5   38.887815892505010     
           6           6   48.083261120685229     
           6           1   48.149716018667320     
           6           2   31.545256038683910     
           6           3   51.654947161276560     
           6           4   43.226110694629874     
           6           5   25.402018167323174     
           6           6   38.013155617496423     
           6           1   38.887660451694920     
           6           2   25.401850847830765     
           6           3   42.441007231543750     
           6           4   31.646518551994319     
           6           5   18.874925935130648     
           6           6   34.000000000000000     
           6           1   35.834412484849338     
           6           2   29.553424073104587     
           6           3   38.887589581017025     
           6           4   26.692838499100205     
           6           5   25.402030059432622     
           6           6   38.013155617496423     
           6           1   40.422272336699912     
           6           2   40.982383073633905     
           6           3   42.441137496717722     
           6           4   31.646692051719590     
           6           5   38.887831428661201     
           6           6   48.083261120685229     
           6           1   52.675334671935580     
           6           2   39.662293823943294     
           6           3   56.439176728771223     
           6           4   53.877522481431789     
           6           5   34.094073771531264     
           6           6   38.013155617496423     
           6           1   37.290023672940023     
           6           2   25.401740084610889     
           6           3   41.717936171569491     
           6           4   38.181054456556254     
           6           5   17.187383990074444     
           6           6   24.041630560342615     
           6           1   24.174384133963706     
           6           2   17.187182645083066     
           6           3   29.553201637196970     
           6           4   24.306345058273152     
           6           5   2.5311006510840914     
           6           6   17.000000000000000     
           6           1   18.874740554096242     
           6           2   22.881217083554837     
           6           3   24.174309826807811     
           6           4   17.372504159422885     
           6           5   17.187401565960148     
           6           6   24.041630560342615     
           6           1   26.572745693895737     
           6           2   36.465064694500114     
           6           3   29.553388709184805     
           6           4   24.306570952038694     
           6           5   34.094091492122516     
           6           6   38.013155617496423     
           6           1   49.242680630227042     
           6           2   42.441050554349076     
           6           3   53.249725839691827     
           6           4   55.408336036803227     
           6           5   37.290072509823133     
           6           6   34.000000000000000     
           6           1   32.259829174664688     
           6           2   29.553233665812805     
           6           3   37.289929345548764     
           6           4   40.312395029874295     
           6           5   22.881210848019347     
           6           6   17.000000000000000     
           6           1   15.315076268388463     
           6           2   22.881094118408068     
           6           3   22.881091739462395     
           6           4   27.533519276001737     
           6           5   15.315028957046383     
           6           6   0.0000000000000000     
           6           1   2.5311151365681952     
           6           2   27.417062497736065     
           6           3   15.315021638357855     
           6           4   21.658720516209744     
           6           5   22.881224050273627     
           6           6   16.999999999999996     
           6           1   18.874891431808919     
           6           2   39.469559966562613     
           6           3   22.881333360996351     
           6           4   27.533718693206165     
           6           5   37.290088711646575     
           6           6   34.000000000000000     
           6           1   51.507206374454604     
           6           2   51.062588976047991     
           6           3   55.350573024885804     
           6           4   61.768762137486839     
           6           5   46.868893194069749     
           6           6   38.013155617496423     
           6           1   35.620882796874447     
           6           2   40.982177112570959     
           6           3   40.232964876788429     
           6           4   48.686604591763775     
           6           5   36.464961967905154     
           6           6   24.041630560342615     
           6           1   21.510515427499051     
           6           2   36.464910377449883     
           6           3   27.417093051061538     
           6           4   38.773585820144092     
           6           5   32.259785389931224     
           6           6   17.000000000000000     
           6           1   15.315262214036164     
           6           2   39.469488681572365     
           6           3   21.510521145807743     
           6           4   34.848191459951039     
           6           5   36.464970252121020     
           6           6   24.041630560342615     
           6           1   24.174619736672032     
           6           2   48.620894528320704     
           6           3   27.417294698017113     
           6           4   38.773727428591776     
           6           5   46.868906084649794     
           6           6   38.013155617496423     
           6           1   58.814479691235697     
           6           2   63.178581922332050     
           6           3   62.208026542915576     
           6           4   71.684560747957065     
           6           5   59.840093504993526     
           6           6   48.083261120685229     
           6           1   45.552145987634709     
           6           2   55.350556109818257     
           6           3   49.242706007669447     
           6           4   60.775667337388178     
           6           5   52.094501559857740     
           6           6   38.013155617496423     
           6           1   35.620962743962913     
           6           2   52.094480606062831     
           6           3   39.469603792683806     
           6           4   53.166598828420447     
           6           5   49.242637976185549     
           6           6   34.000000000000000     
           6           1   32.260005727445289     
           6           2   54.240075198738189     
           6           3   35.620993138107686     
           6           4   50.375517085778128     
           6           5   52.094507358620085     
           6           6   38.013155617496423     
           6           1   37.290252778210181     
           6           2   61.222027126795552     
           6           3   39.469743864621037     
           6           4   53.166702101379677     
           6           5   59.840103601355615     
           6           6   48.083261120685229     
           6           1   63.178622637574151     
           6           2   52.819930609987971     
           6           3   70.138230733920153     
           6           4   64.656647628723434     
           6           5   43.152166104648508     
           6           6   51.000000000000000     
           6           1   51.062641344812995     
           6           2   43.152009427062154     
           6           3   58.943845642088007     
           6           4   52.301888811612088     
           6           5   31.545360064624827     
           6           6   41.641325627314025     
           6           1   42.441115958902571     
           6           2   38.887617123482613     
           6           3   51.062534873153062     
           6           4   43.226069263114354     
           6           5   26.572731204949140     
           6           6   38.013155617496423     
           6           1   39.662366376264337     
           6           2   41.718072983922632     
           6           3   48.149641704436888     
           6           4   39.742905714314411     
           6           5   31.545369640790849     
           6           6   41.641325627314025     
           6           1   43.851548311240194     
           6           2   50.463337795286712     
           6           3   51.062643144076702     
           6           4   43.226196285287593     
           6           5   43.152180105503128     
           6           6   51.000000000000000     
           6           1   55.350601362867927     
           6           2   49.397270070561056     
           6           3   63.178509341907514     
           6           4   61.398520798265388     
           6           5   38.887698324437075     
           6           6   41.641325627314025     
           6           1   40.982240714230414     
           6           2   38.887544771729480     
           6           3   50.463150627553674     
           6           4   48.216012349554099     
           6           5   25.401838182621304     
           6           6   29.444863728670914     
           6           1   29.553325306759206     
           6           2   34.093870216251219     
           6           3   40.982131470347490     
           6           4   38.181007550478270     
           6           5   18.874683709660637     
           6           6   24.041630560342615     
           6           1   25.401850708464988     
           6           2   37.289983028581531     
           6           3   37.289953451922152     
           6           4   34.187641454873784     
           6           5   25.401850074815016     
           6           6   29.444863728670914     
           6           1   31.545348343981750     
           6           2   46.868898879973869     
           6           3   40.982266372666558     
           6           4   38.181151356714352     
           6           5   38.887713860640240     
           6           6   41.641325627314025     
           6           1   52.094527390900055     
           6           2   51.654965987830749     
           6           3   60.346306223714869     
           6           4   62.746112467985988     
           6           5   41.718062304254701     
           6           6   38.013155617496423     
           6           1   36.464980005605987     
           6           2   41.717938098056436     
           6           3   46.868776423542819     
           6           4   49.920738381182552     
           6           5   29.553291263501070     
           6           6   24.041630560342615     
           6           1   22.881209529595530     
           6           2   37.289907577018553     
           6           3   36.464883546142289     
           6           4   40.312350603751675     
           6           5   24.174311295029266     
           6           6   17.000000000000000     
           6           1   17.187342210628799     
           6           2   40.232922526854829     
           6           3   32.259777752293857     
           6           4   36.552579961982488     
           6           5   29.553301485157807     
           6           6   24.041630560342615     
           6           1   25.401962817728702     
           6           2   49.242653289614886     
           6           3   36.465035160014153     
           6           4   40.312486806874738     
           6           5   41.718076786403778     
           6           6   38.013155617496423     
           6           1   54.240118887511251     
           6           2   58.943877815969621     
           6           3   62.207952120506590     
           6           4   68.427851811051809     
           6           5   50.463257563012398     
           6           6   41.641325627314025     
           6           1   39.469551297922855     
           6           2   50.463170529934729     
           6           3   49.242611990235815     
           6           4   56.897947187509253     
           6           5   40.982199379176556     
           6           6   29.444863728670914     
           6           1   27.417156351222360     
           6           2   46.868778817914489     
           6           3   39.469486495451029     
           6           4   48.686567807044256     
           6           5   37.289958005315995     
           6           6   24.041630560342615     
           6           1   22.881333988982846     
           6           2   49.242596152436022     
           6           3   35.620863167647499     
           6           4   45.622224578677042     
           6           5   40.982206750270066     
           6           6   29.444863728670914     
           6           1   29.553518028204202     
           6           2   56.841746311854493     
           6           3   39.469626567804532     
           6           4   48.686680582933249     
           6           5   50.463269535430747     
           6           6   41.641325627314025     
           6           1   61.222064729813496     
           6           2   69.703127281090900     
           6           3   68.381151929520129     
           6           4   77.496239761070896     
           6           5   62.695167320298140     
           6           6   51.000000000000000     
           6           1   48.620943969749121     
           6           2   62.695109862837604     
           6           3   56.841775727028342     
           6           4   67.532752555946601     
           6           5   55.350558329648585     
           6           6   41.641325627314025     
           6           1   39.469623449400828     
           6           2   59.840017117833398     
           6           3   48.620911102070721     
           6           4   60.775637869626983     
           6           5   52.675275124933918     
           6           6   38.013155617496423     
           6           1   36.465136198367624     
           6           2   61.716922287261788     
           6           3   45.552151705371060     
           6           4   58.349667086774048     
           6           5   55.350563787292472     
           6           6   41.641325627314025     
           6           1   40.982449178807137     
           6           2   67.934743280307089     
           6           3   48.621024810084108     
           6           4   60.775728212952650     
           6           5   62.695176956882293     
           6           6   51.000000000000000     
           6           1   69.703203275112784     
           6           2   65.076399782802071     
           6           3   79.394677298472885     
           6           4   75.003153334128200     
           6           5   52.820040270308255     
           6           6   58.889727457341827     
           6           1   58.943969407732482     
           6           2   57.507292204036162     
           6           3   69.703086817746609     
           6           4   64.656619929749439     
           6           5   43.851533111632911     
           6           6   51.000000000000000     
           6           1   51.655072473743679     
           6           2   54.380506659921025     
           6           3   63.178523570244955     
           6           4   57.562869902545671     
           6           5   40.422237176142147     
           6           6   48.083261120685229     
           6           1   49.397383483295158     
           6           2   56.439262508815901     
           6           3   60.848429471184154     
           6           4   54.995358732303259     
           6           5   43.851540000414346     
           6           6   51.000000000000000     
           6           1   52.820038600172666     
           6           2   63.178645130204785     
           6           3   63.178611077668904     
           6           4   57.562965288213306     
           6           5   52.820051708528176     
           6           6   58.889727457341827     
           6           1   62.695193273980848     
           6           2   62.330434215326022     
           6           3   73.318943087782699     
           6           4   72.213359454417201     
           6           5   49.397371343080962     
           6           6   51.000000000000000     
           6           1   50.463276175748071     
           6           2   54.380454921050472     
           6           3   62.695079105964886     
           6           4   61.398491629438197     
           6           5   39.662332227062592     
           6           6   41.641325627314025     
           6           1   41.718068329176404     
           6           2   51.062556980332651     
           6           3   55.350505622775209     
           6           4   53.877456000144605     
           6           5   35.834353625725399     
           6           6   38.013155617496423     
           6           1   38.887687098178525     
           6           2   53.249747166714663     
           6           3   52.675269351855668     
           6           4   51.125196877125504     
           6           5   39.662339843448343     
           6           6   41.641325627314025     
           6           1   43.152140046281012     
           6           2   60.346386977749987     
           6           3   55.350605506030561     
           6           4   53.877557910526804     
           6           5   49.397383573837608     
           6           6   51.000000000000000     
           6           1   59.840103379856664     
           6           2   64.134454470675038     
           6           3   70.893018328255650     
           6           4   73.362562368847136     
           6           5   51.655047546735332     
           6           6   48.083261120685229     
           6           1   46.868891124496869     
           6           2   56.439162805629977     
           6           3   59.839999801838793     
           6           4   62.746083925614926     
           6           5   42.441067836932881     
           6           6   38.013155617496423     
           6           1   37.290051461052592     
           6           2   53.249694329167028     
           6           3   52.094444088383767     
           6           4   55.408271392253681     
           6           5   38.887588524139545     
           6           6   34.000000000000000     
           6           1   34.094030572755102     
           6           2   55.350526592788981     
           6           3   49.242630245260237     
           6           4   52.735965235832779     
           6           5   42.441074954652606     
           6           6   38.013155617496423     
           6           1   38.887760329234297     
           6           2   62.207970888370546     
           6           3   52.094550214634673     
           6           4   55.408370487068908     
           6           5   51.655059242925006     
           6           6   48.083261120685229     
           6           1   61.717004831424319     
           6           2   70.138245423100599     
           6           3   72.484292642415056     
           6           4   78.277466942620876     
           6           5   58.943935892547408     
           6           6   51.000000000000000     
           6           1   49.242701673345067     
           6           2   63.178511528686791     
           6           3   61.716919952837401     
           6           4   68.427825638627681     
           6           5   51.062587875942889     
           6           6   41.641325627314025     
           6           1   40.233054206933751     
           6           2   60.346293729853258     
           6           3   54.240056573150945     
           6           4   61.768704149494319     
           6           5   48.149643640135501     
           6           6   38.013155617496423     
           6           1   37.290127829575468     
           6           2   62.207925659670117     
           6           3   51.507176836362241     
           6           4   59.383316705831469     
           6           5   51.062593791891260     
           6           6   41.641325627314025     
           6           1   41.718204854404846     
           6           2   68.381114811242739     
           6           3   54.240158501298332     
           6           4   61.768793040356620     
           6           5   58.943946142410105     
           6           6   51.000000000000000     
           6           1   67.934817275180563     
           6           2   79.394701912729005     
           6           3   77.846806691425300     
           6           4   86.317194721464531     
           6           5   69.703165064105875     
           6           6   58.889727457341827     
           6           1   56.841836537361985     
           6           2   73.318957574152762     
           6           3   67.934754291495111     
           6           4   77.496216651269833     
           6           5   63.178568534255668     
           6           6   51.000000000000000     
           6           1   49.242759505009353     
           6           2   70.893020726371432     
           6           3   61.222025197141981     
           6           4   71.684510781185324     
           6           5   60.848433210077744     
           6           6   48.083261120685229     
           6           1   46.869012645843078     
           6           2   72.484282680171759     
           6           3   58.814470139865783     
           6           4   69.639604942986296     
           6           5   63.178573315681497     
           6           6   51.000000000000000     
           6           1   50.463445474166811     
           6           2   77.846785955544533     
           6           3   61.222115501073944     
           6           4   71.684587376175415     
           6           5   69.703173731822247     
           6           6   58.889727457341827     
   1   5  2.5311
   2   4  2.5311
   3   4  2.5311
   4   2  2.5311
   5   6  2.5311
   6   5  2.5311
