           4
  0.9821365599399091  0.0578335296042129  0.0276387576944055
  0.0178391473656399  0.9419208436441103  0.9728221874817581
  0.1179848997190613  0.0280667909989774  0.0175626648475890
  0.8820393929753896  0.9721782475174040  0.9819763899762475
           1           1  -1.0178634400600908       -1.9421664703957870       -1.9723612423055945     
           2           2  -1.9821608526343601       -1.0580791563558898       -1.0271778125182420     
           3           3  -1.8820151002809387       -1.9719332090010226       -1.9824373351524109     
           4           4  -1.1179606070246104       -1.0278217524825961       -1.0180236100237525     
           5           1  -1.0178634400600908       -1.9421664703957870      -0.97236124230559451     
           6           2  -1.9821608526343601       -1.0580791563558898       -2.7177812518241917E-002
           7           3  -1.8820151002809387       -1.9719332090010226      -0.98243733515241105     
           8           4  -1.1179606070246104       -1.0278217524825961       -1.8023610023752523E-002
           9           1  -1.0178634400600908       -1.9421664703957870        2.7638757694405498E-002
          10           2  -1.9821608526343601       -1.0580791563558898       0.97282218748175808     
          11           3  -1.8820151002809387       -1.9719332090010226        1.7562664847589001E-002
          12           4  -1.1179606070246104       -1.0278217524825961       0.98197638997624748     
          13           1  -1.0178634400600908       -1.9421664703957870        1.0276387576944055     
          14           2  -1.9821608526343601       -1.0580791563558898        1.9728221874817580     
          15           3  -1.8820151002809387       -1.9719332090010226        1.0175626648475891     
          16           4  -1.1179606070246104       -1.0278217524825961        1.9819763899762475     
          17           1  -1.0178634400600908       -1.9421664703957870        2.0276387576944055     
          18           2  -1.9821608526343601       -1.0580791563558898        2.9728221874817580     
          19           3  -1.8820151002809387       -1.9719332090010226        2.0175626648475888     
          20           4  -1.1179606070246104       -1.0278217524825961        2.9819763899762473     
          21           1  -1.0178634400600908      -0.94216647039578705       -1.9723612423055945     
          22           2  -1.9821608526343601       -5.8079156355889672E-002  -1.0271778125182420     
          23           3  -1.8820151002809387      -0.97193320900102265       -1.9824373351524109     
          24           4  -1.1179606070246104       -2.7821752482595996E-002  -1.0180236100237525     
          25           1  -1.0178634400600908      -0.94216647039578705      -0.97236124230559451     
          26           2  -1.9821608526343601       -5.8079156355889672E-002  -2.7177812518241917E-002
          27           3  -1.8820151002809387      -0.97193320900102265      -0.98243733515241105     
          28           4  -1.1179606070246104       -2.7821752482595996E-002  -1.8023610023752523E-002
          29           1  -1.0178634400600908      -0.94216647039578705        2.7638757694405498E-002
          30           2  -1.9821608526343601       -5.8079156355889672E-002  0.97282218748175808     
          31           3  -1.8820151002809387      -0.97193320900102265        1.7562664847589001E-002
          32           4  -1.1179606070246104       -2.7821752482595996E-002  0.98197638997624748     
          33           1  -1.0178634400600908      -0.94216647039578705        1.0276387576944055     
          34           2  -1.9821608526343601       -5.8079156355889672E-002   1.9728221874817580     
          35           3  -1.8820151002809387      -0.97193320900102265        1.0175626648475891     
          36           4  -1.1179606070246104       -2.7821752482595996E-002   1.9819763899762475     
          37           1  -1.0178634400600908      -0.94216647039578705        2.0276387576944055     
          38           2  -1.9821608526343601       -5.8079156355889672E-002   2.9728221874817580     
          39           3  -1.8820151002809387      -0.97193320900102265        2.0175626648475888     
          40           4  -1.1179606070246104       -2.7821752482595996E-002   2.9819763899762473     
          41           1  -1.0178634400600908        5.7833529604212897E-002  -1.9723612423055945     
          42           2  -1.9821608526343601       0.94192084364411033       -1.0271778125182420     
          43           3  -1.8820151002809387        2.8066790998977399E-002  -1.9824373351524109     
          44           4  -1.1179606070246104       0.97217824751740400       -1.0180236100237525     
          45           1  -1.0178634400600908        5.7833529604212897E-002 -0.97236124230559451     
          46           2  -1.9821608526343601       0.94192084364411033       -2.7177812518241917E-002
          47           3  -1.8820151002809387        2.8066790998977399E-002 -0.98243733515241105     
          48           4  -1.1179606070246104       0.97217824751740400       -1.8023610023752523E-002
          49           1  -1.0178634400600908        5.7833529604212897E-002   2.7638757694405498E-002
          50           2  -1.9821608526343601       0.94192084364411033       0.97282218748175808     
          51           3  -1.8820151002809387        2.8066790998977399E-002   1.7562664847589001E-002
          52           4  -1.1179606070246104       0.97217824751740400       0.98197638997624748     
          53           1  -1.0178634400600908        5.7833529604212897E-002   1.0276387576944055     
          54           2  -1.9821608526343601       0.94192084364411033        1.9728221874817580     
          55           3  -1.8820151002809387        2.8066790998977399E-002   1.0175626648475891     
          56           4  -1.1179606070246104       0.97217824751740400        1.9819763899762475     
          57           1  -1.0178634400600908        5.7833529604212897E-002   2.0276387576944055     
          58           2  -1.9821608526343601       0.94192084364411033        2.9728221874817580     
          59           3  -1.8820151002809387        2.8066790998977399E-002   2.0175626648475888     
          60           4  -1.1179606070246104       0.97217824751740400        2.9819763899762473     
          61           1  -1.0178634400600908        1.0578335296042130       -1.9723612423055945     
          62           2  -1.9821608526343601        1.9419208436441102       -1.0271778125182420     
          63           3  -1.8820151002809387        1.0280667909989774       -1.9824373351524109     
          64           4  -1.1179606070246104        1.9721782475174039       -1.0180236100237525     
          65           1  -1.0178634400600908        1.0578335296042130      -0.97236124230559451     
          66           2  -1.9821608526343601        1.9419208436441102       -2.7177812518241917E-002
          67           3  -1.8820151002809387        1.0280667909989774      -0.98243733515241105     
          68           4  -1.1179606070246104        1.9721782475174039       -1.8023610023752523E-002
          69           1  -1.0178634400600908        1.0578335296042130        2.7638757694405498E-002
          70           2  -1.9821608526343601        1.9419208436441102       0.97282218748175808     
          71           3  -1.8820151002809387        1.0280667909989774        1.7562664847589001E-002
          72           4  -1.1179606070246104        1.9721782475174039       0.98197638997624748     
          73           1  -1.0178634400600908        1.0578335296042130        1.0276387576944055     
          74           2  -1.9821608526343601        1.9419208436441102        1.9728221874817580     
          75           3  -1.8820151002809387        1.0280667909989774        1.0175626648475891     
          76           4  -1.1179606070246104        1.9721782475174039        1.9819763899762475     
          77           1  -1.0178634400600908        1.0578335296042130        2.0276387576944055     
          78           2  -1.9821608526343601        1.9419208436441102        2.9728221874817580     
          79           3  -1.8820151002809387        1.0280667909989774        2.0175626648475888     
          80           4  -1.1179606070246104        1.9721782475174039        2.9819763899762473     
          81           1  -1.0178634400600908        2.0578335296042130       -1.9723612423055945     
          82           2  -1.9821608526343601        2.9419208436441102       -1.0271778125182420     
          83           3  -1.8820151002809387        2.0280667909989774       -1.9824373351524109     
          84           4  -1.1179606070246104        2.9721782475174039       -1.0180236100237525     
          85           1  -1.0178634400600908        2.0578335296042130      -0.97236124230559451     
          86           2  -1.9821608526343601        2.9419208436441102       -2.7177812518241917E-002
          87           3  -1.8820151002809387        2.0280667909989774      -0.98243733515241105     
          88           4  -1.1179606070246104        2.9721782475174039       -1.8023610023752523E-002
          89           1  -1.0178634400600908        2.0578335296042130        2.7638757694405498E-002
          90           2  -1.9821608526343601        2.9419208436441102       0.97282218748175808     
          91           3  -1.8820151002809387        2.0280667909989774        1.7562664847589001E-002
          92           4  -1.1179606070246104        2.9721782475174039       0.98197638997624748     
          93           1  -1.0178634400600908        2.0578335296042130        1.0276387576944055     
          94           2  -1.9821608526343601        2.9419208436441102        1.9728221874817580     
          95           3  -1.8820151002809387        2.0280667909989774        1.0175626648475891     
          96           4  -1.1179606070246104        2.9721782475174039        1.9819763899762475     
          97           1  -1.0178634400600908        2.0578335296042130        2.0276387576944055     
          98           2  -1.9821608526343601        2.9419208436441102        2.9728221874817580     
          99           3  -1.8820151002809387        2.0280667909989774        2.0175626648475888     
         100           4  -1.1179606070246104        2.9721782475174039        2.9819763899762473     
         101           1  -1.7863440060090885E-002  -1.9421664703957870       -1.9723612423055945     
         102           2 -0.98216085263436015       -1.0580791563558898       -1.0271778125182420     
         103           3 -0.88201510028093866       -1.9719332090010226       -1.9824373351524109     
         104           4 -0.11796060702461042       -1.0278217524825961       -1.0180236100237525     
         105           1  -1.7863440060090885E-002  -1.9421664703957870      -0.97236124230559451     
         106           2 -0.98216085263436015       -1.0580791563558898       -2.7177812518241917E-002
         107           3 -0.88201510028093866       -1.9719332090010226      -0.98243733515241105     
         108           4 -0.11796060702461042       -1.0278217524825961       -1.8023610023752523E-002
         109           1  -1.7863440060090885E-002  -1.9421664703957870        2.7638757694405498E-002
         110           2 -0.98216085263436015       -1.0580791563558898       0.97282218748175808     
         111           3 -0.88201510028093866       -1.9719332090010226        1.7562664847589001E-002
         112           4 -0.11796060702461042       -1.0278217524825961       0.98197638997624748     
         113           1  -1.7863440060090885E-002  -1.9421664703957870        1.0276387576944055     
         114           2 -0.98216085263436015       -1.0580791563558898        1.9728221874817580     
         115           3 -0.88201510028093866       -1.9719332090010226        1.0175626648475891     
         116           4 -0.11796060702461042       -1.0278217524825961        1.9819763899762475     
         117           1  -1.7863440060090885E-002  -1.9421664703957870        2.0276387576944055     
         118           2 -0.98216085263436015       -1.0580791563558898        2.9728221874817580     
         119           3 -0.88201510028093866       -1.9719332090010226        2.0175626648475888     
         120           4 -0.11796060702461042       -1.0278217524825961        2.9819763899762473     
         121           1  -1.7863440060090885E-002 -0.94216647039578705       -1.9723612423055945     
         122           2 -0.98216085263436015       -5.8079156355889672E-002  -1.0271778125182420     
         123           3 -0.88201510028093866      -0.97193320900102265       -1.9824373351524109     
         124           4 -0.11796060702461042       -2.7821752482595996E-002  -1.0180236100237525     
         125           1  -1.7863440060090885E-002 -0.94216647039578705      -0.97236124230559451     
         126           2 -0.98216085263436015       -5.8079156355889672E-002  -2.7177812518241917E-002
         127           3 -0.88201510028093866      -0.97193320900102265      -0.98243733515241105     
         128           4 -0.11796060702461042       -2.7821752482595996E-002  -1.8023610023752523E-002
         129           1  -1.7863440060090885E-002 -0.94216647039578705        2.7638757694405498E-002
         130           2 -0.98216085263436015       -5.8079156355889672E-002  0.97282218748175808     
         131           3 -0.88201510028093866      -0.97193320900102265        1.7562664847589001E-002
         132           4 -0.11796060702461042       -2.7821752482595996E-002  0.98197638997624748     
         133           1  -1.7863440060090885E-002 -0.94216647039578705        1.0276387576944055     
         134           2 -0.98216085263436015       -5.8079156355889672E-002   1.9728221874817580     
         135           3 -0.88201510028093866      -0.97193320900102265        1.0175626648475891     
         136           4 -0.11796060702461042       -2.7821752482595996E-002   1.9819763899762475     
         137           1  -1.7863440060090885E-002 -0.94216647039578705        2.0276387576944055     
         138           2 -0.98216085263436015       -5.8079156355889672E-002   2.9728221874817580     
         139           3 -0.88201510028093866      -0.97193320900102265        2.0175626648475888     
         140           4 -0.11796060702461042       -2.7821752482595996E-002   2.9819763899762473     
         141           1  -1.7863440060090885E-002   5.7833529604212897E-002  -1.9723612423055945     
         142           2 -0.98216085263436015       0.94192084364411033       -1.0271778125182420     
         143           3 -0.88201510028093866        2.8066790998977399E-002  -1.9824373351524109     
         144           4 -0.11796060702461042       0.97217824751740400       -1.0180236100237525     
         145           1  -1.7863440060090885E-002   5.7833529604212897E-002 -0.97236124230559451     
         146           2 -0.98216085263436015       0.94192084364411033       -2.7177812518241917E-002
         147           3 -0.88201510028093866        2.8066790998977399E-002 -0.98243733515241105     
         148           4 -0.11796060702461042       0.97217824751740400       -1.8023610023752523E-002
         149           1  -1.7863440060090885E-002   5.7833529604212897E-002   2.7638757694405498E-002
         150           2 -0.98216085263436015       0.94192084364411033       0.97282218748175808     
         151           3 -0.88201510028093866        2.8066790998977399E-002   1.7562664847589001E-002
         152           4 -0.11796060702461042       0.97217824751740400       0.98197638997624748     
         153           1  -1.7863440060090885E-002   5.7833529604212897E-002   1.0276387576944055     
         154           2 -0.98216085263436015       0.94192084364411033        1.9728221874817580     
         155           3 -0.88201510028093866        2.8066790998977399E-002   1.0175626648475891     
         156           4 -0.11796060702461042       0.97217824751740400        1.9819763899762475     
         157           1  -1.7863440060090885E-002   5.7833529604212897E-002   2.0276387576944055     
         158           2 -0.98216085263436015       0.94192084364411033        2.9728221874817580     
         159           3 -0.88201510028093866        2.8066790998977399E-002   2.0175626648475888     
         160           4 -0.11796060702461042       0.97217824751740400        2.9819763899762473     
         161           1  -1.7863440060090885E-002   1.0578335296042130       -1.9723612423055945     
         162           2 -0.98216085263436015        1.9419208436441102       -1.0271778125182420     
         163           3 -0.88201510028093866        1.0280667909989774       -1.9824373351524109     
         164           4 -0.11796060702461042        1.9721782475174039       -1.0180236100237525     
         165           1  -1.7863440060090885E-002   1.0578335296042130      -0.97236124230559451     
         166           2 -0.98216085263436015        1.9419208436441102       -2.7177812518241917E-002
         167           3 -0.88201510028093866        1.0280667909989774      -0.98243733515241105     
         168           4 -0.11796060702461042        1.9721782475174039       -1.8023610023752523E-002
         169           1  -1.7863440060090885E-002   1.0578335296042130        2.7638757694405498E-002
         170           2 -0.98216085263436015        1.9419208436441102       0.97282218748175808     
         171           3 -0.88201510028093866        1.0280667909989774        1.7562664847589001E-002
         172           4 -0.11796060702461042        1.9721782475174039       0.98197638997624748     
         173           1  -1.7863440060090885E-002   1.0578335296042130        1.0276387576944055     
         174           2 -0.98216085263436015        1.9419208436441102        1.9728221874817580     
         175           3 -0.88201510028093866        1.0280667909989774        1.0175626648475891     
         176           4 -0.11796060702461042        1.9721782475174039        1.9819763899762475     
         177           1  -1.7863440060090885E-002   1.0578335296042130        2.0276387576944055     
         178           2 -0.98216085263436015        1.9419208436441102        2.9728221874817580     
         179           3 -0.88201510028093866        1.0280667909989774        2.0175626648475888     
         180           4 -0.11796060702461042        1.9721782475174039        2.9819763899762473     
         181           1  -1.7863440060090885E-002   2.0578335296042130       -1.9723612423055945     
         182           2 -0.98216085263436015        2.9419208436441102       -1.0271778125182420     
         183           3 -0.88201510028093866        2.0280667909989774       -1.9824373351524109     
         184           4 -0.11796060702461042        2.9721782475174039       -1.0180236100237525     
         185           1  -1.7863440060090885E-002   2.0578335296042130      -0.97236124230559451     
         186           2 -0.98216085263436015        2.9419208436441102       -2.7177812518241917E-002
         187           3 -0.88201510028093866        2.0280667909989774      -0.98243733515241105     
         188           4 -0.11796060702461042        2.9721782475174039       -1.8023610023752523E-002
         189           1  -1.7863440060090885E-002   2.0578335296042130        2.7638757694405498E-002
         190           2 -0.98216085263436015        2.9419208436441102       0.97282218748175808     
         191           3 -0.88201510028093866        2.0280667909989774        1.7562664847589001E-002
         192           4 -0.11796060702461042        2.9721782475174039       0.98197638997624748     
         193           1  -1.7863440060090885E-002   2.0578335296042130        1.0276387576944055     
         194           2 -0.98216085263436015        2.9419208436441102        1.9728221874817580     
         195           3 -0.88201510028093866        2.0280667909989774        1.0175626648475891     
         196           4 -0.11796060702461042        2.9721782475174039        1.9819763899762475     
         197           1  -1.7863440060090885E-002   2.0578335296042130        2.0276387576944055     
         198           2 -0.98216085263436015        2.9419208436441102        2.9728221874817580     
         199           3 -0.88201510028093866        2.0280667909989774        2.0175626648475888     
         200           4 -0.11796060702461042        2.9721782475174039        2.9819763899762473     
         201           1  0.98213655993990912       -1.9421664703957870       -1.9723612423055945     
         202           2   1.7839147365639900E-002  -1.0580791563558898       -1.0271778125182420     
         203           3  0.11798489971906130       -1.9719332090010226       -1.9824373351524109     
         204           4  0.88203939297538958       -1.0278217524825961       -1.0180236100237525     
         205           1  0.98213655993990912       -1.9421664703957870      -0.97236124230559451     
         206           2   1.7839147365639900E-002  -1.0580791563558898       -2.7177812518241917E-002
         207           3  0.11798489971906130       -1.9719332090010226      -0.98243733515241105     
         208           4  0.88203939297538958       -1.0278217524825961       -1.8023610023752523E-002
         209           1  0.98213655993990912       -1.9421664703957870        2.7638757694405498E-002
         210           2   1.7839147365639900E-002  -1.0580791563558898       0.97282218748175808     
         211           3  0.11798489971906130       -1.9719332090010226        1.7562664847589001E-002
         212           4  0.88203939297538958       -1.0278217524825961       0.98197638997624748     
         213           1  0.98213655993990912       -1.9421664703957870        1.0276387576944055     
         214           2   1.7839147365639900E-002  -1.0580791563558898        1.9728221874817580     
         215           3  0.11798489971906130       -1.9719332090010226        1.0175626648475891     
         216           4  0.88203939297538958       -1.0278217524825961        1.9819763899762475     
         217           1  0.98213655993990912       -1.9421664703957870        2.0276387576944055     
         218           2   1.7839147365639900E-002  -1.0580791563558898        2.9728221874817580     
         219           3  0.11798489971906130       -1.9719332090010226        2.0175626648475888     
         220           4  0.88203939297538958       -1.0278217524825961        2.9819763899762473     
         221           1  0.98213655993990912      -0.94216647039578705       -1.9723612423055945     
         222           2   1.7839147365639900E-002  -5.8079156355889672E-002  -1.0271778125182420     
         223           3  0.11798489971906130      -0.97193320900102265       -1.9824373351524109     
         224           4  0.88203939297538958       -2.7821752482595996E-002  -1.0180236100237525     
         225           1  0.98213655993990912      -0.94216647039578705      -0.97236124230559451     
         226           2   1.7839147365639900E-002  -5.8079156355889672E-002  -2.7177812518241917E-002
         227           3  0.11798489971906130      -0.97193320900102265      -0.98243733515241105     
         228           4  0.88203939297538958       -2.7821752482595996E-002  -1.8023610023752523E-002
         229           1  0.98213655993990912      -0.94216647039578705        2.7638757694405498E-002
         230           2   1.7839147365639900E-002  -5.8079156355889672E-002  0.97282218748175808     
         231           3  0.11798489971906130      -0.97193320900102265        1.7562664847589001E-002
         232           4  0.88203939297538958       -2.7821752482595996E-002  0.98197638997624748     
         233           1  0.98213655993990912      -0.94216647039578705        1.0276387576944055     
         234           2   1.7839147365639900E-002  -5.8079156355889672E-002   1.9728221874817580     
         235           3  0.11798489971906130      -0.97193320900102265        1.0175626648475891     
         236           4  0.88203939297538958       -2.7821752482595996E-002   1.9819763899762475     
         237           1  0.98213655993990912      -0.94216647039578705        2.0276387576944055     
         238           2   1.7839147365639900E-002  -5.8079156355889672E-002   2.9728221874817580     
         239           3  0.11798489971906130      -0.97193320900102265        2.0175626648475888     
         240           4  0.88203939297538958       -2.7821752482595996E-002   2.9819763899762473     
         241           1  0.98213655993990912        5.7833529604212897E-002  -1.9723612423055945     
         242           2   1.7839147365639900E-002  0.94192084364411033       -1.0271778125182420     
         243           3  0.11798489971906130        2.8066790998977399E-002  -1.9824373351524109     
         244           4  0.88203939297538958       0.97217824751740400       -1.0180236100237525     
         245           1  0.98213655993990912        5.7833529604212897E-002 -0.97236124230559451     
         246           2   1.7839147365639900E-002  0.94192084364411033       -2.7177812518241917E-002
         247           3  0.11798489971906130        2.8066790998977399E-002 -0.98243733515241105     
         248           4  0.88203939297538958       0.97217824751740400       -1.8023610023752523E-002
         249           1  0.98213655993990912        5.7833529604212897E-002   2.7638757694405498E-002
         250           2   1.7839147365639900E-002  0.94192084364411033       0.97282218748175808     
         251           3  0.11798489971906130        2.8066790998977399E-002   1.7562664847589001E-002
         252           4  0.88203939297538958       0.97217824751740400       0.98197638997624748     
         253           1  0.98213655993990912        5.7833529604212897E-002   1.0276387576944055     
         254           2   1.7839147365639900E-002  0.94192084364411033        1.9728221874817580     
         255           3  0.11798489971906130        2.8066790998977399E-002   1.0175626648475891     
         256           4  0.88203939297538958       0.97217824751740400        1.9819763899762475     
         257           1  0.98213655993990912        5.7833529604212897E-002   2.0276387576944055     
         258           2   1.7839147365639900E-002  0.94192084364411033        2.9728221874817580     
         259           3  0.11798489971906130        2.8066790998977399E-002   2.0175626648475888     
         260           4  0.88203939297538958       0.97217824751740400        2.9819763899762473     
         261           1  0.98213655993990912        1.0578335296042130       -1.9723612423055945     
         262           2   1.7839147365639900E-002   1.9419208436441102       -1.0271778125182420     
         263           3  0.11798489971906130        1.0280667909989774       -1.9824373351524109     
         264           4  0.88203939297538958        1.9721782475174039       -1.0180236100237525     
         265           1  0.98213655993990912        1.0578335296042130      -0.97236124230559451     
         266           2   1.7839147365639900E-002   1.9419208436441102       -2.7177812518241917E-002
         267           3  0.11798489971906130        1.0280667909989774      -0.98243733515241105     
         268           4  0.88203939297538958        1.9721782475174039       -1.8023610023752523E-002
         269           1  0.98213655993990912        1.0578335296042130        2.7638757694405498E-002
         270           2   1.7839147365639900E-002   1.9419208436441102       0.97282218748175808     
         271           3  0.11798489971906130        1.0280667909989774        1.7562664847589001E-002
         272           4  0.88203939297538958        1.9721782475174039       0.98197638997624748     
         273           1  0.98213655993990912        1.0578335296042130        1.0276387576944055     
         274           2   1.7839147365639900E-002   1.9419208436441102        1.9728221874817580     
         275           3  0.11798489971906130        1.0280667909989774        1.0175626648475891     
         276           4  0.88203939297538958        1.9721782475174039        1.9819763899762475     
         277           1  0.98213655993990912        1.0578335296042130        2.0276387576944055     
         278           2   1.7839147365639900E-002   1.9419208436441102        2.9728221874817580     
         279           3  0.11798489971906130        1.0280667909989774        2.0175626648475888     
         280           4  0.88203939297538958        1.9721782475174039        2.9819763899762473     
         281           1  0.98213655993990912        2.0578335296042130       -1.9723612423055945     
         282           2   1.7839147365639900E-002   2.9419208436441102       -1.0271778125182420     
         283           3  0.11798489971906130        2.0280667909989774       -1.9824373351524109     
         284           4  0.88203939297538958        2.9721782475174039       -1.0180236100237525     
         285           1  0.98213655993990912        2.0578335296042130      -0.97236124230559451     
         286           2   1.7839147365639900E-002   2.9419208436441102       -2.7177812518241917E-002
         287           3  0.11798489971906130        2.0280667909989774      -0.98243733515241105     
         288           4  0.88203939297538958        2.9721782475174039       -1.8023610023752523E-002
         289           1  0.98213655993990912        2.0578335296042130        2.7638757694405498E-002
         290           2   1.7839147365639900E-002   2.9419208436441102       0.97282218748175808     
         291           3  0.11798489971906130        2.0280667909989774        1.7562664847589001E-002
         292           4  0.88203939297538958        2.9721782475174039       0.98197638997624748     
         293           1  0.98213655993990912        2.0578335296042130        1.0276387576944055     
         294           2   1.7839147365639900E-002   2.9419208436441102        1.9728221874817580     
         295           3  0.11798489971906130        2.0280667909989774        1.0175626648475891     
         296           4  0.88203939297538958        2.9721782475174039        1.9819763899762475     
         297           1  0.98213655993990912        2.0578335296042130        2.0276387576944055     
         298           2   1.7839147365639900E-002   2.9419208436441102        2.9728221874817580     
         299           3  0.11798489971906130        2.0280667909989774        2.0175626648475888     
         300           4  0.88203939297538958        2.9721782475174039        2.9819763899762473     
         301           1   1.9821365599399092       -1.9421664703957870       -1.9723612423055945     
         302           2   1.0178391473656399       -1.0580791563558898       -1.0271778125182420     
         303           3   1.1179848997190613       -1.9719332090010226       -1.9824373351524109     
         304           4   1.8820393929753896       -1.0278217524825961       -1.0180236100237525     
         305           1   1.9821365599399092       -1.9421664703957870      -0.97236124230559451     
         306           2   1.0178391473656399       -1.0580791563558898       -2.7177812518241917E-002
         307           3   1.1179848997190613       -1.9719332090010226      -0.98243733515241105     
         308           4   1.8820393929753896       -1.0278217524825961       -1.8023610023752523E-002
         309           1   1.9821365599399092       -1.9421664703957870        2.7638757694405498E-002
         310           2   1.0178391473656399       -1.0580791563558898       0.97282218748175808     
         311           3   1.1179848997190613       -1.9719332090010226        1.7562664847589001E-002
         312           4   1.8820393929753896       -1.0278217524825961       0.98197638997624748     
         313           1   1.9821365599399092       -1.9421664703957870        1.0276387576944055     
         314           2   1.0178391473656399       -1.0580791563558898        1.9728221874817580     
         315           3   1.1179848997190613       -1.9719332090010226        1.0175626648475891     
         316           4   1.8820393929753896       -1.0278217524825961        1.9819763899762475     
         317           1   1.9821365599399092       -1.9421664703957870        2.0276387576944055     
         318           2   1.0178391473656399       -1.0580791563558898        2.9728221874817580     
         319           3   1.1179848997190613       -1.9719332090010226        2.0175626648475888     
         320           4   1.8820393929753896       -1.0278217524825961        2.9819763899762473     
         321           1   1.9821365599399092      -0.94216647039578705       -1.9723612423055945     
         322           2   1.0178391473656399       -5.8079156355889672E-002  -1.0271778125182420     
         323           3   1.1179848997190613      -0.97193320900102265       -1.9824373351524109     
         324           4   1.8820393929753896       -2.7821752482595996E-002  -1.0180236100237525     
         325           1   1.9821365599399092      -0.94216647039578705      -0.97236124230559451     
         326           2   1.0178391473656399       -5.8079156355889672E-002  -2.7177812518241917E-002
         327           3   1.1179848997190613      -0.97193320900102265      -0.98243733515241105     
         328           4   1.8820393929753896       -2.7821752482595996E-002  -1.8023610023752523E-002
         329           1   1.9821365599399092      -0.94216647039578705        2.7638757694405498E-002
         330           2   1.0178391473656399       -5.8079156355889672E-002  0.97282218748175808     
         331           3   1.1179848997190613      -0.97193320900102265        1.7562664847589001E-002
         332           4   1.8820393929753896       -2.7821752482595996E-002  0.98197638997624748     
         333           1   1.9821365599399092      -0.94216647039578705        1.0276387576944055     
         334           2   1.0178391473656399       -5.8079156355889672E-002   1.9728221874817580     
         335           3   1.1179848997190613      -0.97193320900102265        1.0175626648475891     
         336           4   1.8820393929753896       -2.7821752482595996E-002   1.9819763899762475     
         337           1   1.9821365599399092      -0.94216647039578705        2.0276387576944055     
         338           2   1.0178391473656399       -5.8079156355889672E-002   2.9728221874817580     
         339           3   1.1179848997190613      -0.97193320900102265        2.0175626648475888     
         340           4   1.8820393929753896       -2.7821752482595996E-002   2.9819763899762473     
         341           1   1.9821365599399092        5.7833529604212897E-002  -1.9723612423055945     
         342           2   1.0178391473656399       0.94192084364411033       -1.0271778125182420     
         343           3   1.1179848997190613        2.8066790998977399E-002  -1.9824373351524109     
         344           4   1.8820393929753896       0.97217824751740400       -1.0180236100237525     
         345           1   1.9821365599399092        5.7833529604212897E-002 -0.97236124230559451     
         346           2   1.0178391473656399       0.94192084364411033       -2.7177812518241917E-002
         347           3   1.1179848997190613        2.8066790998977399E-002 -0.98243733515241105     
         348           4   1.8820393929753896       0.97217824751740400       -1.8023610023752523E-002
         349           1   1.9821365599399092        5.7833529604212897E-002   2.7638757694405498E-002
         350           2   1.0178391473656399       0.94192084364411033       0.97282218748175808     
         351           3   1.1179848997190613        2.8066790998977399E-002   1.7562664847589001E-002
         352           4   1.8820393929753896       0.97217824751740400       0.98197638997624748     
         353           1   1.9821365599399092        5.7833529604212897E-002   1.0276387576944055     
         354           2   1.0178391473656399       0.94192084364411033        1.9728221874817580     
         355           3   1.1179848997190613        2.8066790998977399E-002   1.0175626648475891     
         356           4   1.8820393929753896       0.97217824751740400        1.9819763899762475     
         357           1   1.9821365599399092        5.7833529604212897E-002   2.0276387576944055     
         358           2   1.0178391473656399       0.94192084364411033        2.9728221874817580     
         359           3   1.1179848997190613        2.8066790998977399E-002   2.0175626648475888     
         360           4   1.8820393929753896       0.97217824751740400        2.9819763899762473     
         361           1   1.9821365599399092        1.0578335296042130       -1.9723612423055945     
         362           2   1.0178391473656399        1.9419208436441102       -1.0271778125182420     
         363           3   1.1179848997190613        1.0280667909989774       -1.9824373351524109     
         364           4   1.8820393929753896        1.9721782475174039       -1.0180236100237525     
         365           1   1.9821365599399092        1.0578335296042130      -0.97236124230559451     
         366           2   1.0178391473656399        1.9419208436441102       -2.7177812518241917E-002
         367           3   1.1179848997190613        1.0280667909989774      -0.98243733515241105     
         368           4   1.8820393929753896        1.9721782475174039       -1.8023610023752523E-002
         369           1   1.9821365599399092        1.0578335296042130        2.7638757694405498E-002
         370           2   1.0178391473656399        1.9419208436441102       0.97282218748175808     
         371           3   1.1179848997190613        1.0280667909989774        1.7562664847589001E-002
         372           4   1.8820393929753896        1.9721782475174039       0.98197638997624748     
         373           1   1.9821365599399092        1.0578335296042130        1.0276387576944055     
         374           2   1.0178391473656399        1.9419208436441102        1.9728221874817580     
         375           3   1.1179848997190613        1.0280667909989774        1.0175626648475891     
         376           4   1.8820393929753896        1.9721782475174039        1.9819763899762475     
         377           1   1.9821365599399092        1.0578335296042130        2.0276387576944055     
         378           2   1.0178391473656399        1.9419208436441102        2.9728221874817580     
         379           3   1.1179848997190613        1.0280667909989774        2.0175626648475888     
         380           4   1.8820393929753896        1.9721782475174039        2.9819763899762473     
         381           1   1.9821365599399092        2.0578335296042130       -1.9723612423055945     
         382           2   1.0178391473656399        2.9419208436441102       -1.0271778125182420     
         383           3   1.1179848997190613        2.0280667909989774       -1.9824373351524109     
         384           4   1.8820393929753896        2.9721782475174039       -1.0180236100237525     
         385           1   1.9821365599399092        2.0578335296042130      -0.97236124230559451     
         386           2   1.0178391473656399        2.9419208436441102       -2.7177812518241917E-002
         387           3   1.1179848997190613        2.0280667909989774      -0.98243733515241105     
         388           4   1.8820393929753896        2.9721782475174039       -1.8023610023752523E-002
         389           1   1.9821365599399092        2.0578335296042130        2.7638757694405498E-002
         390           2   1.0178391473656399        2.9419208436441102       0.97282218748175808     
         391           3   1.1179848997190613        2.0280667909989774        1.7562664847589001E-002
         392           4   1.8820393929753896        2.9721782475174039       0.98197638997624748     
         393           1   1.9821365599399092        2.0578335296042130        1.0276387576944055     
         394           2   1.0178391473656399        2.9419208436441102        1.9728221874817580     
         395           3   1.1179848997190613        2.0280667909989774        1.0175626648475891     
         396           4   1.8820393929753896        2.9721782475174039        1.9819763899762475     
         397           1   1.9821365599399092        2.0578335296042130        2.0276387576944055     
         398           2   1.0178391473656399        2.9419208436441102        2.9728221874817580     
         399           3   1.1179848997190613        2.0280667909989774        2.0175626648475888     
         400           4   1.8820393929753896        2.9721782475174039        2.9819763899762473     
         401           1   2.9821365599399092       -1.9421664703957870       -1.9723612423055945     
         402           2   2.0178391473656401       -1.0580791563558898       -1.0271778125182420     
         403           3   2.1179848997190613       -1.9719332090010226       -1.9824373351524109     
         404           4   2.8820393929753898       -1.0278217524825961       -1.0180236100237525     
         405           1   2.9821365599399092       -1.9421664703957870      -0.97236124230559451     
         406           2   2.0178391473656401       -1.0580791563558898       -2.7177812518241917E-002
         407           3   2.1179848997190613       -1.9719332090010226      -0.98243733515241105     
         408           4   2.8820393929753898       -1.0278217524825961       -1.8023610023752523E-002
         409           1   2.9821365599399092       -1.9421664703957870        2.7638757694405498E-002
         410           2   2.0178391473656401       -1.0580791563558898       0.97282218748175808     
         411           3   2.1179848997190613       -1.9719332090010226        1.7562664847589001E-002
         412           4   2.8820393929753898       -1.0278217524825961       0.98197638997624748     
         413           1   2.9821365599399092       -1.9421664703957870        1.0276387576944055     
         414           2   2.0178391473656401       -1.0580791563558898        1.9728221874817580     
         415           3   2.1179848997190613       -1.9719332090010226        1.0175626648475891     
         416           4   2.8820393929753898       -1.0278217524825961        1.9819763899762475     
         417           1   2.9821365599399092       -1.9421664703957870        2.0276387576944055     
         418           2   2.0178391473656401       -1.0580791563558898        2.9728221874817580     
         419           3   2.1179848997190613       -1.9719332090010226        2.0175626648475888     
         420           4   2.8820393929753898       -1.0278217524825961        2.9819763899762473     
         421           1   2.9821365599399092      -0.94216647039578705       -1.9723612423055945     
         422           2   2.0178391473656401       -5.8079156355889672E-002  -1.0271778125182420     
         423           3   2.1179848997190613      -0.97193320900102265       -1.9824373351524109     
         424           4   2.8820393929753898       -2.7821752482595996E-002  -1.0180236100237525     
         425           1   2.9821365599399092      -0.94216647039578705      -0.97236124230559451     
         426           2   2.0178391473656401       -5.8079156355889672E-002  -2.7177812518241917E-002
         427           3   2.1179848997190613      -0.97193320900102265      -0.98243733515241105     
         428           4   2.8820393929753898       -2.7821752482595996E-002  -1.8023610023752523E-002
         429           1   2.9821365599399092      -0.94216647039578705        2.7638757694405498E-002
         430           2   2.0178391473656401       -5.8079156355889672E-002  0.97282218748175808     
         431           3   2.1179848997190613      -0.97193320900102265        1.7562664847589001E-002
         432           4   2.8820393929753898       -2.7821752482595996E-002  0.98197638997624748     
         433           1   2.9821365599399092      -0.94216647039578705        1.0276387576944055     
         434           2   2.0178391473656401       -5.8079156355889672E-002   1.9728221874817580     
         435           3   2.1179848997190613      -0.97193320900102265        1.0175626648475891     
         436           4   2.8820393929753898       -2.7821752482595996E-002   1.9819763899762475     
         437           1   2.9821365599399092      -0.94216647039578705        2.0276387576944055     
         438           2   2.0178391473656401       -5.8079156355889672E-002   2.9728221874817580     
         439           3   2.1179848997190613      -0.97193320900102265        2.0175626648475888     
         440           4   2.8820393929753898       -2.7821752482595996E-002   2.9819763899762473     
         441           1   2.9821365599399092        5.7833529604212897E-002  -1.9723612423055945     
         442           2   2.0178391473656401       0.94192084364411033       -1.0271778125182420     
         443           3   2.1179848997190613        2.8066790998977399E-002  -1.9824373351524109     
         444           4   2.8820393929753898       0.97217824751740400       -1.0180236100237525     
         445           1   2.9821365599399092        5.7833529604212897E-002 -0.97236124230559451     
         446           2   2.0178391473656401       0.94192084364411033       -2.7177812518241917E-002
         447           3   2.1179848997190613        2.8066790998977399E-002 -0.98243733515241105     
         448           4   2.8820393929753898       0.97217824751740400       -1.8023610023752523E-002
         449           1   2.9821365599399092        5.7833529604212897E-002   2.7638757694405498E-002
         450           2   2.0178391473656401       0.94192084364411033       0.97282218748175808     
         451           3   2.1179848997190613        2.8066790998977399E-002   1.7562664847589001E-002
         452           4   2.8820393929753898       0.97217824751740400       0.98197638997624748     
         453           1   2.9821365599399092        5.7833529604212897E-002   1.0276387576944055     
         454           2   2.0178391473656401       0.94192084364411033        1.9728221874817580     
         455           3   2.1179848997190613        2.8066790998977399E-002   1.0175626648475891     
         456           4   2.8820393929753898       0.97217824751740400        1.9819763899762475     
         457           1   2.9821365599399092        5.7833529604212897E-002   2.0276387576944055     
         458           2   2.0178391473656401       0.94192084364411033        2.9728221874817580     
         459           3   2.1179848997190613        2.8066790998977399E-002   2.0175626648475888     
         460           4   2.8820393929753898       0.97217824751740400        2.9819763899762473     
         461           1   2.9821365599399092        1.0578335296042130       -1.9723612423055945     
         462           2   2.0178391473656401        1.9419208436441102       -1.0271778125182420     
         463           3   2.1179848997190613        1.0280667909989774       -1.9824373351524109     
         464           4   2.8820393929753898        1.9721782475174039       -1.0180236100237525     
         465           1   2.9821365599399092        1.0578335296042130      -0.97236124230559451     
         466           2   2.0178391473656401        1.9419208436441102       -2.7177812518241917E-002
         467           3   2.1179848997190613        1.0280667909989774      -0.98243733515241105     
         468           4   2.8820393929753898        1.9721782475174039       -1.8023610023752523E-002
         469           1   2.9821365599399092        1.0578335296042130        2.7638757694405498E-002
         470           2   2.0178391473656401        1.9419208436441102       0.97282218748175808     
         471           3   2.1179848997190613        1.0280667909989774        1.7562664847589001E-002
         472           4   2.8820393929753898        1.9721782475174039       0.98197638997624748     
         473           1   2.9821365599399092        1.0578335296042130        1.0276387576944055     
         474           2   2.0178391473656401        1.9419208436441102        1.9728221874817580     
         475           3   2.1179848997190613        1.0280667909989774        1.0175626648475891     
         476           4   2.8820393929753898        1.9721782475174039        1.9819763899762475     
         477           1   2.9821365599399092        1.0578335296042130        2.0276387576944055     
         478           2   2.0178391473656401        1.9419208436441102        2.9728221874817580     
         479           3   2.1179848997190613        1.0280667909989774        2.0175626648475888     
         480           4   2.8820393929753898        1.9721782475174039        2.9819763899762473     
         481           1   2.9821365599399092        2.0578335296042130       -1.9723612423055945     
         482           2   2.0178391473656401        2.9419208436441102       -1.0271778125182420     
         483           3   2.1179848997190613        2.0280667909989774       -1.9824373351524109     
         484           4   2.8820393929753898        2.9721782475174039       -1.0180236100237525     
         485           1   2.9821365599399092        2.0578335296042130      -0.97236124230559451     
         486           2   2.0178391473656401        2.9419208436441102       -2.7177812518241917E-002
         487           3   2.1179848997190613        2.0280667909989774      -0.98243733515241105     
         488           4   2.8820393929753898        2.9721782475174039       -1.8023610023752523E-002
         489           1   2.9821365599399092        2.0578335296042130        2.7638757694405498E-002
         490           2   2.0178391473656401        2.9419208436441102       0.97282218748175808     
         491           3   2.1179848997190613        2.0280667909989774        1.7562664847589001E-002
         492           4   2.8820393929753898        2.9721782475174039       0.98197638997624748     
         493           1   2.9821365599399092        2.0578335296042130        1.0276387576944055     
         494           2   2.0178391473656401        2.9419208436441102        1.9728221874817580     
         495           3   2.1179848997190613        2.0280667909989774        1.0175626648475891     
         496           4   2.8820393929753898        2.9721782475174039        1.9819763899762475     
         497           1   2.9821365599399092        2.0578335296042130        2.0276387576944055     
         498           2   2.0178391473656401        2.9419208436441102        2.9728221874817580     
         499           3   2.1179848997190613        2.0280667909989774        2.0175626648475888     
         500           4   2.8820393929753898        2.9721782475174039        2.9819763899762473     
         500
   16.696321518978454       0.98317000327161930       0.46985888080489346     
  0.30326550521587831        16.012654341949876        16.537977187189888     
   2.0057432952240419       0.47713544698261579       0.29856530240901302     
   14.994669680581623        16.527030207795868        16.693598629596206     
  -17.303678481021542       -33.016829996728383       -33.530141119195108     
  -33.696734494784124       -17.987345658050128       -17.462022812810115     
  -31.994256704775957       -33.522864553017385       -33.701434697590983     
  -19.005330319418377       -17.472969792204132       -17.306401370403794     
  -17.303678481021542       -33.016829996728383       -16.530141119195108     
  -33.696734494784124       -17.987345658050128      -0.46202281281011259     
  -31.994256704775957       -33.522864553017385       -16.701434697590987     
  -19.005330319418377       -17.472969792204132      -0.30640137040379289     
  -17.303678481021542       -33.016829996728383       0.46985888080489346     
  -33.696734494784124       -17.987345658050128        16.537977187189888     
  -31.994256704775957       -33.522864553017385       0.29856530240901302     
  -19.005330319418377       -17.472969792204132        16.693598629596206     
  -17.303678481021542       -33.016829996728383        17.469858880804892     
  -33.696734494784124       -17.987345658050128        33.537977187189888     
  -31.994256704775957       -33.522864553017385        17.298565302409013     
  -19.005330319418377       -17.472969792204132        33.693598629596210     
  -17.303678481021542       -33.016829996728383        34.469858880804892     
  -33.696734494784124       -17.987345658050128        50.537977187189888     
  -31.994256704775957       -33.522864553017385        34.298565302409010     
  -19.005330319418377       -17.472969792204132        50.693598629596202     
  -17.303678481021542       -16.016829996728379       -33.530141119195108     
  -33.696734494784124      -0.98734565805012442       -17.462022812810115     
  -31.994256704775957       -16.522864553017385       -33.701434697590983     
  -19.005330319418377      -0.47296979220413193       -17.306401370403794     
  -17.303678481021542       -16.016829996728379       -16.530141119195108     
  -33.696734494784124      -0.98734565805012442      -0.46202281281011259     
  -31.994256704775957       -16.522864553017385       -16.701434697590987     
  -19.005330319418377      -0.47296979220413193      -0.30640137040379289     
  -17.303678481021542       -16.016829996728379       0.46985888080489346     
  -33.696734494784124      -0.98734565805012442        16.537977187189888     
  -31.994256704775957       -16.522864553017385       0.29856530240901302     
  -19.005330319418377      -0.47296979220413193        16.693598629596206     
  -17.303678481021542       -16.016829996728379        17.469858880804892     
  -33.696734494784124      -0.98734565805012442        33.537977187189888     
  -31.994256704775957       -16.522864553017385        17.298565302409013     
  -19.005330319418377      -0.47296979220413193        33.693598629596210     
  -17.303678481021542       -16.016829996728379        34.469858880804892     
  -33.696734494784124      -0.98734565805012442        50.537977187189888     
  -31.994256704775957       -16.522864553017385        34.298565302409010     
  -19.005330319418377      -0.47296979220413193        50.693598629596202     
  -17.303678481021542       0.98317000327161930       -33.530141119195108     
  -33.696734494784124        16.012654341949876       -17.462022812810115     
  -31.994256704775957       0.47713544698261579       -33.701434697590983     
  -19.005330319418377        16.527030207795868       -17.306401370403794     
  -17.303678481021542       0.98317000327161930       -16.530141119195108     
  -33.696734494784124        16.012654341949876      -0.46202281281011259     
  -31.994256704775957       0.47713544698261579       -16.701434697590987     
  -19.005330319418377        16.527030207795868      -0.30640137040379289     
  -17.303678481021542       0.98317000327161930       0.46985888080489346     
  -33.696734494784124        16.012654341949876        16.537977187189888     
  -31.994256704775957       0.47713544698261579       0.29856530240901302     
  -19.005330319418377        16.527030207795868        16.693598629596206     
  -17.303678481021542       0.98317000327161930        17.469858880804892     
  -33.696734494784124        16.012654341949876        33.537977187189888     
  -31.994256704775957       0.47713544698261579        17.298565302409013     
  -19.005330319418377        16.527030207795868        33.693598629596210     
  -17.303678481021542       0.98317000327161930        34.469858880804892     
  -33.696734494784124        16.012654341949876        50.537977187189888     
  -31.994256704775957       0.47713544698261579        34.298565302409010     
  -19.005330319418377        16.527030207795868        50.693598629596202     
  -17.303678481021542        17.983170003271621       -33.530141119195108     
  -33.696734494784124        33.012654341949876       -17.462022812810115     
  -31.994256704775957        17.477135446982615       -33.701434697590983     
  -19.005330319418377        33.527030207795868       -17.306401370403794     
  -17.303678481021542        17.983170003271621       -16.530141119195108     
  -33.696734494784124        33.012654341949876      -0.46202281281011259     
  -31.994256704775957        17.477135446982615       -16.701434697590987     
  -19.005330319418377        33.527030207795868      -0.30640137040379289     
  -17.303678481021542        17.983170003271621       0.46985888080489346     
  -33.696734494784124        33.012654341949876        16.537977187189888     
  -31.994256704775957        17.477135446982615       0.29856530240901302     
  -19.005330319418377        33.527030207795868        16.693598629596206     
  -17.303678481021542        17.983170003271621        17.469858880804892     
  -33.696734494784124        33.012654341949876        33.537977187189888     
  -31.994256704775957        17.477135446982615        17.298565302409013     
  -19.005330319418377        33.527030207795868        33.693598629596210     
  -17.303678481021542        17.983170003271621        34.469858880804892     
  -33.696734494784124        33.012654341949876        50.537977187189888     
  -31.994256704775957        17.477135446982615        34.298565302409010     
  -19.005330319418377        33.527030207795868        50.693598629596202     
  -17.303678481021542        34.983170003271617       -33.530141119195108     
  -33.696734494784124        50.012654341949876       -17.462022812810115     
  -31.994256704775957        34.477135446982615       -33.701434697590983     
  -19.005330319418377        50.527030207795868       -17.306401370403794     
  -17.303678481021542        34.983170003271617       -16.530141119195108     
  -33.696734494784124        50.012654341949876      -0.46202281281011259     
  -31.994256704775957        34.477135446982615       -16.701434697590987     
  -19.005330319418377        50.527030207795868      -0.30640137040379289     
  -17.303678481021542        34.983170003271617       0.46985888080489346     
  -33.696734494784124        50.012654341949876        16.537977187189888     
  -31.994256704775957        34.477135446982615       0.29856530240901302     
  -19.005330319418377        50.527030207795868        16.693598629596206     
  -17.303678481021542        34.983170003271617        17.469858880804892     
  -33.696734494784124        50.012654341949876        33.537977187189888     
  -31.994256704775957        34.477135446982615        17.298565302409013     
  -19.005330319418377        50.527030207795868        33.693598629596210     
  -17.303678481021542        34.983170003271617        34.469858880804892     
  -33.696734494784124        50.012654341949876        50.537977187189888     
  -31.994256704775957        34.477135446982615        34.298565302409010     
  -19.005330319418377        50.527030207795868        50.693598629596202     
 -0.30367848102154504       -33.016829996728383       -33.530141119195108     
  -16.696734494784124       -17.987345658050128       -17.462022812810115     
  -14.994256704775957       -33.522864553017385       -33.701434697590983     
  -2.0053303194183769       -17.472969792204132       -17.306401370403794     
 -0.30367848102154504       -33.016829996728383       -16.530141119195108     
  -16.696734494784124       -17.987345658050128      -0.46202281281011259     
  -14.994256704775957       -33.522864553017385       -16.701434697590987     
  -2.0053303194183769       -17.472969792204132      -0.30640137040379289     
 -0.30367848102154504       -33.016829996728383       0.46985888080489346     
  -16.696734494784124       -17.987345658050128        16.537977187189888     
  -14.994256704775957       -33.522864553017385       0.29856530240901302     
  -2.0053303194183769       -17.472969792204132        16.693598629596206     
 -0.30367848102154504       -33.016829996728383        17.469858880804892     
  -16.696734494784124       -17.987345658050128        33.537977187189888     
  -14.994256704775957       -33.522864553017385        17.298565302409013     
  -2.0053303194183769       -17.472969792204132        33.693598629596210     
 -0.30367848102154504       -33.016829996728383        34.469858880804892     
  -16.696734494784124       -17.987345658050128        50.537977187189888     
  -14.994256704775957       -33.522864553017385        34.298565302409010     
  -2.0053303194183769       -17.472969792204132        50.693598629596202     
 -0.30367848102154504       -16.016829996728379       -33.530141119195108     
  -16.696734494784124      -0.98734565805012442       -17.462022812810115     
  -14.994256704775957       -16.522864553017385       -33.701434697590983     
  -2.0053303194183769      -0.47296979220413193       -17.306401370403794     
 -0.30367848102154504       -16.016829996728379       -16.530141119195108     
  -16.696734494784124      -0.98734565805012442      -0.46202281281011259     
  -14.994256704775957       -16.522864553017385       -16.701434697590987     
  -2.0053303194183769      -0.47296979220413193      -0.30640137040379289     
 -0.30367848102154504       -16.016829996728379       0.46985888080489346     
  -16.696734494784124      -0.98734565805012442        16.537977187189888     
  -14.994256704775957       -16.522864553017385       0.29856530240901302     
  -2.0053303194183769      -0.47296979220413193        16.693598629596206     
 -0.30367848102154504       -16.016829996728379        17.469858880804892     
  -16.696734494784124      -0.98734565805012442        33.537977187189888     
  -14.994256704775957       -16.522864553017385        17.298565302409013     
  -2.0053303194183769      -0.47296979220413193        33.693598629596210     
 -0.30367848102154504       -16.016829996728379        34.469858880804892     
  -16.696734494784124      -0.98734565805012442        50.537977187189888     
  -14.994256704775957       -16.522864553017385        34.298565302409010     
  -2.0053303194183769      -0.47296979220413193        50.693598629596202     
 -0.30367848102154504       0.98317000327161930       -33.530141119195108     
  -16.696734494784124        16.012654341949876       -17.462022812810115     
  -14.994256704775957       0.47713544698261579       -33.701434697590983     
  -2.0053303194183769        16.527030207795868       -17.306401370403794     
 -0.30367848102154504       0.98317000327161930       -16.530141119195108     
  -16.696734494784124        16.012654341949876      -0.46202281281011259     
  -14.994256704775957       0.47713544698261579       -16.701434697590987     
  -2.0053303194183769        16.527030207795868      -0.30640137040379289     
 -0.30367848102154504       0.98317000327161930       0.46985888080489346     
  -16.696734494784124        16.012654341949876        16.537977187189888     
  -14.994256704775957       0.47713544698261579       0.29856530240901302     
  -2.0053303194183769        16.527030207795868        16.693598629596206     
 -0.30367848102154504       0.98317000327161930        17.469858880804892     
  -16.696734494784124        16.012654341949876        33.537977187189888     
  -14.994256704775957       0.47713544698261579        17.298565302409013     
  -2.0053303194183769        16.527030207795868        33.693598629596210     
 -0.30367848102154504       0.98317000327161930        34.469858880804892     
  -16.696734494784124        16.012654341949876        50.537977187189888     
  -14.994256704775957       0.47713544698261579        34.298565302409010     
  -2.0053303194183769        16.527030207795868        50.693598629596202     
 -0.30367848102154504        17.983170003271621       -33.530141119195108     
  -16.696734494784124        33.012654341949876       -17.462022812810115     
  -14.994256704775957        17.477135446982615       -33.701434697590983     
  -2.0053303194183769        33.527030207795868       -17.306401370403794     
 -0.30367848102154504        17.983170003271621       -16.530141119195108     
  -16.696734494784124        33.012654341949876      -0.46202281281011259     
  -14.994256704775957        17.477135446982615       -16.701434697590987     
  -2.0053303194183769        33.527030207795868      -0.30640137040379289     
 -0.30367848102154504        17.983170003271621       0.46985888080489346     
  -16.696734494784124        33.012654341949876        16.537977187189888     
  -14.994256704775957        17.477135446982615       0.29856530240901302     
  -2.0053303194183769        33.527030207795868        16.693598629596206     
 -0.30367848102154504        17.983170003271621        17.469858880804892     
  -16.696734494784124        33.012654341949876        33.537977187189888     
  -14.994256704775957        17.477135446982615        17.298565302409013     
  -2.0053303194183769        33.527030207795868        33.693598629596210     
 -0.30367848102154504        17.983170003271621        34.469858880804892     
  -16.696734494784124        33.012654341949876        50.537977187189888     
  -14.994256704775957        17.477135446982615        34.298565302409010     
  -2.0053303194183769        33.527030207795868        50.693598629596202     
 -0.30367848102154504        34.983170003271617       -33.530141119195108     
  -16.696734494784124        50.012654341949876       -17.462022812810115     
  -14.994256704775957        34.477135446982615       -33.701434697590983     
  -2.0053303194183769        50.527030207795868       -17.306401370403794     
 -0.30367848102154504        34.983170003271617       -16.530141119195108     
  -16.696734494784124        50.012654341949876      -0.46202281281011259     
  -14.994256704775957        34.477135446982615       -16.701434697590987     
  -2.0053303194183769        50.527030207795868      -0.30640137040379289     
 -0.30367848102154504        34.983170003271617       0.46985888080489346     
  -16.696734494784124        50.012654341949876        16.537977187189888     
  -14.994256704775957        34.477135446982615       0.29856530240901302     
  -2.0053303194183769        50.527030207795868        16.693598629596206     
 -0.30367848102154504        34.983170003271617        17.469858880804892     
  -16.696734494784124        50.012654341949876        33.537977187189888     
  -14.994256704775957        34.477135446982615        17.298565302409013     
  -2.0053303194183769        50.527030207795868        33.693598629596210     
 -0.30367848102154504        34.983170003271617        34.469858880804892     
  -16.696734494784124        50.012654341949876        50.537977187189888     
  -14.994256704775957        34.477135446982615        34.298565302409010     
  -2.0053303194183769        50.527030207795868        50.693598629596202     
   16.696321518978454       -33.016829996728383       -33.530141119195108     
  0.30326550521587831       -17.987345658050128       -17.462022812810115     
   2.0057432952240419       -33.522864553017385       -33.701434697590983     
   14.994669680581623       -17.472969792204132       -17.306401370403794     
   16.696321518978454       -33.016829996728383       -16.530141119195108     
  0.30326550521587831       -17.987345658050128      -0.46202281281011259     
   2.0057432952240419       -33.522864553017385       -16.701434697590987     
   14.994669680581623       -17.472969792204132      -0.30640137040379289     
   16.696321518978454       -33.016829996728383       0.46985888080489346     
  0.30326550521587831       -17.987345658050128        16.537977187189888     
   2.0057432952240419       -33.522864553017385       0.29856530240901302     
   14.994669680581623       -17.472969792204132        16.693598629596206     
   16.696321518978454       -33.016829996728383        17.469858880804892     
  0.30326550521587831       -17.987345658050128        33.537977187189888     
   2.0057432952240419       -33.522864553017385        17.298565302409013     
   14.994669680581623       -17.472969792204132        33.693598629596210     
   16.696321518978454       -33.016829996728383        34.469858880804892     
  0.30326550521587831       -17.987345658050128        50.537977187189888     
   2.0057432952240419       -33.522864553017385        34.298565302409010     
   14.994669680581623       -17.472969792204132        50.693598629596202     
   16.696321518978454       -16.016829996728379       -33.530141119195108     
  0.30326550521587831      -0.98734565805012442       -17.462022812810115     
   2.0057432952240419       -16.522864553017385       -33.701434697590983     
   14.994669680581623      -0.47296979220413193       -17.306401370403794     
   16.696321518978454       -16.016829996728379       -16.530141119195108     
  0.30326550521587831      -0.98734565805012442      -0.46202281281011259     
   2.0057432952240419       -16.522864553017385       -16.701434697590987     
   14.994669680581623      -0.47296979220413193      -0.30640137040379289     
   16.696321518978454       -16.016829996728379       0.46985888080489346     
  0.30326550521587831      -0.98734565805012442        16.537977187189888     
   2.0057432952240419       -16.522864553017385       0.29856530240901302     
   14.994669680581623      -0.47296979220413193        16.693598629596206     
   16.696321518978454       -16.016829996728379        17.469858880804892     
  0.30326550521587831      -0.98734565805012442        33.537977187189888     
   2.0057432952240419       -16.522864553017385        17.298565302409013     
   14.994669680581623      -0.47296979220413193        33.693598629596210     
   16.696321518978454       -16.016829996728379        34.469858880804892     
  0.30326550521587831      -0.98734565805012442        50.537977187189888     
   2.0057432952240419       -16.522864553017385        34.298565302409010     
   14.994669680581623      -0.47296979220413193        50.693598629596202     
   16.696321518978454       0.98317000327161930       -33.530141119195108     
  0.30326550521587831        16.012654341949876       -17.462022812810115     
   2.0057432952240419       0.47713544698261579       -33.701434697590983     
   14.994669680581623        16.527030207795868       -17.306401370403794     
   16.696321518978454       0.98317000327161930       -16.530141119195108     
  0.30326550521587831        16.012654341949876      -0.46202281281011259     
   2.0057432952240419       0.47713544698261579       -16.701434697590987     
   14.994669680581623        16.527030207795868      -0.30640137040379289     
   16.696321518978454       0.98317000327161930       0.46985888080489346     
  0.30326550521587831        16.012654341949876        16.537977187189888     
   2.0057432952240419       0.47713544698261579       0.29856530240901302     
   14.994669680581623        16.527030207795868        16.693598629596206     
   16.696321518978454       0.98317000327161930        17.469858880804892     
  0.30326550521587831        16.012654341949876        33.537977187189888     
   2.0057432952240419       0.47713544698261579        17.298565302409013     
   14.994669680581623        16.527030207795868        33.693598629596210     
   16.696321518978454       0.98317000327161930        34.469858880804892     
  0.30326550521587831        16.012654341949876        50.537977187189888     
   2.0057432952240419       0.47713544698261579        34.298565302409010     
   14.994669680581623        16.527030207795868        50.693598629596202     
   16.696321518978454        17.983170003271621       -33.530141119195108     
  0.30326550521587831        33.012654341949876       -17.462022812810115     
   2.0057432952240419        17.477135446982615       -33.701434697590983     
   14.994669680581623        33.527030207795868       -17.306401370403794     
   16.696321518978454        17.983170003271621       -16.530141119195108     
  0.30326550521587831        33.012654341949876      -0.46202281281011259     
   2.0057432952240419        17.477135446982615       -16.701434697590987     
   14.994669680581623        33.527030207795868      -0.30640137040379289     
   16.696321518978454        17.983170003271621       0.46985888080489346     
  0.30326550521587831        33.012654341949876        16.537977187189888     
   2.0057432952240419        17.477135446982615       0.29856530240901302     
   14.994669680581623        33.527030207795868        16.693598629596206     
   16.696321518978454        17.983170003271621        17.469858880804892     
  0.30326550521587831        33.012654341949876        33.537977187189888     
   2.0057432952240419        17.477135446982615        17.298565302409013     
   14.994669680581623        33.527030207795868        33.693598629596210     
   16.696321518978454        17.983170003271621        34.469858880804892     
  0.30326550521587831        33.012654341949876        50.537977187189888     
   2.0057432952240419        17.477135446982615        34.298565302409010     
   14.994669680581623        33.527030207795868        50.693598629596202     
   16.696321518978454        34.983170003271617       -33.530141119195108     
  0.30326550521587831        50.012654341949876       -17.462022812810115     
   2.0057432952240419        34.477135446982615       -33.701434697590983     
   14.994669680581623        50.527030207795868       -17.306401370403794     
   16.696321518978454        34.983170003271617       -16.530141119195108     
  0.30326550521587831        50.012654341949876      -0.46202281281011259     
   2.0057432952240419        34.477135446982615       -16.701434697590987     
   14.994669680581623        50.527030207795868      -0.30640137040379289     
   16.696321518978454        34.983170003271617       0.46985888080489346     
  0.30326550521587831        50.012654341949876        16.537977187189888     
   2.0057432952240419        34.477135446982615       0.29856530240901302     
   14.994669680581623        50.527030207795868        16.693598629596206     
   16.696321518978454        34.983170003271617        17.469858880804892     
  0.30326550521587831        50.012654341949876        33.537977187189888     
   2.0057432952240419        34.477135446982615        17.298565302409013     
   14.994669680581623        50.527030207795868        33.693598629596210     
   16.696321518978454        34.983170003271617        34.469858880804892     
  0.30326550521587831        50.012654341949876        50.537977187189888     
   2.0057432952240419        34.477135446982615        34.298565302409010     
   14.994669680581623        50.527030207795868        50.693598629596202     
   33.696321518978458       -33.016829996728383       -33.530141119195108     
   17.303265505215876       -17.987345658050128       -17.462022812810115     
   19.005743295224043       -33.522864553017385       -33.701434697590983     
   31.994669680581623       -17.472969792204132       -17.306401370403794     
   33.696321518978458       -33.016829996728383       -16.530141119195108     
   17.303265505215876       -17.987345658050128      -0.46202281281011259     
   19.005743295224043       -33.522864553017385       -16.701434697590987     
   31.994669680581623       -17.472969792204132      -0.30640137040379289     
   33.696321518978458       -33.016829996728383       0.46985888080489346     
   17.303265505215876       -17.987345658050128        16.537977187189888     
   19.005743295224043       -33.522864553017385       0.29856530240901302     
   31.994669680581623       -17.472969792204132        16.693598629596206     
   33.696321518978458       -33.016829996728383        17.469858880804892     
   17.303265505215876       -17.987345658050128        33.537977187189888     
   19.005743295224043       -33.522864553017385        17.298565302409013     
   31.994669680581623       -17.472969792204132        33.693598629596210     
   33.696321518978458       -33.016829996728383        34.469858880804892     
   17.303265505215876       -17.987345658050128        50.537977187189888     
   19.005743295224043       -33.522864553017385        34.298565302409010     
   31.994669680581623       -17.472969792204132        50.693598629596202     
   33.696321518978458       -16.016829996728379       -33.530141119195108     
   17.303265505215876      -0.98734565805012442       -17.462022812810115     
   19.005743295224043       -16.522864553017385       -33.701434697590983     
   31.994669680581623      -0.47296979220413193       -17.306401370403794     
   33.696321518978458       -16.016829996728379       -16.530141119195108     
   17.303265505215876      -0.98734565805012442      -0.46202281281011259     
   19.005743295224043       -16.522864553017385       -16.701434697590987     
   31.994669680581623      -0.47296979220413193      -0.30640137040379289     
   33.696321518978458       -16.016829996728379       0.46985888080489346     
   17.303265505215876      -0.98734565805012442        16.537977187189888     
   19.005743295224043       -16.522864553017385       0.29856530240901302     
   31.994669680581623      -0.47296979220413193        16.693598629596206     
   33.696321518978458       -16.016829996728379        17.469858880804892     
   17.303265505215876      -0.98734565805012442        33.537977187189888     
   19.005743295224043       -16.522864553017385        17.298565302409013     
   31.994669680581623      -0.47296979220413193        33.693598629596210     
   33.696321518978458       -16.016829996728379        34.469858880804892     
   17.303265505215876      -0.98734565805012442        50.537977187189888     
   19.005743295224043       -16.522864553017385        34.298565302409010     
   31.994669680581623      -0.47296979220413193        50.693598629596202     
   33.696321518978458       0.98317000327161930       -33.530141119195108     
   17.303265505215876        16.012654341949876       -17.462022812810115     
   19.005743295224043       0.47713544698261579       -33.701434697590983     
   31.994669680581623        16.527030207795868       -17.306401370403794     
   33.696321518978458       0.98317000327161930       -16.530141119195108     
   17.303265505215876        16.012654341949876      -0.46202281281011259     
   19.005743295224043       0.47713544698261579       -16.701434697590987     
   31.994669680581623        16.527030207795868      -0.30640137040379289     
   33.696321518978458       0.98317000327161930       0.46985888080489346     
   17.303265505215876        16.012654341949876        16.537977187189888     
   19.005743295224043       0.47713544698261579       0.29856530240901302     
   31.994669680581623        16.527030207795868        16.693598629596206     
   33.696321518978458       0.98317000327161930        17.469858880804892     
   17.303265505215876        16.012654341949876        33.537977187189888     
   19.005743295224043       0.47713544698261579        17.298565302409013     
   31.994669680581623        16.527030207795868        33.693598629596210     
   33.696321518978458       0.98317000327161930        34.469858880804892     
   17.303265505215876        16.012654341949876        50.537977187189888     
   19.005743295224043       0.47713544698261579        34.298565302409010     
   31.994669680581623        16.527030207795868        50.693598629596202     
   33.696321518978458        17.983170003271621       -33.530141119195108     
   17.303265505215876        33.012654341949876       -17.462022812810115     
   19.005743295224043        17.477135446982615       -33.701434697590983     
   31.994669680581623        33.527030207795868       -17.306401370403794     
   33.696321518978458        17.983170003271621       -16.530141119195108     
   17.303265505215876        33.012654341949876      -0.46202281281011259     
   19.005743295224043        17.477135446982615       -16.701434697590987     
   31.994669680581623        33.527030207795868      -0.30640137040379289     
   33.696321518978458        17.983170003271621       0.46985888080489346     
   17.303265505215876        33.012654341949876        16.537977187189888     
   19.005743295224043        17.477135446982615       0.29856530240901302     
   31.994669680581623        33.527030207795868        16.693598629596206     
   33.696321518978458        17.983170003271621        17.469858880804892     
   17.303265505215876        33.012654341949876        33.537977187189888     
   19.005743295224043        17.477135446982615        17.298565302409013     
   31.994669680581623        33.527030207795868        33.693598629596210     
   33.696321518978458        17.983170003271621        34.469858880804892     
   17.303265505215876        33.012654341949876        50.537977187189888     
   19.005743295224043        17.477135446982615        34.298565302409010     
   31.994669680581623        33.527030207795868        50.693598629596202     
   33.696321518978458        34.983170003271617       -33.530141119195108     
   17.303265505215876        50.012654341949876       -17.462022812810115     
   19.005743295224043        34.477135446982615       -33.701434697590983     
   31.994669680581623        50.527030207795868       -17.306401370403794     
   33.696321518978458        34.983170003271617       -16.530141119195108     
   17.303265505215876        50.012654341949876      -0.46202281281011259     
   19.005743295224043        34.477135446982615       -16.701434697590987     
   31.994669680581623        50.527030207795868      -0.30640137040379289     
   33.696321518978458        34.983170003271617       0.46985888080489346     
   17.303265505215876        50.012654341949876        16.537977187189888     
   19.005743295224043        34.477135446982615       0.29856530240901302     
   31.994669680581623        50.527030207795868        16.693598629596206     
   33.696321518978458        34.983170003271617        17.469858880804892     
   17.303265505215876        50.012654341949876        33.537977187189888     
   19.005743295224043        34.477135446982615        17.298565302409013     
   31.994669680581623        50.527030207795868        33.693598629596210     
   33.696321518978458        34.983170003271617        34.469858880804892     
   17.303265505215876        50.012654341949876        50.537977187189888     
   19.005743295224043        34.477135446982615        34.298565302409010     
   31.994669680581623        50.527030207795868        50.693598629596202     
   50.696321518978458       -33.016829996728383       -33.530141119195108     
   34.303265505215883       -17.987345658050128       -17.462022812810115     
   36.005743295224043       -33.522864553017385       -33.701434697590983     
   48.994669680581623       -17.472969792204132       -17.306401370403794     
   50.696321518978458       -33.016829996728383       -16.530141119195108     
   34.303265505215883       -17.987345658050128      -0.46202281281011259     
   36.005743295224043       -33.522864553017385       -16.701434697590987     
   48.994669680581623       -17.472969792204132      -0.30640137040379289     
   50.696321518978458       -33.016829996728383       0.46985888080489346     
   34.303265505215883       -17.987345658050128        16.537977187189888     
   36.005743295224043       -33.522864553017385       0.29856530240901302     
   48.994669680581623       -17.472969792204132        16.693598629596206     
   50.696321518978458       -33.016829996728383        17.469858880804892     
   34.303265505215883       -17.987345658050128        33.537977187189888     
   36.005743295224043       -33.522864553017385        17.298565302409013     
   48.994669680581623       -17.472969792204132        33.693598629596210     
   50.696321518978458       -33.016829996728383        34.469858880804892     
   34.303265505215883       -17.987345658050128        50.537977187189888     
   36.005743295224043       -33.522864553017385        34.298565302409010     
   48.994669680581623       -17.472969792204132        50.693598629596202     
   50.696321518978458       -16.016829996728379       -33.530141119195108     
   34.303265505215883      -0.98734565805012442       -17.462022812810115     
   36.005743295224043       -16.522864553017385       -33.701434697590983     
   48.994669680581623      -0.47296979220413193       -17.306401370403794     
   50.696321518978458       -16.016829996728379       -16.530141119195108     
   34.303265505215883      -0.98734565805012442      -0.46202281281011259     
   36.005743295224043       -16.522864553017385       -16.701434697590987     
   48.994669680581623      -0.47296979220413193      -0.30640137040379289     
   50.696321518978458       -16.016829996728379       0.46985888080489346     
   34.303265505215883      -0.98734565805012442        16.537977187189888     
   36.005743295224043       -16.522864553017385       0.29856530240901302     
   48.994669680581623      -0.47296979220413193        16.693598629596206     
   50.696321518978458       -16.016829996728379        17.469858880804892     
   34.303265505215883      -0.98734565805012442        33.537977187189888     
   36.005743295224043       -16.522864553017385        17.298565302409013     
   48.994669680581623      -0.47296979220413193        33.693598629596210     
   50.696321518978458       -16.016829996728379        34.469858880804892     
   34.303265505215883      -0.98734565805012442        50.537977187189888     
   36.005743295224043       -16.522864553017385        34.298565302409010     
   48.994669680581623      -0.47296979220413193        50.693598629596202     
   50.696321518978458       0.98317000327161930       -33.530141119195108     
   34.303265505215883        16.012654341949876       -17.462022812810115     
   36.005743295224043       0.47713544698261579       -33.701434697590983     
   48.994669680581623        16.527030207795868       -17.306401370403794     
   50.696321518978458       0.98317000327161930       -16.530141119195108     
   34.303265505215883        16.012654341949876      -0.46202281281011259     
   36.005743295224043       0.47713544698261579       -16.701434697590987     
   48.994669680581623        16.527030207795868      -0.30640137040379289     
   50.696321518978458       0.98317000327161930       0.46985888080489346     
   34.303265505215883        16.012654341949876        16.537977187189888     
   36.005743295224043       0.47713544698261579       0.29856530240901302     
   48.994669680581623        16.527030207795868        16.693598629596206     
   50.696321518978458       0.98317000327161930        17.469858880804892     
   34.303265505215883        16.012654341949876        33.537977187189888     
   36.005743295224043       0.47713544698261579        17.298565302409013     
   48.994669680581623        16.527030207795868        33.693598629596210     
   50.696321518978458       0.98317000327161930        34.469858880804892     
   34.303265505215883        16.012654341949876        50.537977187189888     
   36.005743295224043       0.47713544698261579        34.298565302409010     
   48.994669680581623        16.527030207795868        50.693598629596202     
   50.696321518978458        17.983170003271621       -33.530141119195108     
   34.303265505215883        33.012654341949876       -17.462022812810115     
   36.005743295224043        17.477135446982615       -33.701434697590983     
   48.994669680581623        33.527030207795868       -17.306401370403794     
   50.696321518978458        17.983170003271621       -16.530141119195108     
   34.303265505215883        33.012654341949876      -0.46202281281011259     
   36.005743295224043        17.477135446982615       -16.701434697590987     
   48.994669680581623        33.527030207795868      -0.30640137040379289     
   50.696321518978458        17.983170003271621       0.46985888080489346     
   34.303265505215883        33.012654341949876        16.537977187189888     
   36.005743295224043        17.477135446982615       0.29856530240901302     
   48.994669680581623        33.527030207795868        16.693598629596206     
   50.696321518978458        17.983170003271621        17.469858880804892     
   34.303265505215883        33.012654341949876        33.537977187189888     
   36.005743295224043        17.477135446982615        17.298565302409013     
   48.994669680581623        33.527030207795868        33.693598629596210     
   50.696321518978458        17.983170003271621        34.469858880804892     
   34.303265505215883        33.012654341949876        50.537977187189888     
   36.005743295224043        17.477135446982615        34.298565302409010     
   48.994669680581623        33.527030207795868        50.693598629596202     
   50.696321518978458        34.983170003271617       -33.530141119195108     
   34.303265505215883        50.012654341949876       -17.462022812810115     
   36.005743295224043        34.477135446982615       -33.701434697590983     
   48.994669680581623        50.527030207795868       -17.306401370403794     
   50.696321518978458        34.983170003271617       -16.530141119195108     
   34.303265505215883        50.012654341949876      -0.46202281281011259     
   36.005743295224043        34.477135446982615       -16.701434697590987     
   48.994669680581623        50.527030207795868      -0.30640137040379289     
   50.696321518978458        34.983170003271617       0.46985888080489346     
   34.303265505215883        50.012654341949876        16.537977187189888     
   36.005743295224043        34.477135446982615       0.29856530240901302     
   48.994669680581623        50.527030207795868        16.693598629596206     
   50.696321518978458        34.983170003271617        17.469858880804892     
   34.303265505215883        50.012654341949876        33.537977187189888     
   36.005743295224043        34.477135446982615        17.298565302409013     
   48.994669680581623        50.527030207795868        33.693598629596210     
   50.696321518978458        34.983170003271617        34.469858880804892     
   34.303265505215883        50.012654341949876        50.537977187189888     
   36.005743295224043        34.477135446982615        34.298565302409010     
   48.994669680581623        50.527030207795868        50.693598629596202     
           1           1   58.889727457341827     
           1           2   56.752911290404043     
           1           3   68.768569371365274     
           1           4   43.945790113035279     
           1           1   51.000000000000000     
           1           2   53.853588203141683     
           1           3   62.099051133804117     
           1           4   40.197507635646446     
           1           1   48.083261120685229     
           1           2   56.191858705426810     
           1           3   59.678037585474932     
           1           4   43.341051805150720     
           1           1   51.000000000000000     
           1           2   63.188931049573398     
           1           3   62.005194850011549     
           1           4   52.144548353933068     
           1           1   58.889727457341827     
           1           2   73.526573628891683     
           1           3   68.598981090993163     
           1           4   64.324653706759804     
           1           1   51.000000000000000     
           1           2   53.524717724164894     
           1           3   62.007346004086095     
           1           4   39.908942802494451     
           1           1   41.641325627314025     
           1           2   50.440176743035117     
           1           3   54.516850393295762     
           1           4   35.739765906783418     
           1           1   38.013155617496423     
           1           2   52.929457320906955     
           1           3   51.742274738742708     
           1           4   39.242044015705694     
           1           1   41.641325627314025     
           1           2   60.306247393639083     
           1           3   54.409916499421975     
           1           4   48.790830798311767     
           1           1   51.000000000000000     
           1           2   71.064474226718161     
           1           3   61.819212481304000     
           1           4   61.637264065242157     
           1           1   48.083261120685229     
           1           2   55.559858485840223     
           1           3   59.487021975861474     
           1           4   42.804380179680187     
           1           1   38.013155617496423     
           1           2   52.594808654311898     
           1           3   51.632177969665058     
           1           4   38.946400527205370     
           1           1   34.000000000000000     
           1           2   54.986634010464499     
           1           3   48.693509015326732     
           1           4   42.183281824490699     
           1           1   38.013155617496423     
           1           2   62.119609965113767     
           1           3   51.519256968246793     
           1           4   51.186291298972932     
           1           1   48.083261120685229     
           1           2   72.609654761849342     
           1           3   59.290891854439046     
           1           4   63.550323118000087     
           1           1   51.000000000000000     
           1           2   62.345010566056146     
           1           3   61.729252454916377     
           1           4   51.475297080448428     
           1           1   41.641325627314025     
           1           2   59.717806095826582     
           1           3   54.200337886191633     
           1           4   48.314732338897699     
           1           1   38.013155617496423     
           1           2   61.834718300610312     
           1           3   51.408682586814841     
           1           4   50.959989329259393     
           1           1   41.641325627314025     
           1           2   68.255757337626264     
           1           3   54.092778294763342     
           1           4   58.630432915825686     
           1           1   51.000000000000000     
           1           2   77.924094041252815     
           1           3   61.540268783788719     
           1           4   69.685972873714277     
           1           1   58.889727457341827     
           1           2   72.559650012914986     
           1           3   68.266356528885979     
           1           4   63.601866768784760     
           1           1   51.000000000000000     
           1           2   70.315139425402577     
           1           3   61.542436188889319     
           1           4   61.072126276503198     
           1           1   48.083261120685229     
           1           2   72.121667027536830     
           1           3   59.098624945070036     
           1           4   63.185534415656058     
           1           1   51.000000000000000     
           1           2   77.697174190880219     
           1           3   61.447729728059066     
           1           4   69.519917367981392     
           1           1   58.889727457341827     
           1           2   86.314349326546349     
           1           3   68.095517525510687     
           1           4   79.067224956424681     
           1           1   51.000000000000000     
           1           2   42.385481423106938     
           1           3   57.988244272237004     
           1           4   31.723434652531825     
           1           1   41.641325627314025     
           1           2   38.416728880601390     
           1           3   49.898020923791840     
           1           4   26.286564203264788     
           1           1   38.013155617496423     
           1           2   41.631251245941712     
           1           3   46.850704481850727     
           1           4   30.880262451463498     
           1           1   41.641325627314025     
           1           2   50.680145054249927     
           1           3   49.781166406385537     
           1           4   42.357971629082655     
           1           1   51.000000000000000     
           1           2   63.101451054131097     
           1           3   57.787027498520708     
           1           4   56.681609998209083     
           1           1   41.641325627314025     
           1           2   37.954334442637830     
           1           3   49.783845762082315     
           1           4   25.843133577553662     
           1           1   29.444863728670914     
           1           2   33.464122958785190     
           1           3   40.070030162171598     
           1           4   18.774309696129610     
           1           1   24.041630560342615     
           1           2   37.110154241363425     
           1           3   36.204741892905155     
           1           4   24.800843857116856     
           1           1   29.444863728670914     
           1           2   47.037002139112502     
           1           3   39.924420520108015     
           1           4   38.153492729814339     
           1           1   41.641325627314025     
           1           2   60.214579568838339     
           1           3   49.549322621010283     
           1           4   53.612462720368477     
           1           1   38.013155617496423     
           1           2   40.774182646604515     
           1           3   46.607146704652230     
           1           4   30.122396983990267     
           1           1   24.041630560342615     
           1           2   36.631270697530475     
           1           3   36.047221006389876     
           1           4   24.330350419178320     
           1           1   17.000000000000000     
           1           2   39.989573832848542     
           1           3   31.695081016114401     
           1           4   29.233082337976530     
           1           1   24.041630560342615     
           1           2   49.340470587033671     
           1           3   35.885291958580964     
           1           4   41.172566770093653     
           1           1   38.013155617496423     
           1           2   62.030621955345765     
           1           3   46.356555062764699     
           1           4   55.801320825736056     
           1           1   41.641325627314025     
           1           2   49.623950245962135     
           1           3   49.437040253590716     
           1           4   41.531314053553984     
           1           1   29.444863728670914     
           1           2   46.280151905874462     
           1           3   39.638327000135732     
           1           4   37.542738292162909     
           1           1   24.041630560342615     
           1           2   48.981307484058711     
           1           3   35.726362615080610     
           1           4   40.890883457474231     
           1           1   29.444863728670914     
           1           2   56.872528564017578     
           1           3   39.491125636511924     
           1           4   50.126554852609253     
           1           1   41.641325627314025     
           1           2   68.174779263904369     
           1           3   49.200864040922184     
           1           4   62.699909512299527     
           1           1   51.000000000000000     
           1           2   61.972081662058009     
           1           3   57.391774446529560     
           1           4   55.860015162625537     
           1           1   41.641325627314025     
           1           2   59.328365289681436     
           1           3   49.203574996699821     
           1           4   52.961763994675060     
           1           1   38.013155617496423     
           1           2   61.458693041448306     
           1           3   46.110387233143072     
           1           4   55.385517934624069     
           1           1   41.641325627314025     
           1           2   67.915292628244316     
           1           3   49.085067272287034     
           1           4   62.515300114015844     
           1           1   51.000000000000000     
           1           2   77.626045855738042     
           1           3   57.188459040784473     
           1           4   72.984723742742034     
           1           1   48.083261120685229     
           1           2   30.824748677006536     
           1           3   50.736148988359155     
           1           4   25.681124267601000     
           1           1   38.013155617496423     
           1           2   25.089462995801764     
           1           3   41.247216057614331     
           1           4   18.550668319682437     
           1           1   34.000000000000000     
           1           2   29.779139944511424     
           1           3   37.503451185698339     
           1           4   24.631980159251800     
           1           1   38.013155617496423     
           1           2   41.498351753435770     
           1           3   41.105776591284560     
           1           4   38.043942987349233     
           1           1   48.083261120685229     
           1           2   55.994903524061684     
           1           3   50.506048028994883     
           1           4   53.534556591827517     
           1           1   38.013155617496423     
           1           2   24.375553296605940     
           1           3   41.109021385276876     
           1           4   17.916790745046651     
           1           1   24.041630560342615     
           1           2   16.537340201276816     
           1           3   28.585444855550033     
           1           4   2.3703464009916466     
           1           1   17.000000000000000     
           1           2   23.039089464426677     
           1           3   22.853964118380684     
           1           4   16.377597306064118     
           1           1   24.041630560342615     
           1           2   36.961001958374261     
           1           3   28.380974159791837     
           1           4   33.299141805435518     
           1           1   38.013155617496423     
           1           2   52.720315706414695     
           1           3   40.824694886714241     
           1           4   50.273651115046412     
           1           1   34.000000000000000     
           1           2   28.568690310035869     
           1           3   37.198742779041943     
           1           4   23.674936907109462     
           1           1   17.000000000000000     
           1           2   22.259516806252268     
           1           3   22.603594463621612     
           1           4   15.655982531113100     
           1           1   0.0000000000000000     
           1           2   27.437239490606867     
           1           3   14.700289147170052     
           1           4   22.532575096367108     
           1           1   17.000000000000000     
           1           2   39.851199897644321     
           1           3   22.344451645653461     
           1           4   36.719532839244131     
           1           1   34.000000000000000     
           1           2   54.785346176683930     
           1           3   36.884285782423461     
           1           4   52.601627763703583     
           1           1   38.013155617496423     
           1           2   40.201648393390514     
           1           3   40.688343409722386     
           1           4   37.121340015002666     
           1           1   24.041630560342615     
           1           2   35.992895909649839     
           1           3   27.977085405060322     
           1           4   32.597561810177503     
           1           1   17.000000000000000     
           1           2   39.405641453730681     
           1           3   22.088307452056604     
           1           4   36.403409008322939     
           1           1   24.041630560342615     
           1           2   48.868400841413539     
           1           3   27.768135415096193     
           1           4   46.538321186804239     
           1           1   38.013155617496423     
           1           2   61.655791481532027     
           1           3   40.401056456058910     
           1           4   59.870046687346559     
           1           1   48.083261120685229     
           1           2   54.719055191595359     
           1           3   50.053332701366379     
           1           4   52.663888305586241     
           1           1   38.013155617496423     
           1           2   51.705812279452189     
           1           3   40.404357844769834     
           1           4   49.579151696274188     
           1           1   34.000000000000000     
           1           2   54.136928670686878     
           1           3   36.574419355373962     
           1           4   52.160324331632296     
           1           1   38.013155617496423     
           1           2   61.368746673792586     
           1           3   40.259957395870323     
           1           4   59.676683770464130     
           1           1   48.083261120685229     
           1           2   71.968320049374626     
           1           3   49.820078159832647     
           1           4   70.568503861842501     
           1           1   51.000000000000000     
           1           2   26.111323722337183     
           1           3   48.617662989507501     
           1           4   29.843994054792208     
           1           1   41.641325627314025     
           1           2   19.003085248184789     
           1           3   38.611567863735701     
           1           4   23.984810455815101     
           1           1   38.013155617496423     
           1           2   24.868318627660944     
           1           3   34.583654972116641     
           1           4   28.946127272232498     
           1           1   41.641325627314025     
           1           2   38.128064385488521     
           1           3   38.460436939339985     
           1           4   40.969323103014368     
           1           1   51.000000000000000     
           1           2   53.544984043335447     
           1           3   48.377486787755807     
           1           4   55.651528163906619     
           1           1   41.641325627314025     
           1           2   18.050033076084627     
           1           3   38.463904893386754     
           1           4   23.497983489999672     
           1           1   29.444863728670917     
           1           2   2.2626790459185351     
           1           3   24.630225292961526     
           1           4   15.387084829661589     
           1           1   24.041630560342618     
           1           2   16.199868483476298     
           1           3   17.658539472917397     
           1           4   22.346577613006122     
           1           1   29.444863728670917     
           1           2   33.132337093827516     
           1           3   24.392622545579677     
           1           4   36.605691940912841     
           1           1   41.641325627314025     
           1           2   50.110555611728238     
           1           3   38.159874907888025     
           1           4   52.522222286684666     
           1           1   38.013155617496423     
           1           2   23.405259271428928     
           1           3   34.252982421004965     
           1           4   28.136212876826932     
           1           1   24.041630560342618     
           1           2   15.070573445622417     
           1           3   17.333286562802090     
           1           4   21.823235931204756     
           1           1   17.000000000000004     
           1           2   22.009956983079032     
           1           3   2.3704095432552590     
           1           4   27.181993634903439     
           1           1   24.041630560342618     
           1           2   36.328421777089069     
           1           3   16.993965391788219     
           1           4   39.742520421166496     
           1           1   38.013155617496423     
           1           2   52.278774385319792     
           1           3   33.911220533502409     
           1           4   54.754680903880171     
           1           1   41.641325627314025     
           1           2   36.712513249270614     
           1           3   38.013966246892060     
           1           4   40.114058907120658     
           1           1   29.444863728670917     
           1           2   32.048785491730577     
           1           3   23.921489254525714     
           1           4   35.968665160982148     
           1           1   24.041630560342618     
           1           2   35.839094211657333     
           1           3   16.655739746073404     
           1           4   39.450627687297391     
           1           1   29.444863728670917     
           1           2   46.040815548045408     
           1           3   23.676775220106929     
           1           4   48.958749742825951     
           1           1   41.641325627314025     
           1           2   59.439656112281050     
           1           3   37.706308532631638     
           1           4   61.770270582534799     
           1           1   51.000000000000000     
           1           2   52.209300862901159     
           1           3   47.904660054174506     
           1           4   54.814495974675992     
           1           1   41.641325627314025     
           1           2   49.042095377441015     
           1           3   37.709845839522643     
           1           4   51.857845312128767     
           1           1   38.013155617496423     
           1           2   51.598867637062646     
           1           3   33.573925769488199     
           1           4   54.330868499183595     
           1           1   41.641325627314025     
           1           2   59.141856276618519     
           1           3   37.555086338732380     
           1           4   61.582874432219263     
           1           1   51.000000000000000     
           1           2   70.079063822665972     
           1           3   47.660890971992792     
           1           4   72.187655279787208     
           1           1   58.889727457341827     
           1           2   31.487097707866969     
           1           3   52.260860067106414     
           1           4   41.228725648957194     
           1           1   51.000000000000000     
           1           2   25.898906241033636     
           1           3   43.108856552780637     
           1           4   37.207727290119259     
           1           1   48.083261120685229     
           1           2   30.464230942187605     
           1           3   39.541744165157382     
           1           4   40.583520319888343     
           1           1   51.000000000000000     
           1           2   41.992682568705121     
           1           3   42.973544768349029     
           1           4   49.876139315445165     
           1           1   58.889727457341827     
           1           2   56.362233913615597     
           1           3   52.037501556971755     
           1           4   62.499891395686433     
           1           1   51.000000000000000     
           1           2   25.207931084875288     
           1           3   42.976648543596923     
           1           4   36.895786556066334     
           1           1   41.641325627314025     
           1           2   17.741358797930655     
           1           3   31.211669906853615     
           1           4   32.340473358466944     
           1           1   38.013155617496423     
           1           2   23.918023212924627     
           1           3   26.064235202839384     
           1           4   36.173379279638979     
           1           1   41.641325627314025     
           1           2   37.515168356693948     
           1           3   31.024512486797789     
           1           4   46.358607830342784     
           1           1   51.000000000000000     
           1           2   53.110299182439000     
           1           3   42.704758439523012     
           1           4   59.730458490006782     
           1           1   48.083261120685229     
           1           2   29.282114969634321     
           1           3   39.252861617034057     
           1           4   40.009877687199065     
           1           1   38.013155617496423     
           1           2   23.168044360972122     
           1           3   25.844983332565054     
           1           4   35.852440140156908     
           1           1   34.000000000000000     
           1           2   28.179324014764124     
           1           3   19.316810859847067     
           1           4   39.344689800053565     
           1           1   38.013155617496423     
           1           2   40.365707281628943     
           1           3   25.618649459517684     
           1           4   48.873425978964718     
           1           1   48.083261120685229     
           1           2   55.160731927370591     
           1           3   38.954989647851093     
           1           4   61.702665407421811     
           1           1   51.000000000000000     
           1           2   40.711727114063130     
           1           3   42.574428595251860     
           1           4   49.176026267872174     
           1           1   41.641325627314025     
           1           2   36.561738840309999     
           1           3   30.655472407822057     
           1           4   45.857264538536953     
           1           1   38.013155617496423     
           1           2   39.925890966190380     
           1           3   25.395550926910001     
           1           4   48.636363581339666     
           1           1   41.641325627314025     
           1           2   49.288870872248765     
           1           3   30.464898247258589     
           1           4   56.622460330465756     
           1           1   51.000000000000000     
           1           2   61.989586337370426     
           1           3   42.299953233429932     
           1           4   68.005221603448007     
           1           1   58.889727457341827     
           1           2   55.094892613789568     
           1           3   51.598224730104555     
           1           4   61.755751201424779     
           1           1   51.000000000000000     
           1           2   52.103389664609097     
           1           3   42.303106430059174     
           1           4   59.147104391603001     
           1           1   48.083261120685229     
           1           2   54.516779407437333     
           1           3   38.661723085856558     
           1           4   61.326887328235465     
           1           1   51.000000000000000     
           1           2   61.704094348562265     
           1           3   42.165209003418845     
           1           4   67.835051859853337     
           1           1   58.889727457341827     
           1           2   72.254489699902820     
           1           3   51.371985251073696     
           1           4   77.589956903505865     
           2           1   72.254489699902820     
           2           2   58.889727457341827     
           2           3   77.594433303087115     
           2           4   51.376559405264068     
           2           1   61.704094348562265     
           2           2   51.000000000000000     
           2           3   67.836244556613593     
           2           4   42.164463537017077     
           2           1   54.516779407437333     
           2           2   48.083261120685229     
           2           3   61.323862170138440     
           2           4   38.654018088760935     
           2           1   52.103389664609089     
           2           2   51.000000000000000     
           2           3   59.139462860086802     
           2           4   42.289765232832309     
           2           1   55.094892613789561     
           2           2   58.889727457341827     
           2           3   61.744117641254185     
           2           4   51.582122605510200     
           2           1   61.989586337370426     
           2           2   51.000000000000000     
           2           3   68.012413846285071     
           2           4   42.308860014911673     
           2           1   49.288870872248765     
           2           2   41.641325627314025     
           2           3   56.626393432001294     
           2           4   30.468520883088605     
           2           1   39.925890966190380     
           2           2   38.013155617496423     
           2           3   48.635464725169946     
           2           4   25.389405149491417     
           2           1   36.561738840309999     
           2           2   41.641325627314025     
           2           3   45.850500814611614     
           2           4   30.641687663815716     
           2           1   40.711727114063130     
           2           2   51.000000000000000     
           2           3   49.164300268265286     
           2           4   42.558244229862801     
           2           1   55.160731927370591     
           2           2   48.083261120685229     
           2           3   61.712890021205958     
           2           4   38.968300132289009     
           2           1   40.365707281628943     
           2           2   38.013155617496423     
           2           3   48.880883693801124     
           2           4   25.628490869381483     
           2           1   28.179324014764116     
           2           2   34.000000000000000     
           2           3   39.347182702251537     
           2           4   19.316072926031961     
           2           1   23.168044360972115     
           2           2   38.013155617496423     
           2           3   35.847744455151052     
           2           4   25.834120893221815     
           2           1   29.282114969634314     
           2           2   48.083261120685229     
           2           3   39.999009718232564     
           2           4   39.238921128994029     
           2           1   53.110299182439000     
           2           2   51.000000000000000     
           2           3   59.743394215097744     
           2           4   42.720219974140107     
           2           1   37.515168356693948     
           2           2   41.641325627314025     
           2           3   46.369528229841045     
           2           4   31.037208696671385     
           2           1   23.918023212924620     
           2           2   38.013155617496423     
           2           3   36.180010284347290     
           2           4   26.069128346044650     
           2           1   17.741358797930644     
           2           2   41.641325627314025     
           2           3   32.339652751582321     
           2           4   31.207220026211299     
           2           1   25.207931084875277     
           2           2   51.000000000000000     
           2           3   36.887845369584497     
           2           4   42.967216698387368     
           2           1   56.362233913615597     
           2           2   58.889727457341827     
           2           3   62.514522392094527     
           2           4   52.052915135251389     
           2           1   41.992682568705114     
           2           2   51.000000000000000     
           2           3   49.889132141470846     
           2           4   42.986010551335156     
           2           1   30.464230942187598     
           2           2   48.083261120685229     
           2           3   40.592924281783262     
           2           4   39.548555373885812     
           2           1   25.898906241033625     
           2           2   51.000000000000000     
           2           3   37.210825006495611     
           2           4   43.108924380029791     
           2           1   31.487097707866955     
           2           2   58.889727457341827     
           2           3   41.225059048853886     
           2           4   52.255817764579490     
           2           1   70.079063822665972     
           2           2   51.000000000000000     
           2           3   72.192661153939412     
           2           4   47.666115829644262     
           2           1   59.141856276618519     
           2           2   41.641325627314025     
           2           3   61.584416213884531     
           2           4   37.554623248368209     
           2           1   51.598867637062646     
           2           2   38.013155617496423     
           2           3   54.327712231626450     
           2           4   33.565471192412787     
           2           1   49.042095377441015     
           2           2   41.641325627314025     
           2           3   51.849400307427516     
           2           4   37.695251496846488     
           2           1   52.209300862901159     
           2           2   51.000000000000000     
           2           3   54.801645122727059     
           2           4   47.887609195410057     
           2           1   59.439656112281050     
           2           2   41.641325627314025     
           2           3   61.778415988584769     
           2           4   37.716672410537853     
           2           1   46.040815548045408     
           2           2   29.444863728670917     
           2           3   48.963585223879157     
           2           4   23.682029194425919     
           2           1   35.839094211657333     
           2           2   24.041630560342618     
           2           3   39.449875461064856     
           2           4   16.647211051928682     
           2           1   32.048785491730577     
           2           2   29.444863728670917     
           2           3   35.960432002563287     
           2           4   23.904408899809077     
           2           1   36.712513249270614     
           2           2   41.641325627314025     
           2           3   40.100033238495300     
           2           4   37.996208941038915     
           2           1   52.278774385319792     
           2           2   38.013155617496423     
           2           3   54.766459075146898     
           2           4   33.926923779832897     
           2           1   36.328421777089069     
           2           2   24.041630560342618     
           2           3   39.752044419717464     
           2           4   17.009623341050364     
           2           1   22.009956983079032     
           2           2   17.000000000000004     
           2           3   27.186118359645249     
           2           4   2.3703196506421138     
           2           1   15.070573445622417     
           2           2   24.041630560342618     
           2           3   21.816164359989838     
           2           4   17.317896647342458     
           2           1   23.405259271428925     
           2           2   38.013155617496423     
           2           3   28.121255720531774     
           2           4   34.237416277076889     
           2           1   50.110555611728238     
           2           2   41.641325627314025     
           2           3   52.537200127156119     
           2           4   38.177544926322263     
           2           1   33.132337093827516     
           2           2   29.444863728670917     
           2           3   36.619904329726253     
           2           4   24.409343818365315     
           2           1   16.199868483476298     
           2           2   24.041630560342618     
           2           3   22.357937942389807     
           2           4   17.666555824070063     
           2           1   2.2626790459185355     
           2           2   29.444863728670917     
           2           3   15.386272614028517     
           2           4   24.625156318829710     
           2           1   18.050033076084624     
           2           2   41.641325627314025     
           2           3   23.486110381897085     
           2           4   38.453731324393125     
           2           1   53.544984043335447     
           2           2   51.000000000000000     
           2           3   55.668211348775756     
           2           4   48.394356241612698     
           2           1   38.128064385488521     
           2           2   41.641325627314025     
           2           3   40.985482194179646     
           2           4   38.474729954632984     
           2           1   24.868318627660937     
           2           2   38.013155617496423     
           2           3   28.959795348152355     
           2           4   34.591848376803277     
           2           1   19.003085248184782     
           2           2   41.641325627314025     
           2           3   23.990200968818854     
           2           4   38.612007240825520     
           2           1   26.111323722337175     
           2           2   51.000000000000000     
           2           3   29.839399096526176     
           2           4   48.612531637504510     
           2           1   71.968320049374626     
           2           2   48.083261120685229     
           2           3   70.573823542073953     
           2           4   49.825358405610075     
           2           1   61.368746673792586     
           2           2   38.013155617496423     
           2           3   59.678510079133524     
           2           4   40.259874183724335     
           2           1   54.136928670686878     
           2           2   34.000000000000000     
           2           3   52.157305923357391     
           2           4   36.567042515510167     
           2           1   51.705812279452189     
           2           2   38.013155617496423     
           2           3   49.570601742364815     
           2           4   40.391084751129711     
           2           1   54.719055191595359     
           2           2   48.083261120685229     
           2           3   52.650779225169991     
           2           4   50.037294655234483     
           2           1   61.655791481532027     
           2           2   38.013155617496423     
           2           3   59.878685080075897     
           2           4   40.411076695458917     
           2           1   48.868400841413539     
           2           2   24.041630560342615     
           2           3   46.543709809558102     
           2           4   27.773120975649764     
           2           1   39.405641453730681     
           2           2   17.000000000000000     
           2           3   36.402979531266460     
           2           4   22.082512940557553     
           2           1   35.992895909649839     
           2           2   24.041630560342615     
           2           3   32.588907847168727     
           2           4   27.962984583404303     
           2           1   40.201648393390514     
           2           2   38.013155617496423     
           2           3   37.106561557071082     
           2           4   40.672098985096909     
           2           1   54.785346176683930     
           2           2   34.000000000000000     
           2           3   52.614154792128105     
           2           4   36.899104313316691     
           2           1   39.851199897644321     
           2           2   17.000000000000000     
           2           3   36.730222983361642     
           2           4   22.356990588333680     
           2           1   27.437239490606867     
           2           2   0.0000000000000000     
           2           3   22.538173757536750     
           2           4   14.701229785587854     
           2           1   22.259516806252268     
           2           2   17.000000000000000     
           2           3   15.647021193900406     
           2           4   22.592416565088172     
           2           1   28.568690310035866     
           2           2   34.000000000000000     
           2           3   23.657752812974831     
           2           4   37.184787417602443     
           2           1   52.720315706414695     
           2           2   38.013155617496423     
           2           3   50.289577867199583     
           2           4   40.841555780403247     
           2           1   36.961001958374261     
           2           2   24.041630560342615     
           2           3   33.315186296621263     
           2           4   28.395841378723123     
           2           1   23.039089464426677     
           2           2   17.000000000000000     
           2           3   16.393951137417464     
           2           4   22.860772879485488     
           2           1   16.537340201276816     
           2           2   24.041630560342615     
           2           3   2.3709976409692133     
           2           4   28.581568635909999     
           2           1   24.375553296605936     
           2           2   38.013155617496423     
           2           3   17.902000606941439     
           2           4   41.099844217844044     
           2           1   55.994903524061684     
           2           2   48.083261120685229     
           2           3   53.552161484222495     
           2           4   50.522484677641827     
           2           1   41.498351753435770     
           2           2   38.013155617496423     
           2           3   38.061712987590226     
           2           4   41.119491570839834     
           2           1   29.779139944511417     
           2           2   34.000000000000000     
           2           3   24.648610335415352     
           2           4   37.511381154073533     
           2           1   25.089462995801757     
           2           2   38.013155617496423     
           2           3   18.558393987212220     
           2           4   41.247967769673181     
           2           1   30.824748677006529     
           2           2   48.083261120685229     
           2           3   25.676331188509874     
           2           4   50.731508692032925     
           2           1   77.626045855738042     
           2           2   51.000000000000000     
           2           3   72.990059694509554     
           2           4   57.193304522556957     
           2           1   67.915292628244316     
           2           2   41.641325627314025     
           2           3   62.517268095507177     
           2           4   49.085285078643977     
           2           1   61.458693041448306     
           2           2   38.013155617496423     
           2           3   55.382928832294247     
           2           4   46.104840746862621     
           2           1   59.328365289681436     
           2           2   41.641325627314025     
           2           3   52.954025361254828     
           2           4   49.192961583293382     
           2           1   61.972081662058009     
           2           2   51.000000000000000     
           2           3   55.847907730530693     
           2           4   57.378032367598600     
           2           1   68.174779263904369     
           2           2   41.641325627314025     
           2           3   62.708381989804060     
           2           4   49.209377781564136     
           2           1   56.872528564017578     
           2           2   29.444863728670914     
           2           3   50.131837864740532     
           2           4   39.494986905815175     
           2           1   48.981307484058711     
           2           2   24.041630560342615     
           2           3   40.890844496220453     
           2           4   35.723173427515185     
           2           1   46.280151905874462     
           2           2   29.444863728670914     
           2           3   37.535598563650652     
           2           4   39.628730092877589     
           2           1   49.623950245962142     
           2           2   41.641325627314025     
           2           3   41.518443557640538     
           2           4   49.423955505563860     
           2           1   62.030621955345772     
           2           2   38.013155617496423     
           2           3   55.813381275015892     
           2           4   46.368649334301956     
           2           1   49.340470587033671     
           2           2   24.041630560342615     
           2           3   41.182441953674207     
           2           4   35.893492030300926     
           2           1   39.989573832848542     
           2           2   16.999999999999996     
           2           3   29.237878192255948     
           2           4   31.695960297348474     
           2           1   36.631270697530482     
           2           2   24.041630560342615     
           2           3   24.325162221507302     
           2           4   36.040602495142970     
           2           1   40.774182646604523     
           2           2   38.013155617496423     
           2           3   30.109359226328550     
           2           4   46.596310554106324     
           2           1   60.214579568838346     
           2           2   41.641325627314025     
           2           3   53.627659718855980     
           2           4   49.563498872922857     
           2           1   47.037002139112502     
           2           2   29.444863728670914     
           2           3   38.167864530765392     
           2           4   39.935342111568794     
           2           1   37.110154241363432     
           2           2   24.041630560342615     
           2           3   24.812212290650525     
           2           4   36.209428034834445     
           2           1   33.464122958785197     
           2           2   29.444863728670914     
           2           3   18.775139804373207     
           2           4   40.067615447536546     
           2           1   37.954334442637837     
           2           2   41.641325627314025     
           2           3   25.833425452138734     
           2           4   49.776550068214689     
           2           1   63.101451054131097     
           2           2   51.000000000000000     
           2           3   56.698485380938713     
           2           4   57.801636654726217     
           2           1   50.680145054249927     
           2           2   41.641325627314025     
           2           3   42.374263892249168     
           2           4   49.792773863350931     
           2           1   41.631251245941712     
           2           2   38.013155617496423     
           2           3   30.893983820922511     
           2           4   46.857352230451717     
           2           1   38.416728880601397     
           2           2   41.641325627314025     
           2           3   26.292550888890037     
           2           4   49.898923706733726     
           2           1   42.385481423106938     
           2           2   51.000000000000000     
           2           3   31.719997291335357     
           2           4   57.984426496536528     
           2           1   86.314349326546349     
           2           2   58.889727457341834     
           2           3   79.072328023578166     
           2           4   68.099793128704661     
           2           1   77.697174190880219     
           2           2   51.000000000000007     
           2           3   69.521889034934873     
           2           4   61.448132219085259     
           2           1   72.121667027536830     
           2           2   48.083261120685236     
           2           3   63.183487169538587     
           2           4   59.094535130213174     
           2           1   70.315139425402577     
           2           2   51.000000000000007     
           2           3   61.065645389373373     
           2           4   61.534179212026658     
           2           1   72.559650012914986     
           2           2   58.889727457341834     
           2           3   63.591454164361956     
           2           4   68.255009635481173     
           2           1   77.924094041252815     
           2           2   51.000000000000007     
           2           3   69.693797547841086     
           2           4   61.547303788314991     
           2           1   68.255757337626278     
           2           2   41.641325627314032     
           2           3   58.635189200316482     
           2           4   54.095856889903757     
           2           1   61.834718300610319     
           2           2   38.013155617496430     
           2           3   50.960233599095289     
           2           4   51.406739457922853     
           2           1   59.717806095826589     
           2           2   41.641325627314032     
           2           3   48.309475306525641     
           2           4   54.193578869978474     
           2           1   62.345010566056153     
           2           2   51.000000000000007     
           2           3   51.465186294321917     
           2           4   61.719001286300738     
           2           1   72.609654761849342     
           2           2   48.083261120685236     
           2           3   63.561134148240093     
           2           4   59.300585014398443     
           2           1   62.119609965113774     
           2           2   38.013155617496430     
           2           3   51.194509179481578     
           2           4   51.525241504448204     
           2           1   54.986634010464513     
           2           2   34.000000000000007     
           2           3   42.186938334577846     
           2           4   48.694369706707633     
           2           1   52.594808654311905     
           2           2   38.013155617496430     
           2           3   38.943520153716506     
           2           4   51.627829415687636     
           2           1   55.559858485840230     
           2           2   48.083261120685236     
           2           3   42.795534321706675     
           2           4   59.478768474281274     
           2           1   71.064474226718175     
           2           2   51.000000000000007     
           2           3   61.650710715949465     
           2           4   61.830802699695404     
           2           1   60.306247393639090     
           2           2   41.641325627314032     
           2           3   48.802357808810186     
           2           4   54.418188976944791     
           2           1   52.929457320906963     
           2           2   38.013155617496430     
           2           3   39.249587559827766     
           2           4   51.745825151139393     
           2           1   50.440176743035131     
           2           2   41.641325627314032     
           2           3   35.740594840237861     
           2           4   54.515333160626518     
           2           1   53.524717724164901     
           2           2   51.000000000000007     
           2           3   39.903008852108975     
           2           4   62.001715126727902     
           2           1   73.526573628891683     
           2           2   58.889727457341834     
           2           3   64.339742689513443     
           2           4   68.611492783114883     
           2           1   63.188931049573398     
           2           2   51.000000000000007     
           2           3   52.158052928289507     
           2           4   62.014740755478762     
           2           1   56.191858705426810     
           2           2   48.083261120685236     
           2           3   43.351153170217977     
           2           4   59.683491855043584     
           2           1   53.853588203141683     
           2           2   51.000000000000007     
           2           3   40.201772064240529     
           2           4   62.100002649378922     
           2           1   56.752911290404050     
           2           2   58.889727457341834     
           2           3   43.943628355230295     
           2           4   68.765554299334227     
           3           1   51.371985251073696     
           3           2   43.943628355230302     
           3           3   58.889727457341827     
           3           4   32.765932675397046     
           3           1   42.165209003418845     
           3           2   40.201772064240529     
           3           3   51.000000000000000     
           3           4   27.641227852847212     
           3           1   38.661723085856551     
           3           2   43.351153170217977     
           3           3   48.083261120685229     
           3           4   32.132049581957595     
           3           1   42.303106430059167     
           3           2   52.158052928289507     
           3           3   51.000000000000000     
           3           4   43.346277158041453     
           3           1   51.598224730104555     
           3           2   64.339742689513457     
           3           3   58.889727457341827     
           3           4   57.474610712784390     
           3           1   42.299953233429932     
           3           2   39.903008852108975     
           3           3   50.999999999999993     
           3           4   27.428138215276345     
           3           1   30.464898247258589     
           3           2   35.740594840237861     
           3           3   41.641325627314025     
           3           4   21.041242812169322     
           3           1   25.395550926909998     
           3           2   39.249587559827766     
           3           3   38.013155617496423     
           3           4   26.667677668012860     
           3           1   30.655472407822053     
           3           2   48.802357808810186     
           3           3   41.641325627314025     
           3           4   39.466392859360695     
           3           1   42.574428595251860     
           3           2   61.650710715949472     
           3           3   51.000000000000000     
           3           4   54.607941715960699     
           3           1   38.954989647851093     
           3           2   42.795534321706675     
           3           3   48.083261120685229     
           3           4   31.764747564303942     
           3           1   25.618649459517684     
           3           2   38.943520153716506     
           3           3   38.013155617496423     
           3           4   26.446744997226364     
           3           1   19.316810859847067     
           3           2   42.186938334577846     
           3           3   34.000000000000000     
           3           4   31.110471775154462     
           3           1   25.844983332565054     
           3           2   51.194509179481578     
           3           3   38.013155617496423     
           3           4   42.594513580941943     
           3           1   39.252861617034057     
           3           2   63.561134148240100     
           3           3   48.083261120685229     
           3           4   56.909785804564500     
           3           1   42.704758439523012     
           3           2   51.465186294321924     
           3           3   50.999999999999993     
           3           4   42.938276743386005     
           3           1   31.024512486797789     
           3           2   48.309475306525641     
           3           3   41.641325627314025     
           3           4   39.167930029757358     
           3           1   26.064235202839384     
           3           2   50.960233599095289     
           3           3   38.013155617496423     
           3           4   42.456541026564246     
           3           1   31.211669906853615     
           3           2   58.635189200316482     
           3           3   41.641325627314025     
           3           4   51.468330156171746     
           3           1   42.976648543596930     
           3           2   69.693797547841086     
           3           3   51.000000000000000     
           3           4   63.823351073012944     
           3           1   52.037501556971755     
           3           2   63.591454164361956     
           3           3   58.889727457341827     
           3           4   57.064805542113731     
           3           1   42.973544768349022     
           3           2   61.065645389373373     
           3           3   51.000000000000000     
           3           4   54.284649438709828     
           3           1   39.541744165157382     
           3           2   63.183487169538587     
           3           3   48.083261120685229     
           3           4   56.703212411714233     
           3           1   43.108856552780630     
           3           2   69.521889034934873     
           3           3   51.000000000000000     
           3           4   63.731353594069759     
           3           1   52.260860067106414     
           3           2   79.072328023578180     
           3           3   58.889727457341827     
           3           4   74.068323621212812     
           3           1   47.660890971992792     
           3           2   31.719997291335364     
           3           3   50.999999999999993     
           3           4   25.460358229820919     
           3           1   37.555086338732380     
           3           2   26.292550888890041     
           3           3   41.641325627314025     
           3           4   18.402743662703514     
           3           1   33.573925769488199     
           3           2   30.893983820922514     
           3           3   38.013155617496423     
           3           4   24.639239181426422     
           3           1   37.709845839522643     
           3           2   42.374263892249175     
           3           3   41.641325627314025     
           3           4   38.125099876117098     
           3           1   47.904660054174521     
           3           2   56.698485380938720     
           3           3   51.000000000000000     
           3           4   53.646569076579986     
           3           1   37.706308532631638     
           3           2   25.833425452138741     
           3           3   41.641325627314025     
           3           4   18.081102373983185     
           3           1   23.676775220106929     
           3           2   18.775139804373207     
           3           3   29.444863728670914     
           3           4   4.1662208514221737     
           3           1   16.655739746073404     
           3           2   24.812212290650525     
           3           3   24.041630560342615     
           3           4   16.905281107014737     
           3           1   23.921489254525714     
           3           2   38.167864530765392     
           3           3   29.444863728670914     
           3           4   33.648471918224672     
           3           1   38.013966246892068     
           3           2   53.627659718855988     
           3           3   41.641325627314025     
           3           4   50.563334497992898     
           3           1   33.911220533502409     
           3           2   30.109359226328554     
           3           3   38.013155617496416     
           3           4   24.158283981402960     
           3           1   16.993965391788219     
           3           2   24.325162221507306     
           3           3   24.041630560342615     
           3           4   16.554570911095084     
           3           1   2.3704095432552568     
           3           2   29.237878192255948     
           3           3   17.000000000000000     
           3           4   23.291306343244038     
           3           1   17.333286562802090     
           3           2   41.182441953674214     
           3           3   24.041630560342615     
           3           4   37.268164487927294     
           3           1   34.252982421004972     
           3           2   55.813381275015907     
           3           3   38.013155617496423     
           3           4   53.040995630017818     
           3           1   38.159874907888025     
           3           2   41.518443557640538     
           3           3   41.641325627314025     
           3           4   37.660577621615971     
           3           1   24.392622545579677     
           3           2   37.535598563650652     
           3           3   29.444863728670914     
           3           4   33.297901434146354     
           3           1   17.658539472917397     
           3           2   40.890844496220453     
           3           3   24.041630560342615     
           3           4   37.110394406991830     
           3           1   24.630225292961526     
           3           2   50.131837864740532     
           3           3   29.444863728670914     
           3           4   47.155195961493526     
           3           1   38.463904893386761     
           3           2   62.708381989804067     
           3           3   41.641325627314025     
           3           4   60.399036741418485     
           3           1   48.377486787755807     
           3           2   55.847907730530693     
           3           3   50.999999999999993     
           3           4   53.207288303966514     
           3           1   38.460436939339985     
           3           2   52.954025361254828     
           3           3   41.641325627314025     
           3           4   50.214008620959319     
           3           1   34.583654972116641     
           3           2   55.382928832294247     
           3           3   38.013155617496423     
           3           4   52.819293775192989     
           3           1   38.611567863735701     
           3           2   62.517268095507177     
           3           3   41.641325627314025     
           3           4   60.301815296344984     
           3           1   48.617662989507508     
           3           2   72.990059694509569     
           3           3   51.000000000000000     
           3           4   71.138878689215161     
           3           1   49.820078159832647     
           3           2   25.676331188509881     
           3           3   48.083261120685229     
           3           4   28.299352259247343     
           3           1   40.259957395870323     
           3           2   18.558393987212224     
           3           3   38.013155617496423     
           3           4   22.164937884355375     
           3           1   36.574419355373962     
           3           2   24.648610335415352     
           3           3   34.000000000000000     
           3           4   27.562938967782383     
           3           1   40.404357844769834     
           3           2   38.061712987590226     
           3           3   38.013155617496423     
           3           4   40.076760568514786     
           3           1   50.053332701366386     
           3           2   53.552161484222509     
           3           3   48.083261120685229     
           3           4   55.050684562414169     
           3           1   40.401056456058910     
           3           2   17.902000606941449     
           3           3   38.013155617496416     
           3           4   21.898624618012388     
           3           1   27.768135415096193     
           3           2   2.3709976409692142     
           3           3   24.041630560342615     
           3           4   13.037672080742892     
           3           1   22.088307452056604     
           3           2   16.393951137417464     
           3           3   17.000000000000000     
           3           4   20.938290914240046     
           3           1   27.977085405060322     
           3           2   33.315186296621263     
           3           3   24.041630560342615     
           3           4   35.844708947538017     
           3           1   40.688343409722393     
           3           2   50.289577867199597     
           3           3   38.013155617496423     
           3           4   52.050689646325303     
           3           1   36.884285782423461     
           3           2   23.657752812974834     
           3           3   33.999999999999993     
           3           4   27.133856748134214     
           3           1   22.344451645653461     
           3           2   15.647021193900406     
           3           3   17.000000000000000     
           3           4   20.656168936969731     
           3           1   14.700289147170052     
           3           2   22.538173757536750     
           3           3   0.0000000000000000     
           3           4   26.364909411507519     
           3           1   22.603594463621612     
           3           2   36.730222983361642     
           3           3   17.000000000000000     
           3           4   39.262444923888310     
           3           1   37.198742779041950     
           3           2   52.614154792128119     
           3           3   34.000000000000000     
           3           4   54.460726349597351     
           3           1   40.824694886714241     
           3           2   37.106561557071082     
           3           3   38.013155617496416     
           3           4   39.635118315654360     
           3           1   28.380974159791837     
           3           2   32.588907847168727     
           3           3   24.041630560342615     
           3           4   35.515823755338744     
           3           1   22.853964118380684     
           3           2   36.402979531266460     
           3           3   17.000000000000000     
           3           4   39.112720055560551     
           3           1   28.585444855550033     
           3           2   46.543709809558102     
           3           3   24.041630560342615     
           3           4   48.746651200559548     
           3           1   41.109021385276883     
           3           2   59.878685080075904     
           3           3   38.013155617496423     
           3           4   61.649550982901552     
           3           1   50.506048028994883     
           3           2   52.650779225169998     
           3           3   48.083261120685229     
           3           4   54.622696983612677     
           3           1   41.105776591284560     
           3           2   49.570601742364822     
           3           3   38.013155617496423     
           3           4   51.711412269323432     
           3           1   37.503451185698339     
           3           2   52.157305923357391     
           3           3   34.000000000000000     
           3           4   54.244827329546347     
           3           1   41.247216057614331     
           3           2   59.678510079133524     
           3           3   38.013155617496423     
           3           4   61.554304684048404     
           3           1   50.736148988359155     
           3           2   70.573823542073953     
           3           3   48.083261120685229     
           3           4   72.203625658695472     
           3           1   57.188459040784473     
           3           2   29.839399096526183     
           3           3   50.999999999999993     
           3           4   39.134087895275208     
           3           1   49.085067272287034     
           3           2   23.990200968818854     
           3           3   41.641325627314025     
           3           4   34.955800212832912     
           3           1   46.110387233143072     
           3           2   28.959795348152358     
           3           3   38.013155617496423     
           3           4   38.604910330731947     
           3           1   49.203574996699821     
           3           2   40.985482194179646     
           3           3   41.641325627314025     
           3           4   48.340151373037912     
           3           1   57.391774446529560     
           3           2   55.668211348775763     
           3           3   51.000000000000000     
           3           4   61.328634159685826     
           3           1   49.200864040922184     
           3           2   23.486110381897092     
           3           3   41.641325627314025     
           3           4   34.787544570762329     
           3           1   39.491125636511931     
           3           2   15.386272614028519     
           3           3   29.444863728670914     
           3           4   30.010071482539665     
           3           1   35.726362615080610     
           3           2   22.357937942389807     
           3           3   24.041630560342615     
           3           4   34.191161482340796     
           3           1   39.638327000135732     
           3           2   36.619904329726253     
           3           3   29.444863728670914     
           3           4   44.893948998009407     
           3           1   49.437040253590730     
           3           2   52.537200127156126     
           3           3   41.641325627314025     
           3           4   58.650641852926334     
           3           1   46.356555062764706     
           3           2   28.121255720531778     
           3           3   38.013155617496416     
           3           4   38.299734713577671     
           3           1   35.885291958580964     
           3           2   21.816164359989838     
           3           3   24.041630560342615     
           3           4   34.019124213518353     
           3           1   31.695081016114404     
           3           2   27.186118359645249     
           3           3   17.000000000000000     
           3           4   37.758865785125955     
           3           1   36.047221006389876     
           3           2   39.752044419717464     
           3           3   24.041630560342615     
           3           4   47.667211776057556     
           3           1   46.607146704652237     
           3           2   54.766459075146905     
           3           3   38.013155617496423     
           3           4   60.799623449721174     
           3           1   49.549322621010290     
           3           2   40.100033238495300     
           3           3   41.641325627314025     
           3           4   47.974640186228356     
           3           1   39.924420520108015     
           3           2   35.960432002563287     
           3           3   29.444863728670914     
           3           4   44.631796223347784     
           3           1   36.204741892905162     
           3           2   39.449875461064856     
           3           3   24.041630560342615     
           3           4   47.543962468927703     
           3           1   40.070030162171598     
           3           2   48.963585223879157     
           3           3   29.444863728670914     
           3           4   55.739209721444482     
           3           1   49.783845762082322     
           3           2   61.778415988584776     
           3           3   41.641325627314025     
           3           4   67.314861906532457     
           3           1   57.787027498520708     
           3           2   54.801645122727059     
           3           3   50.999999999999993     
           3           4   60.944749756363159     
           3           1   49.781166406385537     
           3           2   51.849400307427516     
           3           3   41.641325627314025     
           3           4   58.349752835724097     
           3           1   46.850704481850727     
           3           2   54.327712231626450     
           3           3   38.013155617496423     
           3           4   60.606309812712212     
           3           1   49.898020923791840     
           3           2   61.584416213884531     
           3           3   41.641325627314025     
           3           4   67.227642545598911     
           3           1   57.988244272237004     
           3           2   72.192661153939426     
           3           3   51.000000000000000     
           3           4   77.097257119583603     
           3           1   68.095517525510687     
           3           2   41.225059048853893     
           3           3   58.889727457341827     
           3           4   53.292591722464415     
           3           1   61.447729728059066     
           3           2   37.210825006495618     
           3           3   51.000000000000000     
           3           4   50.304388134850100     
           3           1   59.098624945070036     
           3           2   40.592924281783269     
           3           3   48.083261120685229     
           3           4   52.905222792707448     
           3           1   61.542436188889319     
           3           2   49.889132141470846     
           3           3   51.000000000000000     
           3           4   60.377096086764361     
           3           1   68.266356528885979     
           3           2   62.514522392094534     
           3           3   58.889727457341827     
           3           4   71.202702652320298     
           3           1   61.540268783788719     
           3           2   36.887845369584504     
           3           3   50.999999999999993     
           3           4   50.187615547711900     
           3           1   54.092778294763342     
           3           2   32.339652751582328     
           3           3   41.641325627314025     
           3           4   47.002424272470222     
           3           1   51.408682586814841     
           3           2   36.180010284347297     
           3           3   38.013155617496423     
           3           4   49.776088844079169     
           3           1   54.200337886191633     
           3           2   46.369528229841052     
           3           3   41.641325627314025     
           3           4   57.654923065927576     
           3           1   61.729252454916377     
           3           2   59.743394215097759     
           3           3   51.000000000000000     
           3           4   68.909515212794744     
           3           1   59.290891854439046     
           3           2   39.999009718232571     
           3           3   48.083261120685229     
           3           4   52.682949577947738     
           3           1   51.519256968246793     
           3           2   35.847744455151059     
           3           3   38.013155617496423     
           3           4   49.658073959397058     
           3           1   48.693509015326732     
           3           2   39.347182702251544     
           3           3   34.000000000000000     
           3           4   52.291064652398433     
           3           1   51.632177969665058     
           3           2   48.880883693801131     
           3           3   38.013155617496423     
           3           4   59.839673926298076     
           3           1   59.487021975861474     
           3           2   61.712890021205972     
           3           3   48.083261120685229     
           3           4   70.747563270617619     
           3           1   61.819212481304000     
           3           2   49.164300268265293     
           3           3   50.999999999999993     
           3           4   60.084853316790536     
           3           1   54.409916499421975     
           3           2   45.850500814611614     
           3           3   41.641325627314025     
           3           4   57.451028983166168     
           3           1   51.742274738742708     
           3           2   48.635464725169946     
           3           3   38.013155617496423     
           3           4   59.741542199285107     
           3           1   54.516850393295762     
           3           2   56.626393432001301     
           3           3   41.641325627314025     
           3           4   66.449100802594231     
           3           1   62.007346004086095     
           3           2   68.012413846285085     
           3           3   51.000000000000000     
           3           4   76.419330869863629     
           3           1   68.598981090993163     
           3           2   61.744117641254192     
           3           3   58.889727457341827     
           3           4   70.872321959760043     
           3           1   62.005194850011549     
           3           2   59.139462860086809     
           3           3   51.000000000000000     
           3           4   68.653602622821253     
           3           1   59.678037585474932     
           3           2   61.323862170138440     
           3           3   48.083261120685229     
           3           4   70.581501019860823     
           3           1   62.099051133804117     
           3           2   67.836244556613593     
           3           3   51.000000000000000     
           3           4   76.342513839544083     
           3           1   68.768569371365274     
           3           2   77.594433303087129     
           3           3   58.889727457341827     
           3           4   85.162260141833613     
           4           1   77.589956903505865     
           4           2   68.765554299334227     
           4           3   85.162260141833613     
           4           4   58.889727457341827     
           4           1   67.835051859853337     
           4           2   62.100002649378915     
           4           3   76.342513839544083     
           4           4   51.000000000000000     
           4           1   61.326887328235465     
           4           2   59.683491855043584     
           4           3   70.581501019860823     
           4           4   48.083261120685229     
           4           1   59.147104391603001     
           4           2   62.014740755478762     
           4           3   68.653602622821253     
           4           4   51.000000000000000     
           4           1   61.755751201424779     
           4           2   68.611492783114883     
           4           3   70.872321959760043     
           4           4   58.889727457341827     
           4           1   68.005221603448007     
           4           2   62.001715126727902     
           4           3   76.419330869863629     
           4           4   51.000000000000000     
           4           1   56.622460330465749     
           4           2   54.515333160626511     
           4           3   66.449100802594231     
           4           4   41.641325627314025     
           4           1   48.636363581339658     
           4           2   51.745825151139393     
           4           3   59.741542199285107     
           4           4   38.013155617496423     
           4           1   45.857264538536953     
           4           2   54.418188976944791     
           4           3   57.451028983166168     
           4           4   41.641325627314025     
           4           1   49.176026267872167     
           4           2   61.830802699695404     
           4           3   60.084853316790536     
           4           4   51.000000000000000     
           4           1   61.702665407421811     
           4           2   59.478768474281274     
           4           3   70.747563270617619     
           4           4   48.083261120685229     
           4           1   48.873425978964718     
           4           2   51.627829415687629     
           4           3   59.839673926298069     
           4           4   38.013155617496423     
           4           1   39.344689800053558     
           4           2   48.694369706707633     
           4           3   52.291064652398433     
           4           4   34.000000000000000     
           4           1   35.852440140156901     
           4           2   51.525241504448204     
           4           3   49.658073959397058     
           4           4   38.013155617496423     
           4           1   40.009877687199058     
           4           2   59.300585014398443     
           4           3   52.682949577947738     
           4           4   48.083261120685229     
           4           1   59.730458490006789     
           4           2   61.719001286300738     
           4           3   68.909515212794744     
           4           4   51.000000000000000     
           4           1   46.358607830342777     
           4           2   54.193578869978474     
           4           3   57.654923065927569     
           4           4   41.641325627314025     
           4           1   36.173379279638972     
           4           2   51.406739457922853     
           4           3   49.776088844079169     
           4           4   38.013155617496423     
           4           1   32.340473358466937     
           4           2   54.095856889903757     
           4           3   47.002424272470222     
           4           4   41.641325627314025     
           4           1   36.895786556066327     
           4           2   61.547303788314991     
           4           3   50.187615547711900     
           4           4   51.000000000000000     
           4           1   62.499891395686440     
           4           2   68.255009635481173     
           4           3   71.202702652320298     
           4           4   58.889727457341827     
           4           1   49.876139315445158     
           4           2   61.534179212026658     
           4           3   60.377096086764361     
           4           4   51.000000000000000     
           4           1   40.583520319888336     
           4           2   59.094535130213174     
           4           3   52.905222792707448     
           4           4   48.083261120685229     
           4           1   37.207727290119252     
           4           2   61.448132219085259     
           4           3   50.304388134850100     
           4           4   51.000000000000000     
           4           1   41.228725648957187     
           4           2   68.099793128704661     
           4           3   53.292591722464415     
           4           4   58.889727457341827     
           4           1   72.187655279787208     
           4           2   57.984426496536535     
           4           3   77.097257119583603     
           4           4   51.000000000000000     
           4           1   61.582874432219263     
           4           2   49.898923706733726     
           4           3   67.227642545598911     
           4           4   41.641325627314025     
           4           1   54.330868499183595     
           4           2   46.857352230451717     
           4           3   60.606309812712212     
           4           4   38.013155617496423     
           4           1   51.857845312128767     
           4           2   49.792773863350931     
           4           3   58.349752835724097     
           4           4   41.641325627314025     
           4           1   54.814495974675992     
           4           2   57.801636654726217     
           4           3   60.944749756363159     
           4           4   51.000000000000000     
           4           1   61.770270582534806     
           4           2   49.776550068214696     
           4           3   67.314861906532457     
           4           4   41.641325627314025     
           4           1   48.958749742825951     
           4           2   40.067615447536554     
           4           3   55.739209721444482     
           4           4   29.444863728670914     
           4           1   39.450627687297391     
           4           2   36.209428034834445     
           4           3   47.543962468927703     
           4           4   24.041630560342615     
           4           1   35.968665160982148     
           4           2   39.935342111568794     
           4           3   44.631796223347784     
           4           4   29.444863728670917     
           4           1   40.114058907120658     
           4           2   49.563498872922864     
           4           3   47.974640186228356     
           4           4   41.641325627314025     
           4           1   54.754680903880178     
           4           2   46.596310554106324     
           4           3   60.799623449721174     
           4           4   38.013155617496423     
           4           1   39.742520421166496     
           4           2   36.040602495142970     
           4           3   47.667211776057556     
           4           4   24.041630560342615     
           4           1   27.181993634903439     
           4           2   31.695960297348478     
           4           3   37.758865785125955     
           4           4   17.000000000000000     
           4           1   21.823235931204756     
           4           2   35.893492030300926     
           4           3   34.019124213518353     
           4           4   24.041630560342618     
           4           1   28.136212876826932     
           4           2   46.368649334301956     
           4           3   38.299734713577671     
           4           4   38.013155617496423     
           4           1   52.522222286684674     
           4           2   49.423955505563868     
           4           3   58.650641852926334     
           4           4   41.641325627314025     
           4           1   36.605691940912841     
           4           2   39.628730092877589     
           4           3   44.893948998009400     
           4           4   29.444863728670914     
           4           1   22.346577613006122     
           4           2   35.723173427515185     
           4           3   34.191161482340796     
           4           4   24.041630560342615     
           4           1   15.387084829661589     
           4           2   39.494986905815175     
           4           3   30.010071482539665     
           4           4   29.444863728670917     
           4           1   23.497983489999672     
           4           2   49.209377781564136     
           4           3   34.787544570762329     
           4           4   41.641325627314025     
           4           1   55.651528163906619     
           4           2   57.378032367598607     
           4           3   61.328634159685826     
           4           4   51.000000000000000     
           4           1   40.969323103014368     
           4           2   49.192961583293382     
           4           3   48.340151373037912     
           4           4   41.641325627314025     
           4           1   28.946127272232495     
           4           2   46.104840746862621     
           4           3   38.604910330731947     
           4           4   38.013155617496423     
           4           1   23.984810455815097     
           4           2   49.085285078643977     
           4           3   34.955800212832912     
           4           4   41.641325627314025     
           4           1   29.843994054792205     
           4           2   57.193304522556957     
           4           3   39.134087895275201     
           4           4   51.000000000000000     
           4           1   70.568503861842515     
           4           2   50.731508692032932     
           4           3   72.203625658695472     
           4           4   48.083261120685229     
           4           1   59.676683770464130     
           4           2   41.247967769673181     
           4           3   61.554304684048404     
           4           4   38.013155617496423     
           4           1   52.160324331632296     
           4           2   37.511381154073533     
           4           3   54.244827329546347     
           4           4   34.000000000000000     
           4           1   49.579151696274188     
           4           2   41.119491570839834     
           4           3   51.711412269323432     
           4           4   38.013155617496423     
           4           1   52.663888305586241     
           4           2   50.522484677641827     
           4           3   54.622696983612677     
           4           4   48.083261120685229     
           4           1   59.870046687346566     
           4           2   41.099844217844051     
           4           3   61.649550982901552     
           4           4   38.013155617496423     
           4           1   46.538321186804239     
           4           2   28.581568635909996     
           4           3   48.746651200559540     
           4           4   24.041630560342615     
           4           1   36.403409008322939     
           4           2   22.860772879485488     
           4           3   39.112720055560551     
           4           4   17.000000000000000     
           4           1   32.597561810177503     
           4           2   28.395841378723123     
           4           3   35.515823755338744     
           4           4   24.041630560342618     
           4           1   37.121340015002666     
           4           2   40.841555780403247     
           4           3   39.635118315654353     
           4           4   38.013155617496423     
           4           1   52.601627763703597     
           4           2   37.184787417602450     
           4           3   54.460726349597351     
           4           4   34.000000000000000     
           4           1   36.719532839244131     
           4           2   22.592416565088168     
           4           3   39.262444923888303     
           4           4   17.000000000000000     
           4           1   22.532575096367108     
           4           2   14.701229785587854     
           4           3   26.364909411507519     
           4           4   0.0000000000000000     
           4           1   15.655982531113100     
           4           2   22.356990588333680     
           4           3   20.656168936969731     
           4           4   17.000000000000004     
           4           1   23.674936907109462     
           4           2   36.899104313316691     
           4           3   27.133856748134214     
           4           4   34.000000000000000     
           4           1   50.273651115046420     
           4           2   40.672098985096916     
           4           3   52.050689646325303     
           4           4   38.013155617496423     
           4           1   33.299141805435518     
           4           2   27.962984583404300     
           4           3   35.844708947538017     
           4           4   24.041630560342615     
           4           1   16.377597306064118     
           4           2   22.082512940557553     
           4           3   20.938290914240046     
           4           4   17.000000000000000     
           4           1   2.3703464009916475     
           4           2   27.773120975649764     
           4           3   13.037672080742892     
           4           4   24.041630560342618     
           4           1   17.916790745046651     
           4           2   40.411076695458917     
           4           3   21.898624618012384     
           4           4   38.013155617496423     
           4           1   53.534556591827524     
           4           2   50.037294655234490     
           4           3   55.050684562414169     
           4           4   48.083261120685229     
           4           1   38.043942987349233     
           4           2   40.391084751129711     
           4           3   40.076760568514779     
           4           4   38.013155617496423     
           4           1   24.631980159251796     
           4           2   36.567042515510167     
           4           3   27.562938967782383     
           4           4   34.000000000000000     
           4           1   18.550668319682437     
           4           2   40.259874183724335     
           4           3   22.164937884355375     
           4           4   38.013155617496423     
           4           1   25.681124267601000     
           4           2   49.825358405610075     
           4           3   28.299352259247339     
           4           4   48.083261120685229     
           4           1   72.984723742742048     
           4           2   48.612531637504510     
           4           3   71.138878689215161     
           4           4   51.000000000000000     
           4           1   62.515300114015844     
           4           2   38.612007240825520     
           4           3   60.301815296344984     
           4           4   41.641325627314025     
           4           1   55.385517934624069     
           4           2   34.591848376803277     
           4           3   52.819293775192989     
           4           4   38.013155617496423     
           4           1   52.961763994675067     
           4           2   38.474729954632984     
           4           3   50.214008620959319     
           4           4   41.641325627314025     
           4           1   55.860015162625544     
           4           2   48.394356241612698     
           4           3   53.207288303966514     
           4           4   51.000000000000000     
           4           1   62.699909512299534     
           4           2   38.453731324393132     
           4           3   60.399036741418485     
           4           4   41.641325627314025     
           4           1   50.126554852609253     
           4           2   24.625156318829710     
           4           3   47.155195961493526     
           4           4   29.444863728670914     
           4           1   40.890883457474231     
           4           2   17.666555824070063     
           4           3   37.110394406991830     
           4           4   24.041630560342615     
           4           1   37.542738292162909     
           4           2   24.409343818365315     
           4           3   33.297901434146354     
           4           4   29.444863728670917     
           4           1   41.531314053553984     
           4           2   38.177544926322263     
           4           3   37.660577621615971     
           4           4   41.641325627314025     
           4           1   55.801320825736063     
           4           2   34.237416277076896     
           4           3   53.040995630017818     
           4           4   38.013155617496423     
           4           1   41.172566770093660     
           4           2   17.317896647342451     
           4           3   37.268164487927287     
           4           4   24.041630560342615     
           4           1   29.233082337976533     
           4           2   2.3703196506421116     
           4           3   23.291306343244038     
           4           4   17.000000000000000     
           4           1   24.330350419178323     
           4           2   17.009623341050364     
           4           3   16.554570911095084     
           4           4   24.041630560342618     
           4           1   30.122396983990271     
           4           2   33.926923779832897     
           4           3   24.158283981402960     
           4           4   38.013155617496423     
           4           1   53.612462720368491     
           4           2   37.996208941038923     
           4           3   50.563334497992898     
           4           4   41.641325627314025     
           4           1   38.153492729814346     
           4           2   23.904408899809074     
           4           3   33.648471918224665     
           4           4   29.444863728670914     
           4           1   24.800843857116860     
           4           2   16.647211051928682     
           4           3   16.905281107014741     
           4           4   24.041630560342615     
           4           1   18.774309696129613     
           4           2   23.682029194425919     
           4           3   4.1662208514221755     
           4           4   29.444863728670917     
           4           1   25.843133577553665     
           4           2   37.716672410537853     
           4           3   18.081102373983182     
           4           4   41.641325627314025     
           4           1   56.681609998209090     
           4           2   47.887609195410064     
           4           3   53.646569076579986     
           4           4   51.000000000000000     
           4           1   42.357971629082655     
           4           2   37.695251496846488     
           4           3   38.125099876117091     
           4           4   41.641325627314025     
           4           1   30.880262451463498     
           4           2   33.565471192412787     
           4           3   24.639239181426422     
           4           4   38.013155617496423     
           4           1   26.286564203264788     
           4           2   37.554623248368209     
           4           3   18.402743662703514     
           4           4   41.641325627314025     
           4           1   31.723434652531825     
           4           2   47.666115829644262     
           4           3   25.460358229820915     
           4           4   51.000000000000000     
           4           1   79.067224956424681     
           4           2   52.255817764579497     
           4           3   74.068323621212812     
           4           4   58.889727457341827     
           4           1   69.519917367981407     
           4           2   43.108924380029798     
           4           3   63.731353594069759     
           4           4   51.000000000000000     
           4           1   63.185534415656065     
           4           2   39.548555373885812     
           4           3   56.703212411714233     
           4           4   48.083261120685229     
           4           1   61.072126276503198     
           4           2   42.986010551335156     
           4           3   54.284649438709828     
           4           4   51.000000000000000     
           4           1   63.601866768784767     
           4           2   52.052915135251389     
           4           3   57.064805542113731     
           4           4   58.889727457341827     
           4           1   69.685972873714277     
           4           2   42.967216698387368     
           4           3   63.823351073012944     
           4           4   51.000000000000000     
           4           1   58.630432915825693     
           4           2   31.207220026211296     
           4           3   51.468330156171746     
           4           4   41.641325627314025     
           4           1   50.959989329259407     
           4           2   26.069128346044650     
           4           3   42.456541026564246     
           4           4   38.013155617496423     
           4           1   48.314732338897706     
           4           2   31.037208696671385     
           4           3   39.167930029757358     
           4           4   41.641325627314025     
           4           1   51.475297080448435     
           4           2   42.720219974140107     
           4           3   42.938276743386005     
           4           4   51.000000000000000     
           4           1   63.550323118000101     
           4           2   39.238921128994036     
           4           3   56.909785804564500     
           4           4   48.083261120685229     
           4           1   51.186291298972940     
           4           2   25.834120893221812     
           4           3   42.594513580941936     
           4           4   38.013155617496423     
           4           1   42.183281824490706     
           4           2   19.316072926031964     
           4           3   31.110471775154462     
           4           4   34.000000000000000     
           4           1   38.946400527205377     
           4           2   25.628490869381483     
           4           3   26.446744997226364     
           4           4   38.013155617496423     
           4           1   42.804380179680194     
           4           2   38.968300132289009     
           4           3   31.764747564303939     
           4           4   48.083261120685229     
           4           1   61.637264065242164     
           4           2   42.558244229862808     
           4           3   54.607941715960699     
           4           4   51.000000000000000     
           4           1   48.790830798311774     
           4           2   30.641687663815713     
           4           3   39.466392859360688     
           4           4   41.641325627314025     
           4           1   39.242044015705702     
           4           2   25.389405149491417     
           4           3   26.667677668012860     
           4           4   38.013155617496423     
           4           1   35.739765906783425     
           4           2   30.468520883088605     
           4           3   21.041242812169322     
           4           4   41.641325627314025     
           4           1   39.908942802494458     
           4           2   42.308860014911673     
           4           3   27.428138215276345     
           4           4   51.000000000000000     
           4           1   64.324653706759804     
           4           2   51.582122605510207     
           4           3   57.474610712784390     
           4           4   58.889727457341827     
           4           1   52.144548353933068     
           4           2   42.289765232832309     
           4           3   43.346277158041445     
           4           4   51.000000000000000     
           4           1   43.341051805150727     
           4           2   38.654018088760935     
           4           3   32.132049581957595     
           4           4   48.083261120685229     
           4           1   40.197507635646446     
           4           2   42.164463537017077     
           4           3   27.641227852847212     
           4           4   51.000000000000000     
           4           1   43.945790113035279     
           4           2   51.376559405264075     
           4           3   32.765932675397046     
           4           4   58.889727457341827     
   1   2  2.2627
   2   1  2.2627
   3   1  2.3704
   4   2  2.3703
