           4
  0.9107138385080557  0.0305018795697096  0.9994437714122844
  0.0325203969820579  0.0871957155195327  0.0154845937038702
  0.0843697162437447  0.9711047601155693  0.9691459808845621
  0.9723961070896726  0.9111977036187122  0.0159256539992834
           1           1  -1.0892861614919442       -1.9694981204302904       -1.0005562285877156     
           2           2  -1.9674796030179420       -1.9128042844804674       -1.9845154062961299     
           3           3  -1.9156302837562553       -1.0288952398844307       -1.0308540191154378     
           4           4  -1.0276038929103275       -1.0888022963812878       -1.9840743460007166     
           5           1  -1.0892861614919442       -1.9694981204302904       -5.5622858771564587E-004
           6           2  -1.9674796030179420       -1.9128042844804674      -0.98451540629612977     
           7           3  -1.9156302837562553       -1.0288952398844307       -3.0854019115437947E-002
           8           4  -1.0276038929103275       -1.0888022963812878      -0.98407434600071664     
           9           1  -1.0892861614919442       -1.9694981204302904       0.99944377141228435     
          10           2  -1.9674796030179420       -1.9128042844804674        1.5484593703870200E-002
          11           3  -1.9156302837562553       -1.0288952398844307       0.96914598088456205     
          12           4  -1.0276038929103275       -1.0888022963812878        1.5925653999283401E-002
          13           1  -1.0892861614919442       -1.9694981204302904        1.9994437714122844     
          14           2  -1.9674796030179420       -1.9128042844804674        1.0154845937038701     
          15           3  -1.9156302837562553       -1.0288952398844307        1.9691459808845622     
          16           4  -1.0276038929103275       -1.0888022963812878        1.0159256539992834     
          17           1  -1.0892861614919442       -1.9694981204302904        2.9994437714122846     
          18           2  -1.9674796030179420       -1.9128042844804674        2.0154845937038703     
          19           3  -1.9156302837562553       -1.0288952398844307        2.9691459808845622     
          20           4  -1.0276038929103275       -1.0888022963812878        2.0159256539992834     
          21           1  -1.0892861614919442      -0.96949812043029038       -1.0005562285877156     
          22           2  -1.9674796030179420      -0.91280428448046735       -1.9845154062961299     
          23           3  -1.9156302837562553       -2.8895239884430657E-002  -1.0308540191154378     
          24           4  -1.0276038929103275       -8.8802296381287782E-002  -1.9840743460007166     
          25           1  -1.0892861614919442      -0.96949812043029038       -5.5622858771564587E-004
          26           2  -1.9674796030179420      -0.91280428448046735      -0.98451540629612977     
          27           3  -1.9156302837562553       -2.8895239884430657E-002  -3.0854019115437947E-002
          28           4  -1.0276038929103275       -8.8802296381287782E-002 -0.98407434600071664     
          29           1  -1.0892861614919442      -0.96949812043029038       0.99944377141228435     
          30           2  -1.9674796030179420      -0.91280428448046735        1.5484593703870200E-002
          31           3  -1.9156302837562553       -2.8895239884430657E-002  0.96914598088456205     
          32           4  -1.0276038929103275       -8.8802296381287782E-002   1.5925653999283401E-002
          33           1  -1.0892861614919442      -0.96949812043029038        1.9994437714122844     
          34           2  -1.9674796030179420      -0.91280428448046735        1.0154845937038701     
          35           3  -1.9156302837562553       -2.8895239884430657E-002   1.9691459808845622     
          36           4  -1.0276038929103275       -8.8802296381287782E-002   1.0159256539992834     
          37           1  -1.0892861614919442      -0.96949812043029038        2.9994437714122846     
          38           2  -1.9674796030179420      -0.91280428448046735        2.0154845937038703     
          39           3  -1.9156302837562553       -2.8895239884430657E-002   2.9691459808845622     
          40           4  -1.0276038929103275       -8.8802296381287782E-002   2.0159256539992834     
          41           1  -1.0892861614919442        3.0501879569709602E-002  -1.0005562285877156     
          42           2  -1.9674796030179420        8.7195715519532702E-002  -1.9845154062961299     
          43           3  -1.9156302837562553       0.97110476011556934       -1.0308540191154378     
          44           4  -1.0276038929103275       0.91119770361871222       -1.9840743460007166     
          45           1  -1.0892861614919442        3.0501879569709602E-002  -5.5622858771564587E-004
          46           2  -1.9674796030179420        8.7195715519532702E-002 -0.98451540629612977     
          47           3  -1.9156302837562553       0.97110476011556934       -3.0854019115437947E-002
          48           4  -1.0276038929103275       0.91119770361871222      -0.98407434600071664     
          49           1  -1.0892861614919442        3.0501879569709602E-002  0.99944377141228435     
          50           2  -1.9674796030179420        8.7195715519532702E-002   1.5484593703870200E-002
          51           3  -1.9156302837562553       0.97110476011556934       0.96914598088456205     
          52           4  -1.0276038929103275       0.91119770361871222        1.5925653999283401E-002
          53           1  -1.0892861614919442        3.0501879569709602E-002   1.9994437714122844     
          54           2  -1.9674796030179420        8.7195715519532702E-002   1.0154845937038701     
          55           3  -1.9156302837562553       0.97110476011556934        1.9691459808845622     
          56           4  -1.0276038929103275       0.91119770361871222        1.0159256539992834     
          57           1  -1.0892861614919442        3.0501879569709602E-002   2.9994437714122846     
          58           2  -1.9674796030179420        8.7195715519532702E-002   2.0154845937038703     
          59           3  -1.9156302837562553       0.97110476011556934        2.9691459808845622     
          60           4  -1.0276038929103275       0.91119770361871222        2.0159256539992834     
          61           1  -1.0892861614919442        1.0305018795697096       -1.0005562285877156     
          62           2  -1.9674796030179420        1.0871957155195326       -1.9845154062961299     
          63           3  -1.9156302837562553        1.9711047601155693       -1.0308540191154378     
          64           4  -1.0276038929103275        1.9111977036187122       -1.9840743460007166     
          65           1  -1.0892861614919442        1.0305018795697096       -5.5622858771564587E-004
          66           2  -1.9674796030179420        1.0871957155195326      -0.98451540629612977     
          67           3  -1.9156302837562553        1.9711047601155693       -3.0854019115437947E-002
          68           4  -1.0276038929103275        1.9111977036187122      -0.98407434600071664     
          69           1  -1.0892861614919442        1.0305018795697096       0.99944377141228435     
          70           2  -1.9674796030179420        1.0871957155195326        1.5484593703870200E-002
          71           3  -1.9156302837562553        1.9711047601155693       0.96914598088456205     
          72           4  -1.0276038929103275        1.9111977036187122        1.5925653999283401E-002
          73           1  -1.0892861614919442        1.0305018795697096        1.9994437714122844     
          74           2  -1.9674796030179420        1.0871957155195326        1.0154845937038701     
          75           3  -1.9156302837562553        1.9711047601155693        1.9691459808845622     
          76           4  -1.0276038929103275        1.9111977036187122        1.0159256539992834     
          77           1  -1.0892861614919442        1.0305018795697096        2.9994437714122846     
          78           2  -1.9674796030179420        1.0871957155195326        2.0154845937038703     
          79           3  -1.9156302837562553        1.9711047601155693        2.9691459808845622     
          80           4  -1.0276038929103275        1.9111977036187122        2.0159256539992834     
          81           1  -1.0892861614919442        2.0305018795697096       -1.0005562285877156     
          82           2  -1.9674796030179420        2.0871957155195329       -1.9845154062961299     
          83           3  -1.9156302837562553        2.9711047601155691       -1.0308540191154378     
          84           4  -1.0276038929103275        2.9111977036187122       -1.9840743460007166     
          85           1  -1.0892861614919442        2.0305018795697096       -5.5622858771564587E-004
          86           2  -1.9674796030179420        2.0871957155195329      -0.98451540629612977     
          87           3  -1.9156302837562553        2.9711047601155691       -3.0854019115437947E-002
          88           4  -1.0276038929103275        2.9111977036187122      -0.98407434600071664     
          89           1  -1.0892861614919442        2.0305018795697096       0.99944377141228435     
          90           2  -1.9674796030179420        2.0871957155195329        1.5484593703870200E-002
          91           3  -1.9156302837562553        2.9711047601155691       0.96914598088456205     
          92           4  -1.0276038929103275        2.9111977036187122        1.5925653999283401E-002
          93           1  -1.0892861614919442        2.0305018795697096        1.9994437714122844     
          94           2  -1.9674796030179420        2.0871957155195329        1.0154845937038701     
          95           3  -1.9156302837562553        2.9711047601155691        1.9691459808845622     
          96           4  -1.0276038929103275        2.9111977036187122        1.0159256539992834     
          97           1  -1.0892861614919442        2.0305018795697096        2.9994437714122846     
          98           2  -1.9674796030179420        2.0871957155195329        2.0154845937038703     
          99           3  -1.9156302837562553        2.9711047601155691        2.9691459808845622     
         100           4  -1.0276038929103275        2.9111977036187122        2.0159256539992834     
         101           1  -8.9286161491944349E-002  -1.9694981204302904       -1.0005562285877156     
         102           2 -0.96747960301794211       -1.9128042844804674       -1.9845154062961299     
         103           3 -0.91563028375625533       -1.0288952398844307       -1.0308540191154378     
         104           4  -2.7603892910327388E-002  -1.0888022963812878       -1.9840743460007166     
         105           1  -8.9286161491944349E-002  -1.9694981204302904       -5.5622858771564587E-004
         106           2 -0.96747960301794211       -1.9128042844804674      -0.98451540629612977     
         107           3 -0.91563028375625533       -1.0288952398844307       -3.0854019115437947E-002
         108           4  -2.7603892910327388E-002  -1.0888022963812878      -0.98407434600071664     
         109           1  -8.9286161491944349E-002  -1.9694981204302904       0.99944377141228435     
         110           2 -0.96747960301794211       -1.9128042844804674        1.5484593703870200E-002
         111           3 -0.91563028375625533       -1.0288952398844307       0.96914598088456205     
         112           4  -2.7603892910327388E-002  -1.0888022963812878        1.5925653999283401E-002
         113           1  -8.9286161491944349E-002  -1.9694981204302904        1.9994437714122844     
         114           2 -0.96747960301794211       -1.9128042844804674        1.0154845937038701     
         115           3 -0.91563028375625533       -1.0288952398844307        1.9691459808845622     
         116           4  -2.7603892910327388E-002  -1.0888022963812878        1.0159256539992834     
         117           1  -8.9286161491944349E-002  -1.9694981204302904        2.9994437714122846     
         118           2 -0.96747960301794211       -1.9128042844804674        2.0154845937038703     
         119           3 -0.91563028375625533       -1.0288952398844307        2.9691459808845622     
         120           4  -2.7603892910327388E-002  -1.0888022963812878        2.0159256539992834     
         121           1  -8.9286161491944349E-002 -0.96949812043029038       -1.0005562285877156     
         122           2 -0.96747960301794211      -0.91280428448046735       -1.9845154062961299     
         123           3 -0.91563028375625533       -2.8895239884430657E-002  -1.0308540191154378     
         124           4  -2.7603892910327388E-002  -8.8802296381287782E-002  -1.9840743460007166     
         125           1  -8.9286161491944349E-002 -0.96949812043029038       -5.5622858771564587E-004
         126           2 -0.96747960301794211      -0.91280428448046735      -0.98451540629612977     
         127           3 -0.91563028375625533       -2.8895239884430657E-002  -3.0854019115437947E-002
         128           4  -2.7603892910327388E-002  -8.8802296381287782E-002 -0.98407434600071664     
         129           1  -8.9286161491944349E-002 -0.96949812043029038       0.99944377141228435     
         130           2 -0.96747960301794211      -0.91280428448046735        1.5484593703870200E-002
         131           3 -0.91563028375625533       -2.8895239884430657E-002  0.96914598088456205     
         132           4  -2.7603892910327388E-002  -8.8802296381287782E-002   1.5925653999283401E-002
         133           1  -8.9286161491944349E-002 -0.96949812043029038        1.9994437714122844     
         134           2 -0.96747960301794211      -0.91280428448046735        1.0154845937038701     
         135           3 -0.91563028375625533       -2.8895239884430657E-002   1.9691459808845622     
         136           4  -2.7603892910327388E-002  -8.8802296381287782E-002   1.0159256539992834     
         137           1  -8.9286161491944349E-002 -0.96949812043029038        2.9994437714122846     
         138           2 -0.96747960301794211      -0.91280428448046735        2.0154845937038703     
         139           3 -0.91563028375625533       -2.8895239884430657E-002   2.9691459808845622     
         140           4  -2.7603892910327388E-002  -8.8802296381287782E-002   2.0159256539992834     
         141           1  -8.9286161491944349E-002   3.0501879569709602E-002  -1.0005562285877156     
         142           2 -0.96747960301794211        8.7195715519532702E-002  -1.9845154062961299     
         143           3 -0.91563028375625533       0.97110476011556934       -1.0308540191154378     
         144           4  -2.7603892910327388E-002  0.91119770361871222       -1.9840743460007166     
         145           1  -8.9286161491944349E-002   3.0501879569709602E-002  -5.5622858771564587E-004
         146           2 -0.96747960301794211        8.7195715519532702E-002 -0.98451540629612977     
         147           3 -0.91563028375625533       0.97110476011556934       -3.0854019115437947E-002
         148           4  -2.7603892910327388E-002  0.91119770361871222      -0.98407434600071664     
         149           1  -8.9286161491944349E-002   3.0501879569709602E-002  0.99944377141228435     
         150           2 -0.96747960301794211        8.7195715519532702E-002   1.5484593703870200E-002
         151           3 -0.91563028375625533       0.97110476011556934       0.96914598088456205     
         152           4  -2.7603892910327388E-002  0.91119770361871222        1.5925653999283401E-002
         153           1  -8.9286161491944349E-002   3.0501879569709602E-002   1.9994437714122844     
         154           2 -0.96747960301794211        8.7195715519532702E-002   1.0154845937038701     
         155           3 -0.91563028375625533       0.97110476011556934        1.9691459808845622     
         156           4  -2.7603892910327388E-002  0.91119770361871222        1.0159256539992834     
         157           1  -8.9286161491944349E-002   3.0501879569709602E-002   2.9994437714122846     
         158           2 -0.96747960301794211        8.7195715519532702E-002   2.0154845937038703     
         159           3 -0.91563028375625533       0.97110476011556934        2.9691459808845622     
         160           4  -2.7603892910327388E-002  0.91119770361871222        2.0159256539992834     
         161           1  -8.9286161491944349E-002   1.0305018795697096       -1.0005562285877156     
         162           2 -0.96747960301794211        1.0871957155195326       -1.9845154062961299     
         163           3 -0.91563028375625533        1.9711047601155693       -1.0308540191154378     
         164           4  -2.7603892910327388E-002   1.9111977036187122       -1.9840743460007166     
         165           1  -8.9286161491944349E-002   1.0305018795697096       -5.5622858771564587E-004
         166           2 -0.96747960301794211        1.0871957155195326      -0.98451540629612977     
         167           3 -0.91563028375625533        1.9711047601155693       -3.0854019115437947E-002
         168           4  -2.7603892910327388E-002   1.9111977036187122      -0.98407434600071664     
         169           1  -8.9286161491944349E-002   1.0305018795697096       0.99944377141228435     
         170           2 -0.96747960301794211        1.0871957155195326        1.5484593703870200E-002
         171           3 -0.91563028375625533        1.9711047601155693       0.96914598088456205     
         172           4  -2.7603892910327388E-002   1.9111977036187122        1.5925653999283401E-002
         173           1  -8.9286161491944349E-002   1.0305018795697096        1.9994437714122844     
         174           2 -0.96747960301794211        1.0871957155195326        1.0154845937038701     
         175           3 -0.91563028375625533        1.9711047601155693        1.9691459808845622     
         176           4  -2.7603892910327388E-002   1.9111977036187122        1.0159256539992834     
         177           1  -8.9286161491944349E-002   1.0305018795697096        2.9994437714122846     
         178           2 -0.96747960301794211        1.0871957155195326        2.0154845937038703     
         179           3 -0.91563028375625533        1.9711047601155693        2.9691459808845622     
         180           4  -2.7603892910327388E-002   1.9111977036187122        2.0159256539992834     
         181           1  -8.9286161491944349E-002   2.0305018795697096       -1.0005562285877156     
         182           2 -0.96747960301794211        2.0871957155195329       -1.9845154062961299     
         183           3 -0.91563028375625533        2.9711047601155691       -1.0308540191154378     
         184           4  -2.7603892910327388E-002   2.9111977036187122       -1.9840743460007166     
         185           1  -8.9286161491944349E-002   2.0305018795697096       -5.5622858771564587E-004
         186           2 -0.96747960301794211        2.0871957155195329      -0.98451540629612977     
         187           3 -0.91563028375625533        2.9711047601155691       -3.0854019115437947E-002
         188           4  -2.7603892910327388E-002   2.9111977036187122      -0.98407434600071664     
         189           1  -8.9286161491944349E-002   2.0305018795697096       0.99944377141228435     
         190           2 -0.96747960301794211        2.0871957155195329        1.5484593703870200E-002
         191           3 -0.91563028375625533        2.9711047601155691       0.96914598088456205     
         192           4  -2.7603892910327388E-002   2.9111977036187122        1.5925653999283401E-002
         193           1  -8.9286161491944349E-002   2.0305018795697096        1.9994437714122844     
         194           2 -0.96747960301794211        2.0871957155195329        1.0154845937038701     
         195           3 -0.91563028375625533        2.9711047601155691        1.9691459808845622     
         196           4  -2.7603892910327388E-002   2.9111977036187122        1.0159256539992834     
         197           1  -8.9286161491944349E-002   2.0305018795697096        2.9994437714122846     
         198           2 -0.96747960301794211        2.0871957155195329        2.0154845937038703     
         199           3 -0.91563028375625533        2.9711047601155691        2.9691459808845622     
         200           4  -2.7603892910327388E-002   2.9111977036187122        2.0159256539992834     
         201           1  0.91071383850805565       -1.9694981204302904       -1.0005562285877156     
         202           2   3.2520396982057900E-002  -1.9128042844804674       -1.9845154062961299     
         203           3   8.4369716243744702E-002  -1.0288952398844307       -1.0308540191154378     
         204           4  0.97239610708967261       -1.0888022963812878       -1.9840743460007166     
         205           1  0.91071383850805565       -1.9694981204302904       -5.5622858771564587E-004
         206           2   3.2520396982057900E-002  -1.9128042844804674      -0.98451540629612977     
         207           3   8.4369716243744702E-002  -1.0288952398844307       -3.0854019115437947E-002
         208           4  0.97239610708967261       -1.0888022963812878      -0.98407434600071664     
         209           1  0.91071383850805565       -1.9694981204302904       0.99944377141228435     
         210           2   3.2520396982057900E-002  -1.9128042844804674        1.5484593703870200E-002
         211           3   8.4369716243744702E-002  -1.0288952398844307       0.96914598088456205     
         212           4  0.97239610708967261       -1.0888022963812878        1.5925653999283401E-002
         213           1  0.91071383850805565       -1.9694981204302904        1.9994437714122844     
         214           2   3.2520396982057900E-002  -1.9128042844804674        1.0154845937038701     
         215           3   8.4369716243744702E-002  -1.0288952398844307        1.9691459808845622     
         216           4  0.97239610708967261       -1.0888022963812878        1.0159256539992834     
         217           1  0.91071383850805565       -1.9694981204302904        2.9994437714122846     
         218           2   3.2520396982057900E-002  -1.9128042844804674        2.0154845937038703     
         219           3   8.4369716243744702E-002  -1.0288952398844307        2.9691459808845622     
         220           4  0.97239610708967261       -1.0888022963812878        2.0159256539992834     
         221           1  0.91071383850805565      -0.96949812043029038       -1.0005562285877156     
         222           2   3.2520396982057900E-002 -0.91280428448046735       -1.9845154062961299     
         223           3   8.4369716243744702E-002  -2.8895239884430657E-002  -1.0308540191154378     
         224           4  0.97239610708967261       -8.8802296381287782E-002  -1.9840743460007166     
         225           1  0.91071383850805565      -0.96949812043029038       -5.5622858771564587E-004
         226           2   3.2520396982057900E-002 -0.91280428448046735      -0.98451540629612977     
         227           3   8.4369716243744702E-002  -2.8895239884430657E-002  -3.0854019115437947E-002
         228           4  0.97239610708967261       -8.8802296381287782E-002 -0.98407434600071664     
         229           1  0.91071383850805565      -0.96949812043029038       0.99944377141228435     
         230           2   3.2520396982057900E-002 -0.91280428448046735        1.5484593703870200E-002
         231           3   8.4369716243744702E-002  -2.8895239884430657E-002  0.96914598088456205     
         232           4  0.97239610708967261       -8.8802296381287782E-002   1.5925653999283401E-002
         233           1  0.91071383850805565      -0.96949812043029038        1.9994437714122844     
         234           2   3.2520396982057900E-002 -0.91280428448046735        1.0154845937038701     
         235           3   8.4369716243744702E-002  -2.8895239884430657E-002   1.9691459808845622     
         236           4  0.97239610708967261       -8.8802296381287782E-002   1.0159256539992834     
         237           1  0.91071383850805565      -0.96949812043029038        2.9994437714122846     
         238           2   3.2520396982057900E-002 -0.91280428448046735        2.0154845937038703     
         239           3   8.4369716243744702E-002  -2.8895239884430657E-002   2.9691459808845622     
         240           4  0.97239610708967261       -8.8802296381287782E-002   2.0159256539992834     
         241           1  0.91071383850805565        3.0501879569709602E-002  -1.0005562285877156     
         242           2   3.2520396982057900E-002   8.7195715519532702E-002  -1.9845154062961299     
         243           3   8.4369716243744702E-002  0.97110476011556934       -1.0308540191154378     
         244           4  0.97239610708967261       0.91119770361871222       -1.9840743460007166     
         245           1  0.91071383850805565        3.0501879569709602E-002  -5.5622858771564587E-004
         246           2   3.2520396982057900E-002   8.7195715519532702E-002 -0.98451540629612977     
         247           3   8.4369716243744702E-002  0.97110476011556934       -3.0854019115437947E-002
         248           4  0.97239610708967261       0.91119770361871222      -0.98407434600071664     
         249           1  0.91071383850805565        3.0501879569709602E-002  0.99944377141228435     
         250           2   3.2520396982057900E-002   8.7195715519532702E-002   1.5484593703870200E-002
         251           3   8.4369716243744702E-002  0.97110476011556934       0.96914598088456205     
         252           4  0.97239610708967261       0.91119770361871222        1.5925653999283401E-002
         253           1  0.91071383850805565        3.0501879569709602E-002   1.9994437714122844     
         254           2   3.2520396982057900E-002   8.7195715519532702E-002   1.0154845937038701     
         255           3   8.4369716243744702E-002  0.97110476011556934        1.9691459808845622     
         256           4  0.97239610708967261       0.91119770361871222        1.0159256539992834     
         257           1  0.91071383850805565        3.0501879569709602E-002   2.9994437714122846     
         258           2   3.2520396982057900E-002   8.7195715519532702E-002   2.0154845937038703     
         259           3   8.4369716243744702E-002  0.97110476011556934        2.9691459808845622     
         260           4  0.97239610708967261       0.91119770361871222        2.0159256539992834     
         261           1  0.91071383850805565        1.0305018795697096       -1.0005562285877156     
         262           2   3.2520396982057900E-002   1.0871957155195326       -1.9845154062961299     
         263           3   8.4369716243744702E-002   1.9711047601155693       -1.0308540191154378     
         264           4  0.97239610708967261        1.9111977036187122       -1.9840743460007166     
         265           1  0.91071383850805565        1.0305018795697096       -5.5622858771564587E-004
         266           2   3.2520396982057900E-002   1.0871957155195326      -0.98451540629612977     
         267           3   8.4369716243744702E-002   1.9711047601155693       -3.0854019115437947E-002
         268           4  0.97239610708967261        1.9111977036187122      -0.98407434600071664     
         269           1  0.91071383850805565        1.0305018795697096       0.99944377141228435     
         270           2   3.2520396982057900E-002   1.0871957155195326        1.5484593703870200E-002
         271           3   8.4369716243744702E-002   1.9711047601155693       0.96914598088456205     
         272           4  0.97239610708967261        1.9111977036187122        1.5925653999283401E-002
         273           1  0.91071383850805565        1.0305018795697096        1.9994437714122844     
         274           2   3.2520396982057900E-002   1.0871957155195326        1.0154845937038701     
         275           3   8.4369716243744702E-002   1.9711047601155693        1.9691459808845622     
         276           4  0.97239610708967261        1.9111977036187122        1.0159256539992834     
         277           1  0.91071383850805565        1.0305018795697096        2.9994437714122846     
         278           2   3.2520396982057900E-002   1.0871957155195326        2.0154845937038703     
         279           3   8.4369716243744702E-002   1.9711047601155693        2.9691459808845622     
         280           4  0.97239610708967261        1.9111977036187122        2.0159256539992834     
         281           1  0.91071383850805565        2.0305018795697096       -1.0005562285877156     
         282           2   3.2520396982057900E-002   2.0871957155195329       -1.9845154062961299     
         283           3   8.4369716243744702E-002   2.9711047601155691       -1.0308540191154378     
         284           4  0.97239610708967261        2.9111977036187122       -1.9840743460007166     
         285           1  0.91071383850805565        2.0305018795697096       -5.5622858771564587E-004
         286           2   3.2520396982057900E-002   2.0871957155195329      -0.98451540629612977     
         287           3   8.4369716243744702E-002   2.9711047601155691       -3.0854019115437947E-002
         288           4  0.97239610708967261        2.9111977036187122      -0.98407434600071664     
         289           1  0.91071383850805565        2.0305018795697096       0.99944377141228435     
         290           2   3.2520396982057900E-002   2.0871957155195329        1.5484593703870200E-002
         291           3   8.4369716243744702E-002   2.9711047601155691       0.96914598088456205     
         292           4  0.97239610708967261        2.9111977036187122        1.5925653999283401E-002
         293           1  0.91071383850805565        2.0305018795697096        1.9994437714122844     
         294           2   3.2520396982057900E-002   2.0871957155195329        1.0154845937038701     
         295           3   8.4369716243744702E-002   2.9711047601155691        1.9691459808845622     
         296           4  0.97239610708967261        2.9111977036187122        1.0159256539992834     
         297           1  0.91071383850805565        2.0305018795697096        2.9994437714122846     
         298           2   3.2520396982057900E-002   2.0871957155195329        2.0154845937038703     
         299           3   8.4369716243744702E-002   2.9711047601155691        2.9691459808845622     
         300           4  0.97239610708967261        2.9111977036187122        2.0159256539992834     
         301           1   1.9107138385080558       -1.9694981204302904       -1.0005562285877156     
         302           2   1.0325203969820580       -1.9128042844804674       -1.9845154062961299     
         303           3   1.0843697162437447       -1.0288952398844307       -1.0308540191154378     
         304           4   1.9723961070896725       -1.0888022963812878       -1.9840743460007166     
         305           1   1.9107138385080558       -1.9694981204302904       -5.5622858771564587E-004
         306           2   1.0325203969820580       -1.9128042844804674      -0.98451540629612977     
         307           3   1.0843697162437447       -1.0288952398844307       -3.0854019115437947E-002
         308           4   1.9723961070896725       -1.0888022963812878      -0.98407434600071664     
         309           1   1.9107138385080558       -1.9694981204302904       0.99944377141228435     
         310           2   1.0325203969820580       -1.9128042844804674        1.5484593703870200E-002
         311           3   1.0843697162437447       -1.0288952398844307       0.96914598088456205     
         312           4   1.9723961070896725       -1.0888022963812878        1.5925653999283401E-002
         313           1   1.9107138385080558       -1.9694981204302904        1.9994437714122844     
         314           2   1.0325203969820580       -1.9128042844804674        1.0154845937038701     
         315           3   1.0843697162437447       -1.0288952398844307        1.9691459808845622     
         316           4   1.9723961070896725       -1.0888022963812878        1.0159256539992834     
         317           1   1.9107138385080558       -1.9694981204302904        2.9994437714122846     
         318           2   1.0325203969820580       -1.9128042844804674        2.0154845937038703     
         319           3   1.0843697162437447       -1.0288952398844307        2.9691459808845622     
         320           4   1.9723961070896725       -1.0888022963812878        2.0159256539992834     
         321           1   1.9107138385080558      -0.96949812043029038       -1.0005562285877156     
         322           2   1.0325203969820580      -0.91280428448046735       -1.9845154062961299     
         323           3   1.0843697162437447       -2.8895239884430657E-002  -1.0308540191154378     
         324           4   1.9723961070896725       -8.8802296381287782E-002  -1.9840743460007166     
         325           1   1.9107138385080558      -0.96949812043029038       -5.5622858771564587E-004
         326           2   1.0325203969820580      -0.91280428448046735      -0.98451540629612977     
         327           3   1.0843697162437447       -2.8895239884430657E-002  -3.0854019115437947E-002
         328           4   1.9723961070896725       -8.8802296381287782E-002 -0.98407434600071664     
         329           1   1.9107138385080558      -0.96949812043029038       0.99944377141228435     
         330           2   1.0325203969820580      -0.91280428448046735        1.5484593703870200E-002
         331           3   1.0843697162437447       -2.8895239884430657E-002  0.96914598088456205     
         332           4   1.9723961070896725       -8.8802296381287782E-002   1.5925653999283401E-002
         333           1   1.9107138385080558      -0.96949812043029038        1.9994437714122844     
         334           2   1.0325203969820580      -0.91280428448046735        1.0154845937038701     
         335           3   1.0843697162437447       -2.8895239884430657E-002   1.9691459808845622     
         336           4   1.9723961070896725       -8.8802296381287782E-002   1.0159256539992834     
         337           1   1.9107138385080558      -0.96949812043029038        2.9994437714122846     
         338           2   1.0325203969820580      -0.91280428448046735        2.0154845937038703     
         339           3   1.0843697162437447       -2.8895239884430657E-002   2.9691459808845622     
         340           4   1.9723961070896725       -8.8802296381287782E-002   2.0159256539992834     
         341           1   1.9107138385080558        3.0501879569709602E-002  -1.0005562285877156     
         342           2   1.0325203969820580        8.7195715519532702E-002  -1.9845154062961299     
         343           3   1.0843697162437447       0.97110476011556934       -1.0308540191154378     
         344           4   1.9723961070896725       0.91119770361871222       -1.9840743460007166     
         345           1   1.9107138385080558        3.0501879569709602E-002  -5.5622858771564587E-004
         346           2   1.0325203969820580        8.7195715519532702E-002 -0.98451540629612977     
         347           3   1.0843697162437447       0.97110476011556934       -3.0854019115437947E-002
         348           4   1.9723961070896725       0.91119770361871222      -0.98407434600071664     
         349           1   1.9107138385080558        3.0501879569709602E-002  0.99944377141228435     
         350           2   1.0325203969820580        8.7195715519532702E-002   1.5484593703870200E-002
         351           3   1.0843697162437447       0.97110476011556934       0.96914598088456205     
         352           4   1.9723961070896725       0.91119770361871222        1.5925653999283401E-002
         353           1   1.9107138385080558        3.0501879569709602E-002   1.9994437714122844     
         354           2   1.0325203969820580        8.7195715519532702E-002   1.0154845937038701     
         355           3   1.0843697162437447       0.97110476011556934        1.9691459808845622     
         356           4   1.9723961070896725       0.91119770361871222        1.0159256539992834     
         357           1   1.9107138385080558        3.0501879569709602E-002   2.9994437714122846     
         358           2   1.0325203969820580        8.7195715519532702E-002   2.0154845937038703     
         359           3   1.0843697162437447       0.97110476011556934        2.9691459808845622     
         360           4   1.9723961070896725       0.91119770361871222        2.0159256539992834     
         361           1   1.9107138385080558        1.0305018795697096       -1.0005562285877156     
         362           2   1.0325203969820580        1.0871957155195326       -1.9845154062961299     
         363           3   1.0843697162437447        1.9711047601155693       -1.0308540191154378     
         364           4   1.9723961070896725        1.9111977036187122       -1.9840743460007166     
         365           1   1.9107138385080558        1.0305018795697096       -5.5622858771564587E-004
         366           2   1.0325203969820580        1.0871957155195326      -0.98451540629612977     
         367           3   1.0843697162437447        1.9711047601155693       -3.0854019115437947E-002
         368           4   1.9723961070896725        1.9111977036187122      -0.98407434600071664     
         369           1   1.9107138385080558        1.0305018795697096       0.99944377141228435     
         370           2   1.0325203969820580        1.0871957155195326        1.5484593703870200E-002
         371           3   1.0843697162437447        1.9711047601155693       0.96914598088456205     
         372           4   1.9723961070896725        1.9111977036187122        1.5925653999283401E-002
         373           1   1.9107138385080558        1.0305018795697096        1.9994437714122844     
         374           2   1.0325203969820580        1.0871957155195326        1.0154845937038701     
         375           3   1.0843697162437447        1.9711047601155693        1.9691459808845622     
         376           4   1.9723961070896725        1.9111977036187122        1.0159256539992834     
         377           1   1.9107138385080558        1.0305018795697096        2.9994437714122846     
         378           2   1.0325203969820580        1.0871957155195326        2.0154845937038703     
         379           3   1.0843697162437447        1.9711047601155693        2.9691459808845622     
         380           4   1.9723961070896725        1.9111977036187122        2.0159256539992834     
         381           1   1.9107138385080558        2.0305018795697096       -1.0005562285877156     
         382           2   1.0325203969820580        2.0871957155195329       -1.9845154062961299     
         383           3   1.0843697162437447        2.9711047601155691       -1.0308540191154378     
         384           4   1.9723961070896725        2.9111977036187122       -1.9840743460007166     
         385           1   1.9107138385080558        2.0305018795697096       -5.5622858771564587E-004
         386           2   1.0325203969820580        2.0871957155195329      -0.98451540629612977     
         387           3   1.0843697162437447        2.9711047601155691       -3.0854019115437947E-002
         388           4   1.9723961070896725        2.9111977036187122      -0.98407434600071664     
         389           1   1.9107138385080558        2.0305018795697096       0.99944377141228435     
         390           2   1.0325203969820580        2.0871957155195329        1.5484593703870200E-002
         391           3   1.0843697162437447        2.9711047601155691       0.96914598088456205     
         392           4   1.9723961070896725        2.9111977036187122        1.5925653999283401E-002
         393           1   1.9107138385080558        2.0305018795697096        1.9994437714122844     
         394           2   1.0325203969820580        2.0871957155195329        1.0154845937038701     
         395           3   1.0843697162437447        2.9711047601155691        1.9691459808845622     
         396           4   1.9723961070896725        2.9111977036187122        1.0159256539992834     
         397           1   1.9107138385080558        2.0305018795697096        2.9994437714122846     
         398           2   1.0325203969820580        2.0871957155195329        2.0154845937038703     
         399           3   1.0843697162437447        2.9711047601155691        2.9691459808845622     
         400           4   1.9723961070896725        2.9111977036187122        2.0159256539992834     
         401           1   2.9107138385080558       -1.9694981204302904       -1.0005562285877156     
         402           2   2.0325203969820578       -1.9128042844804674       -1.9845154062961299     
         403           3   2.0843697162437449       -1.0288952398844307       -1.0308540191154378     
         404           4   2.9723961070896725       -1.0888022963812878       -1.9840743460007166     
         405           1   2.9107138385080558       -1.9694981204302904       -5.5622858771564587E-004
         406           2   2.0325203969820578       -1.9128042844804674      -0.98451540629612977     
         407           3   2.0843697162437449       -1.0288952398844307       -3.0854019115437947E-002
         408           4   2.9723961070896725       -1.0888022963812878      -0.98407434600071664     
         409           1   2.9107138385080558       -1.9694981204302904       0.99944377141228435     
         410           2   2.0325203969820578       -1.9128042844804674        1.5484593703870200E-002
         411           3   2.0843697162437449       -1.0288952398844307       0.96914598088456205     
         412           4   2.9723961070896725       -1.0888022963812878        1.5925653999283401E-002
         413           1   2.9107138385080558       -1.9694981204302904        1.9994437714122844     
         414           2   2.0325203969820578       -1.9128042844804674        1.0154845937038701     
         415           3   2.0843697162437449       -1.0288952398844307        1.9691459808845622     
         416           4   2.9723961070896725       -1.0888022963812878        1.0159256539992834     
         417           1   2.9107138385080558       -1.9694981204302904        2.9994437714122846     
         418           2   2.0325203969820578       -1.9128042844804674        2.0154845937038703     
         419           3   2.0843697162437449       -1.0288952398844307        2.9691459808845622     
         420           4   2.9723961070896725       -1.0888022963812878        2.0159256539992834     
         421           1   2.9107138385080558      -0.96949812043029038       -1.0005562285877156     
         422           2   2.0325203969820578      -0.91280428448046735       -1.9845154062961299     
         423           3   2.0843697162437449       -2.8895239884430657E-002  -1.0308540191154378     
         424           4   2.9723961070896725       -8.8802296381287782E-002  -1.9840743460007166     
         425           1   2.9107138385080558      -0.96949812043029038       -5.5622858771564587E-004
         426           2   2.0325203969820578      -0.91280428448046735      -0.98451540629612977     
         427           3   2.0843697162437449       -2.8895239884430657E-002  -3.0854019115437947E-002
         428           4   2.9723961070896725       -8.8802296381287782E-002 -0.98407434600071664     
         429           1   2.9107138385080558      -0.96949812043029038       0.99944377141228435     
         430           2   2.0325203969820578      -0.91280428448046735        1.5484593703870200E-002
         431           3   2.0843697162437449       -2.8895239884430657E-002  0.96914598088456205     
         432           4   2.9723961070896725       -8.8802296381287782E-002   1.5925653999283401E-002
         433           1   2.9107138385080558      -0.96949812043029038        1.9994437714122844     
         434           2   2.0325203969820578      -0.91280428448046735        1.0154845937038701     
         435           3   2.0843697162437449       -2.8895239884430657E-002   1.9691459808845622     
         436           4   2.9723961070896725       -8.8802296381287782E-002   1.0159256539992834     
         437           1   2.9107138385080558      -0.96949812043029038        2.9994437714122846     
         438           2   2.0325203969820578      -0.91280428448046735        2.0154845937038703     
         439           3   2.0843697162437449       -2.8895239884430657E-002   2.9691459808845622     
         440           4   2.9723961070896725       -8.8802296381287782E-002   2.0159256539992834     
         441           1   2.9107138385080558        3.0501879569709602E-002  -1.0005562285877156     
         442           2   2.0325203969820578        8.7195715519532702E-002  -1.9845154062961299     
         443           3   2.0843697162437449       0.97110476011556934       -1.0308540191154378     
         444           4   2.9723961070896725       0.91119770361871222       -1.9840743460007166     
         445           1   2.9107138385080558        3.0501879569709602E-002  -5.5622858771564587E-004
         446           2   2.0325203969820578        8.7195715519532702E-002 -0.98451540629612977     
         447           3   2.0843697162437449       0.97110476011556934       -3.0854019115437947E-002
         448           4   2.9723961070896725       0.91119770361871222      -0.98407434600071664     
         449           1   2.9107138385080558        3.0501879569709602E-002  0.99944377141228435     
         450           2   2.0325203969820578        8.7195715519532702E-002   1.5484593703870200E-002
         451           3   2.0843697162437449       0.97110476011556934       0.96914598088456205     
         452           4   2.9723961070896725       0.91119770361871222        1.5925653999283401E-002
         453           1   2.9107138385080558        3.0501879569709602E-002   1.9994437714122844     
         454           2   2.0325203969820578        8.7195715519532702E-002   1.0154845937038701     
         455           3   2.0843697162437449       0.97110476011556934        1.9691459808845622     
         456           4   2.9723961070896725       0.91119770361871222        1.0159256539992834     
         457           1   2.9107138385080558        3.0501879569709602E-002   2.9994437714122846     
         458           2   2.0325203969820578        8.7195715519532702E-002   2.0154845937038703     
         459           3   2.0843697162437449       0.97110476011556934        2.9691459808845622     
         460           4   2.9723961070896725       0.91119770361871222        2.0159256539992834     
         461           1   2.9107138385080558        1.0305018795697096       -1.0005562285877156     
         462           2   2.0325203969820578        1.0871957155195326       -1.9845154062961299     
         463           3   2.0843697162437449        1.9711047601155693       -1.0308540191154378     
         464           4   2.9723961070896725        1.9111977036187122       -1.9840743460007166     
         465           1   2.9107138385080558        1.0305018795697096       -5.5622858771564587E-004
         466           2   2.0325203969820578        1.0871957155195326      -0.98451540629612977     
         467           3   2.0843697162437449        1.9711047601155693       -3.0854019115437947E-002
         468           4   2.9723961070896725        1.9111977036187122      -0.98407434600071664     
         469           1   2.9107138385080558        1.0305018795697096       0.99944377141228435     
         470           2   2.0325203969820578        1.0871957155195326        1.5484593703870200E-002
         471           3   2.0843697162437449        1.9711047601155693       0.96914598088456205     
         472           4   2.9723961070896725        1.9111977036187122        1.5925653999283401E-002
         473           1   2.9107138385080558        1.0305018795697096        1.9994437714122844     
         474           2   2.0325203969820578        1.0871957155195326        1.0154845937038701     
         475           3   2.0843697162437449        1.9711047601155693        1.9691459808845622     
         476           4   2.9723961070896725        1.9111977036187122        1.0159256539992834     
         477           1   2.9107138385080558        1.0305018795697096        2.9994437714122846     
         478           2   2.0325203969820578        1.0871957155195326        2.0154845937038703     
         479           3   2.0843697162437449        1.9711047601155693        2.9691459808845622     
         480           4   2.9723961070896725        1.9111977036187122        2.0159256539992834     
         481           1   2.9107138385080558        2.0305018795697096       -1.0005562285877156     
         482           2   2.0325203969820578        2.0871957155195329       -1.9845154062961299     
         483           3   2.0843697162437449        2.9711047601155691       -1.0308540191154378     
         484           4   2.9723961070896725        2.9111977036187122       -1.9840743460007166     
         485           1   2.9107138385080558        2.0305018795697096       -5.5622858771564587E-004
         486           2   2.0325203969820578        2.0871957155195329      -0.98451540629612977     
         487           3   2.0843697162437449        2.9711047601155691       -3.0854019115437947E-002
         488           4   2.9723961070896725        2.9111977036187122      -0.98407434600071664     
         489           1   2.9107138385080558        2.0305018795697096       0.99944377141228435     
         490           2   2.0325203969820578        2.0871957155195329        1.5484593703870200E-002
         491           3   2.0843697162437449        2.9711047601155691       0.96914598088456205     
         492           4   2.9723961070896725        2.9111977036187122        1.5925653999283401E-002
         493           1   2.9107138385080558        2.0305018795697096        1.9994437714122844     
         494           2   2.0325203969820578        2.0871957155195329        1.0154845937038701     
         495           3   2.0843697162437449        2.9711047601155691        1.9691459808845622     
         496           4   2.9723961070896725        2.9111977036187122        1.0159256539992834     
         497           1   2.9107138385080558        2.0305018795697096        2.9994437714122846     
         498           2   2.0325203969820578        2.0871957155195329        2.0154845937038703     
         499           3   2.0843697162437449        2.9711047601155691        2.9691459808845622     
         500           4   2.9723961070896725        2.9111977036187122        2.0159256539992834     
         500
   15.482135254636946       0.51853195268506325        16.990544114008834     
  0.55284674869498429        1.4823271638320559       0.26323809296579337     
   1.4342851761436599        16.508780921964679        16.475481675037553     
   16.530733820524436        15.490360961518107       0.27073611798781783     
  -18.517864745363052       -33.481468047314934       -17.009455885991166     
  -33.447153251305011       -32.517672836167947       -33.736761907034207     
  -32.565714823856339       -17.491219078035321       -17.524518324962443     
  -17.469266179475568       -18.509639038481893       -33.729263882012184     
  -18.517864745363052       -33.481468047314934       -9.4558859911659798E-003
  -33.447153251305011       -32.517672836167947       -16.736761907034207     
  -32.565714823856339       -17.491219078035321      -0.52451832496244510     
  -17.469266179475568       -18.509639038481893       -16.729263882012184     
  -18.517864745363052       -33.481468047314934        16.990544114008834     
  -33.447153251305011       -32.517672836167947       0.26323809296579337     
  -32.565714823856339       -17.491219078035321        16.475481675037553     
  -17.469266179475568       -18.509639038481893       0.27073611798781783     
  -18.517864745363052       -33.481468047314934        33.990544114008834     
  -33.447153251305011       -32.517672836167947        17.263238092965793     
  -32.565714823856339       -17.491219078035321        33.475481675037557     
  -17.469266179475568       -18.509639038481893        17.270736117987816     
  -18.517864745363052       -33.481468047314934        50.990544114008841     
  -33.447153251305011       -32.517672836167947        34.263238092965793     
  -32.565714823856339       -17.491219078035321        50.475481675037557     
  -17.469266179475568       -18.509639038481893        34.270736117987816     
  -18.517864745363052       -16.481468047314937       -17.009455885991166     
  -33.447153251305011       -15.517672836167945       -33.736761907034207     
  -32.565714823856339      -0.49121907803532117       -17.524518324962443     
  -17.469266179475568       -1.5096390384818923       -33.729263882012184     
  -18.517864745363052       -16.481468047314937       -9.4558859911659798E-003
  -33.447153251305011       -15.517672836167945       -16.736761907034207     
  -32.565714823856339      -0.49121907803532117      -0.52451832496244510     
  -17.469266179475568       -1.5096390384818923       -16.729263882012184     
  -18.517864745363052       -16.481468047314937        16.990544114008834     
  -33.447153251305011       -15.517672836167945       0.26323809296579337     
  -32.565714823856339      -0.49121907803532117        16.475481675037553     
  -17.469266179475568       -1.5096390384818923       0.27073611798781783     
  -18.517864745363052       -16.481468047314937        33.990544114008834     
  -33.447153251305011       -15.517672836167945        17.263238092965793     
  -32.565714823856339      -0.49121907803532117        33.475481675037557     
  -17.469266179475568       -1.5096390384818923        17.270736117987816     
  -18.517864745363052       -16.481468047314937        50.990544114008841     
  -33.447153251305011       -15.517672836167945        34.263238092965793     
  -32.565714823856339      -0.49121907803532117        50.475481675037557     
  -17.469266179475568       -1.5096390384818923        34.270736117987816     
  -18.517864745363052       0.51853195268506325       -17.009455885991166     
  -33.447153251305011        1.4823271638320559       -33.736761907034207     
  -32.565714823856339        16.508780921964679       -17.524518324962443     
  -17.469266179475568        15.490360961518107       -33.729263882012184     
  -18.517864745363052       0.51853195268506325       -9.4558859911659798E-003
  -33.447153251305011        1.4823271638320559       -16.736761907034207     
  -32.565714823856339        16.508780921964679      -0.52451832496244510     
  -17.469266179475568        15.490360961518107       -16.729263882012184     
  -18.517864745363052       0.51853195268506325        16.990544114008834     
  -33.447153251305011        1.4823271638320559       0.26323809296579337     
  -32.565714823856339        16.508780921964679        16.475481675037553     
  -17.469266179475568        15.490360961518107       0.27073611798781783     
  -18.517864745363052       0.51853195268506325        33.990544114008834     
  -33.447153251305011        1.4823271638320559        17.263238092965793     
  -32.565714823856339        16.508780921964679        33.475481675037557     
  -17.469266179475568        15.490360961518107        17.270736117987816     
  -18.517864745363052       0.51853195268506325        50.990544114008841     
  -33.447153251305011        1.4823271638320559        34.263238092965793     
  -32.565714823856339        16.508780921964679        50.475481675037557     
  -17.469266179475568        15.490360961518107        34.270736117987816     
  -18.517864745363052        17.518531952685063       -17.009455885991166     
  -33.447153251305011        18.482327163832053       -33.736761907034207     
  -32.565714823856339        33.508780921964679       -17.524518324962443     
  -17.469266179475568        32.490360961518107       -33.729263882012184     
  -18.517864745363052        17.518531952685063       -9.4558859911659798E-003
  -33.447153251305011        18.482327163832053       -16.736761907034207     
  -32.565714823856339        33.508780921964679      -0.52451832496244510     
  -17.469266179475568        32.490360961518107       -16.729263882012184     
  -18.517864745363052        17.518531952685063        16.990544114008834     
  -33.447153251305011        18.482327163832053       0.26323809296579337     
  -32.565714823856339        33.508780921964679        16.475481675037553     
  -17.469266179475568        32.490360961518107       0.27073611798781783     
  -18.517864745363052        17.518531952685063        33.990544114008834     
  -33.447153251305011        18.482327163832053        17.263238092965793     
  -32.565714823856339        33.508780921964679        33.475481675037557     
  -17.469266179475568        32.490360961518107        17.270736117987816     
  -18.517864745363052        17.518531952685063        50.990544114008841     
  -33.447153251305011        18.482327163832053        34.263238092965793     
  -32.565714823856339        33.508780921964679        50.475481675037557     
  -17.469266179475568        32.490360961518107        34.270736117987816     
  -18.517864745363052        34.518531952685066       -17.009455885991166     
  -33.447153251305011        35.482327163832061       -33.736761907034207     
  -32.565714823856339        50.508780921964672       -17.524518324962443     
  -17.469266179475568        49.490360961518107       -33.729263882012184     
  -18.517864745363052        34.518531952685066       -9.4558859911659798E-003
  -33.447153251305011        35.482327163832061       -16.736761907034207     
  -32.565714823856339        50.508780921964672      -0.52451832496244510     
  -17.469266179475568        49.490360961518107       -16.729263882012184     
  -18.517864745363052        34.518531952685066        16.990544114008834     
  -33.447153251305011        35.482327163832061       0.26323809296579337     
  -32.565714823856339        50.508780921964672        16.475481675037553     
  -17.469266179475568        49.490360961518107       0.27073611798781783     
  -18.517864745363052        34.518531952685066        33.990544114008834     
  -33.447153251305011        35.482327163832061        17.263238092965793     
  -32.565714823856339        50.508780921964672        33.475481675037557     
  -17.469266179475568        49.490360961518107        17.270736117987816     
  -18.517864745363052        34.518531952685066        50.990544114008841     
  -33.447153251305011        35.482327163832061        34.263238092965793     
  -32.565714823856339        50.508780921964672        50.475481675037557     
  -17.469266179475568        49.490360961518107        34.270736117987816     
  -1.5178647453630538       -33.481468047314934       -17.009455885991166     
  -16.447153251305014       -32.517672836167947       -33.736761907034207     
  -15.565714823856341       -17.491219078035321       -17.524518324962443     
 -0.46926617947556559       -18.509639038481893       -33.729263882012184     
  -1.5178647453630538       -33.481468047314934       -9.4558859911659798E-003
  -16.447153251305014       -32.517672836167947       -16.736761907034207     
  -15.565714823856341       -17.491219078035321      -0.52451832496244510     
 -0.46926617947556559       -18.509639038481893       -16.729263882012184     
  -1.5178647453630538       -33.481468047314934        16.990544114008834     
  -16.447153251305014       -32.517672836167947       0.26323809296579337     
  -15.565714823856341       -17.491219078035321        16.475481675037553     
 -0.46926617947556559       -18.509639038481893       0.27073611798781783     
  -1.5178647453630538       -33.481468047314934        33.990544114008834     
  -16.447153251305014       -32.517672836167947        17.263238092965793     
  -15.565714823856341       -17.491219078035321        33.475481675037557     
 -0.46926617947556559       -18.509639038481893        17.270736117987816     
  -1.5178647453630538       -33.481468047314934        50.990544114008841     
  -16.447153251305014       -32.517672836167947        34.263238092965793     
  -15.565714823856341       -17.491219078035321        50.475481675037557     
 -0.46926617947556559       -18.509639038481893        34.270736117987816     
  -1.5178647453630538       -16.481468047314937       -17.009455885991166     
  -16.447153251305014       -15.517672836167945       -33.736761907034207     
  -15.565714823856341      -0.49121907803532117       -17.524518324962443     
 -0.46926617947556559       -1.5096390384818923       -33.729263882012184     
  -1.5178647453630538       -16.481468047314937       -9.4558859911659798E-003
  -16.447153251305014       -15.517672836167945       -16.736761907034207     
  -15.565714823856341      -0.49121907803532117      -0.52451832496244510     
 -0.46926617947556559       -1.5096390384818923       -16.729263882012184     
  -1.5178647453630538       -16.481468047314937        16.990544114008834     
  -16.447153251305014       -15.517672836167945       0.26323809296579337     
  -15.565714823856341      -0.49121907803532117        16.475481675037553     
 -0.46926617947556559       -1.5096390384818923       0.27073611798781783     
  -1.5178647453630538       -16.481468047314937        33.990544114008834     
  -16.447153251305014       -15.517672836167945        17.263238092965793     
  -15.565714823856341      -0.49121907803532117        33.475481675037557     
 -0.46926617947556559       -1.5096390384818923        17.270736117987816     
  -1.5178647453630538       -16.481468047314937        50.990544114008841     
  -16.447153251305014       -15.517672836167945        34.263238092965793     
  -15.565714823856341      -0.49121907803532117        50.475481675037557     
 -0.46926617947556559       -1.5096390384818923        34.270736117987816     
  -1.5178647453630538       0.51853195268506325       -17.009455885991166     
  -16.447153251305014        1.4823271638320559       -33.736761907034207     
  -15.565714823856341        16.508780921964679       -17.524518324962443     
 -0.46926617947556559        15.490360961518107       -33.729263882012184     
  -1.5178647453630538       0.51853195268506325       -9.4558859911659798E-003
  -16.447153251305014        1.4823271638320559       -16.736761907034207     
  -15.565714823856341        16.508780921964679      -0.52451832496244510     
 -0.46926617947556559        15.490360961518107       -16.729263882012184     
  -1.5178647453630538       0.51853195268506325        16.990544114008834     
  -16.447153251305014        1.4823271638320559       0.26323809296579337     
  -15.565714823856341        16.508780921964679        16.475481675037553     
 -0.46926617947556559        15.490360961518107       0.27073611798781783     
  -1.5178647453630538       0.51853195268506325        33.990544114008834     
  -16.447153251305014        1.4823271638320559        17.263238092965793     
  -15.565714823856341        16.508780921964679        33.475481675037557     
 -0.46926617947556559        15.490360961518107        17.270736117987816     
  -1.5178647453630538       0.51853195268506325        50.990544114008841     
  -16.447153251305014        1.4823271638320559        34.263238092965793     
  -15.565714823856341        16.508780921964679        50.475481675037557     
 -0.46926617947556559        15.490360961518107        34.270736117987816     
  -1.5178647453630538        17.518531952685063       -17.009455885991166     
  -16.447153251305014        18.482327163832053       -33.736761907034207     
  -15.565714823856341        33.508780921964679       -17.524518324962443     
 -0.46926617947556559        32.490360961518107       -33.729263882012184     
  -1.5178647453630538        17.518531952685063       -9.4558859911659798E-003
  -16.447153251305014        18.482327163832053       -16.736761907034207     
  -15.565714823856341        33.508780921964679      -0.52451832496244510     
 -0.46926617947556559        32.490360961518107       -16.729263882012184     
  -1.5178647453630538        17.518531952685063        16.990544114008834     
  -16.447153251305014        18.482327163832053       0.26323809296579337     
  -15.565714823856341        33.508780921964679        16.475481675037553     
 -0.46926617947556559        32.490360961518107       0.27073611798781783     
  -1.5178647453630538        17.518531952685063        33.990544114008834     
  -16.447153251305014        18.482327163832053        17.263238092965793     
  -15.565714823856341        33.508780921964679        33.475481675037557     
 -0.46926617947556559        32.490360961518107        17.270736117987816     
  -1.5178647453630538        17.518531952685063        50.990544114008841     
  -16.447153251305014        18.482327163832053        34.263238092965793     
  -15.565714823856341        33.508780921964679        50.475481675037557     
 -0.46926617947556559        32.490360961518107        34.270736117987816     
  -1.5178647453630538        34.518531952685066       -17.009455885991166     
  -16.447153251305014        35.482327163832061       -33.736761907034207     
  -15.565714823856341        50.508780921964672       -17.524518324962443     
 -0.46926617947556559        49.490360961518107       -33.729263882012184     
  -1.5178647453630538        34.518531952685066       -9.4558859911659798E-003
  -16.447153251305014        35.482327163832061       -16.736761907034207     
  -15.565714823856341        50.508780921964672      -0.52451832496244510     
 -0.46926617947556559        49.490360961518107       -16.729263882012184     
  -1.5178647453630538        34.518531952685066        16.990544114008834     
  -16.447153251305014        35.482327163832061       0.26323809296579337     
  -15.565714823856341        50.508780921964672        16.475481675037553     
 -0.46926617947556559        49.490360961518107       0.27073611798781783     
  -1.5178647453630538        34.518531952685066        33.990544114008834     
  -16.447153251305014        35.482327163832061        17.263238092965793     
  -15.565714823856341        50.508780921964672        33.475481675037557     
 -0.46926617947556559        49.490360961518107        17.270736117987816     
  -1.5178647453630538        34.518531952685066        50.990544114008841     
  -16.447153251305014        35.482327163832061        34.263238092965793     
  -15.565714823856341        50.508780921964672        50.475481675037557     
 -0.46926617947556559        49.490360961518107        34.270736117987816     
   15.482135254636946       -33.481468047314934       -17.009455885991166     
  0.55284674869498429       -32.517672836167947       -33.736761907034207     
   1.4342851761436599       -17.491219078035321       -17.524518324962443     
   16.530733820524436       -18.509639038481893       -33.729263882012184     
   15.482135254636946       -33.481468047314934       -9.4558859911659798E-003
  0.55284674869498429       -32.517672836167947       -16.736761907034207     
   1.4342851761436599       -17.491219078035321      -0.52451832496244510     
   16.530733820524436       -18.509639038481893       -16.729263882012184     
   15.482135254636946       -33.481468047314934        16.990544114008834     
  0.55284674869498429       -32.517672836167947       0.26323809296579337     
   1.4342851761436599       -17.491219078035321        16.475481675037553     
   16.530733820524436       -18.509639038481893       0.27073611798781783     
   15.482135254636946       -33.481468047314934        33.990544114008834     
  0.55284674869498429       -32.517672836167947        17.263238092965793     
   1.4342851761436599       -17.491219078035321        33.475481675037557     
   16.530733820524436       -18.509639038481893        17.270736117987816     
   15.482135254636946       -33.481468047314934        50.990544114008841     
  0.55284674869498429       -32.517672836167947        34.263238092965793     
   1.4342851761436599       -17.491219078035321        50.475481675037557     
   16.530733820524436       -18.509639038481893        34.270736117987816     
   15.482135254636946       -16.481468047314937       -17.009455885991166     
  0.55284674869498429       -15.517672836167945       -33.736761907034207     
   1.4342851761436599      -0.49121907803532117       -17.524518324962443     
   16.530733820524436       -1.5096390384818923       -33.729263882012184     
   15.482135254636946       -16.481468047314937       -9.4558859911659798E-003
  0.55284674869498429       -15.517672836167945       -16.736761907034207     
   1.4342851761436599      -0.49121907803532117      -0.52451832496244510     
   16.530733820524436       -1.5096390384818923       -16.729263882012184     
   15.482135254636946       -16.481468047314937        16.990544114008834     
  0.55284674869498429       -15.517672836167945       0.26323809296579337     
   1.4342851761436599      -0.49121907803532117        16.475481675037553     
   16.530733820524436       -1.5096390384818923       0.27073611798781783     
   15.482135254636946       -16.481468047314937        33.990544114008834     
  0.55284674869498429       -15.517672836167945        17.263238092965793     
   1.4342851761436599      -0.49121907803532117        33.475481675037557     
   16.530733820524436       -1.5096390384818923        17.270736117987816     
   15.482135254636946       -16.481468047314937        50.990544114008841     
  0.55284674869498429       -15.517672836167945        34.263238092965793     
   1.4342851761436599      -0.49121907803532117        50.475481675037557     
   16.530733820524436       -1.5096390384818923        34.270736117987816     
   15.482135254636946       0.51853195268506325       -17.009455885991166     
  0.55284674869498429        1.4823271638320559       -33.736761907034207     
   1.4342851761436599        16.508780921964679       -17.524518324962443     
   16.530733820524436        15.490360961518107       -33.729263882012184     
   15.482135254636946       0.51853195268506325       -9.4558859911659798E-003
  0.55284674869498429        1.4823271638320559       -16.736761907034207     
   1.4342851761436599        16.508780921964679      -0.52451832496244510     
   16.530733820524436        15.490360961518107       -16.729263882012184     
   15.482135254636946       0.51853195268506325        16.990544114008834     
  0.55284674869498429        1.4823271638320559       0.26323809296579337     
   1.4342851761436599        16.508780921964679        16.475481675037553     
   16.530733820524436        15.490360961518107       0.27073611798781783     
   15.482135254636946       0.51853195268506325        33.990544114008834     
  0.55284674869498429        1.4823271638320559        17.263238092965793     
   1.4342851761436599        16.508780921964679        33.475481675037557     
   16.530733820524436        15.490360961518107        17.270736117987816     
   15.482135254636946       0.51853195268506325        50.990544114008841     
  0.55284674869498429        1.4823271638320559        34.263238092965793     
   1.4342851761436599        16.508780921964679        50.475481675037557     
   16.530733820524436        15.490360961518107        34.270736117987816     
   15.482135254636946        17.518531952685063       -17.009455885991166     
  0.55284674869498429        18.482327163832053       -33.736761907034207     
   1.4342851761436599        33.508780921964679       -17.524518324962443     
   16.530733820524436        32.490360961518107       -33.729263882012184     
   15.482135254636946        17.518531952685063       -9.4558859911659798E-003
  0.55284674869498429        18.482327163832053       -16.736761907034207     
   1.4342851761436599        33.508780921964679      -0.52451832496244510     
   16.530733820524436        32.490360961518107       -16.729263882012184     
   15.482135254636946        17.518531952685063        16.990544114008834     
  0.55284674869498429        18.482327163832053       0.26323809296579337     
   1.4342851761436599        33.508780921964679        16.475481675037553     
   16.530733820524436        32.490360961518107       0.27073611798781783     
   15.482135254636946        17.518531952685063        33.990544114008834     
  0.55284674869498429        18.482327163832053        17.263238092965793     
   1.4342851761436599        33.508780921964679        33.475481675037557     
   16.530733820524436        32.490360961518107        17.270736117987816     
   15.482135254636946        17.518531952685063        50.990544114008841     
  0.55284674869498429        18.482327163832053        34.263238092965793     
   1.4342851761436599        33.508780921964679        50.475481675037557     
   16.530733820524436        32.490360961518107        34.270736117987816     
   15.482135254636946        34.518531952685066       -17.009455885991166     
  0.55284674869498429        35.482327163832061       -33.736761907034207     
   1.4342851761436599        50.508780921964672       -17.524518324962443     
   16.530733820524436        49.490360961518107       -33.729263882012184     
   15.482135254636946        34.518531952685066       -9.4558859911659798E-003
  0.55284674869498429        35.482327163832061       -16.736761907034207     
   1.4342851761436599        50.508780921964672      -0.52451832496244510     
   16.530733820524436        49.490360961518107       -16.729263882012184     
   15.482135254636946        34.518531952685066        16.990544114008834     
  0.55284674869498429        35.482327163832061       0.26323809296579337     
   1.4342851761436599        50.508780921964672        16.475481675037553     
   16.530733820524436        49.490360961518107       0.27073611798781783     
   15.482135254636946        34.518531952685066        33.990544114008834     
  0.55284674869498429        35.482327163832061        17.263238092965793     
   1.4342851761436599        50.508780921964672        33.475481675037557     
   16.530733820524436        49.490360961518107        17.270736117987816     
   15.482135254636946        34.518531952685066        50.990544114008841     
  0.55284674869498429        35.482327163832061        34.263238092965793     
   1.4342851761436599        50.508780921964672        50.475481675037557     
   16.530733820524436        49.490360961518107        34.270736117987816     
   32.482135254636951       -33.481468047314934       -17.009455885991166     
   17.552846748694986       -32.517672836167947       -33.736761907034207     
   18.434285176143661       -17.491219078035321       -17.524518324962443     
   33.530733820524432       -18.509639038481893       -33.729263882012184     
   32.482135254636951       -33.481468047314934       -9.4558859911659798E-003
   17.552846748694986       -32.517672836167947       -16.736761907034207     
   18.434285176143661       -17.491219078035321      -0.52451832496244510     
   33.530733820524432       -18.509639038481893       -16.729263882012184     
   32.482135254636951       -33.481468047314934        16.990544114008834     
   17.552846748694986       -32.517672836167947       0.26323809296579337     
   18.434285176143661       -17.491219078035321        16.475481675037553     
   33.530733820524432       -18.509639038481893       0.27073611798781783     
   32.482135254636951       -33.481468047314934        33.990544114008834     
   17.552846748694986       -32.517672836167947        17.263238092965793     
   18.434285176143661       -17.491219078035321        33.475481675037557     
   33.530733820524432       -18.509639038481893        17.270736117987816     
   32.482135254636951       -33.481468047314934        50.990544114008841     
   17.552846748694986       -32.517672836167947        34.263238092965793     
   18.434285176143661       -17.491219078035321        50.475481675037557     
   33.530733820524432       -18.509639038481893        34.270736117987816     
   32.482135254636951       -16.481468047314937       -17.009455885991166     
   17.552846748694986       -15.517672836167945       -33.736761907034207     
   18.434285176143661      -0.49121907803532117       -17.524518324962443     
   33.530733820524432       -1.5096390384818923       -33.729263882012184     
   32.482135254636951       -16.481468047314937       -9.4558859911659798E-003
   17.552846748694986       -15.517672836167945       -16.736761907034207     
   18.434285176143661      -0.49121907803532117      -0.52451832496244510     
   33.530733820524432       -1.5096390384818923       -16.729263882012184     
   32.482135254636951       -16.481468047314937        16.990544114008834     
   17.552846748694986       -15.517672836167945       0.26323809296579337     
   18.434285176143661      -0.49121907803532117        16.475481675037553     
   33.530733820524432       -1.5096390384818923       0.27073611798781783     
   32.482135254636951       -16.481468047314937        33.990544114008834     
   17.552846748694986       -15.517672836167945        17.263238092965793     
   18.434285176143661      -0.49121907803532117        33.475481675037557     
   33.530733820524432       -1.5096390384818923        17.270736117987816     
   32.482135254636951       -16.481468047314937        50.990544114008841     
   17.552846748694986       -15.517672836167945        34.263238092965793     
   18.434285176143661      -0.49121907803532117        50.475481675037557     
   33.530733820524432       -1.5096390384818923        34.270736117987816     
   32.482135254636951       0.51853195268506325       -17.009455885991166     
   17.552846748694986        1.4823271638320559       -33.736761907034207     
   18.434285176143661        16.508780921964679       -17.524518324962443     
   33.530733820524432        15.490360961518107       -33.729263882012184     
   32.482135254636951       0.51853195268506325       -9.4558859911659798E-003
   17.552846748694986        1.4823271638320559       -16.736761907034207     
   18.434285176143661        16.508780921964679      -0.52451832496244510     
   33.530733820524432        15.490360961518107       -16.729263882012184     
   32.482135254636951       0.51853195268506325        16.990544114008834     
   17.552846748694986        1.4823271638320559       0.26323809296579337     
   18.434285176143661        16.508780921964679        16.475481675037553     
   33.530733820524432        15.490360961518107       0.27073611798781783     
   32.482135254636951       0.51853195268506325        33.990544114008834     
   17.552846748694986        1.4823271638320559        17.263238092965793     
   18.434285176143661        16.508780921964679        33.475481675037557     
   33.530733820524432        15.490360961518107        17.270736117987816     
   32.482135254636951       0.51853195268506325        50.990544114008841     
   17.552846748694986        1.4823271638320559        34.263238092965793     
   18.434285176143661        16.508780921964679        50.475481675037557     
   33.530733820524432        15.490360961518107        34.270736117987816     
   32.482135254636951        17.518531952685063       -17.009455885991166     
   17.552846748694986        18.482327163832053       -33.736761907034207     
   18.434285176143661        33.508780921964679       -17.524518324962443     
   33.530733820524432        32.490360961518107       -33.729263882012184     
   32.482135254636951        17.518531952685063       -9.4558859911659798E-003
   17.552846748694986        18.482327163832053       -16.736761907034207     
   18.434285176143661        33.508780921964679      -0.52451832496244510     
   33.530733820524432        32.490360961518107       -16.729263882012184     
   32.482135254636951        17.518531952685063        16.990544114008834     
   17.552846748694986        18.482327163832053       0.26323809296579337     
   18.434285176143661        33.508780921964679        16.475481675037553     
   33.530733820524432        32.490360961518107       0.27073611798781783     
   32.482135254636951        17.518531952685063        33.990544114008834     
   17.552846748694986        18.482327163832053        17.263238092965793     
   18.434285176143661        33.508780921964679        33.475481675037557     
   33.530733820524432        32.490360961518107        17.270736117987816     
   32.482135254636951        17.518531952685063        50.990544114008841     
   17.552846748694986        18.482327163832053        34.263238092965793     
   18.434285176143661        33.508780921964679        50.475481675037557     
   33.530733820524432        32.490360961518107        34.270736117987816     
   32.482135254636951        34.518531952685066       -17.009455885991166     
   17.552846748694986        35.482327163832061       -33.736761907034207     
   18.434285176143661        50.508780921964672       -17.524518324962443     
   33.530733820524432        49.490360961518107       -33.729263882012184     
   32.482135254636951        34.518531952685066       -9.4558859911659798E-003
   17.552846748694986        35.482327163832061       -16.736761907034207     
   18.434285176143661        50.508780921964672      -0.52451832496244510     
   33.530733820524432        49.490360961518107       -16.729263882012184     
   32.482135254636951        34.518531952685066        16.990544114008834     
   17.552846748694986        35.482327163832061       0.26323809296579337     
   18.434285176143661        50.508780921964672        16.475481675037553     
   33.530733820524432        49.490360961518107       0.27073611798781783     
   32.482135254636951        34.518531952685066        33.990544114008834     
   17.552846748694986        35.482327163832061        17.263238092965793     
   18.434285176143661        50.508780921964672        33.475481675037557     
   33.530733820524432        49.490360961518107        17.270736117987816     
   32.482135254636951        34.518531952685066        50.990544114008841     
   17.552846748694986        35.482327163832061        34.263238092965793     
   18.434285176143661        50.508780921964672        50.475481675037557     
   33.530733820524432        49.490360961518107        34.270736117987816     
   49.482135254636951       -33.481468047314934       -17.009455885991166     
   34.552846748694982       -32.517672836167947       -33.736761907034207     
   35.434285176143661       -17.491219078035321       -17.524518324962443     
   50.530733820524432       -18.509639038481893       -33.729263882012184     
   49.482135254636951       -33.481468047314934       -9.4558859911659798E-003
   34.552846748694982       -32.517672836167947       -16.736761907034207     
   35.434285176143661       -17.491219078035321      -0.52451832496244510     
   50.530733820524432       -18.509639038481893       -16.729263882012184     
   49.482135254636951       -33.481468047314934        16.990544114008834     
   34.552846748694982       -32.517672836167947       0.26323809296579337     
   35.434285176143661       -17.491219078035321        16.475481675037553     
   50.530733820524432       -18.509639038481893       0.27073611798781783     
   49.482135254636951       -33.481468047314934        33.990544114008834     
   34.552846748694982       -32.517672836167947        17.263238092965793     
   35.434285176143661       -17.491219078035321        33.475481675037557     
   50.530733820524432       -18.509639038481893        17.270736117987816     
   49.482135254636951       -33.481468047314934        50.990544114008841     
   34.552846748694982       -32.517672836167947        34.263238092965793     
   35.434285176143661       -17.491219078035321        50.475481675037557     
   50.530733820524432       -18.509639038481893        34.270736117987816     
   49.482135254636951       -16.481468047314937       -17.009455885991166     
   34.552846748694982       -15.517672836167945       -33.736761907034207     
   35.434285176143661      -0.49121907803532117       -17.524518324962443     
   50.530733820524432       -1.5096390384818923       -33.729263882012184     
   49.482135254636951       -16.481468047314937       -9.4558859911659798E-003
   34.552846748694982       -15.517672836167945       -16.736761907034207     
   35.434285176143661      -0.49121907803532117      -0.52451832496244510     
   50.530733820524432       -1.5096390384818923       -16.729263882012184     
   49.482135254636951       -16.481468047314937        16.990544114008834     
   34.552846748694982       -15.517672836167945       0.26323809296579337     
   35.434285176143661      -0.49121907803532117        16.475481675037553     
   50.530733820524432       -1.5096390384818923       0.27073611798781783     
   49.482135254636951       -16.481468047314937        33.990544114008834     
   34.552846748694982       -15.517672836167945        17.263238092965793     
   35.434285176143661      -0.49121907803532117        33.475481675037557     
   50.530733820524432       -1.5096390384818923        17.270736117987816     
   49.482135254636951       -16.481468047314937        50.990544114008841     
   34.552846748694982       -15.517672836167945        34.263238092965793     
   35.434285176143661      -0.49121907803532117        50.475481675037557     
   50.530733820524432       -1.5096390384818923        34.270736117987816     
   49.482135254636951       0.51853195268506325       -17.009455885991166     
   34.552846748694982        1.4823271638320559       -33.736761907034207     
   35.434285176143661        16.508780921964679       -17.524518324962443     
   50.530733820524432        15.490360961518107       -33.729263882012184     
   49.482135254636951       0.51853195268506325       -9.4558859911659798E-003
   34.552846748694982        1.4823271638320559       -16.736761907034207     
   35.434285176143661        16.508780921964679      -0.52451832496244510     
   50.530733820524432        15.490360961518107       -16.729263882012184     
   49.482135254636951       0.51853195268506325        16.990544114008834     
   34.552846748694982        1.4823271638320559       0.26323809296579337     
   35.434285176143661        16.508780921964679        16.475481675037553     
   50.530733820524432        15.490360961518107       0.27073611798781783     
   49.482135254636951       0.51853195268506325        33.990544114008834     
   34.552846748694982        1.4823271638320559        17.263238092965793     
   35.434285176143661        16.508780921964679        33.475481675037557     
   50.530733820524432        15.490360961518107        17.270736117987816     
   49.482135254636951       0.51853195268506325        50.990544114008841     
   34.552846748694982        1.4823271638320559        34.263238092965793     
   35.434285176143661        16.508780921964679        50.475481675037557     
   50.530733820524432        15.490360961518107        34.270736117987816     
   49.482135254636951        17.518531952685063       -17.009455885991166     
   34.552846748694982        18.482327163832053       -33.736761907034207     
   35.434285176143661        33.508780921964679       -17.524518324962443     
   50.530733820524432        32.490360961518107       -33.729263882012184     
   49.482135254636951        17.518531952685063       -9.4558859911659798E-003
   34.552846748694982        18.482327163832053       -16.736761907034207     
   35.434285176143661        33.508780921964679      -0.52451832496244510     
   50.530733820524432        32.490360961518107       -16.729263882012184     
   49.482135254636951        17.518531952685063        16.990544114008834     
   34.552846748694982        18.482327163832053       0.26323809296579337     
   35.434285176143661        33.508780921964679        16.475481675037553     
   50.530733820524432        32.490360961518107       0.27073611798781783     
   49.482135254636951        17.518531952685063        33.990544114008834     
   34.552846748694982        18.482327163832053        17.263238092965793     
   35.434285176143661        33.508780921964679        33.475481675037557     
   50.530733820524432        32.490360961518107        17.270736117987816     
   49.482135254636951        17.518531952685063        50.990544114008841     
   34.552846748694982        18.482327163832053        34.263238092965793     
   35.434285176143661        33.508780921964679        50.475481675037557     
   50.530733820524432        32.490360961518107        34.270736117987816     
   49.482135254636951        34.518531952685066       -17.009455885991166     
   34.552846748694982        35.482327163832061       -33.736761907034207     
   35.434285176143661        50.508780921964672       -17.524518324962443     
   50.530733820524432        49.490360961518107       -33.729263882012184     
   49.482135254636951        34.518531952685066       -9.4558859911659798E-003
   34.552846748694982        35.482327163832061       -16.736761907034207     
   35.434285176143661        50.508780921964672      -0.52451832496244510     
   50.530733820524432        49.490360961518107       -16.729263882012184     
   49.482135254636951        34.518531952685066        16.990544114008834     
   34.552846748694982        35.482327163832061       0.26323809296579337     
   35.434285176143661        50.508780921964672        16.475481675037553     
   50.530733820524432        49.490360961518107       0.27073611798781783     
   49.482135254636951        34.518531952685066        33.990544114008834     
   34.552846748694982        35.482327163832061        17.263238092965793     
   35.434285176143661        50.508780921964672        33.475481675037557     
   50.530733820524432        49.490360961518107        17.270736117987816     
   49.482135254636951        34.518531952685066        50.990544114008841     
   34.552846748694982        35.482327163832061        34.263238092965793     
   35.434285176143661        50.508780921964672        50.475481675037557     
   50.530733820524432        49.490360961518107        34.270736117987816     
           1           1   58.889727457341827     
           1           2   77.837816494948569     
           1           3   61.840412066220800     
           1           4   63.406348821662625     
           1           1   51.000000000000000     
           1           2   67.992626600138223     
           1           3   54.219225756137128     
           1           4   50.841829225841614     
           1           1   48.083261120685229     
           1           2   61.361786702070212     
           1           3   51.314835268857095     
           1           4   41.562219949912780     
           1           1   51.000000000000000     
           1           2   59.038465956991949     
           1           3   53.895270625027173     
           1           4   38.051867960721893     
           1           1   58.889727457341834     
           1           2   61.512698346271833     
           1           3   61.271429498746748     
           1           4   41.790802617747111     
           1           1   51.000000000000000     
           1           2   72.280666252327009     
           1           3   59.168446231716224     
           1           4   60.517825945705290     
           1           1   41.641325627314025     
           1           2   61.552955324377578     
           1           3   51.150688231444853     
           1           4   47.190399291910701     
           1           1   38.013155617496423     
           1           2   54.139060801323090     
           1           3   48.061219123378955     
           1           4   37.006219929428774     
           1           1   41.641325627314025     
           1           2   51.490868119831646     
           1           3   50.807171351103811     
           1           4   33.014948759623074     
           1           1   51.000000000000007     
           1           2   54.310045986156481     
           1           3   58.573513961306780     
           1           4   37.262761166288016     
           1           1   48.083261120685229     
           1           2   70.485911720423132     
           1           3   61.282734064587892     
           1           4   62.309304630167432     
           1           1   38.013155617496423     
           1           2   59.435135621480832     
           1           3   53.582285986191167     
           1           4   49.466917951599626     
           1           1   34.000000000000000     
           1           2   51.718535764543411     
           1           3   50.641378817928668     
           1           4   39.868565308593375     
           1           1   38.013155617496423     
           1           2   48.939539606670728     
           1           3   53.254456392455374     
           1           4   36.194323144670911     
           1           1   48.083261120685236     
           1           2   51.897496396236967     
           1           3   60.708524959274932     
           1           4   40.106801867465649     
           1           1   51.000000000000000     
           1           2   72.732611586813519     
           1           3   67.736562943409723     
           1           4   68.414118643707809     
           1           1   41.641325627314025     
           1           2   62.083044251412296     
           1           3   60.858276647153623     
           1           4   56.965060852513915     
           1           1   38.013155617496423     
           1           2   54.740989932657904     
           1           3   58.285656156008578     
           1           4   48.862507979696446     
           1           1   41.641325627314025     
           1           2   52.123387975954614     
           1           3   60.569840602493230     
           1           4   45.913736661278008     
           1           1   51.000000000000007     
           1           2   54.910100795540586     
           1           3   67.217508639389592     
           1           4   49.057086565923065     
           1           1   58.889727457341827     
           1           2   78.675293615068753     
           1           3   77.452633424190381     
           1           4   77.823735557319850     
           1           1   51.000000000000000     
           1           2   68.949789127319420     
           1           3   71.515021508889944     
           1           4   67.978381447567116     
           1           1   48.083261120685229     
           1           2   62.420709832445446     
           1           3   69.338922536278048     
           1           4   61.348079614330409     
           1           1   51.000000000000000     
           1           2   60.138312341392556     
           1           3   71.269727483462034     
           1           4   59.026378853030678     
           1           1   58.889727457341834     
           1           2   62.569067489898110     
           1           3   76.999103453494314     
           1           4   61.503170069816669     
           1           1   51.000000000000000     
           1           2   68.440703294890696     
           1           3   49.795679148408205     
           1           4   56.471385870496675     
           1           1   41.641325627314025     
           1           2   56.994749431713430     
           1           3   39.938672222874317     
           1           4   41.875338210811115     
           1           1   38.013155617496423     
           1           2   48.894509487961272     
           1           3   35.896871952875905     
           1           4   29.934436330171689     
           1           1   41.641325627314025     
           1           2   45.945017720672084     
           1           3   39.497763140159535     
           1           4   24.831371418840082     
           1           1   51.000000000000007     
           1           2   49.083767669540286     
           1           3   49.087281144417865     
           1           4   30.251008820792631     
           1           1   41.641325627314025     
           1           2   62.047553575288198     
           1           3   46.435741910803173     
           1           4   53.207702529190783     
           1           1   29.444863728670914     
           1           2   49.134209060112035     
           1           3   35.661828386689585     
           1           4   37.357544573621816     
           1           1   24.041630560342615     
           1           2   39.451769228354415     
           1           3   31.068535223867176     
           1           4   23.197255542529728     
           1           1   29.444863728670914     
           1           2   35.731130552109164     
           1           3   35.167339365264077     
           1           4   16.082263299694841     
           1           1   41.641325627314032     
           1           2   39.686084284247613     
           1           3   45.675262835660057     
           1           4   23.604358092860668     
           1           1   38.013155617496423     
           1           2   59.947209625279946     
           1           3   49.101390935107219     
           1           4   55.236779366063509     
           1           1   24.041630560342615     
           1           2   46.453627814647518     
           1           3   39.069610553948529     
           1           4   40.194879311554907     
           1           1   17.000000000000000     
           1           2   36.058440515728492     
           1           3   34.927386760423154     
           1           4   27.534611873163378     
           1           1   24.041630560342615     
           1           2   31.944995346859368     
           1           3   38.618780703009762     
           1           4   21.878788338046398     
           1           1   38.013155617496430     
           1           2   36.314657137241475     
           1           3   48.382828566156981     
           1           4   27.878448796091945     
           1           1   41.641325627314025     
           1           2   62.573452669932273     
           1           3   56.952744066618386     
           1           4   62.041469849089665     
           1           1   29.444863728670914     
           1           2   49.796672321760532     
           1           3   48.570597420586800     
           1           4   49.129120785647977     
           1           1   24.041630560342615     
           1           2   40.273814937317866     
           1           3   45.305527376554053     
           1           4   39.448663314567114     
           1           1   29.444863728670914     
           1           2   36.636754289782061     
           1           3   48.208699297353647     
           1           4   35.731268735399794     
           1           1   41.641325627314032     
           1           2   40.503374676369887     
           1           3   56.334417233318767     
           1           4   39.689420423793592     
           1           1   51.000000000000000     
           1           2   69.391685497725533     
           1           3   68.222309559800465     
           1           4   72.285449208923268     
           1           1   41.641325627314025     
           1           2   58.133274563710835     
           1           3   61.398464139978451     
           1           4   61.560642422501658     
           1           1   38.013155617496423     
           1           2   50.217021086324166     
           1           3   58.849462833769309     
           1           4   54.150154419044796     
           1           1   41.641325627314025     
           1           2   47.349982070417539     
           1           3   61.112577698033427     
           1           4   51.505007055059046     
           1           1   51.000000000000007     
           1           2   50.401313448692967     
           1           3   67.706979182157795     
           1           4   54.325797553988728     
           1           1   48.083261120685229     
           1           2   62.350092688762182     
           1           3   41.388195891853556     
           1           4   54.181821429098399     
           1           1   38.013155617496423     
           1           2   49.515711179198178     
           1           3   28.783165848415987     
           1           4   38.732367620763803     
           1           1   34.000000000000000     
           1           2   39.925896970090832     
           1           3   22.846411388495934     
           1           4   25.351978811234385     
           1           1   38.013155617496423     
           1           2   36.253949359357314     
           1           3   28.168180459649381     
           1           4   19.059101704449837     
           1           1   48.083261120685236     
           1           2   40.157445628866654     
           1           3   40.533125557774959     
           1           4   25.725005071250191     
           1           1   38.013155617496423     
           1           2   55.256701815039889     
           1           3   37.278026022550478     
           1           4   50.771172526100187     
           1           1   24.041630560342615     
           1           2   40.219083663862470     
           1           3   22.475299802514922     
           1           4   33.797018918986268     
           1           1   17.000000000000000     
           1           2   27.565309467613559     
           1           3   14.093508373996295     
           1           4   16.874981953934078     
           1           1   24.041630560342615     
           1           2   21.911592396031885     
           1           3   21.682132168282720     
           1           4   2.3003356452670576     
           1           1   38.013155617496430     
           1           2   27.899632194965921     
           1           3   36.326336622867117     
           1           4   17.430377856379693     
           1           1   34.000000000000000     
           1           2   52.887353239269125     
           1           3   40.550211948810549     
           1           4   52.893800638405196     
           1           1   17.000000000000000     
           1           2   36.896391801093053     
           1           3   27.564607128860629     
           1           4   36.909086606290316     
           1           1   0.0000000000000000     
           1           2   22.441375252517467     
           1           3   21.290736089750645     
           1           4   22.467914951012350     
           1           1   17.000000000000000     
           1           2   14.962851282721486     
           1           3   26.921800094317380     
           1           4   15.011120224060885     
           1           1   34.000000000000007     
           1           2   22.850788034406531     
           1           3   39.677086553744893     
           1           4   22.887993763466799     
           1           1   38.013155617496423     
           1           2   55.846586017716675     
           1           3   49.769349544161855     
           1           4   59.964959203485471     
           1           1   24.041630560342615     
           1           2   41.025757337540576     
           1           3   39.905839561697498     
           1           4   46.479273449688975     
           1           1   17.000000000000000     
           1           2   28.729503309373470     
           1           3   35.860338930340824     
           1           4   36.095005035963737     
           1           1   24.041630560342615     
           1           2   23.359279862355297     
           1           3   39.464563665064055     
           1           4   31.990247211947786     
           1           1   38.013155617496430     
           1           2   29.050431166720646     
           1           3   49.060571361826497     
           1           4   36.357976357558989     
           1           1   48.083261120685229     
           1           2   63.392509076492829     
           1           3   62.351075524039445     
           1           4   70.511265189159673     
           1           1   38.013155617496423     
           1           2   50.822060193362510     
           1           3   54.800953423087876     
           1           4   59.467344372447691     
           1           1   34.000000000000000     
           1           2   41.534965963418088     
           1           3   51.929109111888522     
           1           4   51.758009765123035     
           1           1   38.013155617496423     
           1           2   38.018745282647551     
           1           3   54.480457507526495     
           1           4   48.983855534062002     
           1           1   48.083261120685236     
           1           2   41.757593179580788     
           1           3   61.786795735855861     
           1           4   51.941742665385632     
           1           1   51.000000000000000     
           1           2   60.571761152332435     
           1           3   39.043000096223032     
           1           4   57.099230508080240     
           1           1   41.641325627314032     
           1           2   47.256849708584518     
           1           3   25.295132606662662     
           1           4   42.718247304286336     
           1           1   38.013155617496430     
           1           2   37.087483598436300     
           1           3   18.257371406191666     
           1           4   31.102655527871761     
           1           1   41.641325627314032     
           1           2   33.102160578258605     
           1           3   24.593078045226498     
           1           4   26.227880376056646     
           1           1   51.000000000000007     
           1           2   37.336639246634867     
           1           3   38.135382059362904     
           1           4   31.407455120656028     
           1           1   41.641325627314032     
           1           2   53.241969218598648     
           1           3   34.655797804540278     
           1           4   53.873595674645706     
           1           1   29.444863728670917     
           1           2   37.402926109580548     
           1           3   17.790789711088028     
           1           4   38.300010953660184     
           1           1   24.041630560342622     
           1           2   23.264790496440735     
           1           3   3.1622896165803707     
           1           4   24.686380196087384     
           1           1   29.444863728670917     
           1           2   16.171644076216111     
           1           3   16.777602709985374     
           1           4   18.164357828479947     
           1           1   41.641325627314039     
           1           2   23.659959159143796     
           1           3   33.629984088147964     
           1           4   25.069312384992656     
           1           1   38.013155617496430     
           1           2   50.778699505335929     
           1           3   38.153542252649174     
           1           4   55.878497628475380     
           1           1   24.041630560342622     
           1           2   33.804554704029755     
           1           3   23.899386257802991     
           1           4   41.072290237468053     
           1           1   17.000000000000007     
           1           2   16.882520961701090     
           1           3   16.268636715307125     
           1           4   28.800339468244101     
           1           1   24.041630560342622     
           1           2   2.3002411410139878     
           1           3   23.155051665880936     
           1           4   23.451782056410647     
           1           1   38.013155617496437     
           1           2   17.423050955310607     
           1           3   37.224243373433282     
           1           4   29.129239773064274     
           1           1   41.641325627314032     
           1           2   53.853926139439466     
           1           3   47.836818993116509     
           1           4   62.613486434759821     
           1           1   29.444863728670917     
           1           2   38.269007772827585     
           1           3   37.467974704474877     
           1           4   49.849525691335693     
           1           1   24.041630560342622     
           1           2   24.633078394737318     
           1           3   33.126077424442300     
           1           4   40.342307070697167     
           1           1   29.444863728670917     
           1           2   18.084804297691779     
           1           3   36.997633473036117     
           1           4   36.715504462307308     
           1           1   41.641325627314039     
           1           2   25.006633955219716     
           1           3   47.098967713529547     
           1           4   40.577762334276066     
           1           1   51.000000000000000     
           1           2   61.644256811248844     
           1           3   60.819649097439708     
           1           4   72.776994097147039     
           1           1   41.641325627314032     
           1           2   48.623924081626072     
           1           3   53.052027231866226     
           1           4   62.137085528301533     
           1           1   38.013155617496430     
           1           2   38.814399240233925     
           1           3   50.079990719704128     
           1           4   54.804597672884576     
           1           1   41.641325627314032     
           1           2   35.026121447639746     
           1           3   52.720900481314132     
           1           4   52.192628351348922     
           1           1   51.000000000000007     
           1           2   39.052538700439761     
           1           3   60.241026092154215     
           1           4   54.978150044879797     
           1           1   58.889727457341834     
           1           2   63.469224352383428     
           1           3   43.746187877858574     
           1           4   64.521116511224875     
           1           1   51.000000000000007     
           1           2   50.917718283302115     
           1           3   32.081409428512913     
           1           4   52.225482324152267     
           1           1   48.083261120685236     
           1           2   41.651958302848797     
           1           3   26.883167744796250     
           1           4   43.243814958044879     
           1           1   51.000000000000007     
           1           2   38.146523114784543     
           1           3   31.530819606693228     
           1           4   39.881750967841320     
           1           1   58.889727457341834     
           1           2   41.873963521875119     
           1           3   42.938100355567741     
           1           4   43.463554714222319     
           1           1   51.000000000000007     
           1           2   56.516470847640328     
           1           3   39.879787095725661     
           1           4   61.684817112117457     
           1           1   41.641325627314032     
           1           2   41.933078498444587     
           1           3   26.568501950154886     
           1           4   48.677953842480527     
           1           1   38.013155617496430     
           1           2   30.010909143863874     
           1           3   19.984323179691636     
           1           4   38.885340662336361     
           1           1   41.641325627314032     
           1           2   24.918392061402937     
           1           3   25.900985502975306     
           1           4   35.108350097394712     
           1           1   51.000000000000007     
           1           2   30.318275976881100     
           1           3   38.991652018096303     
           1           4   39.129563947180912     
           1           1   48.083261120685236     
           1           2   54.202218720742209     
           1           3   42.954230103168122     
           1           4   63.443351491355678     
           1           1   38.013155617496430     
           1           2   38.757607118289869     
           1           3   30.992801758325932     
           1           4   50.887968878615972     
           1           1   34.000000000000007     
           1           2   25.385501862682371     
           1           3   25.574237777612598     
           1           4   41.618648521141019     
           1           1   38.013155617496430     
           1           2   19.096997148891933     
           1           3   30.422516578692893     
           1           4   38.113494104602360     
           1           1   48.083261120685243     
           1           2   25.748143532870934     
           1           3   42.130955271104646     
           1           4   41.846922957331572     
           1           1   51.000000000000007     
           1           2   57.093340692502608     
           1           3   51.746829359018911     
           1           4   69.448549551131919     
           1           1   41.641325627314032     
           1           2   42.707389837295267     
           1           3   42.346454701502438     
           1           4   58.203329482868178     
           1           1   38.013155617496430     
           1           2   31.083641067276009     
           1           3   38.557879906205606     
           1           4   50.300637083704984     
           1           1   41.641325627314032     
           1           2   26.200464447863979     
           1           3   41.930871442605991     
           1           4   47.441338715954068     
           1           1   51.000000000000007     
           1           2   31.380502426958063     
           1           3   51.065505549356182     
           1           4   50.489673669941340     
           1           1   58.889727457341834     
           1           2   64.493554628421379     
           1           3   63.940619434495055     
           1           4   78.734638000414719     
           1           1   51.000000000000007     
           1           2   52.188985273654339     
           1           3   56.602921220922020     
           1           4   69.019343297307856     
           1           1   48.083261120685236     
           1           2   43.196779731575425     
           1           3   53.827303181720708     
           1           4   62.499570217137652     
           1           1   51.000000000000007     
           1           2   39.827545423522928     
           1           3   56.292685536327518     
           1           4   60.222278315106990     
           1           1   58.889727457341834     
           1           2   43.410885383130790     
           1           3   63.390490785028895     
           1           4   62.651810297847668     
           2           1   43.410885383130790     
           2           2   58.889727457341827     
           2           3   42.109842745024586     
           2           4   43.358568444415660     
           2           1   39.827545423522920     
           2           2   50.999999999999993     
           2           3   38.176630781161663     
           2           4   31.831122983643318     
           2           1   43.196779731575425     
           2           2   48.083261120685229     
           2           3   41.468921128859620     
           2           4   26.916079269659143     
           2           1   52.188985273654325     
           2           2   50.999999999999993     
           2           3   50.595332802364489     
           2           4   31.839130894252179     
           2           1   64.493554628421379     
           2           2   58.889727457341827     
           2           3   63.072212448688212     
           2           4   43.370326133798812     
           2           1   31.380502426958067     
           2           2   50.999999999999993     
           2           3   37.644897181254315     
           2           4   38.590654395467347     
           2           1   26.200464447863983     
           2           2   41.641325627314025     
           2           3   33.186662465177918     
           2           4   24.949820430639409     
           2           1   31.083641067276012     
           2           2   38.013155617496416     
           2           3   36.926560188678401     
           2           4   18.268784096701683     
           2           1   42.707389837295267     
           2           2   41.641325627314025     
           2           3   46.944511171792264     
           2           4   24.960036162286489     
           2           1   57.093340692502622     
           2           2   50.999999999999993     
           2           3   60.183082431435572     
           2           4   38.603864289386863     
           2           1   25.748143532870934     
           2           2   48.083261120685229     
           2           3   40.485030709679819     
           2           4   40.945228730484928     
           2           1   19.096997148891933     
           2           2   38.013155617496416     
           2           3   36.376558294513764     
           2           4   28.456399783572010     
           2           1   25.385501862682371     
           2           2   33.999999999999993     
           2           3   39.817964226522150     
           2           4   22.825898043521224     
           2           1   38.757607118289869     
           2           2   38.013155617496416     
           2           3   49.251259445165850     
           2           4   28.465357091453722     
           2           1   54.202218720742216     
           2           2   48.083261120685229     
           2           3   61.999216436383115     
           2           4   40.957679221297731     
           2           1   30.318275976881097     
           2           2   50.999999999999993     
           2           3   49.385596476505448     
           2           4   49.414420009882278     
           2           1   24.918392061402937     
           2           2   41.641325627314025     
           2           3   46.077688973413885     
           2           4   39.686771571441824     
           2           1   30.010909143863874     
           2           2   38.013155617496416     
           2           3   48.840246753278258     
           2           4   35.864951841798863     
           2           1   41.933078498444587     
           2           2   41.641325627314025     
           2           3   56.794242531365342     
           2           4   39.693194674469076     
           2           1   56.516470847640335     
           2           2   50.999999999999993     
           2           3   68.145449345513796     
           2           4   49.424737088992686     
           2           1   41.873963521875119     
           2           2   58.889727457341827     
           2           3   61.780551689967417     
           2           4   61.522825471806641     
           2           1   38.146523114784543     
           2           2   51.000000000000000     
           2           3   59.169695359256131     
           2           4   54.021412299986466     
           2           1   41.651958302848797     
           2           2   48.083261120685229     
           2           3   61.345489896956700     
           2           4   51.279312785331648     
           2           1   50.917718283302115     
           2           2   51.000000000000000     
           2           3   67.848989767630712     
           2           4   54.026131201360577     
           2           1   63.469224352383435     
           2           2   58.889727457341827     
           2           3   77.599624317895348     
           2           4   61.531112337072010     
           2           1   39.052538700439761     
           2           2   51.000000000000000     
           2           3   30.597512358751572     
           2           4   39.448873469229490     
           2           1   35.026121447639738     
           2           2   41.641325627314025     
           2           3   24.908312755672455     
           2           4   26.257733162670899     
           2           1   38.814399240233925     
           2           2   38.013155617496423     
           2           3   29.709263304983430     
           2           4   20.018078921134663     
           2           1   48.623924081626065     
           2           2   41.641325627314025     
           2           3   41.507307885663643     
           2           4   26.267440235841875     
           2           1   61.644256811248844     
           2           2   51.000000000000000     
           2           3   56.045275355784590     
           2           4   39.461796074105315     
           2           1   25.006633955219719     
           2           2   41.641325627314025     
           2           3   24.085414472673378     
           2           4   34.139226223108864     
           2           1   18.084804297691782     
           2           2   29.444863728670914     
           2           3   16.258027928100759     
           2           4   17.284145913621327     
           2           1   24.633078394737321     
           2           2   24.041630560342615     
           2           3   22.946454059425914     
           2           4   3.1617452165064717     
           2           1   38.269007772827585     
           2           2   29.444863728670914     
           2           3   36.969663721648651     
           2           4   17.298889145400359     
           2           1   53.853926139439473     
           2           2   41.641325627314025     
           2           3   52.772836928501619     
           2           4   34.154157851066962     
           2           1   17.423050955310607     
           2           2   38.013155617496423     
           2           3   28.319721363335717     
           2           4   36.779884668578418     
           2           1   2.3002411410139865     
           2           2   24.041630560342615     
           2           3   22.050462577628920     
           2           4   22.045744466555863     
           2           1   16.882520961701090     
           2           2   17.000000000000000     
           2           3   27.357616520410790     
           2           4   14.045276143081962     
           2           1   33.804554704029755     
           2           2   24.041630560342615     
           2           3   39.857941033980836     
           2           4   22.057305247608468     
           2           1   50.778699505335936     
           2           2   38.013155617496423     
           2           3   54.834950034250362     
           2           4   36.793744680813951     
           2           1   23.659959159143789     
           2           2   41.641325627314025     
           2           3   40.023818481917523     
           2           4   46.022093230917427     
           2           1   16.171644076216108     
           2           2   29.444863728670914     
           2           3   35.862547701800587     
           2           4   35.373549414866531     
           2           1   23.264790496440728     
           2           2   24.041630560342615     
           2           3   39.348934031995867     
           2           4   31.024876003890054     
           2           1   37.402926109580548     
           2           2   29.444863728670914     
           2           3   48.872844108408536     
           2           4   35.380755558742692     
           2           1   53.241969218598655     
           2           2   41.641325627314025     
           2           3   61.699037051118090     
           2           4   46.033170613789473     
           2           1   37.336639246634867     
           2           2   51.000000000000007     
           2           3   54.587594503238471     
           2           4   58.832866787847266     
           2           1   33.102160578258605     
           2           2   41.641325627314032     
           2           3   51.614162353373821     
           2           4   50.936834877398212     
           2           1   37.087483598436300     
           2           2   38.013155617496430     
           2           3   54.094713579340365     
           2           4   48.018913775491413     
           2           1   47.256849708584518     
           2           2   41.641325627314032     
           2           3   61.371445469544803     
           2           4   50.941839513594601     
           2           1   60.571761152332442     
           2           2   51.000000000000007     
           2           3   72.004656799485900     
           2           4   58.841532490916457     
           2           1   41.757593179580780     
           2           2   48.083261120685229     
           2           3   26.022618413165308     
           2           4   42.549521483014111     
           2           1   38.018745282647544     
           2           2   38.013155617496423     
           2           3   19.010337999826572     
           2           4   30.719972514379442     
           2           1   41.534965963418081     
           2           2   34.000000000000000     
           2           3   24.972169162050978     
           2           4   25.592413800479569     
           2           1   50.822060193362510     
           2           2   38.013155617496423     
           2           3   38.259972745005065     
           2           4   30.728269996628935     
           2           1   63.392509076492829     
           2           2   48.083261120685229     
           2           3   53.684651402788958     
           2           4   42.561502673618968     
           2           1   29.050431166720649     
           2           2   38.013155617496423     
           2           3   17.918596397422405     
           2           4   37.679370052520852     
           2           1   23.359279862355301     
           2           2   24.041630560342615     
           2           3   2.3005170384413960     
           2           4   23.515736441913830     
           2           1   28.729503309373470     
           2           2   17.000000000000000     
           2           3   16.355691988864276     
           2           4   16.255608055569713     
           2           1   41.025757337540576     
           2           2   24.041630560342615     
           2           3   33.282502042740703     
           2           4   23.526574891110936     
           2           1   55.846586017716689     
           2           2   38.013155617496423     
           2           3   50.258742761985992     
           2           4   37.692899317481540     
           2           1   22.850788034406531     
           2           2   34.000000000000000     
           2           3   23.301835220218781     
           2           4   40.087505243855361     
           2           1   14.962851282721486     
           2           2   17.000000000000000     
           2           3   15.072883148909115     
           2           4   27.207774799253244     
           2           1   22.441375252517467     
           2           2   0.0000000000000000     
           2           3   22.122569656599754     
           2           4   21.248951559491793     
           2           1   36.896391801093053     
           2           2   17.000000000000000     
           2           3   36.464014726872144     
           2           4   27.217143039422368     
           2           1   52.887353239269132     
           2           2   34.000000000000000     
           2           3   52.419849787957126     
           2           4   40.100222045259628     
           2           1   27.899632194965921     
           2           2   38.013155617496423     
           2           3   36.645258252695363     
           2           4   48.706069701808794     
           2           1   21.911592396031882     
           2           2   24.041630560342615     
           2           3   32.048264137035218     
           2           4   38.801239138050803     
           2           1   27.565309467613559     
           2           2   16.999999999999996     
           2           3   35.906928523442623     
           2           4   34.882532756366103     
           2           1   40.219083663862470     
           2           2   24.041630560342615     
           2           3   46.146763676102545     
           2           4   38.807808806343381     
           2           1   55.256701815039897     
           2           2   38.013155617496423     
           2           3   59.562908588890267     
           2           4   48.716536793992780     
           2           1   40.157445628866654     
           2           2   48.083261120685236     
           2           3   52.161042744401172     
           2           4   60.955347385760859     
           2           1   36.253949359357314     
           2           2   38.013155617496430     
           2           3   49.040704134154581     
           2           4   53.374238240648758     
           2           1   39.925896970090832     
           2           2   34.000000000000007     
           2           3   51.645008894995129     
           2           4   50.597077392081459     
           2           1   49.515711179198178     
           2           2   38.013155617496430     
           2           3   59.223502307399606     
           2           4   53.379014354622825     
           2           1   62.350092688762189     
           2           2   48.083261120685236     
           2           3   70.182900391370296     
           2           4   60.963711389004018     
           2           1   50.401313448692967     
           2           2   51.000000000000000     
           2           3   31.561773961716170     
           2           4   51.407294607630163     
           2           1   47.349982070417532     
           2           2   41.641325627314025     
           2           3   26.083746996950129     
           2           4   42.142198230828321     
           2           1   50.217021086324159     
           2           2   38.013155617496423     
           2           3   30.701435458156428     
           2           4   38.564488905950491     
           2           1   58.133274563710827     
           2           2   41.641325627314025     
           2           3   42.223150296748166     
           2           4   42.148247145378740     
           2           1   69.391685497725533     
           2           2   51.000000000000000     
           2           3   56.577475224440910     
           2           4   51.417211809652578     
           2           1   40.503374676369887     
           2           2   41.641325627314025     
           2           3   25.299110723244290     
           2           4   47.455063881497480     
           2           1   36.636754289782068     
           2           2   29.444863728670914     
           2           3   18.007256458922722     
           2           4   37.218785859398416     
           2           1   40.273814937317873     
           2           2   24.041630560342615     
           2           3   24.217298919736159     
           2           4   33.113334983032203     
           2           1   49.796672321760532     
           2           2   29.444863728670914     
           2           3   37.771601088096517     
           2           4   37.225634803845224     
           2           1   62.573452669932287     
           2           2   41.641325627314025     
           2           3   53.337698961885621     
           2           4   47.465806844506517     
           2           1   36.314657137241483     
           2           2   38.013155617496423     
           2           3   29.358890155513091     
           2           4   49.388827047403467     
           2           1   31.944995346859372     
           2           2   24.041630560342615     
           2           3   23.370081577819178     
           2           4   39.654900957751501     
           2           1   36.058440515728499     
           2           2   17.000000000000000     
           2           3   28.431971348191162     
           2           4   35.829681868805785     
           2           1   46.453627814647518     
           2           2   24.041630560342615     
           2           3   40.602872762094108     
           2           4   39.661329222185415     
           2           1   59.947209625279960     
           2           2   38.013155617496423     
           2           3   55.378782564491644     
           2           4   49.399149471638957     
           2           1   39.686084284247620     
           2           2   41.641325627314025     
           2           3   40.765719163777703     
           2           4   56.608562834960381     
           2           1   35.731130552109164     
           2           2   29.444863728670914     
           2           3   36.688692273375352     
           2           4   48.350639283161570     
           2           1   39.451769228354415     
           2           2   24.041630560342615     
           2           3   40.103321838980776     
           2           4   45.266314759886910     
           2           1   49.134209060112042     
           2           2   29.444863728670914     
           2           3   49.482246354741342     
           2           4   48.355911580611362     
           2           1   62.047553575288205     
           2           2   41.641325627314025     
           2           3   62.182867303637202     
           2           4   56.617568983864480     
           2           1   49.083767669540286     
           2           2   51.000000000000007     
           2           3   55.133866966833565     
           2           4   67.437397157370953     
           2           1   45.945017720672084     
           2           2   41.641325627314032     
           2           3   52.191566066817167     
           2           4   60.671718849985886     
           2           1   48.894509487961272     
           2           2   38.013155617496430     
           2           3   54.645913390640487     
           2           4   58.243561026627496     
           2           1   56.994749431713430     
           2           2   41.641325627314032     
           2           3   61.857838081263566     
           2           4   60.675920544423803     
           2           1   68.440703294890696     
           2           2   51.000000000000007     
           2           3   72.419668694894355     
           2           4   67.444957311603204     
           2           1   62.569067489898117     
           2           2   58.889727457341827     
           2           3   43.509935441732388     
           2           4   63.662847087747203     
           2           1   60.138312341392563     
           2           2   51.000000000000000     
           2           3   39.715623675502819     
           2           4   56.446550223805808     
           2           1   62.420709832445453     
           2           2   48.083261120685229     
           2           3   42.889941078586247     
           2           4   53.828133582907924     
           2           1   68.949789127319420     
           2           2   51.000000000000000     
           2           3   51.766430507762848     
           2           4   56.451066401531591     
           2           1   78.675293615068767     
           2           2   58.889727457341827     
           2           3   64.015463829495758     
           2           4   63.670855426332054     
           2           1   54.910100795540600     
           2           2   51.000000000000000     
           2           3   39.204768969096470     
           2           4   60.516371738887386     
           2           1   52.123387975954628     
           2           2   41.641325627314025     
           2           3   34.946104099179202     
           2           4   52.872357440253758     
           2           1   54.740989932657911     
           2           2   38.013155617496423     
           2           3   38.515535482466156     
           2           4   50.067365759950917     
           2           1   62.083044251412304     
           2           2   41.641325627314025     
           2           3   48.204385228851841     
           2           4   52.877178886467213     
           2           1   72.732611586813533     
           2           2   51.000000000000000     
           2           3   61.170900247437828     
           2           4   60.524796404797620     
           2           1   51.897496396236981     
           2           2   48.083261120685229     
           2           3   41.939400778942208     
           2           4   62.044374423154061     
           2           1   48.939539606670742     
           2           2   38.013155617496423     
           2           3   37.988545898562350     
           2           4   54.614643919110947     
           2           1   51.718535764543425     
           2           2   34.000000000000000     
           2           3   41.295833945782213     
           2           4   51.903894490317690     
           2           1   59.435135621480839     
           2           2   38.013155617496423     
           2           3   50.453564622017126     
           2           4   54.619311567547058     
           2           1   70.485911720423147     
           2           2   48.083261120685229     
           2           3   62.958545606283650     
           2           4   62.052591637767463     
           2           1   54.310045986156489     
           2           2   51.000000000000000     
           2           3   50.584708810798226     
           2           4   67.932153997071666     
           2           1   51.490868119831660     
           2           2   41.641325627314025     
           2           3   47.360627606311212     
           2           4   61.221176724501206     
           2           1   54.139060801323104     
           2           2   38.013155617496423     
           2           3   50.052425805890046     
           2           4   58.815707191050222     
           2           1   61.552955324377585     
           2           2   41.641325627314025     
           2           3   57.839965515589370     
           2           4   61.225340711457910     
           2           1   72.280666252327023     
           2           2   51.000000000000000     
           2           3   69.019402291203647     
           2           4   67.939659096030610     
           2           1   61.512698346271847     
           2           2   58.889727457341834     
           2           3   62.743224281588816     
           2           4   77.188410372303863     
           2           1   59.038465956991963     
           2           2   51.000000000000007     
           2           3   60.174151219939915     
           2           4   71.353385544443043     
           2           1   61.361786702070226     
           2           2   48.083261120685236     
           2           3   62.314883910913579     
           2           4   69.300509099895393     
           2           1   67.992626600138237     
           2           2   51.000000000000007     
           2           3   68.726712700529163     
           2           4   71.356958275668049     
           2           1   77.837816494948584     
           2           2   58.889727457341834     
           2           3   78.368216264066618     
           2           4   77.195015559336355     
           3           1   63.390490785028888     
           3           2   78.368216264066632     
           3           3   58.889727457341827     
           3           4   64.063643877232280     
           3           1   56.292685536327511     
           3           2   68.726712700529163     
           3           3   51.000000000000000     
           3           4   51.828458571417599     
           3           1   53.827303181720708     
           3           2   62.314883910913586     
           3           3   48.083261120685229     
           3           4   42.967752663473796     
           3           1   56.602921220922020     
           3           2   60.174151219939915     
           3           3   51.000000000000000     
           3           4   39.802844370845769     
           3           1   63.940619434495062     
           3           2   62.743224281588816     
           3           3   58.889727457341827     
           3           4   43.592488700119858     
           3           1   51.065505549356182     
           3           2   69.019402291203647     
           3           3   51.000000000000000     
           3           4   56.590848979085465     
           3           1   41.930871442605991     
           3           2   57.839965515589370     
           3           3   41.641325627314025     
           3           4   42.244086440991559     
           3           1   38.557879906205613     
           3           2   50.052425805890046     
           3           3   38.013155617496423     
           3           4   30.734369853541427     
           3           1   42.346454701502438     
           3           2   47.360627606311212     
           3           3   41.641325627314025     
           3           4   26.127382979444864     
           3           1   51.746829359018911     
           3           2   50.584708810798226     
           3           3   51.000000000000000     
           3           4   31.601879570919419     
           3           1   42.130955271104639     
           3           2   62.958545606283650     
           3           3   48.083261120685229     
           3           4   53.655362355672096     
           3           1   30.422516578692889     
           3           2   50.453564622017126     
           3           3   38.013155617496423     
           3           4   38.222199839606084     
           3           1   25.574237777612595     
           3           2   41.295833945782206     
           3           3   34.000000000000000     
           3           4   24.919374222461784     
           3           1   30.992801758325928     
           3           2   37.988545898562343     
           3           3   38.013155617496423     
           3           4   18.947661140610514     
           3           1   42.954230103168122     
           3           2   41.939400778942208     
           3           3   48.083261120685229     
           3           4   25.981772721654512     
           3           1   38.991652018096296     
           3           2   61.170900247437821     
           3           3   51.000000000000000     
           3           4   55.975634260482401     
           3           1   25.900985502975299     
           3           2   48.204385228851834     
           3           3   41.641325627314025     
           3           4   41.416304542095496     
           3           1   19.984323179691632     
           3           2   38.515535482466149     
           3           3   38.013155617496423     
           3           4   29.586296371528309     
           3           1   26.568501950154882     
           3           2   34.946104099179195     
           3           3   41.641325627314025     
           3           4   24.766662755490863     
           3           1   39.879787095725668     
           3           2   39.204768969096463     
           3           3   51.000000000000000     
           3           4   30.486492666499490     
           3           1   42.938100355567734     
           3           2   64.015463829495758     
           3           3   58.889727457341827     
           3           4   62.973370183023455     
           3           1   31.530819606693225     
           3           2   51.766430507762841     
           3           3   50.999999999999993     
           3           4   50.474587697854616     
           3           1   26.883167744796246     
           3           2   42.889941078586240     
           3           3   48.083261120685229     
           3           4   41.324601078881884     
           3           1   32.081409428512906     
           3           2   39.715623675502812     
           3           3   50.999999999999993     
           3           4   38.023168008321385     
           3           1   43.746187877858581     
           3           2   43.509935441732388     
           3           3   58.889727457341827     
           3           4   41.973800833964795     
           3           1   60.241026092154215     
           3           2   72.419668694894369     
           3           3   51.000000000000000     
           3           4   61.240752124200661     
           3           1   52.720900481314132     
           3           2   61.857838081263573     
           3           3   41.641325627314025     
           3           4   48.295635121593513     
           3           1   50.079990719704135     
           3           2   54.645913390640494     
           3           3   38.013155617496423     
           3           4   38.632978436284276     
           3           1   53.052027231866226     
           3           2   52.191566066817174     
           3           3   41.641325627314025     
           3           4   35.079134452245469     
           3           1   60.819649097439715     
           3           2   55.133866966833573     
           3           3   51.000000000000000     
           3           4   39.326636329325495     
           3           1   47.098967713529547     
           3           2   62.182867303637202     
           3           3   41.641325627314025     
           3           4   53.374183291949343     
           3           1   36.997633473036117     
           3           2   49.482246354741342     
           3           3   29.444863728670914     
           3           4   37.826473443118026     
           3           1   33.126077424442308     
           3           2   40.103321838980776     
           3           3   24.041630560342615     
           3           4   24.308038674545966     
           3           1   37.467974704474884     
           3           2   36.688692273375352     
           3           3   29.444863728670917     
           3           4   18.136135069620853     
           3           1   47.836818993116523     
           3           2   40.765719163777703     
           3           3   41.641325627314025     
           3           4   25.396024222776294     
           3           1   37.224243373433282     
           3           2   55.378782564491644     
           3           3   38.013155617496423     
           3           4   50.251140916673933     
           3           1   23.155051665880933     
           3           2   40.602872762094108     
           3           3   24.041630560342615     
           3           4   33.274852584011995     
           3           1   16.268636715307125     
           3           2   28.431971348191162     
           3           3   17.000000000000000     
           3           4   16.347919303325391     
           3           1   23.899386257802991     
           3           2   23.370081577819178     
           3           3   24.041630560342618     
           3           4   2.3006774237923753     
           3           1   38.153542252649181     
           3           2   29.358890155513091     
           3           3   38.013155617496423     
           3           4   17.925729208839925     
           3           1   33.629984088147957     
           3           2   53.337698961885614     
           3           3   41.641325627314025     
           3           4   52.721446155926316     
           3           1   16.777602709985370     
           3           2   37.771601088096517     
           3           3   29.444863728670914     
           3           4   36.899722706716190     
           3           1   3.1622896165803698     
           3           2   24.217298919736155     
           3           3   24.041630560342615     
           3           4   22.839180959326356     
           3           1   17.790789711088028     
           3           2   18.007256458922722     
           3           3   29.444863728670917     
           3           4   16.114181268471707     
           3           1   34.655797804540285     
           3           2   25.299110723244290     
           3           3   41.641325627314025     
           3           4   23.993863569952076     
           3           1   38.135382059362904     
           3           2   56.577475224440910     
           3           3   50.999999999999993     
           3           4   60.099289564162525     
           3           1   24.593078045226498     
           3           2   42.223150296748173     
           3           3   41.641325627314025     
           3           4   46.839761497870192     
           3           1   18.257371406191670     
           3           2   30.701435458156432     
           3           3   38.013155617496416     
           3           4   36.796764915379072     
           3           1   25.295132606662666     
           3           2   26.083746996950133     
           3           3   41.641325627314025     
           3           4   33.046036968114365     
           3           1   39.043000096223039     
           3           2   31.561773961716177     
           3           3   50.999999999999993     
           3           4   37.524381545313844     
           3           1   61.786795735855861     
           3           2   70.182900391370310     
           3           3   48.083261120685229     
           3           4   63.045293041167902     
           3           1   54.480457507526502     
           3           2   59.223502307399613     
           3           3   38.013155617496423     
           3           4   50.564292002430363     
           3           1   51.929109111888529     
           3           2   51.645008894995136     
           3           3   34.000000000000000     
           3           4   41.434119717538977     
           3           1   54.800953423087883     
           3           2   49.040704134154588     
           3           3   38.013155617496423     
           3           4   38.142167319485942     
           3           1   62.351075524039452     
           3           2   52.161042744401179     
           3           3   48.083261120685229     
           3           4   42.081629945713487     
           3           1   49.060571361826497     
           3           2   59.562908588890267     
           3           3   38.013155617496423     
           3           4   55.435392088372126     
           3           1   39.464563665064063     
           3           2   46.146763676102545     
           3           3   24.041630560342615     
           3           4   40.683182607213261     
           3           1   35.860338930340831     
           3           2   35.906928523442623     
           3           3   17.000000000000000     
           3           4   28.551006954434527     
           3           1   39.905839561697505     
           3           2   32.048264137035218     
           3           3   24.041630560342618     
           3           4   23.520175364407422     
           3           1   49.769349544161869     
           3           2   36.645258252695363     
           3           3   38.013155617496423     
           3           4   29.482830600754514     
           3           1   39.677086553744886     
           3           2   52.419849787957126     
           3           3   34.000000000000000     
           3           4   52.435259295023684     
           3           1   26.921800094317376     
           3           2   36.464014726872144     
           3           3   17.000000000000000     
           3           4   36.489657005741726     
           3           1   21.290736089750645     
           3           2   22.122569656599754     
           3           3   0.0000000000000000     
           3           4   22.170559746135986     
           3           1   27.564607128860629     
           3           2   15.072883148909117     
           3           3   17.000000000000004     
           3           4   15.151645802264991     
           3           1   40.550211948810549     
           3           2   23.301835220218781     
           3           3   34.000000000000000     
           3           4   23.358318038283560     
           3           1   36.326336622867110     
           3           2   50.258742761985992     
           3           3   38.013155617496423     
           3           4   54.807208820384055     
           3           1   21.682132168282717     
           3           2   33.282502042740703     
           3           3   24.041630560342615     
           3           4   39.822968118178892     
           3           1   14.093508373996295     
           3           2   16.355691988864272     
           3           3   17.000000000000000     
           3           4   27.311306098423813     
           3           1   22.475299802514922     
           3           2   2.3005170384413942     
           3           3   24.041630560342618     
           3           4   21.998774780930660     
           3           1   37.278026022550485     
           3           2   17.918596397422409     
           3           3   38.013155617496423     
           3           4   28.284001536600506     
           3           1   40.533125557774959     
           3           2   53.684651402788958     
           3           3   48.083261120685229     
           3           4   61.937095992837769     
           3           1   28.168180459649381     
           3           2   38.259972745005065     
           3           3   38.013155617496416     
           3           4   49.175629239352993     
           3           1   22.846411388495937     
           3           2   24.972169162050982     
           3           3   33.999999999999993     
           3           4   39.727586915726690     
           3           1   28.783165848415987     
           3           2   19.010337999826572     
           3           3   38.013155617496416     
           3           4   36.281121994873963     
           3           1   41.388195891853563     
           3           2   26.022618413165311     
           3           3   48.083261120685229     
           3           4   40.402456166268358     
           3           1   67.706979182157795     
           3           2   72.004656799485915     
           3           3   51.000000000000000     
           3           4   69.115759625107799     
           3           1   61.112577698033427     
           3           2   61.371445469544810     
           3           3   41.641325627314025     
           3           4   57.957112416130514     
           3           1   58.849462833769316     
           3           2   54.094713579340379     
           3           3   38.013155617496423     
           3           4   50.190293191774629     
           3           1   61.398464139978451     
           3           2   51.614162353373828     
           3           3   41.641325627314025     
           3           4   47.508990535861820     
           3           1   68.222309559800479     
           3           2   54.587594503238485     
           3           3   51.000000000000000     
           3           4   50.726155312589150     
           3           1   56.334417233318767     
           3           2   61.699037051118090     
           3           3   41.641325627314025     
           3           4   62.252405173619572     
           3           1   48.208699297353654     
           3           2   48.872844108408536     
           3           3   29.444863728670914     
           3           4   49.572175673060848     
           3           1   45.305527376554068     
           3           2   39.348934031995867     
           3           3   24.041630560342615     
           3           4   40.217399866489565     
           3           1   48.570597420586807     
           3           2   35.862547701800587     
           3           3   29.444863728670917     
           3           4   36.816815493486452     
           3           1   56.952744066618401     
           3           2   40.023818481917523     
           3           3   41.641325627314025     
           3           4   40.884184645676044     
           3           1   48.382828566156974     
           3           2   54.834950034250362     
           3           3   38.013155617496423     
           3           4   59.596440088694166     
           3           1   38.618780703009762     
           3           2   39.857941033980836     
           3           3   24.041630560342615     
           3           4   46.192795134150764     
           3           1   34.927386760423154     
           3           2   27.357616520410790     
           3           3   17.000000000000000     
           3           4   35.969611804493127     
           3           1   39.069610553948529     
           3           2   22.050462577628920     
           3           3   24.041630560342618     
           3           4   32.122447360471156     
           3           1   49.101390935107226     
           3           2   28.319721363335720     
           3           3   38.013155617496423     
           3           4   36.713625202185490     
           3           1   45.675262835660050     
           3           2   52.772836928501619     
           3           3   41.641325627314025     
           3           4   61.693673845785277     
           3           1   35.167339365264077     
           3           2   36.969663721648651     
           3           3   29.444863728670914     
           3           4   48.868681623821601     
           3           1   31.068535223867180     
           3           2   22.946454059425914     
           3           3   24.041630560342615     
           3           4   39.347003630654619     
           3           1   35.661828386689592     
           3           2   16.258027928100759     
           3           3   29.444863728670917     
           3           4   35.863983964014054     
           3           1   46.435741910803181     
           3           2   24.085414472673378     
           3           3   41.641325627314025     
           3           4   40.028289956371680     
           3           1   49.087281144417865     
           3           2   56.045275355784590     
           3           3   50.999999999999993     
           3           4   68.106410226460667     
           3           1   39.497763140159535     
           3           2   41.507307885663643     
           3           3   41.641325627314025     
           3           4   56.749641100144899     
           3           1   35.896871952875905     
           3           2   29.709263304983430     
           3           3   38.013155617496416     
           3           4   48.790987037111314     
           3           1   39.938672222874317     
           3           2   24.908312755672455     
           3           3   41.641325627314025     
           3           4   46.028242059803603     
           3           1   49.795679148408212     
           3           2   30.597512358751576     
           3           3   50.999999999999993     
           3           4   49.342048175731236     
           3           1   76.999103453494314     
           3           2   77.599624317895362     
           3           3   58.889727457341827     
           3           4   78.468257801894808     
           3           1   71.269727483462034     
           3           2   67.848989767630712     
           3           3   51.000000000000000     
           3           4   68.842618584165834     
           3           1   69.338922536278048     
           3           2   61.345489896956707     
           3           3   48.083261120685229     
           3           4   62.444733841896102     
           3           1   71.515021508889944     
           3           2   59.169695359256139     
           3           3   51.000000000000000     
           3           4   60.310724051743513     
           3           1   77.452633424190395     
           3           2   61.780551689967425     
           3           3   58.889727457341827     
           3           4   62.876244215966516     
           3           1   67.217508639389592     
           3           2   68.145449345513796     
           3           3   51.000000000000000     
           3           4   72.495801284001573     
           3           1   60.569840602493237     
           3           2   56.794242531365342     
           3           3   41.641325627314025     
           3           4   61.949010120176673     
           3           1   58.285656156008585     
           3           2   48.840246753278258     
           3           3   38.013155617496423     
           3           4   54.751424693153524     
           3           1   60.858276647153630     
           3           2   46.077688973413885     
           3           3   41.641325627314025     
           3           4   52.304465937340098     
           3           1   67.736562943409737     
           3           2   49.385596476505448     
           3           3   51.000000000000000     
           3           4   55.243061175596338     
           3           1   60.708524959274932     
           3           2   61.999216436383115     
           3           3   48.083261120685229     
           3           4   70.228305726069308     
           3           1   53.254456392455374     
           3           2   49.251259445165850     
           3           3   38.013155617496423     
           3           4   59.279453238154694     
           3           1   50.641378817928668     
           3           2   39.817964226522150     
           3           3   34.000000000000000     
           3           4   51.711625649121473     
           3           1   53.582285986191167     
           3           2   36.376558294513764     
           3           3   38.013155617496423     
           3           4   49.113449057617473     
           3           1   61.282734064587899     
           3           2   40.485030709679826     
           3           3   48.083261120685229     
           3           4   52.231882307604955     
           3           1   58.573513961306780     
           3           2   60.183082431435572     
           3           3   51.000000000000000     
           3           4   72.016585912545693     
           3           1   50.807171351103811     
           3           2   46.944511171792264     
           3           3   41.641325627314025     
           3           4   61.387517440921037     
           3           1   48.061219123378962     
           3           2   36.926560188678401     
           3           3   38.013155617496423     
           3           4   54.115302351734989     
           3           1   51.150688231444853     
           3           2   33.186662465177918     
           3           3   41.641325627314025     
           3           4   51.638208718738525     
           3           1   59.168446231716231     
           3           2   37.644897181254315     
           3           3   51.000000000000000     
           3           4   54.612665662283071     
           3           1   61.271429498746748     
           3           2   63.072212448688212     
           3           3   58.889727457341827     
           3           4   77.580682955513424     
           3           1   53.895270625027173     
           3           2   50.595332802364489     
           3           3   50.999999999999993     
           3           4   67.829204763908308     
           3           1   51.314835268857102     
           3           2   41.468921128859627     
           3           3   48.083261120685229     
           3           4   61.325685238442389     
           3           1   54.219225756137135     
           3           2   38.176630781161663     
           3           3   50.999999999999993     
           3           4   59.151317153760992     
           3           1   61.840412066220807     
           3           2   42.109842745024594     
           3           3   58.889727457341827     
           3           4   61.765014143001125     
           4           1   62.651810297847668     
           4           2   77.195015559336341     
           4           3   61.765014143001125     
           4           4   58.889727457341827     
           4           1   60.222278315106990     
           4           2   71.356958275668049     
           4           3   59.151317153760992     
           4           4   51.000000000000000     
           4           1   62.499570217137652     
           4           2   69.300509099895379     
           4           3   61.325685238442389     
           4           4   48.083261120685229     
           4           1   69.019343297307856     
           4           2   71.353385544443043     
           4           3   67.829204763908308     
           4           4   51.000000000000000     
           4           1   78.734638000414719     
           4           2   77.188410372303849     
           4           3   77.580682955513439     
           4           4   58.889727457341827     
           4           1   50.489673669941340     
           4           2   67.939659096030610     
           4           3   54.612665662283071     
           4           4   51.000000000000000     
           4           1   47.441338715954068     
           4           2   61.225340711457903     
           4           3   51.638208718738525     
           4           4   41.641325627314025     
           4           1   50.300637083704984     
           4           2   58.815707191050215     
           4           3   54.115302351734989     
           4           4   38.013155617496423     
           4           1   58.203329482868178     
           4           2   61.221176724501198     
           4           3   61.387517440921044     
           4           4   41.641325627314025     
           4           1   69.448549551131933     
           4           2   67.932153997071651     
           4           3   72.016585912545708     
           4           4   51.000000000000000     
           4           1   41.846922957331572     
           4           2   62.052591637767456     
           4           3   52.231882307604955     
           4           4   48.083261120685229     
           4           1   38.113494104602360     
           4           2   54.619311567547051     
           4           3   49.113449057617473     
           4           4   38.013155617496423     
           4           1   41.618648521141019     
           4           2   51.903894490317683     
           4           3   51.711625649121473     
           4           4   34.000000000000000     
           4           1   50.887968878615972     
           4           2   54.614643919110939     
           4           3   59.279453238154694     
           4           4   38.013155617496423     
           4           1   63.443351491355678     
           4           2   62.044374423154053     
           4           3   70.228305726069323     
           4           4   48.083261120685229     
           4           1   39.129563947180912     
           4           2   60.524796404797613     
           4           3   55.243061175596338     
           4           4   51.000000000000000     
           4           1   35.108350097394712     
           4           2   52.877178886467206     
           4           3   52.304465937340098     
           4           4   41.641325627314025     
           4           1   38.885340662336361     
           4           2   50.067365759950903     
           4           3   54.751424693153524     
           4           4   38.013155617496423     
           4           1   48.677953842480527     
           4           2   52.872357440253744     
           4           3   61.949010120176681     
           4           4   41.641325627314025     
           4           1   61.684817112117464     
           4           2   60.516371738887379     
           4           3   72.495801284001573     
           4           4   51.000000000000000     
           4           1   43.463554714222326     
           4           2   63.670855426332047     
           4           3   62.876244215966508     
           4           4   58.889727457341827     
           4           1   39.881750967841320     
           4           2   56.451066401531584     
           4           3   60.310724051743513     
           4           4   51.000000000000000     
           4           1   43.243814958044887     
           4           2   53.828133582907917     
           4           3   62.444733841896102     
           4           4   48.083261120685229     
           4           1   52.225482324152274     
           4           2   56.446550223805801     
           4           3   68.842618584165834     
           4           4   51.000000000000000     
           4           1   64.521116511224889     
           4           2   63.662847087747195     
           4           3   78.468257801894808     
           4           4   58.889727457341827     
           4           1   54.978150044879797     
           4           2   67.444957311603204     
           4           3   49.342048175731243     
           4           4   51.000000000000000     
           4           1   52.192628351348922     
           4           2   60.675920544423803     
           4           3   46.028242059803610     
           4           4   41.641325627314025     
           4           1   54.804597672884576     
           4           2   58.243561026627496     
           4           3   48.790987037111329     
           4           4   38.013155617496423     
           4           1   62.137085528301533     
           4           2   60.671718849985886     
           4           3   56.749641100144913     
           4           4   41.641325627314025     
           4           1   72.776994097147039     
           4           2   67.437397157370953     
           4           3   68.106410226460682     
           4           4   51.000000000000000     
           4           1   40.577762334276066     
           4           2   56.617568983864480     
           4           3   40.028289956371687     
           4           4   41.641325627314025     
           4           1   36.715504462307308     
           4           2   48.355911580611370     
           4           3   35.863983964014061     
           4           4   29.444863728670914     
           4           1   40.342307070697167     
           4           2   45.266314759886910     
           4           3   39.347003630654626     
           4           4   24.041630560342615     
           4           1   49.849525691335693     
           4           2   48.350639283161577     
           4           3   48.868681623821608     
           4           4   29.444863728670914     
           4           1   62.613486434759821     
           4           2   56.608562834960388     
           4           3   61.693673845785284     
           4           4   41.641325627314025     
           4           1   29.129239773064274     
           4           2   49.399149471638957     
           4           3   36.713625202185490     
           4           4   38.013155617496423     
           4           1   23.451782056410647     
           4           2   39.661329222185415     
           4           3   32.122447360471163     
           4           4   24.041630560342615     
           4           1   28.800339468244101     
           4           2   35.829681868805785     
           4           3   35.969611804493134     
           4           4   17.000000000000000     
           4           1   41.072290237468053     
           4           2   39.654900957751501     
           4           3   46.192795134150771     
           4           4   24.041630560342615     
           4           1   55.878497628475380     
           4           2   49.388827047403467     
           4           3   59.596440088694173     
           4           4   38.013155617496423     
           4           1   25.069312384992656     
           4           2   47.465806844506517     
           4           3   40.884184645676044     
           4           4   41.641325627314025     
           4           1   18.164357828479947     
           4           2   37.225634803845224     
           4           3   36.816815493486452     
           4           4   29.444863728670914     
           4           1   24.686380196087384     
           4           2   33.113334983032203     
           4           3   40.217399866489572     
           4           4   24.041630560342615     
           4           1   38.300010953660184     
           4           2   37.218785859398416     
           4           3   49.572175673060855     
           4           4   29.444863728670914     
           4           1   53.873595674645713     
           4           2   47.455063881497480     
           4           3   62.252405173619579     
           4           4   41.641325627314025     
           4           1   31.407455120656032     
           4           2   51.417211809652578     
           4           3   50.726155312589150     
           4           4   51.000000000000000     
           4           1   26.227880376056650     
           4           2   42.148247145378740     
           4           3   47.508990535861820     
           4           4   41.641325627314025     
           4           1   31.102655527871764     
           4           2   38.564488905950491     
           4           3   50.190293191774629     
           4           4   38.013155617496423     
           4           1   42.718247304286336     
           4           2   42.142198230828321     
           4           3   57.957112416130514     
           4           4   41.641325627314025     
           4           1   57.099230508080247     
           4           2   51.407294607630163     
           4           3   69.115759625107799     
           4           4   51.000000000000000     
           4           1   51.941742665385632     
           4           2   60.963711389004018     
           4           3   40.402456166268358     
           4           4   48.083261120685229     
           4           1   48.983855534062002     
           4           2   53.379014354622825     
           4           3   36.281121994873963     
           4           4   38.013155617496423     
           4           1   51.758009765123035     
           4           2   50.597077392081459     
           4           3   39.727586915726690     
           4           4   34.000000000000000     
           4           1   59.467344372447691     
           4           2   53.374238240648758     
           4           3   49.175629239353000     
           4           4   38.013155617496423     
           4           1   70.511265189159673     
           4           2   60.955347385760859     
           4           3   61.937095992837769     
           4           4   48.083261120685229     
           4           1   36.357976357558989     
           4           2   48.716536793992780     
           4           3   28.284001536600503     
           4           4   38.013155617496423     
           4           1   31.990247211947786     
           4           2   38.807808806343388     
           4           3   21.998774780930660     
           4           4   24.041630560342615     
           4           1   36.095005035963737     
           4           2   34.882532756366111     
           4           3   27.311306098423813     
           4           4   17.000000000000000     
           4           1   46.479273449688975     
           4           2   38.801239138050803     
           4           3   39.822968118178899     
           4           4   24.041630560342615     
           4           1   59.964959203485478     
           4           2   48.706069701808801     
           4           3   54.807208820384062     
           4           4   38.013155617496423     
           4           1   22.887993763466799     
           4           2   40.100222045259628     
           4           3   23.358318038283560     
           4           4   34.000000000000000     
           4           1   15.011120224060885     
           4           2   27.217143039422368     
           4           3   15.151645802264991     
           4           4   17.000000000000000     
           4           1   22.467914951012350     
           4           2   21.248951559491793     
           4           3   22.170559746135986     
           4           4   0.0000000000000000     
           4           1   36.909086606290316     
           4           2   27.207774799253244     
           4           3   36.489657005741726     
           4           4   17.000000000000000     
           4           1   52.893800638405196     
           4           2   40.087505243855361     
           4           3   52.435259295023684     
           4           4   34.000000000000000     
           4           1   17.430377856379693     
           4           2   37.692899317481540     
           4           3   29.482830600754511     
           4           4   38.013155617496423     
           4           1   2.3003356452670580     
           4           2   23.526574891110936     
           4           3   23.520175364407422     
           4           4   24.041630560342615     
           4           1   16.874981953934078     
           4           2   16.255608055569713     
           4           3   28.551006954434527     
           4           4   17.000000000000000     
           4           1   33.797018918986268     
           4           2   23.515736441913830     
           4           3   40.683182607213269     
           4           4   24.041630560342615     
           4           1   50.771172526100187     
           4           2   37.679370052520852     
           4           3   55.435392088372126     
           4           4   38.013155617496423     
           4           1   25.725005071250195     
           4           2   42.561502673618975     
           4           3   42.081629945713480     
           4           4   48.083261120685229     
           4           1   19.059101704449841     
           4           2   30.728269996628935     
           4           3   38.142167319485935     
           4           4   38.013155617496423     
           4           1   25.351978811234389     
           4           2   25.592413800479573     
           4           3   41.434119717538969     
           4           4   34.000000000000000     
           4           1   38.732367620763803     
           4           2   30.719972514379442     
           4           3   50.564292002430363     
           4           4   38.013155617496423     
           4           1   54.181821429098406     
           4           2   42.549521483014118     
           4           3   63.045293041167902     
           4           4   48.083261120685229     
           4           1   54.325797553988728     
           4           2   58.841532490916457     
           4           3   37.524381545313837     
           4           4   51.000000000000000     
           4           1   51.505007055059046     
           4           2   50.941839513594601     
           4           3   33.046036968114365     
           4           4   41.641325627314025     
           4           1   54.150154419044796     
           4           2   48.018913775491413     
           4           3   36.796764915379072     
           4           4   38.013155617496423     
           4           1   61.560642422501658     
           4           2   50.936834877398212     
           4           3   46.839761497870199     
           4           4   41.641325627314025     
           4           1   72.285449208923268     
           4           2   58.832866787847266     
           4           3   60.099289564162525     
           4           4   51.000000000000000     
           4           1   39.689420423793599     
           4           2   46.033170613789473     
           4           3   23.993863569952076     
           4           4   41.641325627314025     
           4           1   35.731268735399794     
           4           2   35.380755558742692     
           4           3   16.114181268471707     
           4           4   29.444863728670914     
           4           1   39.448663314567121     
           4           2   31.024876003890057     
           4           3   22.839180959326356     
           4           4   24.041630560342615     
           4           1   49.129120785647977     
           4           2   35.373549414866531     
           4           3   36.899722706716197     
           4           4   29.444863728670914     
           4           1   62.041469849089673     
           4           2   46.022093230917427     
           4           3   52.721446155926323     
           4           4   41.641325627314025     
           4           1   27.878448796091948     
           4           2   36.793744680813951     
           4           3   17.925729208839922     
           4           4   38.013155617496423     
           4           1   21.878788338046402     
           4           2   22.057305247608468     
           4           3   2.3006774237923748     
           4           4   24.041630560342615     
           4           1   27.534611873163382     
           4           2   14.045276143081962     
           4           3   16.347919303325391     
           4           4   16.999999999999996     
           4           1   40.194879311554907     
           4           2   22.045744466555863     
           4           3   33.274852584012002     
           4           4   24.041630560342615     
           4           1   55.236779366063509     
           4           2   36.779884668578418     
           4           3   50.251140916673933     
           4           4   38.013155617496423     
           4           1   23.604358092860672     
           4           2   34.154157851066962     
           4           3   25.396024222776290     
           4           4   41.641325627314025     
           4           1   16.082263299694844     
           4           2   17.298889145400359     
           4           3   18.136135069620853     
           4           4   29.444863728670914     
           4           1   23.197255542529732     
           4           2   3.1617452165064703     
           4           3   24.308038674545966     
           4           4   24.041630560342615     
           4           1   37.357544573621816     
           4           2   17.284145913621323     
           4           3   37.826473443118033     
           4           4   29.444863728670914     
           4           1   53.207702529190790     
           4           2   34.139226223108864     
           4           3   53.374183291949343     
           4           4   41.641325627314025     
           4           1   30.251008820792634     
           4           2   39.461796074105315     
           4           3   39.326636329325488     
           4           4   51.000000000000000     
           4           1   24.831371418840089     
           4           2   26.267440235841878     
           4           3   35.079134452245462     
           4           4   41.641325627314025     
           4           1   29.934436330171696     
           4           2   20.018078921134666     
           4           3   38.632978436284269     
           4           4   38.013155617496423     
           4           1   41.875338210811115     
           4           2   26.257733162670903     
           4           3   48.295635121593513     
           4           4   41.641325627314025     
           4           1   56.471385870496690     
           4           2   39.448873469229497     
           4           3   61.240752124200661     
           4           4   51.000000000000000     
           4           1   61.503170069816669     
           4           2   61.531112337072010     
           4           3   41.973800833964795     
           4           4   58.889727457341827     
           4           1   59.026378853030678     
           4           2   54.026131201360577     
           4           3   38.023168008321385     
           4           4   51.000000000000000     
           4           1   61.348079614330409     
           4           2   51.279312785331648     
           4           3   41.324601078881884     
           4           4   48.083261120685229     
           4           1   67.978381447567116     
           4           2   54.021412299986466     
           4           3   50.474587697854616     
           4           4   51.000000000000000     
           4           1   77.823735557319864     
           4           2   61.522825471806641     
           4           3   62.973370183023462     
           4           4   58.889727457341827     
           4           1   49.057086565923065     
           4           2   49.424737088992686     
           4           3   30.486492666499487     
           4           4   51.000000000000000     
           4           1   45.913736661278008     
           4           2   39.693194674469076     
           4           3   24.766662755490859     
           4           4   41.641325627314025     
           4           1   48.862507979696446     
           4           2   35.864951841798863     
           4           3   29.586296371528309     
           4           4   38.013155617496423     
           4           1   56.965060852513915     
           4           2   39.686771571441824     
           4           3   41.416304542095503     
           4           4   41.641325627314025     
           4           1   68.414118643707809     
           4           2   49.414420009882278     
           4           3   55.975634260482408     
           4           4   51.000000000000000     
           4           1   40.106801867465649     
           4           2   40.957679221297724     
           4           3   25.981772721654508     
           4           4   48.083261120685229     
           4           1   36.194323144670911     
           4           2   28.465357091453718     
           4           3   18.947661140610510     
           4           4   38.013155617496423     
           4           1   39.868565308593375     
           4           2   22.825898043521217     
           4           3   24.919374222461776     
           4           4   34.000000000000000     
           4           1   49.466917951599626     
           4           2   28.456399783572007     
           4           3   38.222199839606091     
           4           4   38.013155617496423     
           4           1   62.309304630167432     
           4           2   40.945228730484928     
           4           3   53.655362355672104     
           4           4   48.083261120685229     
           4           1   37.262761166288016     
           4           2   38.603864289386856     
           4           3   31.601879570919415     
           4           4   51.000000000000000     
           4           1   33.014948759623074     
           4           2   24.960036162286485     
           4           3   26.127382979444860     
           4           4   41.641325627314025     
           4           1   37.006219929428774     
           4           2   18.268784096701680     
           4           3   30.734369853541427     
           4           4   38.013155617496423     
           4           1   47.190399291910701     
           4           2   24.949820430639406     
           4           3   42.244086440991566     
           4           4   41.641325627314025     
           4           1   60.517825945705297     
           4           2   38.590654395467340     
           4           3   56.590848979085465     
           4           4   51.000000000000000     
           4           1   41.790802617747111     
           4           2   43.370326133798812     
           4           3   43.592488700119851     
           4           4   58.889727457341827     
           4           1   38.051867960721900     
           4           2   31.839130894252179     
           4           3   39.802844370845762     
           4           4   51.000000000000000     
           4           1   41.562219949912780     
           4           2   26.916079269659139     
           4           3   42.967752663473789     
           4           4   48.083261120685229     
           4           1   50.841829225841614     
           4           2   31.831122983643318     
           4           3   51.828458571417599     
           4           4   51.000000000000000     
           4           1   63.406348821662625     
           4           2   43.358568444415660     
           4           3   64.063643877232280     
           4           4   58.889727457341827     
   1   2  2.3002
   2   1  2.3002
   3   2  2.3005
   4   1  2.3003
