           4
  0.0043873745940061  0.0796319094014342  0.9638871982706446
  0.0409092050222188  0.0007590103120293  0.0774053139146999
  0.0385955737758893  0.9418330604119344  0.9471632696231723
  0.9161078466078859  0.9777760198745951  0.0115442181914832
           1           1  -1.9956126254059938       -1.9203680905985658       -1.0361128017293555     
           2           2  -1.9590907949777812       -1.9992409896879706       -1.9225946860853000     
           3           3  -1.9614044262241106       -1.0581669395880655       -1.0528367303768276     
           4           4  -1.0838921533921142       -1.0222239801254049       -1.9884557818085169     
           5           1  -1.9956126254059938       -1.9203680905985658       -3.6112801729355382E-002
           6           2  -1.9590907949777812       -1.9992409896879706      -0.92259468608530004     
           7           3  -1.9614044262241106       -1.0581669395880655       -5.2836730376827679E-002
           8           4  -1.0838921533921142       -1.0222239801254049      -0.98845578180851679     
           9           1  -1.9956126254059938       -1.9203680905985658       0.96388719827064462     
          10           2  -1.9590907949777812       -1.9992409896879706        7.7405313914699903E-002
          11           3  -1.9614044262241106       -1.0581669395880655       0.94716326962317232     
          12           4  -1.0838921533921142       -1.0222239801254049        1.1544218191483199E-002
          13           1  -1.9956126254059938       -1.9203680905985658        1.9638871982706445     
          14           2  -1.9590907949777812       -1.9992409896879706        1.0774053139147000     
          15           3  -1.9614044262241106       -1.0581669395880655        1.9471632696231724     
          16           4  -1.0838921533921142       -1.0222239801254049        1.0115442181914831     
          17           1  -1.9956126254059938       -1.9203680905985658        2.9638871982706445     
          18           2  -1.9590907949777812       -1.9992409896879706        2.0774053139146997     
          19           3  -1.9614044262241106       -1.0581669395880655        2.9471632696231724     
          20           4  -1.0838921533921142       -1.0222239801254049        2.0115442181914833     
          21           1  -1.9956126254059938      -0.92036809059856584       -1.0361128017293555     
          22           2  -1.9590907949777812      -0.99924098968797070       -1.9225946860853000     
          23           3  -1.9614044262241106       -5.8166939588065625E-002  -1.0528367303768276     
          24           4  -1.0838921533921142       -2.2223980125404941E-002  -1.9884557818085169     
          25           1  -1.9956126254059938      -0.92036809059856584       -3.6112801729355382E-002
          26           2  -1.9590907949777812      -0.99924098968797070      -0.92259468608530004     
          27           3  -1.9614044262241106       -5.8166939588065625E-002  -5.2836730376827679E-002
          28           4  -1.0838921533921142       -2.2223980125404941E-002 -0.98845578180851679     
          29           1  -1.9956126254059938      -0.92036809059856584       0.96388719827064462     
          30           2  -1.9590907949777812      -0.99924098968797070        7.7405313914699903E-002
          31           3  -1.9614044262241106       -5.8166939588065625E-002  0.94716326962317232     
          32           4  -1.0838921533921142       -2.2223980125404941E-002   1.1544218191483199E-002
          33           1  -1.9956126254059938      -0.92036809059856584        1.9638871982706445     
          34           2  -1.9590907949777812      -0.99924098968797070        1.0774053139147000     
          35           3  -1.9614044262241106       -5.8166939588065625E-002   1.9471632696231724     
          36           4  -1.0838921533921142       -2.2223980125404941E-002   1.0115442181914831     
          37           1  -1.9956126254059938      -0.92036809059856584        2.9638871982706445     
          38           2  -1.9590907949777812      -0.99924098968797070        2.0774053139146997     
          39           3  -1.9614044262241106       -5.8166939588065625E-002   2.9471632696231724     
          40           4  -1.0838921533921142       -2.2223980125404941E-002   2.0115442181914833     
          41           1  -1.9956126254059938        7.9631909401434206E-002  -1.0361128017293555     
          42           2  -1.9590907949777812        7.5901031202930003E-004  -1.9225946860853000     
          43           3  -1.9614044262241106       0.94183306041193438       -1.0528367303768276     
          44           4  -1.0838921533921142       0.97777601987459506       -1.9884557818085169     
          45           1  -1.9956126254059938        7.9631909401434206E-002  -3.6112801729355382E-002
          46           2  -1.9590907949777812        7.5901031202930003E-004 -0.92259468608530004     
          47           3  -1.9614044262241106       0.94183306041193438       -5.2836730376827679E-002
          48           4  -1.0838921533921142       0.97777601987459506      -0.98845578180851679     
          49           1  -1.9956126254059938        7.9631909401434206E-002  0.96388719827064462     
          50           2  -1.9590907949777812        7.5901031202930003E-004   7.7405313914699903E-002
          51           3  -1.9614044262241106       0.94183306041193438       0.94716326962317232     
          52           4  -1.0838921533921142       0.97777601987459506        1.1544218191483199E-002
          53           1  -1.9956126254059938        7.9631909401434206E-002   1.9638871982706445     
          54           2  -1.9590907949777812        7.5901031202930003E-004   1.0774053139147000     
          55           3  -1.9614044262241106       0.94183306041193438        1.9471632696231724     
          56           4  -1.0838921533921142       0.97777601987459506        1.0115442181914831     
          57           1  -1.9956126254059938        7.9631909401434206E-002   2.9638871982706445     
          58           2  -1.9590907949777812        7.5901031202930003E-004   2.0774053139146997     
          59           3  -1.9614044262241106       0.94183306041193438        2.9471632696231724     
          60           4  -1.0838921533921142       0.97777601987459506        2.0115442181914833     
          61           1  -1.9956126254059938        1.0796319094014342       -1.0361128017293555     
          62           2  -1.9590907949777812        1.0007590103120294       -1.9225946860853000     
          63           3  -1.9614044262241106        1.9418330604119345       -1.0528367303768276     
          64           4  -1.0838921533921142        1.9777760198745951       -1.9884557818085169     
          65           1  -1.9956126254059938        1.0796319094014342       -3.6112801729355382E-002
          66           2  -1.9590907949777812        1.0007590103120294      -0.92259468608530004     
          67           3  -1.9614044262241106        1.9418330604119345       -5.2836730376827679E-002
          68           4  -1.0838921533921142        1.9777760198745951      -0.98845578180851679     
          69           1  -1.9956126254059938        1.0796319094014342       0.96388719827064462     
          70           2  -1.9590907949777812        1.0007590103120294        7.7405313914699903E-002
          71           3  -1.9614044262241106        1.9418330604119345       0.94716326962317232     
          72           4  -1.0838921533921142        1.9777760198745951        1.1544218191483199E-002
          73           1  -1.9956126254059938        1.0796319094014342        1.9638871982706445     
          74           2  -1.9590907949777812        1.0007590103120294        1.0774053139147000     
          75           3  -1.9614044262241106        1.9418330604119345        1.9471632696231724     
          76           4  -1.0838921533921142        1.9777760198745951        1.0115442181914831     
          77           1  -1.9956126254059938        1.0796319094014342        2.9638871982706445     
          78           2  -1.9590907949777812        1.0007590103120294        2.0774053139146997     
          79           3  -1.9614044262241106        1.9418330604119345        2.9471632696231724     
          80           4  -1.0838921533921142        1.9777760198745951        2.0115442181914833     
          81           1  -1.9956126254059938        2.0796319094014342       -1.0361128017293555     
          82           2  -1.9590907949777812        2.0007590103120294       -1.9225946860853000     
          83           3  -1.9614044262241106        2.9418330604119345       -1.0528367303768276     
          84           4  -1.0838921533921142        2.9777760198745948       -1.9884557818085169     
          85           1  -1.9956126254059938        2.0796319094014342       -3.6112801729355382E-002
          86           2  -1.9590907949777812        2.0007590103120294      -0.92259468608530004     
          87           3  -1.9614044262241106        2.9418330604119345       -5.2836730376827679E-002
          88           4  -1.0838921533921142        2.9777760198745948      -0.98845578180851679     
          89           1  -1.9956126254059938        2.0796319094014342       0.96388719827064462     
          90           2  -1.9590907949777812        2.0007590103120294        7.7405313914699903E-002
          91           3  -1.9614044262241106        2.9418330604119345       0.94716326962317232     
          92           4  -1.0838921533921142        2.9777760198745948        1.1544218191483199E-002
          93           1  -1.9956126254059938        2.0796319094014342        1.9638871982706445     
          94           2  -1.9590907949777812        2.0007590103120294        1.0774053139147000     
          95           3  -1.9614044262241106        2.9418330604119345        1.9471632696231724     
          96           4  -1.0838921533921142        2.9777760198745948        1.0115442181914831     
          97           1  -1.9956126254059938        2.0796319094014342        2.9638871982706445     
          98           2  -1.9590907949777812        2.0007590103120294        2.0774053139146997     
          99           3  -1.9614044262241106        2.9418330604119345        2.9471632696231724     
         100           4  -1.0838921533921142        2.9777760198745948        2.0115442181914833     
         101           1 -0.99561262540599393       -1.9203680905985658       -1.0361128017293555     
         102           2 -0.95909079497778116       -1.9992409896879706       -1.9225946860853000     
         103           3 -0.96140442622411071       -1.0581669395880655       -1.0528367303768276     
         104           4  -8.3892153392114088E-002  -1.0222239801254049       -1.9884557818085169     
         105           1 -0.99561262540599393       -1.9203680905985658       -3.6112801729355382E-002
         106           2 -0.95909079497778116       -1.9992409896879706      -0.92259468608530004     
         107           3 -0.96140442622411071       -1.0581669395880655       -5.2836730376827679E-002
         108           4  -8.3892153392114088E-002  -1.0222239801254049      -0.98845578180851679     
         109           1 -0.99561262540599393       -1.9203680905985658       0.96388719827064462     
         110           2 -0.95909079497778116       -1.9992409896879706        7.7405313914699903E-002
         111           3 -0.96140442622411071       -1.0581669395880655       0.94716326962317232     
         112           4  -8.3892153392114088E-002  -1.0222239801254049        1.1544218191483199E-002
         113           1 -0.99561262540599393       -1.9203680905985658        1.9638871982706445     
         114           2 -0.95909079497778116       -1.9992409896879706        1.0774053139147000     
         115           3 -0.96140442622411071       -1.0581669395880655        1.9471632696231724     
         116           4  -8.3892153392114088E-002  -1.0222239801254049        1.0115442181914831     
         117           1 -0.99561262540599393       -1.9203680905985658        2.9638871982706445     
         118           2 -0.95909079497778116       -1.9992409896879706        2.0774053139146997     
         119           3 -0.96140442622411071       -1.0581669395880655        2.9471632696231724     
         120           4  -8.3892153392114088E-002  -1.0222239801254049        2.0115442181914833     
         121           1 -0.99561262540599393      -0.92036809059856584       -1.0361128017293555     
         122           2 -0.95909079497778116      -0.99924098968797070       -1.9225946860853000     
         123           3 -0.96140442622411071       -5.8166939588065625E-002  -1.0528367303768276     
         124           4  -8.3892153392114088E-002  -2.2223980125404941E-002  -1.9884557818085169     
         125           1 -0.99561262540599393      -0.92036809059856584       -3.6112801729355382E-002
         126           2 -0.95909079497778116      -0.99924098968797070      -0.92259468608530004     
         127           3 -0.96140442622411071       -5.8166939588065625E-002  -5.2836730376827679E-002
         128           4  -8.3892153392114088E-002  -2.2223980125404941E-002 -0.98845578180851679     
         129           1 -0.99561262540599393      -0.92036809059856584       0.96388719827064462     
         130           2 -0.95909079497778116      -0.99924098968797070        7.7405313914699903E-002
         131           3 -0.96140442622411071       -5.8166939588065625E-002  0.94716326962317232     
         132           4  -8.3892153392114088E-002  -2.2223980125404941E-002   1.1544218191483199E-002
         133           1 -0.99561262540599393      -0.92036809059856584        1.9638871982706445     
         134           2 -0.95909079497778116      -0.99924098968797070        1.0774053139147000     
         135           3 -0.96140442622411071       -5.8166939588065625E-002   1.9471632696231724     
         136           4  -8.3892153392114088E-002  -2.2223980125404941E-002   1.0115442181914831     
         137           1 -0.99561262540599393      -0.92036809059856584        2.9638871982706445     
         138           2 -0.95909079497778116      -0.99924098968797070        2.0774053139146997     
         139           3 -0.96140442622411071       -5.8166939588065625E-002   2.9471632696231724     
         140           4  -8.3892153392114088E-002  -2.2223980125404941E-002   2.0115442181914833     
         141           1 -0.99561262540599393        7.9631909401434206E-002  -1.0361128017293555     
         142           2 -0.95909079497778116        7.5901031202930003E-004  -1.9225946860853000     
         143           3 -0.96140442622411071       0.94183306041193438       -1.0528367303768276     
         144           4  -8.3892153392114088E-002  0.97777601987459506       -1.9884557818085169     
         145           1 -0.99561262540599393        7.9631909401434206E-002  -3.6112801729355382E-002
         146           2 -0.95909079497778116        7.5901031202930003E-004 -0.92259468608530004     
         147           3 -0.96140442622411071       0.94183306041193438       -5.2836730376827679E-002
         148           4  -8.3892153392114088E-002  0.97777601987459506      -0.98845578180851679     
         149           1 -0.99561262540599393        7.9631909401434206E-002  0.96388719827064462     
         150           2 -0.95909079497778116        7.5901031202930003E-004   7.7405313914699903E-002
         151           3 -0.96140442622411071       0.94183306041193438       0.94716326962317232     
         152           4  -8.3892153392114088E-002  0.97777601987459506        1.1544218191483199E-002
         153           1 -0.99561262540599393        7.9631909401434206E-002   1.9638871982706445     
         154           2 -0.95909079497778116        7.5901031202930003E-004   1.0774053139147000     
         155           3 -0.96140442622411071       0.94183306041193438        1.9471632696231724     
         156           4  -8.3892153392114088E-002  0.97777601987459506        1.0115442181914831     
         157           1 -0.99561262540599393        7.9631909401434206E-002   2.9638871982706445     
         158           2 -0.95909079497778116        7.5901031202930003E-004   2.0774053139146997     
         159           3 -0.96140442622411071       0.94183306041193438        2.9471632696231724     
         160           4  -8.3892153392114088E-002  0.97777601987459506        2.0115442181914833     
         161           1 -0.99561262540599393        1.0796319094014342       -1.0361128017293555     
         162           2 -0.95909079497778116        1.0007590103120294       -1.9225946860853000     
         163           3 -0.96140442622411071        1.9418330604119345       -1.0528367303768276     
         164           4  -8.3892153392114088E-002   1.9777760198745951       -1.9884557818085169     
         165           1 -0.99561262540599393        1.0796319094014342       -3.6112801729355382E-002
         166           2 -0.95909079497778116        1.0007590103120294      -0.92259468608530004     
         167           3 -0.96140442622411071        1.9418330604119345       -5.2836730376827679E-002
         168           4  -8.3892153392114088E-002   1.9777760198745951      -0.98845578180851679     
         169           1 -0.99561262540599393        1.0796319094014342       0.96388719827064462     
         170           2 -0.95909079497778116        1.0007590103120294        7.7405313914699903E-002
         171           3 -0.96140442622411071        1.9418330604119345       0.94716326962317232     
         172           4  -8.3892153392114088E-002   1.9777760198745951        1.1544218191483199E-002
         173           1 -0.99561262540599393        1.0796319094014342        1.9638871982706445     
         174           2 -0.95909079497778116        1.0007590103120294        1.0774053139147000     
         175           3 -0.96140442622411071        1.9418330604119345        1.9471632696231724     
         176           4  -8.3892153392114088E-002   1.9777760198745951        1.0115442181914831     
         177           1 -0.99561262540599393        1.0796319094014342        2.9638871982706445     
         178           2 -0.95909079497778116        1.0007590103120294        2.0774053139146997     
         179           3 -0.96140442622411071        1.9418330604119345        2.9471632696231724     
         180           4  -8.3892153392114088E-002   1.9777760198745951        2.0115442181914833     
         181           1 -0.99561262540599393        2.0796319094014342       -1.0361128017293555     
         182           2 -0.95909079497778116        2.0007590103120294       -1.9225946860853000     
         183           3 -0.96140442622411071        2.9418330604119345       -1.0528367303768276     
         184           4  -8.3892153392114088E-002   2.9777760198745948       -1.9884557818085169     
         185           1 -0.99561262540599393        2.0796319094014342       -3.6112801729355382E-002
         186           2 -0.95909079497778116        2.0007590103120294      -0.92259468608530004     
         187           3 -0.96140442622411071        2.9418330604119345       -5.2836730376827679E-002
         188           4  -8.3892153392114088E-002   2.9777760198745948      -0.98845578180851679     
         189           1 -0.99561262540599393        2.0796319094014342       0.96388719827064462     
         190           2 -0.95909079497778116        2.0007590103120294        7.7405313914699903E-002
         191           3 -0.96140442622411071        2.9418330604119345       0.94716326962317232     
         192           4  -8.3892153392114088E-002   2.9777760198745948        1.1544218191483199E-002
         193           1 -0.99561262540599393        2.0796319094014342        1.9638871982706445     
         194           2 -0.95909079497778116        2.0007590103120294        1.0774053139147000     
         195           3 -0.96140442622411071        2.9418330604119345        1.9471632696231724     
         196           4  -8.3892153392114088E-002   2.9777760198745948        1.0115442181914831     
         197           1 -0.99561262540599393        2.0796319094014342        2.9638871982706445     
         198           2 -0.95909079497778116        2.0007590103120294        2.0774053139146997     
         199           3 -0.96140442622411071        2.9418330604119345        2.9471632696231724     
         200           4  -8.3892153392114088E-002   2.9777760198745948        2.0115442181914833     
         201           1   4.3873745940060998E-003  -1.9203680905985658       -1.0361128017293555     
         202           2   4.0909205022218800E-002  -1.9992409896879706       -1.9225946860853000     
         203           3   3.8595573775889298E-002  -1.0581669395880655       -1.0528367303768276     
         204           4  0.91610784660788591       -1.0222239801254049       -1.9884557818085169     
         205           1   4.3873745940060998E-003  -1.9203680905985658       -3.6112801729355382E-002
         206           2   4.0909205022218800E-002  -1.9992409896879706      -0.92259468608530004     
         207           3   3.8595573775889298E-002  -1.0581669395880655       -5.2836730376827679E-002
         208           4  0.91610784660788591       -1.0222239801254049      -0.98845578180851679     
         209           1   4.3873745940060998E-003  -1.9203680905985658       0.96388719827064462     
         210           2   4.0909205022218800E-002  -1.9992409896879706        7.7405313914699903E-002
         211           3   3.8595573775889298E-002  -1.0581669395880655       0.94716326962317232     
         212           4  0.91610784660788591       -1.0222239801254049        1.1544218191483199E-002
         213           1   4.3873745940060998E-003  -1.9203680905985658        1.9638871982706445     
         214           2   4.0909205022218800E-002  -1.9992409896879706        1.0774053139147000     
         215           3   3.8595573775889298E-002  -1.0581669395880655        1.9471632696231724     
         216           4  0.91610784660788591       -1.0222239801254049        1.0115442181914831     
         217           1   4.3873745940060998E-003  -1.9203680905985658        2.9638871982706445     
         218           2   4.0909205022218800E-002  -1.9992409896879706        2.0774053139146997     
         219           3   3.8595573775889298E-002  -1.0581669395880655        2.9471632696231724     
         220           4  0.91610784660788591       -1.0222239801254049        2.0115442181914833     
         221           1   4.3873745940060998E-003 -0.92036809059856584       -1.0361128017293555     
         222           2   4.0909205022218800E-002 -0.99924098968797070       -1.9225946860853000     
         223           3   3.8595573775889298E-002  -5.8166939588065625E-002  -1.0528367303768276     
         224           4  0.91610784660788591       -2.2223980125404941E-002  -1.9884557818085169     
         225           1   4.3873745940060998E-003 -0.92036809059856584       -3.6112801729355382E-002
         226           2   4.0909205022218800E-002 -0.99924098968797070      -0.92259468608530004     
         227           3   3.8595573775889298E-002  -5.8166939588065625E-002  -5.2836730376827679E-002
         228           4  0.91610784660788591       -2.2223980125404941E-002 -0.98845578180851679     
         229           1   4.3873745940060998E-003 -0.92036809059856584       0.96388719827064462     
         230           2   4.0909205022218800E-002 -0.99924098968797070        7.7405313914699903E-002
         231           3   3.8595573775889298E-002  -5.8166939588065625E-002  0.94716326962317232     
         232           4  0.91610784660788591       -2.2223980125404941E-002   1.1544218191483199E-002
         233           1   4.3873745940060998E-003 -0.92036809059856584        1.9638871982706445     
         234           2   4.0909205022218800E-002 -0.99924098968797070        1.0774053139147000     
         235           3   3.8595573775889298E-002  -5.8166939588065625E-002   1.9471632696231724     
         236           4  0.91610784660788591       -2.2223980125404941E-002   1.0115442181914831     
         237           1   4.3873745940060998E-003 -0.92036809059856584        2.9638871982706445     
         238           2   4.0909205022218800E-002 -0.99924098968797070        2.0774053139146997     
         239           3   3.8595573775889298E-002  -5.8166939588065625E-002   2.9471632696231724     
         240           4  0.91610784660788591       -2.2223980125404941E-002   2.0115442181914833     
         241           1   4.3873745940060998E-003   7.9631909401434206E-002  -1.0361128017293555     
         242           2   4.0909205022218800E-002   7.5901031202930003E-004  -1.9225946860853000     
         243           3   3.8595573775889298E-002  0.94183306041193438       -1.0528367303768276     
         244           4  0.91610784660788591       0.97777601987459506       -1.9884557818085169     
         245           1   4.3873745940060998E-003   7.9631909401434206E-002  -3.6112801729355382E-002
         246           2   4.0909205022218800E-002   7.5901031202930003E-004 -0.92259468608530004     
         247           3   3.8595573775889298E-002  0.94183306041193438       -5.2836730376827679E-002
         248           4  0.91610784660788591       0.97777601987459506      -0.98845578180851679     
         249           1   4.3873745940060998E-003   7.9631909401434206E-002  0.96388719827064462     
         250           2   4.0909205022218800E-002   7.5901031202930003E-004   7.7405313914699903E-002
         251           3   3.8595573775889298E-002  0.94183306041193438       0.94716326962317232     
         252           4  0.91610784660788591       0.97777601987459506        1.1544218191483199E-002
         253           1   4.3873745940060998E-003   7.9631909401434206E-002   1.9638871982706445     
         254           2   4.0909205022218800E-002   7.5901031202930003E-004   1.0774053139147000     
         255           3   3.8595573775889298E-002  0.94183306041193438        1.9471632696231724     
         256           4  0.91610784660788591       0.97777601987459506        1.0115442181914831     
         257           1   4.3873745940060998E-003   7.9631909401434206E-002   2.9638871982706445     
         258           2   4.0909205022218800E-002   7.5901031202930003E-004   2.0774053139146997     
         259           3   3.8595573775889298E-002  0.94183306041193438        2.9471632696231724     
         260           4  0.91610784660788591       0.97777601987459506        2.0115442181914833     
         261           1   4.3873745940060998E-003   1.0796319094014342       -1.0361128017293555     
         262           2   4.0909205022218800E-002   1.0007590103120294       -1.9225946860853000     
         263           3   3.8595573775889298E-002   1.9418330604119345       -1.0528367303768276     
         264           4  0.91610784660788591        1.9777760198745951       -1.9884557818085169     
         265           1   4.3873745940060998E-003   1.0796319094014342       -3.6112801729355382E-002
         266           2   4.0909205022218800E-002   1.0007590103120294      -0.92259468608530004     
         267           3   3.8595573775889298E-002   1.9418330604119345       -5.2836730376827679E-002
         268           4  0.91610784660788591        1.9777760198745951      -0.98845578180851679     
         269           1   4.3873745940060998E-003   1.0796319094014342       0.96388719827064462     
         270           2   4.0909205022218800E-002   1.0007590103120294        7.7405313914699903E-002
         271           3   3.8595573775889298E-002   1.9418330604119345       0.94716326962317232     
         272           4  0.91610784660788591        1.9777760198745951        1.1544218191483199E-002
         273           1   4.3873745940060998E-003   1.0796319094014342        1.9638871982706445     
         274           2   4.0909205022218800E-002   1.0007590103120294        1.0774053139147000     
         275           3   3.8595573775889298E-002   1.9418330604119345        1.9471632696231724     
         276           4  0.91610784660788591        1.9777760198745951        1.0115442181914831     
         277           1   4.3873745940060998E-003   1.0796319094014342        2.9638871982706445     
         278           2   4.0909205022218800E-002   1.0007590103120294        2.0774053139146997     
         279           3   3.8595573775889298E-002   1.9418330604119345        2.9471632696231724     
         280           4  0.91610784660788591        1.9777760198745951        2.0115442181914833     
         281           1   4.3873745940060998E-003   2.0796319094014342       -1.0361128017293555     
         282           2   4.0909205022218800E-002   2.0007590103120294       -1.9225946860853000     
         283           3   3.8595573775889298E-002   2.9418330604119345       -1.0528367303768276     
         284           4  0.91610784660788591        2.9777760198745948       -1.9884557818085169     
         285           1   4.3873745940060998E-003   2.0796319094014342       -3.6112801729355382E-002
         286           2   4.0909205022218800E-002   2.0007590103120294      -0.92259468608530004     
         287           3   3.8595573775889298E-002   2.9418330604119345       -5.2836730376827679E-002
         288           4  0.91610784660788591        2.9777760198745948      -0.98845578180851679     
         289           1   4.3873745940060998E-003   2.0796319094014342       0.96388719827064462     
         290           2   4.0909205022218800E-002   2.0007590103120294        7.7405313914699903E-002
         291           3   3.8595573775889298E-002   2.9418330604119345       0.94716326962317232     
         292           4  0.91610784660788591        2.9777760198745948        1.1544218191483199E-002
         293           1   4.3873745940060998E-003   2.0796319094014342        1.9638871982706445     
         294           2   4.0909205022218800E-002   2.0007590103120294        1.0774053139147000     
         295           3   3.8595573775889298E-002   2.9418330604119345        1.9471632696231724     
         296           4  0.91610784660788591        2.9777760198745948        1.0115442181914831     
         297           1   4.3873745940060998E-003   2.0796319094014342        2.9638871982706445     
         298           2   4.0909205022218800E-002   2.0007590103120294        2.0774053139146997     
         299           3   3.8595573775889298E-002   2.9418330604119345        2.9471632696231724     
         300           4  0.91610784660788591        2.9777760198745948        2.0115442181914833     
         301           1   1.0043873745940062       -1.9203680905985658       -1.0361128017293555     
         302           2   1.0409092050222188       -1.9992409896879706       -1.9225946860853000     
         303           3   1.0385955737758894       -1.0581669395880655       -1.0528367303768276     
         304           4   1.9161078466078858       -1.0222239801254049       -1.9884557818085169     
         305           1   1.0043873745940062       -1.9203680905985658       -3.6112801729355382E-002
         306           2   1.0409092050222188       -1.9992409896879706      -0.92259468608530004     
         307           3   1.0385955737758894       -1.0581669395880655       -5.2836730376827679E-002
         308           4   1.9161078466078858       -1.0222239801254049      -0.98845578180851679     
         309           1   1.0043873745940062       -1.9203680905985658       0.96388719827064462     
         310           2   1.0409092050222188       -1.9992409896879706        7.7405313914699903E-002
         311           3   1.0385955737758894       -1.0581669395880655       0.94716326962317232     
         312           4   1.9161078466078858       -1.0222239801254049        1.1544218191483199E-002
         313           1   1.0043873745940062       -1.9203680905985658        1.9638871982706445     
         314           2   1.0409092050222188       -1.9992409896879706        1.0774053139147000     
         315           3   1.0385955737758894       -1.0581669395880655        1.9471632696231724     
         316           4   1.9161078466078858       -1.0222239801254049        1.0115442181914831     
         317           1   1.0043873745940062       -1.9203680905985658        2.9638871982706445     
         318           2   1.0409092050222188       -1.9992409896879706        2.0774053139146997     
         319           3   1.0385955737758894       -1.0581669395880655        2.9471632696231724     
         320           4   1.9161078466078858       -1.0222239801254049        2.0115442181914833     
         321           1   1.0043873745940062      -0.92036809059856584       -1.0361128017293555     
         322           2   1.0409092050222188      -0.99924098968797070       -1.9225946860853000     
         323           3   1.0385955737758894       -5.8166939588065625E-002  -1.0528367303768276     
         324           4   1.9161078466078858       -2.2223980125404941E-002  -1.9884557818085169     
         325           1   1.0043873745940062      -0.92036809059856584       -3.6112801729355382E-002
         326           2   1.0409092050222188      -0.99924098968797070      -0.92259468608530004     
         327           3   1.0385955737758894       -5.8166939588065625E-002  -5.2836730376827679E-002
         328           4   1.9161078466078858       -2.2223980125404941E-002 -0.98845578180851679     
         329           1   1.0043873745940062      -0.92036809059856584       0.96388719827064462     
         330           2   1.0409092050222188      -0.99924098968797070        7.7405313914699903E-002
         331           3   1.0385955737758894       -5.8166939588065625E-002  0.94716326962317232     
         332           4   1.9161078466078858       -2.2223980125404941E-002   1.1544218191483199E-002
         333           1   1.0043873745940062      -0.92036809059856584        1.9638871982706445     
         334           2   1.0409092050222188      -0.99924098968797070        1.0774053139147000     
         335           3   1.0385955737758894       -5.8166939588065625E-002   1.9471632696231724     
         336           4   1.9161078466078858       -2.2223980125404941E-002   1.0115442181914831     
         337           1   1.0043873745940062      -0.92036809059856584        2.9638871982706445     
         338           2   1.0409092050222188      -0.99924098968797070        2.0774053139146997     
         339           3   1.0385955737758894       -5.8166939588065625E-002   2.9471632696231724     
         340           4   1.9161078466078858       -2.2223980125404941E-002   2.0115442181914833     
         341           1   1.0043873745940062        7.9631909401434206E-002  -1.0361128017293555     
         342           2   1.0409092050222188        7.5901031202930003E-004  -1.9225946860853000     
         343           3   1.0385955737758894       0.94183306041193438       -1.0528367303768276     
         344           4   1.9161078466078858       0.97777601987459506       -1.9884557818085169     
         345           1   1.0043873745940062        7.9631909401434206E-002  -3.6112801729355382E-002
         346           2   1.0409092050222188        7.5901031202930003E-004 -0.92259468608530004     
         347           3   1.0385955737758894       0.94183306041193438       -5.2836730376827679E-002
         348           4   1.9161078466078858       0.97777601987459506      -0.98845578180851679     
         349           1   1.0043873745940062        7.9631909401434206E-002  0.96388719827064462     
         350           2   1.0409092050222188        7.5901031202930003E-004   7.7405313914699903E-002
         351           3   1.0385955737758894       0.94183306041193438       0.94716326962317232     
         352           4   1.9161078466078858       0.97777601987459506        1.1544218191483199E-002
         353           1   1.0043873745940062        7.9631909401434206E-002   1.9638871982706445     
         354           2   1.0409092050222188        7.5901031202930003E-004   1.0774053139147000     
         355           3   1.0385955737758894       0.94183306041193438        1.9471632696231724     
         356           4   1.9161078466078858       0.97777601987459506        1.0115442181914831     
         357           1   1.0043873745940062        7.9631909401434206E-002   2.9638871982706445     
         358           2   1.0409092050222188        7.5901031202930003E-004   2.0774053139146997     
         359           3   1.0385955737758894       0.94183306041193438        2.9471632696231724     
         360           4   1.9161078466078858       0.97777601987459506        2.0115442181914833     
         361           1   1.0043873745940062        1.0796319094014342       -1.0361128017293555     
         362           2   1.0409092050222188        1.0007590103120294       -1.9225946860853000     
         363           3   1.0385955737758894        1.9418330604119345       -1.0528367303768276     
         364           4   1.9161078466078858        1.9777760198745951       -1.9884557818085169     
         365           1   1.0043873745940062        1.0796319094014342       -3.6112801729355382E-002
         366           2   1.0409092050222188        1.0007590103120294      -0.92259468608530004     
         367           3   1.0385955737758894        1.9418330604119345       -5.2836730376827679E-002
         368           4   1.9161078466078858        1.9777760198745951      -0.98845578180851679     
         369           1   1.0043873745940062        1.0796319094014342       0.96388719827064462     
         370           2   1.0409092050222188        1.0007590103120294        7.7405313914699903E-002
         371           3   1.0385955737758894        1.9418330604119345       0.94716326962317232     
         372           4   1.9161078466078858        1.9777760198745951        1.1544218191483199E-002
         373           1   1.0043873745940062        1.0796319094014342        1.9638871982706445     
         374           2   1.0409092050222188        1.0007590103120294        1.0774053139147000     
         375           3   1.0385955737758894        1.9418330604119345        1.9471632696231724     
         376           4   1.9161078466078858        1.9777760198745951        1.0115442181914831     
         377           1   1.0043873745940062        1.0796319094014342        2.9638871982706445     
         378           2   1.0409092050222188        1.0007590103120294        2.0774053139146997     
         379           3   1.0385955737758894        1.9418330604119345        2.9471632696231724     
         380           4   1.9161078466078858        1.9777760198745951        2.0115442181914833     
         381           1   1.0043873745940062        2.0796319094014342       -1.0361128017293555     
         382           2   1.0409092050222188        2.0007590103120294       -1.9225946860853000     
         383           3   1.0385955737758894        2.9418330604119345       -1.0528367303768276     
         384           4   1.9161078466078858        2.9777760198745948       -1.9884557818085169     
         385           1   1.0043873745940062        2.0796319094014342       -3.6112801729355382E-002
         386           2   1.0409092050222188        2.0007590103120294      -0.92259468608530004     
         387           3   1.0385955737758894        2.9418330604119345       -5.2836730376827679E-002
         388           4   1.9161078466078858        2.9777760198745948      -0.98845578180851679     
         389           1   1.0043873745940062        2.0796319094014342       0.96388719827064462     
         390           2   1.0409092050222188        2.0007590103120294        7.7405313914699903E-002
         391           3   1.0385955737758894        2.9418330604119345       0.94716326962317232     
         392           4   1.9161078466078858        2.9777760198745948        1.1544218191483199E-002
         393           1   1.0043873745940062        2.0796319094014342        1.9638871982706445     
         394           2   1.0409092050222188        2.0007590103120294        1.0774053139147000     
         395           3   1.0385955737758894        2.9418330604119345        1.9471632696231724     
         396           4   1.9161078466078858        2.9777760198745948        1.0115442181914831     
         397           1   1.0043873745940062        2.0796319094014342        2.9638871982706445     
         398           2   1.0409092050222188        2.0007590103120294        2.0774053139146997     
         399           3   1.0385955737758894        2.9418330604119345        2.9471632696231724     
         400           4   1.9161078466078858        2.9777760198745948        2.0115442181914833     
         401           1   2.0043873745940060       -1.9203680905985658       -1.0361128017293555     
         402           2   2.0409092050222188       -1.9992409896879706       -1.9225946860853000     
         403           3   2.0385955737758894       -1.0581669395880655       -1.0528367303768276     
         404           4   2.9161078466078858       -1.0222239801254049       -1.9884557818085169     
         405           1   2.0043873745940060       -1.9203680905985658       -3.6112801729355382E-002
         406           2   2.0409092050222188       -1.9992409896879706      -0.92259468608530004     
         407           3   2.0385955737758894       -1.0581669395880655       -5.2836730376827679E-002
         408           4   2.9161078466078858       -1.0222239801254049      -0.98845578180851679     
         409           1   2.0043873745940060       -1.9203680905985658       0.96388719827064462     
         410           2   2.0409092050222188       -1.9992409896879706        7.7405313914699903E-002
         411           3   2.0385955737758894       -1.0581669395880655       0.94716326962317232     
         412           4   2.9161078466078858       -1.0222239801254049        1.1544218191483199E-002
         413           1   2.0043873745940060       -1.9203680905985658        1.9638871982706445     
         414           2   2.0409092050222188       -1.9992409896879706        1.0774053139147000     
         415           3   2.0385955737758894       -1.0581669395880655        1.9471632696231724     
         416           4   2.9161078466078858       -1.0222239801254049        1.0115442181914831     
         417           1   2.0043873745940060       -1.9203680905985658        2.9638871982706445     
         418           2   2.0409092050222188       -1.9992409896879706        2.0774053139146997     
         419           3   2.0385955737758894       -1.0581669395880655        2.9471632696231724     
         420           4   2.9161078466078858       -1.0222239801254049        2.0115442181914833     
         421           1   2.0043873745940060      -0.92036809059856584       -1.0361128017293555     
         422           2   2.0409092050222188      -0.99924098968797070       -1.9225946860853000     
         423           3   2.0385955737758894       -5.8166939588065625E-002  -1.0528367303768276     
         424           4   2.9161078466078858       -2.2223980125404941E-002  -1.9884557818085169     
         425           1   2.0043873745940060      -0.92036809059856584       -3.6112801729355382E-002
         426           2   2.0409092050222188      -0.99924098968797070      -0.92259468608530004     
         427           3   2.0385955737758894       -5.8166939588065625E-002  -5.2836730376827679E-002
         428           4   2.9161078466078858       -2.2223980125404941E-002 -0.98845578180851679     
         429           1   2.0043873745940060      -0.92036809059856584       0.96388719827064462     
         430           2   2.0409092050222188      -0.99924098968797070        7.7405313914699903E-002
         431           3   2.0385955737758894       -5.8166939588065625E-002  0.94716326962317232     
         432           4   2.9161078466078858       -2.2223980125404941E-002   1.1544218191483199E-002
         433           1   2.0043873745940060      -0.92036809059856584        1.9638871982706445     
         434           2   2.0409092050222188      -0.99924098968797070        1.0774053139147000     
         435           3   2.0385955737758894       -5.8166939588065625E-002   1.9471632696231724     
         436           4   2.9161078466078858       -2.2223980125404941E-002   1.0115442181914831     
         437           1   2.0043873745940060      -0.92036809059856584        2.9638871982706445     
         438           2   2.0409092050222188      -0.99924098968797070        2.0774053139146997     
         439           3   2.0385955737758894       -5.8166939588065625E-002   2.9471632696231724     
         440           4   2.9161078466078858       -2.2223980125404941E-002   2.0115442181914833     
         441           1   2.0043873745940060        7.9631909401434206E-002  -1.0361128017293555     
         442           2   2.0409092050222188        7.5901031202930003E-004  -1.9225946860853000     
         443           3   2.0385955737758894       0.94183306041193438       -1.0528367303768276     
         444           4   2.9161078466078858       0.97777601987459506       -1.9884557818085169     
         445           1   2.0043873745940060        7.9631909401434206E-002  -3.6112801729355382E-002
         446           2   2.0409092050222188        7.5901031202930003E-004 -0.92259468608530004     
         447           3   2.0385955737758894       0.94183306041193438       -5.2836730376827679E-002
         448           4   2.9161078466078858       0.97777601987459506      -0.98845578180851679     
         449           1   2.0043873745940060        7.9631909401434206E-002  0.96388719827064462     
         450           2   2.0409092050222188        7.5901031202930003E-004   7.7405313914699903E-002
         451           3   2.0385955737758894       0.94183306041193438       0.94716326962317232     
         452           4   2.9161078466078858       0.97777601987459506        1.1544218191483199E-002
         453           1   2.0043873745940060        7.9631909401434206E-002   1.9638871982706445     
         454           2   2.0409092050222188        7.5901031202930003E-004   1.0774053139147000     
         455           3   2.0385955737758894       0.94183306041193438        1.9471632696231724     
         456           4   2.9161078466078858       0.97777601987459506        1.0115442181914831     
         457           1   2.0043873745940060        7.9631909401434206E-002   2.9638871982706445     
         458           2   2.0409092050222188        7.5901031202930003E-004   2.0774053139146997     
         459           3   2.0385955737758894       0.94183306041193438        2.9471632696231724     
         460           4   2.9161078466078858       0.97777601987459506        2.0115442181914833     
         461           1   2.0043873745940060        1.0796319094014342       -1.0361128017293555     
         462           2   2.0409092050222188        1.0007590103120294       -1.9225946860853000     
         463           3   2.0385955737758894        1.9418330604119345       -1.0528367303768276     
         464           4   2.9161078466078858        1.9777760198745951       -1.9884557818085169     
         465           1   2.0043873745940060        1.0796319094014342       -3.6112801729355382E-002
         466           2   2.0409092050222188        1.0007590103120294      -0.92259468608530004     
         467           3   2.0385955737758894        1.9418330604119345       -5.2836730376827679E-002
         468           4   2.9161078466078858        1.9777760198745951      -0.98845578180851679     
         469           1   2.0043873745940060        1.0796319094014342       0.96388719827064462     
         470           2   2.0409092050222188        1.0007590103120294        7.7405313914699903E-002
         471           3   2.0385955737758894        1.9418330604119345       0.94716326962317232     
         472           4   2.9161078466078858        1.9777760198745951        1.1544218191483199E-002
         473           1   2.0043873745940060        1.0796319094014342        1.9638871982706445     
         474           2   2.0409092050222188        1.0007590103120294        1.0774053139147000     
         475           3   2.0385955737758894        1.9418330604119345        1.9471632696231724     
         476           4   2.9161078466078858        1.9777760198745951        1.0115442181914831     
         477           1   2.0043873745940060        1.0796319094014342        2.9638871982706445     
         478           2   2.0409092050222188        1.0007590103120294        2.0774053139146997     
         479           3   2.0385955737758894        1.9418330604119345        2.9471632696231724     
         480           4   2.9161078466078858        1.9777760198745951        2.0115442181914833     
         481           1   2.0043873745940060        2.0796319094014342       -1.0361128017293555     
         482           2   2.0409092050222188        2.0007590103120294       -1.9225946860853000     
         483           3   2.0385955737758894        2.9418330604119345       -1.0528367303768276     
         484           4   2.9161078466078858        2.9777760198745948       -1.9884557818085169     
         485           1   2.0043873745940060        2.0796319094014342       -3.6112801729355382E-002
         486           2   2.0409092050222188        2.0007590103120294      -0.92259468608530004     
         487           3   2.0385955737758894        2.9418330604119345       -5.2836730376827679E-002
         488           4   2.9161078466078858        2.9777760198745948      -0.98845578180851679     
         489           1   2.0043873745940060        2.0796319094014342       0.96388719827064462     
         490           2   2.0409092050222188        2.0007590103120294        7.7405313914699903E-002
         491           3   2.0385955737758894        2.9418330604119345       0.94716326962317232     
         492           4   2.9161078466078858        2.9777760198745948        1.1544218191483199E-002
         493           1   2.0043873745940060        2.0796319094014342        1.9638871982706445     
         494           2   2.0409092050222188        2.0007590103120294        1.0774053139147000     
         495           3   2.0385955737758894        2.9418330604119345        1.9471632696231724     
         496           4   2.9161078466078858        2.9777760198745948        1.0115442181914831     
         497           1   2.0043873745940060        2.0796319094014342        2.9638871982706445     
         498           2   2.0409092050222188        2.0007590103120294        2.0774053139146997     
         499           3   2.0385955737758894        2.9418330604119345        2.9471632696231724     
         500           4   2.9161078466078858        2.9777760198745948        2.0115442181914833     
         500
   7.4585368098103691E-002   1.3537424598243815        16.386082370600960     
  0.69545648537771965        1.2903175304498100E-002   1.3158903365498984     
  0.65612475419011806        16.011162027002886        16.101775583593930     
   15.573833392334061        16.622192337868118       0.19625170925521440     
  -33.925414631901894       -32.646257540175618       -17.613917629399044     
  -33.304543514622281       -33.987096824695499       -32.684109663450101     
  -33.343875245809883       -17.988837972997114       -17.898224416406070     
  -18.426166607665941       -17.377807662131882       -33.803748290744785     
  -33.925414631901894       -32.646257540175618      -0.61391762939904149     
  -33.304543514622281       -33.987096824695499       -15.684109663450101     
  -33.343875245809883       -17.988837972997114      -0.89822441640607054     
  -18.426166607665941       -17.377807662131882       -16.803748290744785     
  -33.925414631901894       -32.646257540175618        16.386082370600960     
  -33.304543514622281       -33.987096824695499        1.3158903365498984     
  -33.343875245809883       -17.988837972997114        16.101775583593930     
  -18.426166607665941       -17.377807662131882       0.19625170925521440     
  -33.925414631901894       -32.646257540175618        33.386082370600960     
  -33.304543514622281       -33.987096824695499        18.315890336549899     
  -33.343875245809883       -17.988837972997114        33.101775583593934     
  -18.426166607665941       -17.377807662131882        17.196251709255211     
  -33.925414631901894       -32.646257540175618        50.386082370600960     
  -33.304543514622281       -33.987096824695499        35.315890336549899     
  -33.343875245809883       -17.988837972997114        50.101775583593934     
  -18.426166607665941       -17.377807662131882        34.196251709255215     
  -33.925414631901894       -15.646257540175618       -17.613917629399044     
  -33.304543514622281       -16.987096824695502       -32.684109663450101     
  -33.343875245809883      -0.98883797299711562       -17.898224416406070     
  -18.426166607665941      -0.37780766213188399       -33.803748290744785     
  -33.925414631901894       -15.646257540175618      -0.61391762939904149     
  -33.304543514622281       -16.987096824695502       -15.684109663450101     
  -33.343875245809883      -0.98883797299711562      -0.89822441640607054     
  -18.426166607665941      -0.37780766213188399       -16.803748290744785     
  -33.925414631901894       -15.646257540175618        16.386082370600960     
  -33.304543514622281       -16.987096824695502        1.3158903365498984     
  -33.343875245809883      -0.98883797299711562        16.101775583593930     
  -18.426166607665941      -0.37780766213188399       0.19625170925521440     
  -33.925414631901894       -15.646257540175618        33.386082370600960     
  -33.304543514622281       -16.987096824695502        18.315890336549899     
  -33.343875245809883      -0.98883797299711562        33.101775583593934     
  -18.426166607665941      -0.37780766213188399        17.196251709255211     
  -33.925414631901894       -15.646257540175618        50.386082370600960     
  -33.304543514622281       -16.987096824695502        35.315890336549899     
  -33.343875245809883      -0.98883797299711562        50.101775583593934     
  -18.426166607665941      -0.37780766213188399        34.196251709255215     
  -33.925414631901894        1.3537424598243815       -17.613917629399044     
  -33.304543514622281        1.2903175304498100E-002  -32.684109663450101     
  -33.343875245809883        16.011162027002886       -17.898224416406070     
  -18.426166607665941        16.622192337868118       -33.803748290744785     
  -33.925414631901894        1.3537424598243815      -0.61391762939904149     
  -33.304543514622281        1.2903175304498100E-002  -15.684109663450101     
  -33.343875245809883        16.011162027002886      -0.89822441640607054     
  -18.426166607665941        16.622192337868118       -16.803748290744785     
  -33.925414631901894        1.3537424598243815        16.386082370600960     
  -33.304543514622281        1.2903175304498100E-002   1.3158903365498984     
  -33.343875245809883        16.011162027002886        16.101775583593930     
  -18.426166607665941        16.622192337868118       0.19625170925521440     
  -33.925414631901894        1.3537424598243815        33.386082370600960     
  -33.304543514622281        1.2903175304498100E-002   18.315890336549899     
  -33.343875245809883        16.011162027002886        33.101775583593934     
  -18.426166607665941        16.622192337868118        17.196251709255211     
  -33.925414631901894        1.3537424598243815        50.386082370600960     
  -33.304543514622281        1.2903175304498100E-002   35.315890336549899     
  -33.343875245809883        16.011162027002886        50.101775583593934     
  -18.426166607665941        16.622192337868118        34.196251709255215     
  -33.925414631901894        18.353742459824382       -17.613917629399044     
  -33.304543514622281        17.012903175304501       -32.684109663450101     
  -33.343875245809883        33.011162027002889       -17.898224416406070     
  -18.426166607665941        33.622192337868114       -33.803748290744785     
  -33.925414631901894        18.353742459824382      -0.61391762939904149     
  -33.304543514622281        17.012903175304501       -15.684109663450101     
  -33.343875245809883        33.011162027002889      -0.89822441640607054     
  -18.426166607665941        33.622192337868114       -16.803748290744785     
  -33.925414631901894        18.353742459824382        16.386082370600960     
  -33.304543514622281        17.012903175304501        1.3158903365498984     
  -33.343875245809883        33.011162027002889        16.101775583593930     
  -18.426166607665941        33.622192337868114       0.19625170925521440     
  -33.925414631901894        18.353742459824382        33.386082370600960     
  -33.304543514622281        17.012903175304501        18.315890336549899     
  -33.343875245809883        33.011162027002889        33.101775583593934     
  -18.426166607665941        33.622192337868114        17.196251709255211     
  -33.925414631901894        18.353742459824382        50.386082370600960     
  -33.304543514622281        17.012903175304501        35.315890336549899     
  -33.343875245809883        33.011162027002889        50.101775583593934     
  -18.426166607665941        33.622192337868114        34.196251709255215     
  -33.925414631901894        35.353742459824382       -17.613917629399044     
  -33.304543514622281        34.012903175304501       -32.684109663450101     
  -33.343875245809883        50.011162027002889       -17.898224416406070     
  -18.426166607665941        50.622192337868114       -33.803748290744785     
  -33.925414631901894        35.353742459824382      -0.61391762939904149     
  -33.304543514622281        34.012903175304501       -15.684109663450101     
  -33.343875245809883        50.011162027002889      -0.89822441640607054     
  -18.426166607665941        50.622192337868114       -16.803748290744785     
  -33.925414631901894        35.353742459824382        16.386082370600960     
  -33.304543514622281        34.012903175304501        1.3158903365498984     
  -33.343875245809883        50.011162027002889        16.101775583593930     
  -18.426166607665941        50.622192337868114       0.19625170925521440     
  -33.925414631901894        35.353742459824382        33.386082370600960     
  -33.304543514622281        34.012903175304501        18.315890336549899     
  -33.343875245809883        50.011162027002889        33.101775583593934     
  -18.426166607665941        50.622192337868114        17.196251709255211     
  -33.925414631901894        35.353742459824382        50.386082370600960     
  -33.304543514622281        34.012903175304501        35.315890336549899     
  -33.343875245809883        50.011162027002889        50.101775583593934     
  -18.426166607665941        50.622192337868114        34.196251709255215     
  -16.925414631901898       -32.646257540175618       -17.613917629399044     
  -16.304543514622281       -33.987096824695499       -32.684109663450101     
  -16.343875245809883       -17.988837972997114       -17.898224416406070     
  -1.4261666076659396       -17.377807662131882       -33.803748290744785     
  -16.925414631901898       -32.646257540175618      -0.61391762939904149     
  -16.304543514622281       -33.987096824695499       -15.684109663450101     
  -16.343875245809883       -17.988837972997114      -0.89822441640607054     
  -1.4261666076659396       -17.377807662131882       -16.803748290744785     
  -16.925414631901898       -32.646257540175618        16.386082370600960     
  -16.304543514622281       -33.987096824695499        1.3158903365498984     
  -16.343875245809883       -17.988837972997114        16.101775583593930     
  -1.4261666076659396       -17.377807662131882       0.19625170925521440     
  -16.925414631901898       -32.646257540175618        33.386082370600960     
  -16.304543514622281       -33.987096824695499        18.315890336549899     
  -16.343875245809883       -17.988837972997114        33.101775583593934     
  -1.4261666076659396       -17.377807662131882        17.196251709255211     
  -16.925414631901898       -32.646257540175618        50.386082370600960     
  -16.304543514622281       -33.987096824695499        35.315890336549899     
  -16.343875245809883       -17.988837972997114        50.101775583593934     
  -1.4261666076659396       -17.377807662131882        34.196251709255215     
  -16.925414631901898       -15.646257540175618       -17.613917629399044     
  -16.304543514622281       -16.987096824695502       -32.684109663450101     
  -16.343875245809883      -0.98883797299711562       -17.898224416406070     
  -1.4261666076659396      -0.37780766213188399       -33.803748290744785     
  -16.925414631901898       -15.646257540175618      -0.61391762939904149     
  -16.304543514622281       -16.987096824695502       -15.684109663450101     
  -16.343875245809883      -0.98883797299711562      -0.89822441640607054     
  -1.4261666076659396      -0.37780766213188399       -16.803748290744785     
  -16.925414631901898       -15.646257540175618        16.386082370600960     
  -16.304543514622281       -16.987096824695502        1.3158903365498984     
  -16.343875245809883      -0.98883797299711562        16.101775583593930     
  -1.4261666076659396      -0.37780766213188399       0.19625170925521440     
  -16.925414631901898       -15.646257540175618        33.386082370600960     
  -16.304543514622281       -16.987096824695502        18.315890336549899     
  -16.343875245809883      -0.98883797299711562        33.101775583593934     
  -1.4261666076659396      -0.37780766213188399        17.196251709255211     
  -16.925414631901898       -15.646257540175618        50.386082370600960     
  -16.304543514622281       -16.987096824695502        35.315890336549899     
  -16.343875245809883      -0.98883797299711562        50.101775583593934     
  -1.4261666076659396      -0.37780766213188399        34.196251709255215     
  -16.925414631901898        1.3537424598243815       -17.613917629399044     
  -16.304543514622281        1.2903175304498100E-002  -32.684109663450101     
  -16.343875245809883        16.011162027002886       -17.898224416406070     
  -1.4261666076659396        16.622192337868118       -33.803748290744785     
  -16.925414631901898        1.3537424598243815      -0.61391762939904149     
  -16.304543514622281        1.2903175304498100E-002  -15.684109663450101     
  -16.343875245809883        16.011162027002886      -0.89822441640607054     
  -1.4261666076659396        16.622192337868118       -16.803748290744785     
  -16.925414631901898        1.3537424598243815        16.386082370600960     
  -16.304543514622281        1.2903175304498100E-002   1.3158903365498984     
  -16.343875245809883        16.011162027002886        16.101775583593930     
  -1.4261666076659396        16.622192337868118       0.19625170925521440     
  -16.925414631901898        1.3537424598243815        33.386082370600960     
  -16.304543514622281        1.2903175304498100E-002   18.315890336549899     
  -16.343875245809883        16.011162027002886        33.101775583593934     
  -1.4261666076659396        16.622192337868118        17.196251709255211     
  -16.925414631901898        1.3537424598243815        50.386082370600960     
  -16.304543514622281        1.2903175304498100E-002   35.315890336549899     
  -16.343875245809883        16.011162027002886        50.101775583593934     
  -1.4261666076659396        16.622192337868118        34.196251709255215     
  -16.925414631901898        18.353742459824382       -17.613917629399044     
  -16.304543514622281        17.012903175304501       -32.684109663450101     
  -16.343875245809883        33.011162027002889       -17.898224416406070     
  -1.4261666076659396        33.622192337868114       -33.803748290744785     
  -16.925414631901898        18.353742459824382      -0.61391762939904149     
  -16.304543514622281        17.012903175304501       -15.684109663450101     
  -16.343875245809883        33.011162027002889      -0.89822441640607054     
  -1.4261666076659396        33.622192337868114       -16.803748290744785     
  -16.925414631901898        18.353742459824382        16.386082370600960     
  -16.304543514622281        17.012903175304501        1.3158903365498984     
  -16.343875245809883        33.011162027002889        16.101775583593930     
  -1.4261666076659396        33.622192337868114       0.19625170925521440     
  -16.925414631901898        18.353742459824382        33.386082370600960     
  -16.304543514622281        17.012903175304501        18.315890336549899     
  -16.343875245809883        33.011162027002889        33.101775583593934     
  -1.4261666076659396        33.622192337868114        17.196251709255211     
  -16.925414631901898        18.353742459824382        50.386082370600960     
  -16.304543514622281        17.012903175304501        35.315890336549899     
  -16.343875245809883        33.011162027002889        50.101775583593934     
  -1.4261666076659396        33.622192337868114        34.196251709255215     
  -16.925414631901898        35.353742459824382       -17.613917629399044     
  -16.304543514622281        34.012903175304501       -32.684109663450101     
  -16.343875245809883        50.011162027002889       -17.898224416406070     
  -1.4261666076659396        50.622192337868114       -33.803748290744785     
  -16.925414631901898        35.353742459824382      -0.61391762939904149     
  -16.304543514622281        34.012903175304501       -15.684109663450101     
  -16.343875245809883        50.011162027002889      -0.89822441640607054     
  -1.4261666076659396        50.622192337868114       -16.803748290744785     
  -16.925414631901898        35.353742459824382        16.386082370600960     
  -16.304543514622281        34.012903175304501        1.3158903365498984     
  -16.343875245809883        50.011162027002889        16.101775583593930     
  -1.4261666076659396        50.622192337868114       0.19625170925521440     
  -16.925414631901898        35.353742459824382        33.386082370600960     
  -16.304543514622281        34.012903175304501        18.315890336549899     
  -16.343875245809883        50.011162027002889        33.101775583593934     
  -1.4261666076659396        50.622192337868114        17.196251709255211     
  -16.925414631901898        35.353742459824382        50.386082370600960     
  -16.304543514622281        34.012903175304501        35.315890336549899     
  -16.343875245809883        50.011162027002889        50.101775583593934     
  -1.4261666076659396        50.622192337868114        34.196251709255215     
   7.4585368098103691E-002  -32.646257540175618       -17.613917629399044     
  0.69545648537771965       -33.987096824695499       -32.684109663450101     
  0.65612475419011806       -17.988837972997114       -17.898224416406070     
   15.573833392334061       -17.377807662131882       -33.803748290744785     
   7.4585368098103691E-002  -32.646257540175618      -0.61391762939904149     
  0.69545648537771965       -33.987096824695499       -15.684109663450101     
  0.65612475419011806       -17.988837972997114      -0.89822441640607054     
   15.573833392334061       -17.377807662131882       -16.803748290744785     
   7.4585368098103691E-002  -32.646257540175618        16.386082370600960     
  0.69545648537771965       -33.987096824695499        1.3158903365498984     
  0.65612475419011806       -17.988837972997114        16.101775583593930     
   15.573833392334061       -17.377807662131882       0.19625170925521440     
   7.4585368098103691E-002  -32.646257540175618        33.386082370600960     
  0.69545648537771965       -33.987096824695499        18.315890336549899     
  0.65612475419011806       -17.988837972997114        33.101775583593934     
   15.573833392334061       -17.377807662131882        17.196251709255211     
   7.4585368098103691E-002  -32.646257540175618        50.386082370600960     
  0.69545648537771965       -33.987096824695499        35.315890336549899     
  0.65612475419011806       -17.988837972997114        50.101775583593934     
   15.573833392334061       -17.377807662131882        34.196251709255215     
   7.4585368098103691E-002  -15.646257540175618       -17.613917629399044     
  0.69545648537771965       -16.987096824695502       -32.684109663450101     
  0.65612475419011806      -0.98883797299711562       -17.898224416406070     
   15.573833392334061      -0.37780766213188399       -33.803748290744785     
   7.4585368098103691E-002  -15.646257540175618      -0.61391762939904149     
  0.69545648537771965       -16.987096824695502       -15.684109663450101     
  0.65612475419011806      -0.98883797299711562      -0.89822441640607054     
   15.573833392334061      -0.37780766213188399       -16.803748290744785     
   7.4585368098103691E-002  -15.646257540175618        16.386082370600960     
  0.69545648537771965       -16.987096824695502        1.3158903365498984     
  0.65612475419011806      -0.98883797299711562        16.101775583593930     
   15.573833392334061      -0.37780766213188399       0.19625170925521440     
   7.4585368098103691E-002  -15.646257540175618        33.386082370600960     
  0.69545648537771965       -16.987096824695502        18.315890336549899     
  0.65612475419011806      -0.98883797299711562        33.101775583593934     
   15.573833392334061      -0.37780766213188399        17.196251709255211     
   7.4585368098103691E-002  -15.646257540175618        50.386082370600960     
  0.69545648537771965       -16.987096824695502        35.315890336549899     
  0.65612475419011806      -0.98883797299711562        50.101775583593934     
   15.573833392334061      -0.37780766213188399        34.196251709255215     
   7.4585368098103691E-002   1.3537424598243815       -17.613917629399044     
  0.69545648537771965        1.2903175304498100E-002  -32.684109663450101     
  0.65612475419011806        16.011162027002886       -17.898224416406070     
   15.573833392334061        16.622192337868118       -33.803748290744785     
   7.4585368098103691E-002   1.3537424598243815      -0.61391762939904149     
  0.69545648537771965        1.2903175304498100E-002  -15.684109663450101     
  0.65612475419011806        16.011162027002886      -0.89822441640607054     
   15.573833392334061        16.622192337868118       -16.803748290744785     
   7.4585368098103691E-002   1.3537424598243815        16.386082370600960     
  0.69545648537771965        1.2903175304498100E-002   1.3158903365498984     
  0.65612475419011806        16.011162027002886        16.101775583593930     
   15.573833392334061        16.622192337868118       0.19625170925521440     
   7.4585368098103691E-002   1.3537424598243815        33.386082370600960     
  0.69545648537771965        1.2903175304498100E-002   18.315890336549899     
  0.65612475419011806        16.011162027002886        33.101775583593934     
   15.573833392334061        16.622192337868118        17.196251709255211     
   7.4585368098103691E-002   1.3537424598243815        50.386082370600960     
  0.69545648537771965        1.2903175304498100E-002   35.315890336549899     
  0.65612475419011806        16.011162027002886        50.101775583593934     
   15.573833392334061        16.622192337868118        34.196251709255215     
   7.4585368098103691E-002   18.353742459824382       -17.613917629399044     
  0.69545648537771965        17.012903175304501       -32.684109663450101     
  0.65612475419011806        33.011162027002889       -17.898224416406070     
   15.573833392334061        33.622192337868114       -33.803748290744785     
   7.4585368098103691E-002   18.353742459824382      -0.61391762939904149     
  0.69545648537771965        17.012903175304501       -15.684109663450101     
  0.65612475419011806        33.011162027002889      -0.89822441640607054     
   15.573833392334061        33.622192337868114       -16.803748290744785     
   7.4585368098103691E-002   18.353742459824382        16.386082370600960     
  0.69545648537771965        17.012903175304501        1.3158903365498984     
  0.65612475419011806        33.011162027002889        16.101775583593930     
   15.573833392334061        33.622192337868114       0.19625170925521440     
   7.4585368098103691E-002   18.353742459824382        33.386082370600960     
  0.69545648537771965        17.012903175304501        18.315890336549899     
  0.65612475419011806        33.011162027002889        33.101775583593934     
   15.573833392334061        33.622192337868114        17.196251709255211     
   7.4585368098103691E-002   18.353742459824382        50.386082370600960     
  0.69545648537771965        17.012903175304501        35.315890336549899     
  0.65612475419011806        33.011162027002889        50.101775583593934     
   15.573833392334061        33.622192337868114        34.196251709255215     
   7.4585368098103691E-002   35.353742459824382       -17.613917629399044     
  0.69545648537771965        34.012903175304501       -32.684109663450101     
  0.65612475419011806        50.011162027002889       -17.898224416406070     
   15.573833392334061        50.622192337868114       -33.803748290744785     
   7.4585368098103691E-002   35.353742459824382      -0.61391762939904149     
  0.69545648537771965        34.012903175304501       -15.684109663450101     
  0.65612475419011806        50.011162027002889      -0.89822441640607054     
   15.573833392334061        50.622192337868114       -16.803748290744785     
   7.4585368098103691E-002   35.353742459824382        16.386082370600960     
  0.69545648537771965        34.012903175304501        1.3158903365498984     
  0.65612475419011806        50.011162027002889        16.101775583593930     
   15.573833392334061        50.622192337868114       0.19625170925521440     
   7.4585368098103691E-002   35.353742459824382        33.386082370600960     
  0.69545648537771965        34.012903175304501        18.315890336549899     
  0.65612475419011806        50.011162027002889        33.101775583593934     
   15.573833392334061        50.622192337868114        17.196251709255211     
   7.4585368098103691E-002   35.353742459824382        50.386082370600960     
  0.69545648537771965        34.012903175304501        35.315890336549899     
  0.65612475419011806        50.011162027002889        50.101775583593934     
   15.573833392334061        50.622192337868114        34.196251709255215     
   17.074585368098106       -32.646257540175618       -17.613917629399044     
   17.695456485377719       -33.987096824695499       -32.684109663450101     
   17.656124754190120       -17.988837972997114       -17.898224416406070     
   32.573833392334059       -17.377807662131882       -33.803748290744785     
   17.074585368098106       -32.646257540175618      -0.61391762939904149     
   17.695456485377719       -33.987096824695499       -15.684109663450101     
   17.656124754190120       -17.988837972997114      -0.89822441640607054     
   32.573833392334059       -17.377807662131882       -16.803748290744785     
   17.074585368098106       -32.646257540175618        16.386082370600960     
   17.695456485377719       -33.987096824695499        1.3158903365498984     
   17.656124754190120       -17.988837972997114        16.101775583593930     
   32.573833392334059       -17.377807662131882       0.19625170925521440     
   17.074585368098106       -32.646257540175618        33.386082370600960     
   17.695456485377719       -33.987096824695499        18.315890336549899     
   17.656124754190120       -17.988837972997114        33.101775583593934     
   32.573833392334059       -17.377807662131882        17.196251709255211     
   17.074585368098106       -32.646257540175618        50.386082370600960     
   17.695456485377719       -33.987096824695499        35.315890336549899     
   17.656124754190120       -17.988837972997114        50.101775583593934     
   32.573833392334059       -17.377807662131882        34.196251709255215     
   17.074585368098106       -15.646257540175618       -17.613917629399044     
   17.695456485377719       -16.987096824695502       -32.684109663450101     
   17.656124754190120      -0.98883797299711562       -17.898224416406070     
   32.573833392334059      -0.37780766213188399       -33.803748290744785     
   17.074585368098106       -15.646257540175618      -0.61391762939904149     
   17.695456485377719       -16.987096824695502       -15.684109663450101     
   17.656124754190120      -0.98883797299711562      -0.89822441640607054     
   32.573833392334059      -0.37780766213188399       -16.803748290744785     
   17.074585368098106       -15.646257540175618        16.386082370600960     
   17.695456485377719       -16.987096824695502        1.3158903365498984     
   17.656124754190120      -0.98883797299711562        16.101775583593930     
   32.573833392334059      -0.37780766213188399       0.19625170925521440     
   17.074585368098106       -15.646257540175618        33.386082370600960     
   17.695456485377719       -16.987096824695502        18.315890336549899     
   17.656124754190120      -0.98883797299711562        33.101775583593934     
   32.573833392334059      -0.37780766213188399        17.196251709255211     
   17.074585368098106       -15.646257540175618        50.386082370600960     
   17.695456485377719       -16.987096824695502        35.315890336549899     
   17.656124754190120      -0.98883797299711562        50.101775583593934     
   32.573833392334059      -0.37780766213188399        34.196251709255215     
   17.074585368098106        1.3537424598243815       -17.613917629399044     
   17.695456485377719        1.2903175304498100E-002  -32.684109663450101     
   17.656124754190120        16.011162027002886       -17.898224416406070     
   32.573833392334059        16.622192337868118       -33.803748290744785     
   17.074585368098106        1.3537424598243815      -0.61391762939904149     
   17.695456485377719        1.2903175304498100E-002  -15.684109663450101     
   17.656124754190120        16.011162027002886      -0.89822441640607054     
   32.573833392334059        16.622192337868118       -16.803748290744785     
   17.074585368098106        1.3537424598243815        16.386082370600960     
   17.695456485377719        1.2903175304498100E-002   1.3158903365498984     
   17.656124754190120        16.011162027002886        16.101775583593930     
   32.573833392334059        16.622192337868118       0.19625170925521440     
   17.074585368098106        1.3537424598243815        33.386082370600960     
   17.695456485377719        1.2903175304498100E-002   18.315890336549899     
   17.656124754190120        16.011162027002886        33.101775583593934     
   32.573833392334059        16.622192337868118        17.196251709255211     
   17.074585368098106        1.3537424598243815        50.386082370600960     
   17.695456485377719        1.2903175304498100E-002   35.315890336549899     
   17.656124754190120        16.011162027002886        50.101775583593934     
   32.573833392334059        16.622192337868118        34.196251709255215     
   17.074585368098106        18.353742459824382       -17.613917629399044     
   17.695456485377719        17.012903175304501       -32.684109663450101     
   17.656124754190120        33.011162027002889       -17.898224416406070     
   32.573833392334059        33.622192337868114       -33.803748290744785     
   17.074585368098106        18.353742459824382      -0.61391762939904149     
   17.695456485377719        17.012903175304501       -15.684109663450101     
   17.656124754190120        33.011162027002889      -0.89822441640607054     
   32.573833392334059        33.622192337868114       -16.803748290744785     
   17.074585368098106        18.353742459824382        16.386082370600960     
   17.695456485377719        17.012903175304501        1.3158903365498984     
   17.656124754190120        33.011162027002889        16.101775583593930     
   32.573833392334059        33.622192337868114       0.19625170925521440     
   17.074585368098106        18.353742459824382        33.386082370600960     
   17.695456485377719        17.012903175304501        18.315890336549899     
   17.656124754190120        33.011162027002889        33.101775583593934     
   32.573833392334059        33.622192337868114        17.196251709255211     
   17.074585368098106        18.353742459824382        50.386082370600960     
   17.695456485377719        17.012903175304501        35.315890336549899     
   17.656124754190120        33.011162027002889        50.101775583593934     
   32.573833392334059        33.622192337868114        34.196251709255215     
   17.074585368098106        35.353742459824382       -17.613917629399044     
   17.695456485377719        34.012903175304501       -32.684109663450101     
   17.656124754190120        50.011162027002889       -17.898224416406070     
   32.573833392334059        50.622192337868114       -33.803748290744785     
   17.074585368098106        35.353742459824382      -0.61391762939904149     
   17.695456485377719        34.012903175304501       -15.684109663450101     
   17.656124754190120        50.011162027002889      -0.89822441640607054     
   32.573833392334059        50.622192337868114       -16.803748290744785     
   17.074585368098106        35.353742459824382        16.386082370600960     
   17.695456485377719        34.012903175304501        1.3158903365498984     
   17.656124754190120        50.011162027002889        16.101775583593930     
   32.573833392334059        50.622192337868114       0.19625170925521440     
   17.074585368098106        35.353742459824382        33.386082370600960     
   17.695456485377719        34.012903175304501        18.315890336549899     
   17.656124754190120        50.011162027002889        33.101775583593934     
   32.573833392334059        50.622192337868114        17.196251709255211     
   17.074585368098106        35.353742459824382        50.386082370600960     
   17.695456485377719        34.012903175304501        35.315890336549899     
   17.656124754190120        50.011162027002889        50.101775583593934     
   32.573833392334059        50.622192337868114        34.196251709255215     
   34.074585368098099       -32.646257540175618       -17.613917629399044     
   34.695456485377719       -33.987096824695499       -32.684109663450101     
   34.656124754190117       -17.988837972997114       -17.898224416406070     
   49.573833392334059       -17.377807662131882       -33.803748290744785     
   34.074585368098099       -32.646257540175618      -0.61391762939904149     
   34.695456485377719       -33.987096824695499       -15.684109663450101     
   34.656124754190117       -17.988837972997114      -0.89822441640607054     
   49.573833392334059       -17.377807662131882       -16.803748290744785     
   34.074585368098099       -32.646257540175618        16.386082370600960     
   34.695456485377719       -33.987096824695499        1.3158903365498984     
   34.656124754190117       -17.988837972997114        16.101775583593930     
   49.573833392334059       -17.377807662131882       0.19625170925521440     
   34.074585368098099       -32.646257540175618        33.386082370600960     
   34.695456485377719       -33.987096824695499        18.315890336549899     
   34.656124754190117       -17.988837972997114        33.101775583593934     
   49.573833392334059       -17.377807662131882        17.196251709255211     
   34.074585368098099       -32.646257540175618        50.386082370600960     
   34.695456485377719       -33.987096824695499        35.315890336549899     
   34.656124754190117       -17.988837972997114        50.101775583593934     
   49.573833392334059       -17.377807662131882        34.196251709255215     
   34.074585368098099       -15.646257540175618       -17.613917629399044     
   34.695456485377719       -16.987096824695502       -32.684109663450101     
   34.656124754190117      -0.98883797299711562       -17.898224416406070     
   49.573833392334059      -0.37780766213188399       -33.803748290744785     
   34.074585368098099       -15.646257540175618      -0.61391762939904149     
   34.695456485377719       -16.987096824695502       -15.684109663450101     
   34.656124754190117      -0.98883797299711562      -0.89822441640607054     
   49.573833392334059      -0.37780766213188399       -16.803748290744785     
   34.074585368098099       -15.646257540175618        16.386082370600960     
   34.695456485377719       -16.987096824695502        1.3158903365498984     
   34.656124754190117      -0.98883797299711562        16.101775583593930     
   49.573833392334059      -0.37780766213188399       0.19625170925521440     
   34.074585368098099       -15.646257540175618        33.386082370600960     
   34.695456485377719       -16.987096824695502        18.315890336549899     
   34.656124754190117      -0.98883797299711562        33.101775583593934     
   49.573833392334059      -0.37780766213188399        17.196251709255211     
   34.074585368098099       -15.646257540175618        50.386082370600960     
   34.695456485377719       -16.987096824695502        35.315890336549899     
   34.656124754190117      -0.98883797299711562        50.101775583593934     
   49.573833392334059      -0.37780766213188399        34.196251709255215     
   34.074585368098099        1.3537424598243815       -17.613917629399044     
   34.695456485377719        1.2903175304498100E-002  -32.684109663450101     
   34.656124754190117        16.011162027002886       -17.898224416406070     
   49.573833392334059        16.622192337868118       -33.803748290744785     
   34.074585368098099        1.3537424598243815      -0.61391762939904149     
   34.695456485377719        1.2903175304498100E-002  -15.684109663450101     
   34.656124754190117        16.011162027002886      -0.89822441640607054     
   49.573833392334059        16.622192337868118       -16.803748290744785     
   34.074585368098099        1.3537424598243815        16.386082370600960     
   34.695456485377719        1.2903175304498100E-002   1.3158903365498984     
   34.656124754190117        16.011162027002886        16.101775583593930     
   49.573833392334059        16.622192337868118       0.19625170925521440     
   34.074585368098099        1.3537424598243815        33.386082370600960     
   34.695456485377719        1.2903175304498100E-002   18.315890336549899     
   34.656124754190117        16.011162027002886        33.101775583593934     
   49.573833392334059        16.622192337868118        17.196251709255211     
   34.074585368098099        1.3537424598243815        50.386082370600960     
   34.695456485377719        1.2903175304498100E-002   35.315890336549899     
   34.656124754190117        16.011162027002886        50.101775583593934     
   49.573833392334059        16.622192337868118        34.196251709255215     
   34.074585368098099        18.353742459824382       -17.613917629399044     
   34.695456485377719        17.012903175304501       -32.684109663450101     
   34.656124754190117        33.011162027002889       -17.898224416406070     
   49.573833392334059        33.622192337868114       -33.803748290744785     
   34.074585368098099        18.353742459824382      -0.61391762939904149     
   34.695456485377719        17.012903175304501       -15.684109663450101     
   34.656124754190117        33.011162027002889      -0.89822441640607054     
   49.573833392334059        33.622192337868114       -16.803748290744785     
   34.074585368098099        18.353742459824382        16.386082370600960     
   34.695456485377719        17.012903175304501        1.3158903365498984     
   34.656124754190117        33.011162027002889        16.101775583593930     
   49.573833392334059        33.622192337868114       0.19625170925521440     
   34.074585368098099        18.353742459824382        33.386082370600960     
   34.695456485377719        17.012903175304501        18.315890336549899     
   34.656124754190117        33.011162027002889        33.101775583593934     
   49.573833392334059        33.622192337868114        17.196251709255211     
   34.074585368098099        18.353742459824382        50.386082370600960     
   34.695456485377719        17.012903175304501        35.315890336549899     
   34.656124754190117        33.011162027002889        50.101775583593934     
   49.573833392334059        33.622192337868114        34.196251709255215     
   34.074585368098099        35.353742459824382       -17.613917629399044     
   34.695456485377719        34.012903175304501       -32.684109663450101     
   34.656124754190117        50.011162027002889       -17.898224416406070     
   49.573833392334059        50.622192337868114       -33.803748290744785     
   34.074585368098099        35.353742459824382      -0.61391762939904149     
   34.695456485377719        34.012903175304501       -15.684109663450101     
   34.656124754190117        50.011162027002889      -0.89822441640607054     
   49.573833392334059        50.622192337868114       -16.803748290744785     
   34.074585368098099        35.353742459824382        16.386082370600960     
   34.695456485377719        34.012903175304501        1.3158903365498984     
   34.656124754190117        50.011162027002889        16.101775583593930     
   49.573833392334059        50.622192337868114       0.19625170925521440     
   34.074585368098099        35.353742459824382        33.386082370600960     
   34.695456485377719        34.012903175304501        18.315890336549899     
   34.656124754190117        50.011162027002889        33.101775583593934     
   49.573833392334059        50.622192337868114        17.196251709255211     
   34.074585368098099        35.353742459824382        50.386082370600960     
   34.695456485377719        34.012903175304501        35.315890336549899     
   34.656124754190117        50.011162027002889        50.101775583593934     
   49.573833392334059        50.622192337868114        34.196251709255215     
           1           1   58.889727457341827     
           1           2   69.072606093603923     
           1           3   51.636640280609896     
           1           4   56.675990467345677     
           1           1   51.000000000000000     
           1           2   58.237774540279560     
           1           3   42.304564632092195     
           1           4   42.364060864946630     
           1           1   48.083261120685229     
           1           2   50.894516936961864     
           1           3   38.613595506668723     
           1           4   30.907271158792838     
           1           1   51.000000000000000     
           1           2   48.650440132530782     
           1           3   42.075448033198505     
           1           4   26.340181624229405     
           1           1   58.889727457341827     
           1           2   52.167794623994084     
           1           3   51.260871007388758     
           1           4   31.786017767434110     
           1           1   51.000000000000000     
           1           2   62.116313291183772     
           1           3   47.934276720872447     
           1           4   53.519110524261755     
           1           1   41.641325627314025     
           1           2   49.790057719696996     
           1           3   37.696531060495936     
           1           4   38.037362537673268     
           1           1   38.013155617496423     
           1           2   40.959288550620876     
           1           3   33.501671946884919     
           1           4   24.645216702975745     
           1           1   41.641325627314025     
           1           2   38.134981177591868     
           1           3   37.439225318887900     
           1           4   18.599259766207886     
           1           1   51.000000000000000     
           1           2   42.531050542604163     
           1           3   47.529245330850969     
           1           4   25.738652283387410     
           1           1   48.083261120685229     
           1           2   59.362006714857763     
           1           3   50.070421907921272     
           1           4   55.627533534767046     
           1           1   38.013155617496423     
           1           2   46.308328754740025     
           1           3   40.377973194292501     
           1           4   40.950802735427260     
           1           1   34.000000000000000     
           1           2   36.647984704473807     
           1           3   36.492660748714457     
           1           4   28.939834176963107     
           1           1   38.013155617496423     
           1           2   33.461743136627092     
           1           3   40.137860652537597     
           1           4   24.001244961550775     
           1           1   48.083261120685229     
           1           2   38.396636891580414     
           1           3   49.682808163431012     
           1           4   29.876504434398129     
           1           1   51.000000000000000     
           1           2   61.378003433975778     
           1           3   57.396858932534911     
           1           4   62.470391250696672     
           1           1   41.641325627314025     
           1           2   48.865865145144070     
           1           3   49.170448285154706     
           1           4   49.850732597719805     
           1           1   38.013155617496423     
           1           2   39.830719893389706     
           1           3   46.033320038911320     
           1           4   40.566504631821665     
           1           1   41.641325627314025     
           1           2   36.920180363426368     
           1           3   48.973463457740003     
           1           4   37.204664432808059     
           1           1   51.000000000000000     
           1           2   41.445303580866650     
           1           3   57.059036902916233     
           1           4   41.239941962520973     
           1           1   58.889727457341827     
           1           2   67.739728150232978     
           1           3   68.262373827793169     
           1           4   72.723291171870144     
           1           1   51.000000000000000     
           1           2   56.650544928621208     
           1           3   61.506790274303398     
           1           4   62.219151684853841     
           1           1   48.083261120685229     
           1           2   49.070334332995877     
           1           3   59.028965932742743     
           1           4   55.061498289613361     
           1           1   51.000000000000000     
           1           2   46.738754608935167     
           1           3   61.349428590090916     
           1           4   52.633775766244817     
           1           1   58.889727457341827     
           1           2   50.389727655907429     
           1           3   67.978569840593337     
           1           4   55.559518616755355     
           1           1   51.000000000000000     
           1           2   62.650894092180970     
           1           3   42.651083908808616     
           1           4   53.592371922491736     
           1           1   41.641325627314025     
           1           2   50.455406067060252     
           1           3   30.699324550191559     
           1           4   38.140373435415199     
           1           1   38.013155617496423     
           1           2   41.765553656502682     
           1           3   25.372861428694932     
           1           4   24.803907823308212     
           1           1   41.641325627314025     
           1           2   38.999678756067574     
           1           3   30.382818603966225     
           1           4   18.809029768210131     
           1           1   51.000000000000000     
           1           2   43.308064074935658     
           1           3   42.195369835602548     
           1           4   25.890642292837377     
           1           1   41.641325627314025     
           1           2   54.886665000489877     
           1           3   38.084999985300016     
           1           4   50.242110068469138     
           1           1   29.444863728670914     
           1           2   40.412367732146862     
           1           3   23.954139373437386     
           1           4   33.268834990820054     
           1           1   24.041630560342615     
           1           2   28.840473930927850     
           1           3   16.587174634753929     
           1           4   16.351181583012810     
           1           1   29.444863728670914     
           1           2   24.665490212091729     
           1           3   23.547142748231373     
           1           4   2.4304108037329626     
           1           1   41.641325627314025     
           1           2   31.032239336616634     
           1           3   37.573947102312083     
           1           4   17.956966731303662     
           1           1   38.013155617496423     
           1           2   51.748985103114101     
           1           3   40.740882282596324     
           1           4   52.482348651576707     
           1           1   24.041630560342615     
           1           2   36.035689670722121     
           1           3   27.984871956221852     
           1           4   36.564226745548709     
           1           1   17.000000000000000     
           1           2   22.297632181172354     
           1           3   22.011056940726252     
           1           4   22.304448771806584     
           1           1   24.041630560342615     
           1           2   16.546838723125237     
           1           3   27.637297206667196     
           1           4   15.363404327439572     
           1           1   38.013155617496423     
           1           2   25.068134006570588     
           1           3   40.263553818949163     
           1           4   23.507019165403204     
           1           1   41.641325627314025     
           1           2   54.049689393452105     
           1           3   49.468896838806103     
           1           4   59.686884789199226     
           1           1   29.444863728670914     
           1           2   39.268083660536746     
           1           3   39.629601609027077     
           1           4   46.314900122459363     
           1           1   24.041630560342615     
           1           2   27.213891034050551     
           1           3   35.662850319793044     
           1           4   36.133305008919834     
           1           1   29.444863728670914     
           1           2   22.742236830519570     
           1           3   39.384926839766045     
           1           4   32.313487716151528     
           1           1   41.641325627314025     
           1           2   29.526645710234423     
           1           3   49.076532389885543     
           1           4   36.887765531353622     
           1           1   51.000000000000000     
           1           2   61.178267283856393     
           1           3   61.745639681944425     
           1           4   70.346652455483834     
           1           1   41.641325627314025     
           1           2   48.614749394574041     
           1           3   54.183554598921170     
           1           4   59.423877938139256     
           1           1   38.013155617496423     
           1           2   39.522238417623832     
           1           3   51.353589535844833     
           1           4   51.882010627202163     
           1           1   41.641325627314025     
           1           2   36.587167154369375     
           1           3   54.004858369018926     
           1           4   49.297959229925155     
           1           1   51.000000000000000     
           1           2   41.148927947445102     
           1           3   61.431736884932320     
           1           4   52.410252258023021     
           1           1   48.083261120685229     
           1           2   60.475153150175515     
           1           3   39.368608023695245     
           1           4   55.768420823102957     
           1           1   38.013155617496423     
           1           2   47.726906660493384     
           1           3   25.946500090862401     
           1           4   41.141980003603962     
           1           1   34.000000000000000     
           1           2   38.424875929815464     
           1           3   19.353408904037643     
           1           4   29.209729134848079     
           1           1   38.013155617496423     
           1           2   35.398934462268436     
           1           3   25.571233944583994     
           1           4   24.325995018609976     
           1           1   48.083261120685229     
           1           2   40.096109934833322     
           1           3   38.874433432403947     
           1           4   30.138012395638867     
           1           1   38.013155617496423     
           1           2   52.389460894950119     
           1           3   34.369165875933483     
           1           4   52.557055253849512     
           1           1   24.041630560342615     
           1           2   36.949547814631941     
           1           3   17.452023729332701     
           1           4   36.671375955511067     
           1           1   17.000000000000000     
           1           2   23.746211372512374     
           1           3   2.4303706488831471     
           1           4   22.479670192969465     
           1           1   24.041630560342615     
           1           2   18.452534389354213     
           1           3   16.889057721871691     
           1           4   15.616700339666009     
           1           1   38.013155617496423     
           1           2   26.364929285559704     
           1           3   33.801979823295483     
           1           4   23.673341272688337     
           1           1   34.000000000000000     
           1           2   49.092434011666519     
           1           3   37.290639955510279     
           1           4   54.702571720255328     
           1           1   17.000000000000000     
           1           2   32.104213867218363     
           1           3   22.669922750932805     
           1           4   39.685225340470502     
           1           1   0.0000000000000000     
           1           2   15.142457491251541     
           1           3   14.671706334814020     
           1           4   27.119418648602458     
           1           1   17.000000000000000     
           1           2   2.4305328050910591     
           1           3   22.239436504030021     
           1           4   21.771739143954751     
           1           1   34.000000000000000     
           1           2   18.987389514066638     
           1           3   36.768547771955099     
           1           4   28.116798944166032     
           1           1   38.013155617496423     
           1           2   51.511926206618945     
           1           3   46.668448587622549     
           1           4   61.648184471751996     
           1           1   24.041630560342615     
           1           2   35.694425508171719     
           1           3   36.073226398775731     
           1           4   48.816435820094533     
           1           1   17.000000000000000     
           1           2   21.741791168178484     
           1           3   31.664036888228438     
           1           4   39.288550032950489     
           1           1   24.041630560342615     
           1           2   15.789837049284197     
           1           3   35.804256748337231     
           1           4   35.806925603937266     
           1           1   38.013155617496423     
           1           2   24.575036620221173     
           1           3   46.252333676719637     
           1           4   39.983517588128024     
           1           1   48.083261120685229     
           1           2   58.948197647107747     
           1           3   59.525594149572655     
           1           4   72.018233417077440     
           1           1   38.013155617496423     
           1           2   45.776669567419866     
           1           3   51.639422228578425     
           1           4   61.393580299823661     
           1           1   34.000000000000000     
           1           2   35.973836986440688     
           1           3   48.661725178451704     
           1           4   54.126864490243108     
           1           1   38.013155617496423     
           1           2   32.722017333429676     
           1           3   51.451890796985502     
           1           4   51.655234169049947     
           1           1   48.083261120685229     
           1           2   37.753726825461030     
           1           3   59.199920910645503     
           1           4   54.633405299080799     
           1           1   51.000000000000000     
           1           2   62.986933299889195     
           1           3   43.112175041981935     
           1           4   62.658528501128444     
           1           1   41.641325627314025     
           1           2   50.872067358885218     
           1           3   31.336770830643207     
           1           4   50.086295046059959     
           1           1   38.013155617496423     
           1           2   42.267963142422879     
           1           3   26.140519798466368     
           1           4   40.855632524233606     
           1           1   41.641325627314025     
           1           2   39.537250524682200     
           1           3   31.026768194186342     
           1           4   37.519707707676240     
           1           1   51.000000000000000     
           1           2   43.792780796539361     
           1           3   42.661386684184734     
           1           4   41.524381078875869     
           1           1   41.641325627314025     
           1           2   55.269930621007795     
           1           3   38.600672301587686     
           1           4   59.818212024267432     
           1           1   29.444863728670917     
           1           2   40.931390175429897     
           1           3   24.765812552313328     
           1           4   46.484021419133448     
           1           1   24.041630560342618     
           1           2   29.563358613925161     
           1           3   17.739195038616643     
           1           4   36.349828126260817     
           1           1   29.444863728670917     
           1           2   25.506972446329392     
           1           3   24.372373906943132     
           1           4   32.555426004322946     
           1           1   41.641325627314025     
           1           2   31.705190651060132     
           1           3   38.096537626162345     
           1           4   37.099885711915498     
           1           1   38.013155617496423     
           1           2   52.155313201795067     
           1           3   41.223344932436383     
           1           4   61.711796162757246     
           1           1   24.041630560342618     
           1           2   36.616801690202315     
           1           3   28.682707972930125     
           1           4   48.896743686547723     
           1           1   17.000000000000004     
           1           2   23.225064840853875     
           1           3   22.891730076648869     
           1           4   39.388288877053149     
           1           1   24.041630560342618     
           1           2   17.776870019891881     
           1           3   28.343691981531123     
           1           4   35.916334141674781     
           1           1   38.013155617496423     
           1           2   25.896536033732286     
           1           3   40.751667995134540     
           1           4   40.081527112757051     
           1           1   41.641325627314025     
           1           2   54.438847889201902     
           1           3   49.866987403518749     
           1           4   67.944632470028026     
           1           1   29.444863728670917     
           1           2   39.802030480189416     
           1           3   40.125428370853051     
           1           4   56.559869510116719     
           1           1   24.041630560342618     
           1           2   27.978833091967772     
           1           3   36.213030406004684     
           1           4   48.575349679808539     
           1           1   29.444863728670917     
           1           2   23.652242431331004     
           1           3   39.883795461665642     
           1           4   45.805134581506479     
           1           1   41.641325627314025     
           1           2   30.233128234979567     
           1           3   49.477779958985046     
           1           4   49.139150496769531     
           1           1   51.000000000000000     
           1           2   61.522350603906439     
           1           3   62.065036034685157     
           1           4   77.476450469421181     
           1           1   41.641325627314025     
           1           2   49.047049806000068     
           1           3   54.547248026170195     
           1           4   67.713707141574503     
           1           1   38.013155617496423     
           1           2   40.052797224594876     
           1           3   51.737180407036959     
           1           4   61.202057909592902     
           1           1   41.641325627314025     
           1           2   37.159656031195702     
           1           3   54.369747155123413     
           1           4   59.027431333943440     
           1           1   51.000000000000000     
           1           2   41.658774672318948     
           1           3   61.752756820678144     
           1           4   61.650493975293109     
           1           1   58.889727457341827     
           1           2   69.681155160575500     
           1           3   52.396869906298967     
           1           4   72.938779992201319     
           1           1   50.999999999999993     
           1           2   58.958263673165114     
           1           3   43.229220964752294     
           1           4   62.470884292324477     
           1           1   48.083261120685229     
           1           2   51.717408347641751     
           1           3   39.624476204249568     
           1           4   55.345796062386142     
           1           1   50.999999999999993     
           1           2   49.510643270300875     
           1           3   43.005030911544537     
           1           4   52.931114661354741     
           1           1   58.889727457341827     
           1           2   52.970909638038620     
           1           3   52.026591786745577     
           1           4   55.841280938099253     
           1           1   50.999999999999993     
           1           2   62.792315205274299     
           1           3   48.752274216303874     
           1           4   70.513778246554310     
           1           1   41.641325627314025     
           1           2   50.630902813210689     
           1           3   38.731354359271357     
           1           4   59.621629297751333     
           1           1   38.013155617496416     
           1           2   41.977396185602672     
           1           3   34.661958683046308     
           1           4   52.108391240113377     
           1           1   41.641325627314025     
           1           2   39.226461239389330     
           1           3   38.480968659676051     
           1           4   49.536150386833341     
           1           1   50.999999999999993     
           1           2   43.512397454146075     
           1           3   48.354095154689141     
           1           4   52.634360950440104     
           1           1   48.083261120685229     
           1           2   60.069012919847829     
           1           3   50.854070697887657     
           1           4   72.127111535522630     
           1           1   38.013155617496416     
           1           2   47.211225190701306     
           1           3   41.345738302605234     
           1           4   61.521264421108633     
           1           1   33.999999999999993     
           1           2   37.782446385184926     
           1           3   37.560666195227135     
           1           4   54.271647602465613     
           1           1   38.013155617496416     
           1           2   34.700529184605209     
           1           3   41.111278431484465     
           1           4   51.806925125898530     
           1           1   48.083261120685229     
           1           2   39.480883938102266     
           1           3   50.472475504108182     
           1           4   54.776849567264279     
           1           1   50.999999999999993     
           1           2   62.062047802913895     
           1           3   58.081742155601930     
           1           4   77.527076007748477     
           1           1   41.641325627314025     
           1           2   49.722341541136551     
           1           3   49.968213306777209     
           1           4   67.771625860867857     
           1           1   38.013155617496416     
           1           2   40.876946059798762     
           1           3   46.884495414938058     
           1           4   61.266132808752495     
           1           1   41.641325627314025     
           1           2   38.046526648538652     
           1           3   49.774385777778406     
           1           4   59.093864206480383     
           1           1   50.999999999999993     
           1           2   42.451756864236202     
           1           3   57.747926792196360     
           1           4   61.714103285782151     
           1           1   58.889727457341827     
           1           2   68.360143664400638     
           1           3   68.839240532663453     
           1           4   86.003341854631998     
           1           1   50.999999999999993     
           1           2   57.390963684710485     
           1           3   62.146396567746841     
           1           4   77.324773311526371     
           1           1   48.083261120685229     
           1           2   49.923303010738600     
           1           3   59.695126899918868     
           1           4   71.691466195030387     
           1           1   50.999999999999993     
           1           2   47.633492989117286     
           1           3   61.990658528839475     
           1           4   69.844198633153709     
           1           1   58.889727457341827     
           1           2   51.220729448013032     
           1           3   68.557824601433637     
           1           4   72.074668505804965     
           2           1   51.220729448013039     
           2           2   58.889727457341827     
           2           3   43.033951652341322     
           2           4   43.605760060518570     
           2           1   47.633492989117286     
           2           2   51.000000000000000     
           2           3   38.569950650934821     
           2           4   31.565718701266686     
           2           1   49.923303010738600     
           2           2   48.083261120685229     
           2           3   41.247559826189047     
           2           4   25.871352569965843     
           2           1   57.390963684710485     
           2           2   51.000000000000000     
           2           3   49.930764965245046     
           2           4   30.335773774068443     
           2           1   68.360143664400638     
           2           2   58.889727457341827     
           2           3   62.151439149982998     
           2           4   41.823336274661777     
           2           1   42.451756864236202     
           2           2   51.000000000000000     
           2           3   39.100662344438568     
           2           4   39.989725455205111     
           2           1   38.046526648538652     
           2           2   41.641325627314025     
           2           3   34.125970963084598     
           2           4   26.345975568474596     
           2           1   40.876946059798762     
           2           2   38.013155617496423     
           2           3   37.125489795729159     
           2           4   19.158358889180491     
           2           1   49.722341541136551     
           2           2   41.641325627314025     
           2           3   46.583495907588208     
           2           4   24.859103000684112     
           2           1   62.062047802913895     
           2           2   51.000000000000000     
           2           3   59.495732530760428     
           2           4   38.038234563010448     
           2           1   39.480883938102266     
           2           2   48.083261120685229     
           2           3   42.235087270319937     
           2           4   43.300045883461173     
           2           1   34.700529184605209     
           2           2   38.013155617496423     
           2           3   37.676553652517612     
           2           4   31.142033655203438     
           2           1   37.782446385184926     
           2           2   34.000000000000000     
           2           3   40.413398688189233     
           2           4   25.352683227891365     
           2           1   47.211225190701306     
           2           2   38.013155617496423     
           2           3   49.243912232173763     
           2           4   29.894662291549388     
           2           1   60.069012919847829     
           2           2   48.083261120685229     
           2           3   61.600998290040152     
           2           4   41.504495180615869     
           2           1   43.512397454146075     
           2           2   51.000000000000000     
           2           3   51.154114181454517     
           2           4   52.236096763033565     
           2           1   39.226461239389330     
           2           2   41.641325627314025     
           2           3   47.460125327360686     
           2           4   42.702951791521230     
           2           1   41.977396185602672     
           2           2   38.013155617496423     
           2           3   49.660684595445119     
           2           4   38.684291106093269     
           2           1   50.630902813210689     
           2           2   41.641325627314025     
           2           3   57.078049133513467     
           2           4   41.801993553572871     
           2           1   62.792315205274299     
           2           2   51.000000000000000     
           2           3   68.026640305745474     
           2           4   50.757649194234048     
           2           1   52.970909638038620     
           2           2   58.889727457341827     
           2           3   63.464038625406054     
           2           4   64.500586327289838     
           2           1   49.510643270300875     
           2           2   51.000000000000000     
           2           3   60.526062956767056     
           2           4   57.054867655934046     
           2           1   51.717408347641751     
           2           2   48.083261120685229     
           2           3   62.266559206736531     
           2           4   54.112754595456785     
           2           1   58.958263673165114     
           2           2   51.000000000000000     
           2           3   68.328943309885332     
           2           4   56.383707722888445     
           2           1   69.681155160575500     
           2           2   58.889727457341827     
           2           3   77.708201576442491     
           2           4   63.309199831083717     
           2           1   41.658774672318948     
           2           2   51.000000000000000     
           2           3   31.362138255477294     
           2           4   39.247001481540373     
           2           1   37.159656031195702     
           2           2   41.641325627314025     
           2           3   24.885815525217762     
           2           4   25.204353036013700     
           2           1   40.052797224594876     
           2           2   38.013155617496423     
           2           3   28.862153640272005     
           2           4   17.555389447004405     
           2           1   49.047049806000068     
           2           2   41.641325627314025     
           2           3   40.308113465581144     
           2           4   23.645802699590774     
           2           1   61.522350603906439     
           2           2   51.000000000000000     
           2           3   54.721696881160959     
           2           4   37.256627222280272     
           2           1   30.233128234979567     
           2           2   41.641325627314025     
           2           3   25.700671526507193     
           2           4   35.185834604556355     
           2           1   23.652242431331004     
           2           2   29.444863728670914     
           2           3   17.211758054101114     
           2           4   18.247609254123567     
           2           1   27.978833091967768     
           2           2   24.041630560342615     
           2           3   22.582398316219905     
           2           4   2.4305411255843232     
           2           1   39.802030480189408     
           2           2   29.444863728670914     
           2           3   36.078869329732449     
           2           4   16.026222787517256     
           2           1   54.438847889201902     
           2           2   41.641325627314025     
           2           3   51.685635436854277     
           2           4   32.951056181966585     
           2           1   25.896536033732289     
           2           2   38.013155617496423     
           2           3   30.256657414049602     
           2           4   38.907053195357243     
           2           1   17.776870019891881     
           2           2   24.041630560342615     
           2           3   23.477338355756167     
           2           4   24.671665428550604     
           2           1   23.225064840853875     
           2           2   17.000000000000000     
           2           3   27.656925256979616     
           2           4   16.781637634340690     
           2           1   36.616801690202315     
           2           2   24.041630560342615     
           2           3   39.454095010146339     
           2           4   23.077167251686252     
           2           1   52.155313201795067     
           2           2   38.013155617496423     
           2           3   54.095708808270103     
           2           4   36.898345966103697     
           2           1   31.705190651060132     
           2           2   41.641325627314025     
           2           3   41.813946463218556     
           2           4   48.656701695383354     
           2           1   25.506972446329392     
           2           2   29.444863728670917     
           2           3   37.203846806861314     
           2           4   38.241429190676200     
           2           1   29.563358613925161     
           2           2   24.041630560342618     
           2           3   39.973069879956704     
           2           4   33.694794749597186     
           2           1   40.931390175429897     
           2           2   29.444863728670917     
           2           3   48.883191528657363     
           2           4   37.232666838268017     
           2           1   55.269930621007795     
           2           2   41.641325627314025     
           2           3   61.313020741331087     
           2           4   47.065951244625282     
           2           1   43.792780796539361     
           2           2   51.000000000000000     
           2           3   56.208068102245363     
           2           4   61.637573373719732     
           2           1   39.537250524682200     
           2           2   41.641325627314025     
           2           3   52.868393376252222     
           2           4   53.797051388274653     
           2           1   42.267963142422879     
           2           2   38.013155617496423     
           2           3   54.852412130968744     
           2           4   50.666113179763897     
           2           1   50.872067358885218     
           2           2   41.641325627314025     
           2           3   61.648253949200736     
           2           4   53.084718247501563     
           2           1   62.986933299889195     
           2           2   51.000000000000000     
           2           3   71.904292732664032     
           2           4   60.389730899289539     
           2           1   37.753726825461030     
           2           2   48.083261120685229     
           2           3   26.329573431700215     
           2           4   41.918873316544989     
           2           1   32.722017333429676     
           2           2   38.013155617496423     
           2           3   18.137434644811016     
           2           4   29.191166931120250     
           2           1   35.973836986440688     
           2           2   34.000000000000000     
           2           3   23.295635511706649     
           2           4   22.914111666667534     
           2           1   45.776669567419866     
           2           2   38.013155617496423     
           2           3   36.529532330619638     
           2           4   27.856575527951922     
           2           1   58.948197647107747     
           2           2   48.083261120685229     
           2           3   52.001219511596865     
           2           4   40.061466358790099     
           2           1   24.575036620221177     
           2           2   38.013155617496423     
           2           3   19.240250467523520     
           2           4   38.143253291449994     
           2           1   15.789837049284193     
           2           2   24.041630560342615     
           2           3   2.4305012759791178     
           2           4   23.448668583262709     
           2           1   21.741791168178480     
           2           2   17.000000000000000     
           2           3   14.819832483939662     
           2           4   14.925560123481876     
           2           1   35.694425508171719     
           2           2   24.041630560342615     
           2           3   31.801690729449128     
           2           4   21.764756641682279     
           2           1   51.511926206618945     
           2           2   38.013155617496423     
           2           3   48.796184601370499     
           2           4   36.092061708132356     
           2           1   18.987389514066642     
           2           2   34.000000000000000     
           2           3   25.002560649077211     
           2           4   41.600764454308695     
           2           1   2.4305328050910600     
           2           2   17.000000000000000     
           2           3   16.150793708368678     
           2           4   28.732488403458106     
           2           1   15.142457491251541     
           2           2   0.0000000000000000     
           2           3   21.784587115889490     
           2           4   22.326848781832947     
           2           1   32.104213867218363     
           2           2   17.000000000000000     
           2           3   35.584945330986187     
           2           4   27.375544984507904     
           2           1   49.092434011666519     
           2           2   34.000000000000000     
           2           3   51.342072733858075     
           2           4   39.728487888048257     
           2           1   26.364929285559707     
           2           2   38.013155617496423     
           2           3   38.184667603221712     
           2           4   50.836398718930084     
           2           1   18.452534389354213     
           2           2   24.041630560342618     
           2           3   33.072480075858032     
           2           4   40.978918011363078     
           2           1   23.746211372512374     
           2           2   17.000000000000004     
           2           3   36.159494420795262     
           2           4   36.772326660873631     
           2           1   36.949547814631941     
           2           2   24.041630560342618     
           2           3   45.817345352682985     
           2           4   40.039184491270284     
           2           1   52.389460894950119     
           2           2   38.013155617496423     
           2           3   58.897786321444357     
           2           4   49.316007354589843     
           2           1   40.096109934833329     
           2           2   48.083261120685229     
           2           3   53.563136959351759     
           2           4   63.372354116264290     
           2           1   35.398934462268436     
           2           2   38.013155617496423     
           2           3   50.047275043959907     
           2           4   55.776227489040345     
           2           1   38.424875929815464     
           2           2   34.000000000000000     
           2           3   52.138755621181339     
           2           4   52.762864209414950     
           2           1   47.726906660493384     
           2           2   38.013155617496423     
           2           3   59.246687132064743     
           2           4   55.089491976720396     
           2           1   60.475153150175515     
           2           2   48.083261120685229     
           2           3   69.856209706254916     
           2           4   62.159346947382922     
           2           1   41.148927947445110     
           2           2   51.000000000000000     
           2           3   31.319469315984833     
           2           4   50.517885495783204     
           2           1   36.587167154369375     
           2           2   41.641325627314025     
           2           3   24.832020792404563     
           2           4   40.583112764264939     
           2           1   39.522238417623832     
           2           2   38.013155617496423     
           2           3   28.815783089027960     
           2           4   36.330721549523687     
           2           1   48.614749394574041     
           2           2   41.641325627314025     
           2           3   40.274923382092325     
           2           4   39.633995697898101     
           2           1   61.178267283856393     
           2           2   51.000000000000000     
           2           3   54.697253604115303     
           2           4   48.987609674824782     
           2           1   29.526645710234423     
           2           2   41.641325627314025     
           2           3   25.648585910195141     
           2           4   47.431767693100227     
           2           1   22.742236830519570     
           2           2   29.444863728670914     
           2           3   17.133886237283058     
           2           4   36.670217795429132     
           2           1   27.213891034050551     
           2           2   24.041630560342615     
           2           3   22.523102716802914     
           2           4   31.900425699921119     
           2           1   39.268083660536746     
           2           2   29.444863728670914     
           2           3   36.041784839144022     
           2           4   35.616982557596991     
           2           1   54.049689393452105     
           2           2   41.641325627314025     
           2           3   51.659755640059402     
           2           4   45.798490512026149     
           2           1   25.068134006570595     
           2           2   38.013155617496423     
           2           3   30.212427246919535     
           2           4   50.254237811545700     
           2           1   16.546838723125241     
           2           2   24.041630560342615     
           2           3   23.420308677511123     
           2           4   40.254449501780179     
           2           1   22.297632181172354     
           2           2   17.000000000000000     
           2           3   27.608530510503453     
           2           4   35.963217199846717     
           2           1   36.035689670722121     
           2           2   24.041630560342615     
           2           3   39.420185886787714     
           2           4   39.297395308535798     
           2           1   51.748985103114101     
           2           2   38.013155617496423     
           2           3   54.070982548390909     
           2           4   48.715680891344554     
           2           1   31.032239336616637     
           2           2   41.641325627314025     
           2           3   41.781952576538970     
           2           4   58.130923350197634     
           2           1   24.665490212091733     
           2           2   29.444863728670917     
           2           3   37.167884786568742     
           2           4   49.740692960779434     
           2           1   28.840473930927853     
           2           2   24.041630560342618     
           2           3   39.939601373913902     
           2           4   46.336474001487353     
           2           1   40.412367732146869     
           2           2   29.444863728670917     
           2           3   48.855827250253810     
           2           4   48.969389515926110     
           2           1   54.886665000489877     
           2           2   41.641325627314025     
           2           3   61.291206177608707     
           2           4   56.806103512162103     
           2           1   43.308064074935665     
           2           2   51.000000000000000     
           2           3   56.184271482915008     
           2           4   69.360796427619789     
           2           1   38.999678756067581     
           2           2   41.641325627314025     
           2           3   52.843092835917481     
           2           4   62.496818861008400     
           2           1   41.765553656502689     
           2           2   38.013155617496423     
           2           3   54.828027129059549     
           2           4   59.822944213885663     
           2           1   50.455406067060260     
           2           2   41.641325627314025     
           2           3   61.626558051414712     
           2           4   61.884706843368477     
           2           1   62.650894092180977     
           2           2   51.000000000000000     
           2           3   71.885692287574756     
           2           4   68.254298236533344     
           2           1   50.389727655907421     
           2           2   58.889727457341827     
           2           3   42.971756763885473     
           2           4   62.649194486454320     
           2           1   46.738754608935160     
           2           2   51.000000000000000     
           2           3   38.500545162036786     
           2           4   54.953196963175486     
           2           1   49.070334332995870     
           2           2   48.083261120685229     
           2           3   41.182667181394784     
           2           4   51.892062429099312     
           2           1   56.650544928621201     
           2           2   51.000000000000000     
           2           3   49.877170875792750     
           2           4   54.256045099302263     
           2           1   67.739728150232978     
           2           2   58.889727457341827     
           2           3   62.108391324945181     
           2           4   61.421907463782837     
           2           1   41.445303580866650     
           2           2   51.000000000000000     
           2           3   39.032200557133365     
           2           4   60.188349381992040     
           2           1   36.920180363426361     
           2           2   41.641325627314025     
           2           3   34.047507672835309     
           2           4   52.130314482081559     
           2           1   39.830719893389698     
           2           2   38.013155617496423     
           2           3   37.053378754592359     
           2           4   48.892759941250027     
           2           1   48.865865145144070     
           2           2   41.641325627314025     
           2           3   46.526046205655319     
           2           4   51.394885556295229     
           2           1   61.378003433975771     
           2           2   51.000000000000000     
           2           3   59.450761760723225     
           2           4   58.909817076754400     
           2           1   38.396636891580407     
           2           2   48.083261120685229     
           2           3   42.171714232291144     
           2           4   62.436793902761416     
           2           1   33.461743136627085     
           2           2   38.013155617496423     
           2           3   37.605499327751581     
           2           4   54.710926875057467     
           2           1   36.647984704473799     
           2           2   34.000000000000000     
           2           3   40.347164436785661     
           2           4   51.635431693749460     
           2           1   46.308328754740025     
           2           2   38.013155617496423     
           2           3   49.189569793692229     
           2           4   54.010647958266958     
           2           1   59.362006714857763     
           2           2   48.083261120685229     
           2           3   61.557565537373357     
           2           4   61.205247973877441     
           2           1   42.531050542604163     
           2           2   51.000000000000000     
           2           3   51.101803121296740     
           2           4   68.935252696882657     
           2           1   38.134981177591861     
           2           2   41.641325627314025     
           2           3   47.403738045087437     
           2           4   62.024199721197924     
           2           1   40.959288550620869     
           2           2   38.013155617496423     
           2           3   49.606798717985889     
           2           4   59.329028626187949     
           2           1   49.790057719696989     
           2           2   41.641325627314025     
           2           3   57.031171980297444     
           2           4   61.407376791384024     
           2           1   62.116313291183772     
           2           2   51.000000000000000     
           2           3   67.987312609381476     
           2           4   67.821812207216865     
           2           1   52.167794623994077     
           2           2   58.889727457341827     
           2           3   63.421881738131340     
           2           4   78.637045315234417     
           2           1   48.650440132530782     
           2           2   51.000000000000000     
           2           3   60.481858284985051     
           2           4   72.654780865282433     
           2           1   50.894516936961857     
           2           2   48.083261120685229     
           2           3   62.223591024662916     
           2           4   70.367957688526047     
           2           1   58.237774540279553     
           2           2   51.000000000000000     
           2           3   68.289789708301257     
           2           4   72.128924544361340     
           2           1   69.072606093603923     
           2           2   58.889727457341827     
           2           3   77.673775991665977     
           2           4   77.662822782835761     
           3           1   68.557824601433637     
           3           2   77.673775991665977     
           3           3   58.889727457341827     
           3           4   63.004114577485474     
           3           1   61.990658528839475     
           3           2   68.289789708301257     
           3           3   51.000000000000000     
           3           4   50.613542080804834     
           3           1   59.695126899918868     
           3           2   62.223591024662916     
           3           3   48.083261120685229     
           3           4   41.616617236842849     
           3           1   62.146396567746841     
           3           2   60.481858284985051     
           3           3   51.000000000000000     
           3           4   38.472782827739003     
           3           1   68.839240532663453     
           3           2   63.421881738131340     
           3           3   58.889727457341827     
           3           4   42.501378880959294     
           3           1   57.747926792196353     
           3           2   67.987312609381476     
           3           3   51.000000000000000     
           3           4   55.886433812351413     
           3           1   49.774385777778399     
           3           2   57.031171980297444     
           3           3   41.641325627314025     
           3           4   41.418663335926468     
           3           1   46.884495414938051     
           3           2   49.606798717985889     
           3           3   38.013155617496423     
           3           4   29.761012429137946     
           3           1   49.968213306777201     
           3           2   47.403738045087437     
           3           3   41.641325627314025     
           3           4   25.177967532741537     
           3           1   58.081742155601916     
           3           2   51.101803121296740     
           3           3   51.000000000000000     
           3           4   30.986162030046099     
           3           1   50.472475504108182     
           3           2   61.557565537373357     
           3           3   48.083261120685229     
           3           4   53.432841163761388     
           3           1   41.111278431484457     
           3           2   49.189569793692222     
           3           3   38.013155617496423     
           3           4   38.043142655467328     
           3           1   37.560666195227135     
           3           2   40.347164436785661     
           3           3   34.000000000000000     
           3           4   24.849404245911433     
           3           1   41.345738302605234     
           3           2   37.605499327751581     
           3           3   38.013155617496423     
           3           4   19.123417049502553     
           3           1   50.854070697887657     
           3           2   42.171714232291144     
           3           3   48.083261120685229     
           3           4   26.304320328069466     
           3           1   48.354095154689141     
           3           2   59.450761760723225     
           3           3   51.000000000000000     
           3           4   56.256942197396150     
           3           1   38.480968659676051     
           3           2   46.526046205655312     
           3           3   41.641325627314025     
           3           4   41.917248641503832     
           3           1   34.661958683046308     
           3           2   37.053378754592359     
           3           3   38.013155617496423     
           3           4   30.451074233040433     
           3           1   38.731354359271357     
           3           2   34.047507672835309     
           3           3   41.641325627314025     
           3           4   25.990000196587584     
           3           1   48.752274216303874     
           3           2   39.032200557133365     
           3           3   51.000000000000000     
           3           4   31.649522879359591     
           3           1   52.026591786745577     
           3           2   62.108391324945181     
           3           3   58.889727457341827     
           3           4   63.660180458200003     
           3           1   43.005030911544537     
           3           2   49.877170875792750     
           3           3   51.000000000000000     
           3           4   51.427918140277399     
           3           1   39.624476204249568     
           3           2   41.182667181394791     
           3           3   48.083261120685229     
           3           4   42.603320909473211     
           3           1   43.229220964752294     
           3           2   38.500545162036786     
           3           3   51.000000000000000     
           3           4   39.538021457680969     
           3           1   52.396869906298967     
           3           2   42.971756763885480     
           3           3   58.889727457341827     
           3           4   43.468003509024015     
           3           1   61.752756820678144     
           3           2   71.885692287574756     
           3           3   51.000000000000000     
           3           4   60.080949954122829     
           3           1   54.369747155123413     
           3           2   61.626558051414705     
           3           3   41.641325627314025     
           3           4   46.924756106582969     
           3           1   51.737180407036959     
           3           2   54.828027129059549     
           3           3   38.013155617496423     
           3           4   37.042474592483416     
           3           1   54.547248026170195     
           3           2   52.843092835917474     
           3           3   41.641325627314025     
           3           4   33.471736020219559     
           3           1   62.065036034685157     
           3           2   56.184271482915001     
           3           3   51.000000000000000     
           3           4   38.033791560660198     
           3           1   49.477779958985046     
           3           2   61.291206177608707     
           3           3   41.641325627314025     
           3           4   52.568960213791840     
           3           1   39.883795461665642     
           3           2   48.855827250253803     
           3           3   29.444863728670914     
           3           4   36.819937075336149     
           3           1   36.213030406004684     
           3           2   39.939601373913902     
           3           3   24.041630560342615     
           3           4   22.932944741227573     
           3           1   40.125428370853044     
           3           2   37.167884786568742     
           3           3   29.444863728670917     
           3           4   16.556936394655899     
           3           1   49.866987403518749     
           3           2   41.781952576538963     
           3           3   41.641325627314025     
           3           4   24.501925047823587     
           3           1   40.751667995134540     
           3           2   54.070982548390909     
           3           3   38.013155617496423     
           3           4   49.952683696961145     
           3           1   28.343691981531119     
           3           2   39.420185886787706     
           3           3   24.041630560342615     
           3           4   32.977004060422644     
           3           1   22.891730076648869     
           3           2   27.608530510503449     
           3           3   17.000000000000000     
           3           4   16.052880896387890     
           3           1   28.682707972930125     
           3           2   23.420308677511123     
           3           3   24.041630560342618     
           3           4   2.4304677216739465     
           3           1   41.223344932436383     
           3           2   30.212427246919532     
           3           3   38.013155617496423     
           3           4   18.224142273878972     
           3           1   38.096537626162345     
           3           2   51.659755640059402     
           3           3   41.641325627314025     
           3           4   52.962681570121291     
           3           1   24.372373906943128     
           3           2   36.041784839144022     
           3           3   29.444863728670917     
           3           4   37.379912083504813     
           3           1   17.739195038616639     
           3           2   22.523102716802914     
           3           3   24.041630560342618     
           3           4   23.821629155937952     
           3           1   24.765812552313321     
           3           2   17.133886237283050     
           3           3   29.444863728670917     
           3           4   17.767447872880243     
           3           1   38.600672301587686     
           3           2   25.648585910195138     
           3           3   41.641325627314025     
           3           4   25.335634828991367     
           3           1   42.661386684184734     
           3           2   54.697253604115303     
           3           3   51.000000000000000     
           3           4   60.768582916400831     
           3           1   31.026768194186342     
           3           2   40.274923382092318     
           3           3   41.641325627314025     
           3           4   47.802017299900299     
           3           1   26.140519798466368     
           3           2   28.815783089027960     
           3           3   38.013155617496423     
           3           4   38.147674191390109     
           3           1   31.336770830643207     
           3           2   24.832020792404563     
           3           3   41.641325627314025     
           3           4   34.690881143103510     
           3           1   43.112175041981935     
           3           2   31.319469315984833     
           3           3   51.000000000000000     
           3           4   39.110988516750872     
           3           1   59.199920910645503     
           3           2   69.856209706254916     
           3           3   48.083261120685229     
           3           4   61.870208025241887     
           3           1   51.451890796985502     
           3           2   59.246687132064736     
           3           3   38.013155617496423     
           3           4   49.194865884146793     
           3           1   48.661725178451704     
           3           2   52.138755621181332     
           3           3   34.000000000000000     
           3           4   39.879155177005366     
           3           1   51.639422228578425     
           3           2   50.047275043959900     
           3           3   38.013155617496423     
           3           4   36.586325394936253     
           3           1   59.525594149572655     
           3           2   53.563136959351759     
           3           3   48.083261120685229     
           3           4   40.801610190979488     
           3           1   46.252333676719637     
           3           2   58.897786321444357     
           3           3   38.013155617496423     
           3           4   54.604923511127858     
           3           1   35.804256748337224     
           3           2   45.817345352682977     
           3           3   24.041630560342615     
           3           4   39.672532814638991     
           3           1   31.664036888228434     
           3           2   36.159494420795262     
           3           3   17.000000000000000     
           3           4   27.278600554300645     
           3           1   36.073226398775724     
           3           2   33.072480075858032     
           3           3   24.041630560342618     
           3           4   22.188606005641162     
           3           1   46.668448587622542     
           3           2   38.184667603221712     
           3           3   38.013155617496423     
           3           4   28.610250343994874     
           3           1   36.768547771955099     
           3           2   51.342072733858075     
           3           3   34.000000000000000     
           3           4   52.091004043169889     
           3           1   22.239436504030017     
           3           2   35.584945330986187     
           3           3   17.000000000000000     
           3           4   36.134262002952617     
           3           1   14.671706334814020     
           3           2   21.784587115889490     
           3           3   0.0000000000000000     
           3           4   21.815065408348179     
           3           1   22.669922750932805     
           3           2   16.150793708368678     
           3           3   17.000000000000004     
           3           4   14.970279457745370     
           3           1   37.290639955510279     
           3           2   25.002560649077211     
           3           3   34.000000000000000     
           3           4   23.458931248364166     
           3           1   33.801979823295483     
           3           2   48.796184601370499     
           3           3   38.013155617496423     
           3           4   54.984067990600323     
           3           1   16.889057721871691     
           3           2   31.801690729449124     
           3           3   24.041630560342618     
           3           4   40.192784440337590     
           3           1   2.4303706488831458     
           3           2   14.819832483939662     
           3           3   17.000000000000004     
           3           4   28.029843191497292     
           3           1   17.452023729332701     
           3           2   2.4305012759791178     
           3           3   24.041630560342622     
           3           4   23.105936414965111     
           3           1   34.369165875933483     
           3           2   19.240250467523520     
           3           3   38.013155617496423     
           3           4   29.327401621775060     
           3           1   38.874433432403947     
           3           2   52.001219511596865     
           3           3   48.083261120685229     
           3           4   62.538170451048352     
           3           1   25.571233944583994     
           3           2   36.529532330619631     
           3           3   38.013155617496423     
           3           4   50.032339058221744     
           3           1   19.353408904037643     
           3           2   23.295635511706653     
           3           3   34.000000000000000     
           3           4   40.907788254919687     
           3           1   25.946500090862401     
           3           2   18.137434644811020     
           3           3   38.013155617496423     
           3           4   37.704897933581904     
           3           1   39.368608023695245     
           3           2   26.329573431700215     
           3           3   48.083261120685229     
           3           4   41.807553342121231     
           3           1   61.431736884932320     
           3           2   71.904292732664032     
           3           3   51.000000000000000     
           3           4   68.000917161341292     
           3           1   54.004858369018926     
           3           2   61.648253949200729     
           3           3   41.641325627314025     
           3           4   56.712758027238316     
           3           1   51.353589535844833     
           3           2   54.852412130968737     
           3           3   38.013155617496423     
           3           4   48.852319405823174     
           3           1   54.183554598921170     
           3           2   52.868393376252222     
           3           3   41.641325627314025     
           3           4   46.203477137560235     
           3           1   61.745639681944425     
           3           2   56.208068102245363     
           3           3   51.000000000000000     
           3           4   49.608199804805807     
           3           1   49.076532389885543     
           3           2   61.313020741331087     
           3           3   41.641325627314025     
           3           4   61.464622063045482     
           3           1   39.384926839766038     
           3           2   48.883191528657363     
           3           3   29.444863728670917     
           3           4   48.683795595921872     
           3           1   35.662850319793044     
           3           2   39.973069879956704     
           3           3   24.041630560342618     
           3           4   39.246963473598633     
           3           1   39.629601609027077     
           3           2   37.203846806861314     
           3           3   29.444863728670917     
           3           4   35.896188240124737     
           3           1   49.468896838806103     
           3           2   41.813946463218556     
           3           3   41.641325627314025     
           3           4   40.183933585986239     
           3           1   40.263553818949163     
           3           2   54.095708808270103     
           3           3   38.013155617496423     
           3           4   59.242508352722844     
           3           1   27.637297206667196     
           3           2   39.454095010146332     
           3           3   24.041630560342618     
           3           4   45.846341012068997     
           3           1   22.011056940726252     
           3           2   27.656925256979616     
           3           3   17.000000000000004     
           3           4   35.666499302109862     
           3           1   27.984871956221856     
           3           2   23.477338355756167     
           3           3   24.041630560342622     
           3           4   31.942313014869274     
           3           1   40.740882282596324     
           3           2   30.256657414049602     
           3           3   38.013155617496423     
           3           4   36.695007140105183     
           3           1   37.573947102312083     
           3           2   51.685635436854277     
           3           3   41.641325627314032     
           3           4   61.801697602022656     
           3           1   23.547142748231373     
           3           2   36.078869329732449     
           3           3   29.444863728670917     
           3           4   49.108675554980479     
           3           1   16.587174634753932     
           3           2   22.582398316219905     
           3           3   24.041630560342622     
           3           4   39.772782188788618     
           3           1   23.954139373437386     
           3           2   17.211758054101114     
           3           3   29.444863728670921     
           3           4   36.470349481589899     
           3           1   38.084999985300016     
           3           2   25.700671526507193     
           3           3   41.641325627314032     
           3           4   40.697648329870226     
           3           1   42.195369835602548     
           3           2   54.721696881160959     
           3           3   51.000000000000000     
           3           4   68.609218455403436     
           3           1   30.382818603966225     
           3           2   40.308113465581144     
           3           3   41.641325627314025     
           3           4   57.440726364956035     
           3           1   25.372861428694936     
           3           2   28.862153640272005     
           3           3   38.013155617496423     
           3           4   49.695565532613060     
           3           1   30.699324550191559     
           3           2   24.885815525217762     
           3           3   41.641325627314025     
           3           4   47.094176093002446     
           3           1   42.651083908808616     
           3           2   31.362138255477294     
           3           3   51.000000000000000     
           3           4   50.438810554484796     
           3           1   67.978569840593337     
           3           2   77.708201576442491     
           3           3   58.889727457341827     
           3           4   77.448865895379598     
           3           1   61.349428590090916     
           3           2   68.328943309885318     
           3           3   51.000000000000000     
           3           4   67.753516637536819     
           3           1   59.028965932742743     
           3           2   62.266559206736524     
           3           3   48.083261120685229     
           3           4   61.324963962691911     
           3           1   61.506790274303391     
           3           2   60.526062956767049     
           3           3   51.000000000000000     
           3           4   59.236503891586523     
           3           1   68.262373827793169     
           3           2   63.464038625406047     
           3           3   58.889727457341827     
           3           4   61.928794446286688     
           3           1   57.059036902916226     
           3           2   68.026640305745474     
           3           3   51.000000000000000     
           3           4   71.778143324064260     
           3           1   48.973463457739996     
           3           2   57.078049133513467     
           3           3   41.641325627314025     
           3           4   61.190800348764810     
           3           1   46.033320038911306     
           3           2   49.660684595445119     
           3           3   38.013155617496423     
           3           4   53.986352308661118     
           3           1   49.170448285154698     
           3           2   47.460125327360686     
           3           3   41.641325627314025     
           3           4   51.601728884479861     
           3           1   57.396858932534904     
           3           2   51.154114181454517     
           3           3   51.000000000000000     
           3           4   54.671296053229312     
           3           1   49.682808163431005     
           3           2   61.600998290040152     
           3           3   48.083261120685229     
           3           4   69.884740033996906     
           3           1   40.137860652537590     
           3           2   49.243912232173756     
           3           3   38.013155617496423     
           3           4   58.958367327223485     
           3           1   36.492660748714457     
           3           2   40.413398688189233     
           3           3   34.000000000000000     
           3           4   51.442212881682075     
           3           1   40.377973194292494     
           3           2   37.676553652517612     
           3           3   38.013155617496423     
           3           4   48.933765994830004     
           3           1   50.070421907921272     
           3           2   42.235087270319937     
           3           3   48.083261120685229     
           3           4   52.160575559605022     
           3           1   47.529245330850955     
           3           2   59.495732530760428     
           3           3   51.000000000000000     
           3           4   72.066996053594096     
           3           1   37.439225318887900     
           3           2   46.583495907588208     
           3           3   41.641325627314025     
           3           4   61.529375979780838     
           3           1   33.501671946884912     
           3           2   37.125489795729159     
           3           3   38.013155617496423     
           3           4   54.369810526924915     
           3           1   37.696531060495929     
           3           2   34.125970963084598     
           3           3   41.641325627314025     
           3           4   52.002773820308839     
           3           1   47.934276720872433     
           3           2   39.100662344438568     
           3           3   51.000000000000000     
           3           4   55.049983408523225     
           3           1   51.260871007388751     
           3           2   62.151439149982998     
           3           3   58.889727457341827     
           3           4   77.983504350331458     
           3           1   42.075448033198498     
           3           2   49.930764965245046     
           3           3   51.000000000000000     
           3           4   68.364019330570727     
           3           1   38.613595506668716     
           3           2   41.247559826189054     
           3           3   48.083261120685229     
           3           4   61.998801015044904     
           3           1   42.304564632092188     
           3           2   38.569950650934828     
           3           3   51.000000000000000     
           3           4   59.933826138297036     
           3           1   51.636640280609896     
           3           2   43.033951652341329     
           3           3   58.889727457341827     
           3           4   62.596131700354299     
           4           1   72.074668505804979     
           4           2   77.662822782835761     
           4           3   62.596131700354299     
           4           4   58.889727457341827     
           4           1   69.844198633153709     
           4           2   72.128924544361340     
           4           3   59.933826138297036     
           4           4   51.000000000000000     
           4           1   71.691466195030401     
           4           2   70.367957688526047     
           4           3   61.998801015044904     
           4           4   48.083261120685229     
           4           1   77.324773311526371     
           4           2   72.654780865282433     
           4           3   68.364019330570741     
           4           4   51.000000000000000     
           4           1   86.003341854631998     
           4           2   78.637045315234417     
           4           3   77.983504350331472     
           4           4   58.889727457341827     
           4           1   61.714103285782159     
           4           2   67.821812207216865     
           4           3   55.049983408523232     
           4           4   51.000000000000000     
           4           1   59.093864206480383     
           4           2   61.407376791384031     
           4           3   52.002773820308846     
           4           4   41.641325627314025     
           4           1   61.266132808752495     
           4           2   59.329028626187956     
           4           3   54.369810526924915     
           4           4   38.013155617496423     
           4           1   67.771625860867871     
           4           2   62.024199721197924     
           4           3   61.529375979780845     
           4           4   41.641325627314025     
           4           1   77.527076007748477     
           4           2   68.935252696882657     
           4           3   72.066996053594110     
           4           4   51.000000000000000     
           4           1   54.776849567264279     
           4           2   61.205247973877441     
           4           3   52.160575559605022     
           4           4   48.083261120685229     
           4           1   51.806925125898530     
           4           2   54.010647958266958     
           4           3   48.933765994830004     
           4           4   38.013155617496423     
           4           1   54.271647602465613     
           4           2   51.635431693749460     
           4           3   51.442212881682075     
           4           4   34.000000000000000     
           4           1   61.521264421108633     
           4           2   54.710926875057467     
           4           3   58.958367327223485     
           4           4   38.013155617496423     
           4           1   72.127111535522630     
           4           2   62.436793902761416     
           4           3   69.884740033996906     
           4           4   48.083261120685229     
           4           1   52.634360950440104     
           4           2   58.909817076754400     
           4           3   54.671296053229312     
           4           4   51.000000000000000     
           4           1   49.536150386833341     
           4           2   51.394885556295229     
           4           3   51.601728884479861     
           4           4   41.641325627314025     
           4           1   52.108391240113377     
           4           2   48.892759941250027     
           4           3   53.986352308661118     
           4           4   38.013155617496423     
           4           1   59.621629297751333     
           4           2   52.130314482081559     
           4           3   61.190800348764810     
           4           4   41.641325627314025     
           4           1   70.513778246554310     
           4           2   60.188349381992040     
           4           3   71.778143324064274     
           4           4   51.000000000000000     
           4           1   55.841280938099253     
           4           2   61.421907463782837     
           4           3   61.928794446286688     
           4           4   58.889727457341827     
           4           1   52.931114661354741     
           4           2   54.256045099302270     
           4           3   59.236503891586523     
           4           4   51.000000000000000     
           4           1   55.345796062386142     
           4           2   51.892062429099319     
           4           3   61.324963962691911     
           4           4   48.083261120685229     
           4           1   62.470884292324477     
           4           2   54.953196963175493     
           4           3   67.753516637536819     
           4           4   51.000000000000000     
           4           1   72.938779992201319     
           4           2   62.649194486454327     
           4           3   77.448865895379612     
           4           4   58.889727457341827     
           4           1   61.650493975293116     
           4           2   68.254298236533344     
           4           3   50.438810554484796     
           4           4   51.000000000000000     
           4           1   59.027431333943447     
           4           2   61.884706843368477     
           4           3   47.094176093002446     
           4           4   41.641325627314025     
           4           1   61.202057909592909     
           4           2   59.822944213885663     
           4           3   49.695565532613060     
           4           4   38.013155617496423     
           4           1   67.713707141574517     
           4           2   62.496818861008400     
           4           3   57.440726364956042     
           4           4   41.641325627314025     
           4           1   77.476450469421195     
           4           2   69.360796427619789     
           4           3   68.609218455403436     
           4           4   51.000000000000000     
           4           1   49.139150496769538     
           4           2   56.806103512162103     
           4           3   40.697648329870226     
           4           4   41.641325627314025     
           4           1   45.805134581506486     
           4           2   48.969389515926117     
           4           3   36.470349481589899     
           4           4   29.444863728670914     
           4           1   48.575349679808546     
           4           2   46.336474001487360     
           4           3   39.772782188788618     
           4           4   24.041630560342615     
           4           1   56.559869510116727     
           4           2   49.740692960779441     
           4           3   49.108675554980486     
           4           4   29.444863728670914     
           4           1   67.944632470028026     
           4           2   58.130923350197634     
           4           3   61.801697602022671     
           4           4   41.641325627314025     
           4           1   40.081527112757058     
           4           2   48.715680891344554     
           4           3   36.695007140105183     
           4           4   38.013155617496423     
           4           1   35.916334141674788     
           4           2   39.297395308535805     
           4           3   31.942313014869274     
           4           4   24.041630560342615     
           4           1   39.388288877053157     
           4           2   35.963217199846717     
           4           3   35.666499302109862     
           4           4   17.000000000000000     
           4           1   48.896743686547723     
           4           2   40.254449501780179     
           4           3   45.846341012068997     
           4           4   24.041630560342615     
           4           1   61.711796162757246     
           4           2   50.254237811545700     
           4           3   59.242508352722851     
           4           4   38.013155617496423     
           4           1   37.099885711915505     
           4           2   45.798490512026149     
           4           3   40.183933585986239     
           4           4   41.641325627314025     
           4           1   32.555426004322953     
           4           2   35.616982557596991     
           4           3   35.896188240124737     
           4           4   29.444863728670914     
           4           1   36.349828126260824     
           4           2   31.900425699921119     
           4           3   39.246963473598633     
           4           4   24.041630560342615     
           4           1   46.484021419133455     
           4           2   36.670217795429132     
           4           3   48.683795595921872     
           4           4   29.444863728670910     
           4           1   59.818212024267439     
           4           2   47.431767693100227     
           4           3   61.464622063045489     
           4           4   41.641325627314025     
           4           1   41.524381078875876     
           4           2   48.987609674824782     
           4           3   49.608199804805807     
           4           4   51.000000000000000     
           4           1   37.519707707676240     
           4           2   39.633995697898108     
           4           3   46.203477137560235     
           4           4   41.641325627314025     
           4           1   40.855632524233613     
           4           2   36.330721549523687     
           4           3   48.852319405823174     
           4           4   38.013155617496423     
           4           1   50.086295046059959     
           4           2   40.583112764264946     
           4           3   56.712758027238316     
           4           4   41.641325627314025     
           4           1   62.658528501128451     
           4           2   50.517885495783204     
           4           3   68.000917161341292     
           4           4   51.000000000000000     
           4           1   54.633405299080799     
           4           2   62.159346947382922     
           4           3   41.807553342121231     
           4           4   48.083261120685229     
           4           1   51.655234169049955     
           4           2   55.089491976720396     
           4           3   37.704897933581904     
           4           4   38.013155617496423     
           4           1   54.126864490243108     
           4           2   52.762864209414950     
           4           3   40.907788254919687     
           4           4   34.000000000000000     
           4           1   61.393580299823661     
           4           2   55.776227489040345     
           4           3   50.032339058221751     
           4           4   38.013155617496423     
           4           1   72.018233417077454     
           4           2   63.372354116264290     
           4           3   62.538170451048359     
           4           4   48.083261120685229     
           4           1   39.983517588128031     
           4           2   49.316007354589850     
           4           3   29.327401621775060     
           4           4   38.013155617496423     
           4           1   35.806925603937273     
           4           2   40.039184491270284     
           4           3   23.105936414965111     
           4           4   24.041630560342615     
           4           1   39.288550032950496     
           4           2   36.772326660873638     
           4           3   28.029843191497292     
           4           4   17.000000000000000     
           4           1   48.816435820094547     
           4           2   40.978918011363085     
           4           3   40.192784440337590     
           4           4   24.041630560342615     
           4           1   61.648184471752003     
           4           2   50.836398718930084     
           4           3   54.984067990600337     
           4           4   38.013155617496423     
           4           1   28.116798944166035     
           4           2   39.728487888048257     
           4           3   23.458931248364166     
           4           4   34.000000000000000     
           4           1   21.771739143954751     
           4           2   27.375544984507908     
           4           3   14.970279457745370     
           4           4   17.000000000000000     
           4           1   27.119418648602458     
           4           2   22.326848781832947     
           4           3   21.815065408348179     
           4           4   0.0000000000000000     
           4           1   39.685225340470502     
           4           2   28.732488403458106     
           4           3   36.134262002952624     
           4           4   16.999999999999996     
           4           1   54.702571720255328     
           4           2   41.600764454308695     
           4           3   52.091004043169896     
           4           4   34.000000000000000     
           4           1   23.673341272688344     
           4           2   36.092061708132356     
           4           3   28.610250343994874     
           4           4   38.013155617496423     
           4           1   15.616700339666009     
           4           2   21.764756641682283     
           4           3   22.188606005641166     
           4           4   24.041630560342615     
           4           1   22.479670192969465     
           4           2   14.925560123481876     
           4           3   27.278600554300645     
           4           4   16.999999999999996     
           4           1   36.671375955511067     
           4           2   23.448668583262709     
           4           3   39.672532814638998     
           4           4   24.041630560342611     
           4           1   52.557055253849512     
           4           2   38.143253291449994     
           4           3   54.604923511127865     
           4           4   38.013155617496423     
           4           1   30.138012395638871     
           4           2   40.061466358790099     
           4           3   40.801610190979488     
           4           4   48.083261120685229     
           4           1   24.325995018609976     
           4           2   27.856575527951925     
           4           3   36.586325394936253     
           4           4   38.013155617496423     
           4           1   29.209729134848079     
           4           2   22.914111666667541     
           4           3   39.879155177005366     
           4           4   34.000000000000000     
           4           1   41.141980003603962     
           4           2   29.191166931120254     
           4           3   49.194865884146793     
           4           4   38.013155617496423     
           4           1   55.768420823102957     
           4           2   41.918873316544996     
           4           3   61.870208025241894     
           4           4   48.083261120685229     
           4           1   52.410252258023029     
           4           2   60.389730899289539     
           4           3   39.110988516750872     
           4           4   51.000000000000000     
           4           1   49.297959229925162     
           4           2   53.084718247501563     
           4           3   34.690881143103510     
           4           4   41.641325627314025     
           4           1   51.882010627202163     
           4           2   50.666113179763897     
           4           3   38.147674191390109     
           4           4   38.013155617496423     
           4           1   59.423877938139263     
           4           2   53.797051388274653     
           4           3   47.802017299900299     
           4           4   41.641325627314025     
           4           1   70.346652455483834     
           4           2   61.637573373719732     
           4           3   60.768582916400845     
           4           4   51.000000000000000     
           4           1   36.887765531353629     
           4           2   47.065951244625282     
           4           3   25.335634828991367     
           4           4   41.641325627314025     
           4           1   32.313487716151535     
           4           2   37.232666838268024     
           4           3   17.767447872880251     
           4           4   29.444863728670914     
           4           1   36.133305008919841     
           4           2   33.694794749597193     
           4           3   23.821629155937956     
           4           4   24.041630560342615     
           4           1   46.314900122459363     
           4           2   38.241429190676207     
           4           3   37.379912083504820     
           4           4   29.444863728670914     
           4           1   59.686884789199226     
           4           2   48.656701695383354     
           4           3   52.962681570121298     
           4           4   41.641325627314025     
           4           1   23.507019165403207     
           4           2   36.898345966103697     
           4           3   18.224142273878972     
           4           4   38.013155617496423     
           4           1   15.363404327439572     
           4           2   23.077167251686255     
           4           3   2.4304677216739501     
           4           4   24.041630560342615     
           4           1   22.304448771806584     
           4           2   16.781637634340690     
           4           3   16.052880896387890     
           4           4   17.000000000000000     
           4           1   36.564226745548709     
           4           2   24.671665428550604     
           4           3   32.977004060422651     
           4           4   24.041630560342615     
           4           1   52.482348651576707     
           4           2   38.907053195357243     
           4           3   49.952683696961152     
           4           4   38.013155617496423     
           4           1   17.956966731303666     
           4           2   32.951056181966585     
           4           3   24.501925047823587     
           4           4   41.641325627314025     
           4           1   2.4304108037329639     
           4           2   16.026222787517259     
           4           3   16.556936394655903     
           4           4   29.444863728670914     
           4           1   16.351181583012810     
           4           2   2.4305411255843214     
           4           3   22.932944741227576     
           4           4   24.041630560342615     
           4           1   33.268834990820054     
           4           2   18.247609254123567     
           4           3   36.819937075336156     
           4           4   29.444863728670910     
           4           1   50.242110068469138     
           4           2   35.185834604556355     
           4           3   52.568960213791854     
           4           4   41.641325627314025     
           4           1   25.890642292837381     
           4           2   37.256627222280272     
           4           3   38.033791560660198     
           4           4   51.000000000000000     
           4           1   18.809029768210131     
           4           2   23.645802699590778     
           4           3   33.471736020219559     
           4           4   41.641325627314025     
           4           1   24.803907823308212     
           4           2   17.555389447004409     
           4           3   37.042474592483416     
           4           4   38.013155617496423     
           4           1   38.140373435415199     
           4           2   25.204353036013700     
           4           3   46.924756106582976     
           4           4   41.641325627314025     
           4           1   53.592371922491736     
           4           2   39.247001481540373     
           4           3   60.080949954122836     
           4           4   51.000000000000000     
           4           1   55.559518616755355     
           4           2   63.309199831083717     
           4           3   43.468003509024015     
           4           4   58.889727457341827     
           4           1   52.633775766244817     
           4           2   56.383707722888445     
           4           3   39.538021457680969     
           4           4   51.000000000000000     
           4           1   55.061498289613361     
           4           2   54.112754595456785     
           4           3   42.603320909473211     
           4           4   48.083261120685229     
           4           1   62.219151684853841     
           4           2   57.054867655934046     
           4           3   51.427918140277406     
           4           4   51.000000000000000     
           4           1   72.723291171870144     
           4           2   64.500586327289838     
           4           3   63.660180458200010     
           4           4   58.889727457341827     
           4           1   41.239941962520973     
           4           2   50.757649194234055     
           4           3   31.649522879359594     
           4           4   51.000000000000000     
           4           1   37.204664432808066     
           4           2   41.801993553572871     
           4           3   25.990000196587587     
           4           4   41.641325627314025     
           4           1   40.566504631821665     
           4           2   38.684291106093276     
           4           3   30.451074233040437     
           4           4   38.013155617496423     
           4           1   49.850732597719812     
           4           2   42.702951791521237     
           4           3   41.917248641503846     
           4           4   41.641325627314025     
           4           1   62.470391250696679     
           4           2   52.236096763033565     
           4           3   56.256942197396157     
           4           4   51.000000000000000     
           4           1   29.876504434398129     
           4           2   41.504495180615869     
           4           3   26.304320328069466     
           4           4   48.083261120685229     
           4           1   24.001244961550771     
           4           2   29.894662291549388     
           4           3   19.123417049502553     
           4           4   38.013155617496423     
           4           1   28.939834176963100     
           4           2   25.352683227891365     
           4           3   24.849404245911433     
           4           4   34.000000000000000     
           4           1   40.950802735427260     
           4           2   31.142033655203438     
           4           3   38.043142655467335     
           4           4   38.013155617496423     
           4           1   55.627533534767046     
           4           2   43.300045883461173     
           4           3   53.432841163761395     
           4           4   48.083261120685229     
           4           1   25.738652283387410     
           4           2   38.038234563010448     
           4           3   30.986162030046103     
           4           4   51.000000000000000     
           4           1   18.599259766207879     
           4           2   24.859103000684115     
           4           3   25.177967532741540     
           4           4   41.641325627314025     
           4           1   24.645216702975745     
           4           2   19.158358889180491     
           4           3   29.761012429137949     
           4           4   38.013155617496423     
           4           1   38.037362537673268     
           4           2   26.345975568474596     
           4           3   41.418663335926475     
           4           4   41.641325627314025     
           4           1   53.519110524261755     
           4           2   39.989725455205111     
           4           3   55.886433812351427     
           4           4   51.000000000000000     
           4           1   31.786017767434110     
           4           2   41.823336274661777     
           4           3   42.501378880959294     
           4           4   58.889727457341827     
           4           1   26.340181624229402     
           4           2   30.335773774068446     
           4           3   38.472782827739003     
           4           4   51.000000000000000     
           4           1   30.907271158792838     
           4           2   25.871352569965843     
           4           3   41.616617236842849     
           4           4   48.083261120685229     
           4           1   42.364060864946630     
           4           2   31.565718701266686     
           4           3   50.613542080804841     
           4           4   51.000000000000000     
           4           1   56.675990467345677     
           4           2   43.605760060518570     
           4           3   63.004114577485481     
           4           4   58.889727457341827     
   1   3  2.4304
   2   3  2.4305
   3   1  2.4304
   4   1  2.4304
