           4
  0.0315438065775477  0.0451306762141586  0.9466771442406290
  0.8939213691413643  0.0923001310345846  0.0154539590219736
  0.1060762779174621  0.9076981042595299  0.9845430998015579
  0.9684550169518691  0.9548675590799560  0.0533210910534927
           1           1  -1.9684561934224523       -1.9548693237858414       -1.0533228557593710     
           2           2  -1.1060786308586357       -1.9076998689654154       -1.9845460409780264     
           3           3  -1.8939237220825378       -1.0923018957404702       -1.0154569001984421     
           4           4  -1.0315449830481309       -1.0451324409200440       -1.9466789089465073     
           5           1  -1.9684561934224523       -1.9548693237858414      -5.33228557593710129E-002
           6           2  -1.1060786308586357       -1.9076998689654154      -0.98454604097802645     
           7           3  -1.8939237220825378       -1.0923018957404702      -1.54569001984421472E-002
           8           4  -1.0315449830481309       -1.0451324409200440      -0.94667890894650730     
           9           1  -1.9684561934224523       -1.9548693237858414       0.94667714424062899     
          10           2  -1.1060786308586357       -1.9076998689654154       1.54539590219735998E-002
          11           3  -1.8939237220825378       -1.0923018957404702       0.98454309980155785     
          12           4  -1.0315449830481309       -1.0451324409200440       5.33210910534926974E-002
          13           1  -1.9684561934224523       -1.9548693237858414        1.9466771442406290     
          14           2  -1.1060786308586357       -1.9076998689654154        1.0154539590219736     
          15           3  -1.8939237220825378       -1.0923018957404702        1.9845430998015579     
          16           4  -1.0315449830481309       -1.0451324409200440        1.0533210910534927     
          17           1  -1.9684561934224523       -1.9548693237858414        2.9466771442406290     
          18           2  -1.1060786308586357       -1.9076998689654154        2.0154539590219738     
          19           3  -1.8939237220825378       -1.0923018957404702        2.9845430998015576     
          20           4  -1.0315449830481309       -1.0451324409200440        2.0533210910534927     
          21           1  -1.9684561934224523      -0.95486932378584144       -1.0533228557593710     
          22           2  -1.1060786308586357      -0.90769986896541544       -1.9845460409780264     
          23           3  -1.8939237220825378      -9.23018957404700968E-002  -1.0154569001984421     
          24           4  -1.0315449830481309      -4.51324409200439813E-002  -1.9466789089465073     
          25           1  -1.9684561934224523      -0.95486932378584144      -5.33228557593710129E-002
          26           2  -1.1060786308586357      -0.90769986896541544      -0.98454604097802645     
          27           3  -1.8939237220825378      -9.23018957404700968E-002 -1.54569001984421472E-002
          28           4  -1.0315449830481309      -4.51324409200439813E-002 -0.94667890894650730     
          29           1  -1.9684561934224523      -0.95486932378584144       0.94667714424062899     
          30           2  -1.1060786308586357      -0.90769986896541544       1.54539590219735998E-002
          31           3  -1.8939237220825378      -9.23018957404700968E-002  0.98454309980155785     
          32           4  -1.0315449830481309      -4.51324409200439813E-002  5.33210910534926974E-002
          33           1  -1.9684561934224523      -0.95486932378584144        1.9466771442406290     
          34           2  -1.1060786308586357      -0.90769986896541544        1.0154539590219736     
          35           3  -1.8939237220825378      -9.23018957404700968E-002   1.9845430998015579     
          36           4  -1.0315449830481309      -4.51324409200439813E-002   1.0533210910534927     
          37           1  -1.9684561934224523      -0.95486932378584144        2.9466771442406290     
          38           2  -1.1060786308586357      -0.90769986896541544        2.0154539590219738     
          39           3  -1.8939237220825378      -9.23018957404700968E-002   2.9845430998015576     
          40           4  -1.0315449830481309      -4.51324409200439813E-002   2.0533210910534927     
          41           1  -1.9684561934224523       4.51306762141586021E-002  -1.0533228557593710     
          42           2  -1.1060786308586357       9.23001310345846065E-002  -1.9845460409780264     
          43           3  -1.8939237220825378       0.90769810425952990       -1.0154569001984421     
          44           4  -1.0315449830481309       0.95486755907995602       -1.9466789089465073     
          45           1  -1.9684561934224523       4.51306762141586021E-002 -5.33228557593710129E-002
          46           2  -1.1060786308586357       9.23001310345846065E-002 -0.98454604097802645     
          47           3  -1.8939237220825378       0.90769810425952990      -1.54569001984421472E-002
          48           4  -1.0315449830481309       0.95486755907995602      -0.94667890894650730     
          49           1  -1.9684561934224523       4.51306762141586021E-002  0.94667714424062899     
          50           2  -1.1060786308586357       9.23001310345846065E-002  1.54539590219735998E-002
          51           3  -1.8939237220825378       0.90769810425952990       0.98454309980155785     
          52           4  -1.0315449830481309       0.95486755907995602       5.33210910534926974E-002
          53           1  -1.9684561934224523       4.51306762141586021E-002   1.9466771442406290     
          54           2  -1.1060786308586357       9.23001310345846065E-002   1.0154539590219736     
          55           3  -1.8939237220825378       0.90769810425952990        1.9845430998015579     
          56           4  -1.0315449830481309       0.95486755907995602        1.0533210910534927     
          57           1  -1.9684561934224523       4.51306762141586021E-002   2.9466771442406290     
          58           2  -1.1060786308586357       9.23001310345846065E-002   2.0154539590219738     
          59           3  -1.8939237220825378       0.90769810425952990        2.9845430998015576     
          60           4  -1.0315449830481309       0.95486755907995602        2.0533210910534927     
          61           1  -1.9684561934224523        1.0451306762141586       -1.0533228557593710     
          62           2  -1.1060786308586357        1.0923001310345846       -1.9845460409780264     
          63           3  -1.8939237220825378        1.9076981042595298       -1.0154569001984421     
          64           4  -1.0315449830481309        1.9548675590799560       -1.9466789089465073     
          65           1  -1.9684561934224523        1.0451306762141586      -5.33228557593710129E-002
          66           2  -1.1060786308586357        1.0923001310345846      -0.98454604097802645     
          67           3  -1.8939237220825378        1.9076981042595298      -1.54569001984421472E-002
          68           4  -1.0315449830481309        1.9548675590799560      -0.94667890894650730     
          69           1  -1.9684561934224523        1.0451306762141586       0.94667714424062899     
          70           2  -1.1060786308586357        1.0923001310345846       1.54539590219735998E-002
          71           3  -1.8939237220825378        1.9076981042595298       0.98454309980155785     
          72           4  -1.0315449830481309        1.9548675590799560       5.33210910534926974E-002
          73           1  -1.9684561934224523        1.0451306762141586        1.9466771442406290     
          74           2  -1.1060786308586357        1.0923001310345846        1.0154539590219736     
          75           3  -1.8939237220825378        1.9076981042595298        1.9845430998015579     
          76           4  -1.0315449830481309        1.9548675590799560        1.0533210910534927     
          77           1  -1.9684561934224523        1.0451306762141586        2.9466771442406290     
          78           2  -1.1060786308586357        1.0923001310345846        2.0154539590219738     
          79           3  -1.8939237220825378        1.9076981042595298        2.9845430998015576     
          80           4  -1.0315449830481309        1.9548675590799560        2.0533210910534927     
          81           1  -1.9684561934224523        2.0451306762141588       -1.0533228557593710     
          82           2  -1.1060786308586357        2.0923001310345848       -1.9845460409780264     
          83           3  -1.8939237220825378        2.9076981042595298       -1.0154569001984421     
          84           4  -1.0315449830481309        2.9548675590799558       -1.9466789089465073     
          85           1  -1.9684561934224523        2.0451306762141588      -5.33228557593710129E-002
          86           2  -1.1060786308586357        2.0923001310345848      -0.98454604097802645     
          87           3  -1.8939237220825378        2.9076981042595298      -1.54569001984421472E-002
          88           4  -1.0315449830481309        2.9548675590799558      -0.94667890894650730     
          89           1  -1.9684561934224523        2.0451306762141588       0.94667714424062899     
          90           2  -1.1060786308586357        2.0923001310345848       1.54539590219735998E-002
          91           3  -1.8939237220825378        2.9076981042595298       0.98454309980155785     
          92           4  -1.0315449830481309        2.9548675590799558       5.33210910534926974E-002
          93           1  -1.9684561934224523        2.0451306762141588        1.9466771442406290     
          94           2  -1.1060786308586357        2.0923001310345848        1.0154539590219736     
          95           3  -1.8939237220825378        2.9076981042595298        1.9845430998015579     
          96           4  -1.0315449830481309        2.9548675590799558        1.0533210910534927     
          97           1  -1.9684561934224523        2.0451306762141588        2.9466771442406290     
          98           2  -1.1060786308586357        2.0923001310345848        2.0154539590219738     
          99           3  -1.8939237220825378        2.9076981042595298        2.9845430998015576     
         100           4  -1.0315449830481309        2.9548675590799558        2.0533210910534927     
         101           1 -0.96845619342245226       -1.9548693237858414       -1.0533228557593710     
         102           2 -0.10607863085863567       -1.9076998689654154       -1.9845460409780264     
         103           3 -0.89392372208253790       -1.0923018957404702       -1.0154569001984421     
         104           4 -3.15449830481309146E-002  -1.0451324409200440       -1.9466789089465073     
         105           1 -0.96845619342245226       -1.9548693237858414      -5.33228557593710129E-002
         106           2 -0.10607863085863567       -1.9076998689654154      -0.98454604097802645     
         107           3 -0.89392372208253790       -1.0923018957404702      -1.54569001984421472E-002
         108           4 -3.15449830481309146E-002  -1.0451324409200440      -0.94667890894650730     
         109           1 -0.96845619342245226       -1.9548693237858414       0.94667714424062899     
         110           2 -0.10607863085863567       -1.9076998689654154       1.54539590219735998E-002
         111           3 -0.89392372208253790       -1.0923018957404702       0.98454309980155785     
         112           4 -3.15449830481309146E-002  -1.0451324409200440       5.33210910534926974E-002
         113           1 -0.96845619342245226       -1.9548693237858414        1.9466771442406290     
         114           2 -0.10607863085863567       -1.9076998689654154        1.0154539590219736     
         115           3 -0.89392372208253790       -1.0923018957404702        1.9845430998015579     
         116           4 -3.15449830481309146E-002  -1.0451324409200440        1.0533210910534927     
         117           1 -0.96845619342245226       -1.9548693237858414        2.9466771442406290     
         118           2 -0.10607863085863567       -1.9076998689654154        2.0154539590219738     
         119           3 -0.89392372208253790       -1.0923018957404702        2.9845430998015576     
         120           4 -3.15449830481309146E-002  -1.0451324409200440        2.0533210910534927     
         121           1 -0.96845619342245226      -0.95486932378584144       -1.0533228557593710     
         122           2 -0.10607863085863567      -0.90769986896541544       -1.9845460409780264     
         123           3 -0.89392372208253790      -9.23018957404700968E-002  -1.0154569001984421     
         124           4 -3.15449830481309146E-002 -4.51324409200439813E-002  -1.9466789089465073     
         125           1 -0.96845619342245226      -0.95486932378584144      -5.33228557593710129E-002
         126           2 -0.10607863085863567      -0.90769986896541544      -0.98454604097802645     
         127           3 -0.89392372208253790      -9.23018957404700968E-002 -1.54569001984421472E-002
         128           4 -3.15449830481309146E-002 -4.51324409200439813E-002 -0.94667890894650730     
         129           1 -0.96845619342245226      -0.95486932378584144       0.94667714424062899     
         130           2 -0.10607863085863567      -0.90769986896541544       1.54539590219735998E-002
         131           3 -0.89392372208253790      -9.23018957404700968E-002  0.98454309980155785     
         132           4 -3.15449830481309146E-002 -4.51324409200439813E-002  5.33210910534926974E-002
         133           1 -0.96845619342245226      -0.95486932378584144        1.9466771442406290     
         134           2 -0.10607863085863567      -0.90769986896541544        1.0154539590219736     
         135           3 -0.89392372208253790      -9.23018957404700968E-002   1.9845430998015579     
         136           4 -3.15449830481309146E-002 -4.51324409200439813E-002   1.0533210910534927     
         137           1 -0.96845619342245226      -0.95486932378584144        2.9466771442406290     
         138           2 -0.10607863085863567      -0.90769986896541544        2.0154539590219738     
         139           3 -0.89392372208253790      -9.23018957404700968E-002   2.9845430998015576     
         140           4 -3.15449830481309146E-002 -4.51324409200439813E-002   2.0533210910534927     
         141           1 -0.96845619342245226       4.51306762141586021E-002  -1.0533228557593710     
         142           2 -0.10607863085863567       9.23001310345846065E-002  -1.9845460409780264     
         143           3 -0.89392372208253790       0.90769810425952990       -1.0154569001984421     
         144           4 -3.15449830481309146E-002  0.95486755907995602       -1.9466789089465073     
         145           1 -0.96845619342245226       4.51306762141586021E-002 -5.33228557593710129E-002
         146           2 -0.10607863085863567       9.23001310345846065E-002 -0.98454604097802645     
         147           3 -0.89392372208253790       0.90769810425952990      -1.54569001984421472E-002
         148           4 -3.15449830481309146E-002  0.95486755907995602      -0.94667890894650730     
         149           1 -0.96845619342245226       4.51306762141586021E-002  0.94667714424062899     
         150           2 -0.10607863085863567       9.23001310345846065E-002  1.54539590219735998E-002
         151           3 -0.89392372208253790       0.90769810425952990       0.98454309980155785     
         152           4 -3.15449830481309146E-002  0.95486755907995602       5.33210910534926974E-002
         153           1 -0.96845619342245226       4.51306762141586021E-002   1.9466771442406290     
         154           2 -0.10607863085863567       9.23001310345846065E-002   1.0154539590219736     
         155           3 -0.89392372208253790       0.90769810425952990        1.9845430998015579     
         156           4 -3.15449830481309146E-002  0.95486755907995602        1.0533210910534927     
         157           1 -0.96845619342245226       4.51306762141586021E-002   2.9466771442406290     
         158           2 -0.10607863085863567       9.23001310345846065E-002   2.0154539590219738     
         159           3 -0.89392372208253790       0.90769810425952990        2.9845430998015576     
         160           4 -3.15449830481309146E-002  0.95486755907995602        2.0533210910534927     
         161           1 -0.96845619342245226        1.0451306762141586       -1.0533228557593710     
         162           2 -0.10607863085863567        1.0923001310345846       -1.9845460409780264     
         163           3 -0.89392372208253790        1.9076981042595298       -1.0154569001984421     
         164           4 -3.15449830481309146E-002   1.9548675590799560       -1.9466789089465073     
         165           1 -0.96845619342245226        1.0451306762141586      -5.33228557593710129E-002
         166           2 -0.10607863085863567        1.0923001310345846      -0.98454604097802645     
         167           3 -0.89392372208253790        1.9076981042595298      -1.54569001984421472E-002
         168           4 -3.15449830481309146E-002   1.9548675590799560      -0.94667890894650730     
         169           1 -0.96845619342245226        1.0451306762141586       0.94667714424062899     
         170           2 -0.10607863085863567        1.0923001310345846       1.54539590219735998E-002
         171           3 -0.89392372208253790        1.9076981042595298       0.98454309980155785     
         172           4 -3.15449830481309146E-002   1.9548675590799560       5.33210910534926974E-002
         173           1 -0.96845619342245226        1.0451306762141586        1.9466771442406290     
         174           2 -0.10607863085863567        1.0923001310345846        1.0154539590219736     
         175           3 -0.89392372208253790        1.9076981042595298        1.9845430998015579     
         176           4 -3.15449830481309146E-002   1.9548675590799560        1.0533210910534927     
         177           1 -0.96845619342245226        1.0451306762141586        2.9466771442406290     
         178           2 -0.10607863085863567        1.0923001310345846        2.0154539590219738     
         179           3 -0.89392372208253790        1.9076981042595298        2.9845430998015576     
         180           4 -3.15449830481309146E-002   1.9548675590799560        2.0533210910534927     
         181           1 -0.96845619342245226        2.0451306762141588       -1.0533228557593710     
         182           2 -0.10607863085863567        2.0923001310345848       -1.9845460409780264     
         183           3 -0.89392372208253790        2.9076981042595298       -1.0154569001984421     
         184           4 -3.15449830481309146E-002   2.9548675590799558       -1.9466789089465073     
         185           1 -0.96845619342245226        2.0451306762141588      -5.33228557593710129E-002
         186           2 -0.10607863085863567        2.0923001310345848      -0.98454604097802645     
         187           3 -0.89392372208253790        2.9076981042595298      -1.54569001984421472E-002
         188           4 -3.15449830481309146E-002   2.9548675590799558      -0.94667890894650730     
         189           1 -0.96845619342245226        2.0451306762141588       0.94667714424062899     
         190           2 -0.10607863085863567        2.0923001310345848       1.54539590219735998E-002
         191           3 -0.89392372208253790        2.9076981042595298       0.98454309980155785     
         192           4 -3.15449830481309146E-002   2.9548675590799558       5.33210910534926974E-002
         193           1 -0.96845619342245226        2.0451306762141588        1.9466771442406290     
         194           2 -0.10607863085863567        2.0923001310345848        1.0154539590219736     
         195           3 -0.89392372208253790        2.9076981042595298        1.9845430998015579     
         196           4 -3.15449830481309146E-002   2.9548675590799558        1.0533210910534927     
         197           1 -0.96845619342245226        2.0451306762141588        2.9466771442406290     
         198           2 -0.10607863085863567        2.0923001310345848        2.0154539590219738     
         199           3 -0.89392372208253790        2.9076981042595298        2.9845430998015576     
         200           4 -3.15449830481309146E-002   2.9548675590799558        2.0533210910534927     
         201           1  3.15438065775476978E-002  -1.9548693237858414       -1.0533228557593710     
         202           2  0.89392136914136433       -1.9076998689654154       -1.9845460409780264     
         203           3  0.10607627791746210       -1.0923018957404702       -1.0154569001984421     
         204           4  0.96845501695186909       -1.0451324409200440       -1.9466789089465073     
         205           1  3.15438065775476978E-002  -1.9548693237858414      -5.33228557593710129E-002
         206           2  0.89392136914136433       -1.9076998689654154      -0.98454604097802645     
         207           3  0.10607627791746210       -1.0923018957404702      -1.54569001984421472E-002
         208           4  0.96845501695186909       -1.0451324409200440      -0.94667890894650730     
         209           1  3.15438065775476978E-002  -1.9548693237858414       0.94667714424062899     
         210           2  0.89392136914136433       -1.9076998689654154       1.54539590219735998E-002
         211           3  0.10607627791746210       -1.0923018957404702       0.98454309980155785     
         212           4  0.96845501695186909       -1.0451324409200440       5.33210910534926974E-002
         213           1  3.15438065775476978E-002  -1.9548693237858414        1.9466771442406290     
         214           2  0.89392136914136433       -1.9076998689654154        1.0154539590219736     
         215           3  0.10607627791746210       -1.0923018957404702        1.9845430998015579     
         216           4  0.96845501695186909       -1.0451324409200440        1.0533210910534927     
         217           1  3.15438065775476978E-002  -1.9548693237858414        2.9466771442406290     
         218           2  0.89392136914136433       -1.9076998689654154        2.0154539590219738     
         219           3  0.10607627791746210       -1.0923018957404702        2.9845430998015576     
         220           4  0.96845501695186909       -1.0451324409200440        2.0533210910534927     
         221           1  3.15438065775476978E-002 -0.95486932378584144       -1.0533228557593710     
         222           2  0.89392136914136433      -0.90769986896541544       -1.9845460409780264     
         223           3  0.10607627791746210      -9.23018957404700968E-002  -1.0154569001984421     
         224           4  0.96845501695186909      -4.51324409200439813E-002  -1.9466789089465073     
         225           1  3.15438065775476978E-002 -0.95486932378584144      -5.33228557593710129E-002
         226           2  0.89392136914136433      -0.90769986896541544      -0.98454604097802645     
         227           3  0.10607627791746210      -9.23018957404700968E-002 -1.54569001984421472E-002
         228           4  0.96845501695186909      -4.51324409200439813E-002 -0.94667890894650730     
         229           1  3.15438065775476978E-002 -0.95486932378584144       0.94667714424062899     
         230           2  0.89392136914136433      -0.90769986896541544       1.54539590219735998E-002
         231           3  0.10607627791746210      -9.23018957404700968E-002  0.98454309980155785     
         232           4  0.96845501695186909      -4.51324409200439813E-002  5.33210910534926974E-002
         233           1  3.15438065775476978E-002 -0.95486932378584144        1.9466771442406290     
         234           2  0.89392136914136433      -0.90769986896541544        1.0154539590219736     
         235           3  0.10607627791746210      -9.23018957404700968E-002   1.9845430998015579     
         236           4  0.96845501695186909      -4.51324409200439813E-002   1.0533210910534927     
         237           1  3.15438065775476978E-002 -0.95486932378584144        2.9466771442406290     
         238           2  0.89392136914136433      -0.90769986896541544        2.0154539590219738     
         239           3  0.10607627791746210      -9.23018957404700968E-002   2.9845430998015576     
         240           4  0.96845501695186909      -4.51324409200439813E-002   2.0533210910534927     
         241           1  3.15438065775476978E-002  4.51306762141586021E-002  -1.0533228557593710     
         242           2  0.89392136914136433       9.23001310345846065E-002  -1.9845460409780264     
         243           3  0.10607627791746210       0.90769810425952990       -1.0154569001984421     
         244           4  0.96845501695186909       0.95486755907995602       -1.9466789089465073     
         245           1  3.15438065775476978E-002  4.51306762141586021E-002 -5.33228557593710129E-002
         246           2  0.89392136914136433       9.23001310345846065E-002 -0.98454604097802645     
         247           3  0.10607627791746210       0.90769810425952990      -1.54569001984421472E-002
         248           4  0.96845501695186909       0.95486755907995602      -0.94667890894650730     
         249           1  3.15438065775476978E-002  4.51306762141586021E-002  0.94667714424062899     
         250           2  0.89392136914136433       9.23001310345846065E-002  1.54539590219735998E-002
         251           3  0.10607627791746210       0.90769810425952990       0.98454309980155785     
         252           4  0.96845501695186909       0.95486755907995602       5.33210910534926974E-002
         253           1  3.15438065775476978E-002  4.51306762141586021E-002   1.9466771442406290     
         254           2  0.89392136914136433       9.23001310345846065E-002   1.0154539590219736     
         255           3  0.10607627791746210       0.90769810425952990        1.9845430998015579     
         256           4  0.96845501695186909       0.95486755907995602        1.0533210910534927     
         257           1  3.15438065775476978E-002  4.51306762141586021E-002   2.9466771442406290     
         258           2  0.89392136914136433       9.23001310345846065E-002   2.0154539590219738     
         259           3  0.10607627791746210       0.90769810425952990        2.9845430998015576     
         260           4  0.96845501695186909       0.95486755907995602        2.0533210910534927     
         261           1  3.15438065775476978E-002   1.0451306762141586       -1.0533228557593710     
         262           2  0.89392136914136433        1.0923001310345846       -1.9845460409780264     
         263           3  0.10607627791746210        1.9076981042595298       -1.0154569001984421     
         264           4  0.96845501695186909        1.9548675590799560       -1.9466789089465073     
         265           1  3.15438065775476978E-002   1.0451306762141586      -5.33228557593710129E-002
         266           2  0.89392136914136433        1.0923001310345846      -0.98454604097802645     
         267           3  0.10607627791746210        1.9076981042595298      -1.54569001984421472E-002
         268           4  0.96845501695186909        1.9548675590799560      -0.94667890894650730     
         269           1  3.15438065775476978E-002   1.0451306762141586       0.94667714424062899     
         270           2  0.89392136914136433        1.0923001310345846       1.54539590219735998E-002
         271           3  0.10607627791746210        1.9076981042595298       0.98454309980155785     
         272           4  0.96845501695186909        1.9548675590799560       5.33210910534926974E-002
         273           1  3.15438065775476978E-002   1.0451306762141586        1.9466771442406290     
         274           2  0.89392136914136433        1.0923001310345846        1.0154539590219736     
         275           3  0.10607627791746210        1.9076981042595298        1.9845430998015579     
         276           4  0.96845501695186909        1.9548675590799560        1.0533210910534927     
         277           1  3.15438065775476978E-002   1.0451306762141586        2.9466771442406290     
         278           2  0.89392136914136433        1.0923001310345846        2.0154539590219738     
         279           3  0.10607627791746210        1.9076981042595298        2.9845430998015576     
         280           4  0.96845501695186909        1.9548675590799560        2.0533210910534927     
         281           1  3.15438065775476978E-002   2.0451306762141588       -1.0533228557593710     
         282           2  0.89392136914136433        2.0923001310345848       -1.9845460409780264     
         283           3  0.10607627791746210        2.9076981042595298       -1.0154569001984421     
         284           4  0.96845501695186909        2.9548675590799558       -1.9466789089465073     
         285           1  3.15438065775476978E-002   2.0451306762141588      -5.33228557593710129E-002
         286           2  0.89392136914136433        2.0923001310345848      -0.98454604097802645     
         287           3  0.10607627791746210        2.9076981042595298      -1.54569001984421472E-002
         288           4  0.96845501695186909        2.9548675590799558      -0.94667890894650730     
         289           1  3.15438065775476978E-002   2.0451306762141588       0.94667714424062899     
         290           2  0.89392136914136433        2.0923001310345848       1.54539590219735998E-002
         291           3  0.10607627791746210        2.9076981042595298       0.98454309980155785     
         292           4  0.96845501695186909        2.9548675590799558       5.33210910534926974E-002
         293           1  3.15438065775476978E-002   2.0451306762141588        1.9466771442406290     
         294           2  0.89392136914136433        2.0923001310345848        1.0154539590219736     
         295           3  0.10607627791746210        2.9076981042595298        1.9845430998015579     
         296           4  0.96845501695186909        2.9548675590799558        1.0533210910534927     
         297           1  3.15438065775476978E-002   2.0451306762141588        2.9466771442406290     
         298           2  0.89392136914136433        2.0923001310345848        2.0154539590219738     
         299           3  0.10607627791746210        2.9076981042595298        2.9845430998015576     
         300           4  0.96845501695186909        2.9548675590799558        2.0533210910534927     
         301           1   1.0315438065775477       -1.9548693237858414       -1.0533228557593710     
         302           2   1.8939213691413643       -1.9076998689654154       -1.9845460409780264     
         303           3   1.1060762779174622       -1.0923018957404702       -1.0154569001984421     
         304           4   1.9684550169518691       -1.0451324409200440       -1.9466789089465073     
         305           1   1.0315438065775477       -1.9548693237858414      -5.33228557593710129E-002
         306           2   1.8939213691413643       -1.9076998689654154      -0.98454604097802645     
         307           3   1.1060762779174622       -1.0923018957404702      -1.54569001984421472E-002
         308           4   1.9684550169518691       -1.0451324409200440      -0.94667890894650730     
         309           1   1.0315438065775477       -1.9548693237858414       0.94667714424062899     
         310           2   1.8939213691413643       -1.9076998689654154       1.54539590219735998E-002
         311           3   1.1060762779174622       -1.0923018957404702       0.98454309980155785     
         312           4   1.9684550169518691       -1.0451324409200440       5.33210910534926974E-002
         313           1   1.0315438065775477       -1.9548693237858414        1.9466771442406290     
         314           2   1.8939213691413643       -1.9076998689654154        1.0154539590219736     
         315           3   1.1060762779174622       -1.0923018957404702        1.9845430998015579     
         316           4   1.9684550169518691       -1.0451324409200440        1.0533210910534927     
         317           1   1.0315438065775477       -1.9548693237858414        2.9466771442406290     
         318           2   1.8939213691413643       -1.9076998689654154        2.0154539590219738     
         319           3   1.1060762779174622       -1.0923018957404702        2.9845430998015576     
         320           4   1.9684550169518691       -1.0451324409200440        2.0533210910534927     
         321           1   1.0315438065775477      -0.95486932378584144       -1.0533228557593710     
         322           2   1.8939213691413643      -0.90769986896541544       -1.9845460409780264     
         323           3   1.1060762779174622      -9.23018957404700968E-002  -1.0154569001984421     
         324           4   1.9684550169518691      -4.51324409200439813E-002  -1.9466789089465073     
         325           1   1.0315438065775477      -0.95486932378584144      -5.33228557593710129E-002
         326           2   1.8939213691413643      -0.90769986896541544      -0.98454604097802645     
         327           3   1.1060762779174622      -9.23018957404700968E-002 -1.54569001984421472E-002
         328           4   1.9684550169518691      -4.51324409200439813E-002 -0.94667890894650730     
         329           1   1.0315438065775477      -0.95486932378584144       0.94667714424062899     
         330           2   1.8939213691413643      -0.90769986896541544       1.54539590219735998E-002
         331           3   1.1060762779174622      -9.23018957404700968E-002  0.98454309980155785     
         332           4   1.9684550169518691      -4.51324409200439813E-002  5.33210910534926974E-002
         333           1   1.0315438065775477      -0.95486932378584144        1.9466771442406290     
         334           2   1.8939213691413643      -0.90769986896541544        1.0154539590219736     
         335           3   1.1060762779174622      -9.23018957404700968E-002   1.9845430998015579     
         336           4   1.9684550169518691      -4.51324409200439813E-002   1.0533210910534927     
         337           1   1.0315438065775477      -0.95486932378584144        2.9466771442406290     
         338           2   1.8939213691413643      -0.90769986896541544        2.0154539590219738     
         339           3   1.1060762779174622      -9.23018957404700968E-002   2.9845430998015576     
         340           4   1.9684550169518691      -4.51324409200439813E-002   2.0533210910534927     
         341           1   1.0315438065775477       4.51306762141586021E-002  -1.0533228557593710     
         342           2   1.8939213691413643       9.23001310345846065E-002  -1.9845460409780264     
         343           3   1.1060762779174622       0.90769810425952990       -1.0154569001984421     
         344           4   1.9684550169518691       0.95486755907995602       -1.9466789089465073     
         345           1   1.0315438065775477       4.51306762141586021E-002 -5.33228557593710129E-002
         346           2   1.8939213691413643       9.23001310345846065E-002 -0.98454604097802645     
         347           3   1.1060762779174622       0.90769810425952990      -1.54569001984421472E-002
         348           4   1.9684550169518691       0.95486755907995602      -0.94667890894650730     
         349           1   1.0315438065775477       4.51306762141586021E-002  0.94667714424062899     
         350           2   1.8939213691413643       9.23001310345846065E-002  1.54539590219735998E-002
         351           3   1.1060762779174622       0.90769810425952990       0.98454309980155785     
         352           4   1.9684550169518691       0.95486755907995602       5.33210910534926974E-002
         353           1   1.0315438065775477       4.51306762141586021E-002   1.9466771442406290     
         354           2   1.8939213691413643       9.23001310345846065E-002   1.0154539590219736     
         355           3   1.1060762779174622       0.90769810425952990        1.9845430998015579     
         356           4   1.9684550169518691       0.95486755907995602        1.0533210910534927     
         357           1   1.0315438065775477       4.51306762141586021E-002   2.9466771442406290     
         358           2   1.8939213691413643       9.23001310345846065E-002   2.0154539590219738     
         359           3   1.1060762779174622       0.90769810425952990        2.9845430998015576     
         360           4   1.9684550169518691       0.95486755907995602        2.0533210910534927     
         361           1   1.0315438065775477        1.0451306762141586       -1.0533228557593710     
         362           2   1.8939213691413643        1.0923001310345846       -1.9845460409780264     
         363           3   1.1060762779174622        1.9076981042595298       -1.0154569001984421     
         364           4   1.9684550169518691        1.9548675590799560       -1.9466789089465073     
         365           1   1.0315438065775477        1.0451306762141586      -5.33228557593710129E-002
         366           2   1.8939213691413643        1.0923001310345846      -0.98454604097802645     
         367           3   1.1060762779174622        1.9076981042595298      -1.54569001984421472E-002
         368           4   1.9684550169518691        1.9548675590799560      -0.94667890894650730     
         369           1   1.0315438065775477        1.0451306762141586       0.94667714424062899     
         370           2   1.8939213691413643        1.0923001310345846       1.54539590219735998E-002
         371           3   1.1060762779174622        1.9076981042595298       0.98454309980155785     
         372           4   1.9684550169518691        1.9548675590799560       5.33210910534926974E-002
         373           1   1.0315438065775477        1.0451306762141586        1.9466771442406290     
         374           2   1.8939213691413643        1.0923001310345846        1.0154539590219736     
         375           3   1.1060762779174622        1.9076981042595298        1.9845430998015579     
         376           4   1.9684550169518691        1.9548675590799560        1.0533210910534927     
         377           1   1.0315438065775477        1.0451306762141586        2.9466771442406290     
         378           2   1.8939213691413643        1.0923001310345846        2.0154539590219738     
         379           3   1.1060762779174622        1.9076981042595298        2.9845430998015576     
         380           4   1.9684550169518691        1.9548675590799560        2.0533210910534927     
         381           1   1.0315438065775477        2.0451306762141588       -1.0533228557593710     
         382           2   1.8939213691413643        2.0923001310345848       -1.9845460409780264     
         383           3   1.1060762779174622        2.9076981042595298       -1.0154569001984421     
         384           4   1.9684550169518691        2.9548675590799558       -1.9466789089465073     
         385           1   1.0315438065775477        2.0451306762141588      -5.33228557593710129E-002
         386           2   1.8939213691413643        2.0923001310345848      -0.98454604097802645     
         387           3   1.1060762779174622        2.9076981042595298      -1.54569001984421472E-002
         388           4   1.9684550169518691        2.9548675590799558      -0.94667890894650730     
         389           1   1.0315438065775477        2.0451306762141588       0.94667714424062899     
         390           2   1.8939213691413643        2.0923001310345848       1.54539590219735998E-002
         391           3   1.1060762779174622        2.9076981042595298       0.98454309980155785     
         392           4   1.9684550169518691        2.9548675590799558       5.33210910534926974E-002
         393           1   1.0315438065775477        2.0451306762141588        1.9466771442406290     
         394           2   1.8939213691413643        2.0923001310345848        1.0154539590219736     
         395           3   1.1060762779174622        2.9076981042595298        1.9845430998015579     
         396           4   1.9684550169518691        2.9548675590799558        1.0533210910534927     
         397           1   1.0315438065775477        2.0451306762141588        2.9466771442406290     
         398           2   1.8939213691413643        2.0923001310345848        2.0154539590219738     
         399           3   1.1060762779174622        2.9076981042595298        2.9845430998015576     
         400           4   1.9684550169518691        2.9548675590799558        2.0533210910534927     
         401           1   2.0315438065775475       -1.9548693237858414       -1.0533228557593710     
         402           2   2.8939213691413643       -1.9076998689654154       -1.9845460409780264     
         403           3   2.1060762779174622       -1.0923018957404702       -1.0154569001984421     
         404           4   2.9684550169518689       -1.0451324409200440       -1.9466789089465073     
         405           1   2.0315438065775475       -1.9548693237858414      -5.33228557593710129E-002
         406           2   2.8939213691413643       -1.9076998689654154      -0.98454604097802645     
         407           3   2.1060762779174622       -1.0923018957404702      -1.54569001984421472E-002
         408           4   2.9684550169518689       -1.0451324409200440      -0.94667890894650730     
         409           1   2.0315438065775475       -1.9548693237858414       0.94667714424062899     
         410           2   2.8939213691413643       -1.9076998689654154       1.54539590219735998E-002
         411           3   2.1060762779174622       -1.0923018957404702       0.98454309980155785     
         412           4   2.9684550169518689       -1.0451324409200440       5.33210910534926974E-002
         413           1   2.0315438065775475       -1.9548693237858414        1.9466771442406290     
         414           2   2.8939213691413643       -1.9076998689654154        1.0154539590219736     
         415           3   2.1060762779174622       -1.0923018957404702        1.9845430998015579     
         416           4   2.9684550169518689       -1.0451324409200440        1.0533210910534927     
         417           1   2.0315438065775475       -1.9548693237858414        2.9466771442406290     
         418           2   2.8939213691413643       -1.9076998689654154        2.0154539590219738     
         419           3   2.1060762779174622       -1.0923018957404702        2.9845430998015576     
         420           4   2.9684550169518689       -1.0451324409200440        2.0533210910534927     
         421           1   2.0315438065775475      -0.95486932378584144       -1.0533228557593710     
         422           2   2.8939213691413643      -0.90769986896541544       -1.9845460409780264     
         423           3   2.1060762779174622      -9.23018957404700968E-002  -1.0154569001984421     
         424           4   2.9684550169518689      -4.51324409200439813E-002  -1.9466789089465073     
         425           1   2.0315438065775475      -0.95486932378584144      -5.33228557593710129E-002
         426           2   2.8939213691413643      -0.90769986896541544      -0.98454604097802645     
         427           3   2.1060762779174622      -9.23018957404700968E-002 -1.54569001984421472E-002
         428           4   2.9684550169518689      -4.51324409200439813E-002 -0.94667890894650730     
         429           1   2.0315438065775475      -0.95486932378584144       0.94667714424062899     
         430           2   2.8939213691413643      -0.90769986896541544       1.54539590219735998E-002
         431           3   2.1060762779174622      -9.23018957404700968E-002  0.98454309980155785     
         432           4   2.9684550169518689      -4.51324409200439813E-002  5.33210910534926974E-002
         433           1   2.0315438065775475      -0.95486932378584144        1.9466771442406290     
         434           2   2.8939213691413643      -0.90769986896541544        1.0154539590219736     
         435           3   2.1060762779174622      -9.23018957404700968E-002   1.9845430998015579     
         436           4   2.9684550169518689      -4.51324409200439813E-002   1.0533210910534927     
         437           1   2.0315438065775475      -0.95486932378584144        2.9466771442406290     
         438           2   2.8939213691413643      -0.90769986896541544        2.0154539590219738     
         439           3   2.1060762779174622      -9.23018957404700968E-002   2.9845430998015576     
         440           4   2.9684550169518689      -4.51324409200439813E-002   2.0533210910534927     
         441           1   2.0315438065775475       4.51306762141586021E-002  -1.0533228557593710     
         442           2   2.8939213691413643       9.23001310345846065E-002  -1.9845460409780264     
         443           3   2.1060762779174622       0.90769810425952990       -1.0154569001984421     
         444           4   2.9684550169518689       0.95486755907995602       -1.9466789089465073     
         445           1   2.0315438065775475       4.51306762141586021E-002 -5.33228557593710129E-002
         446           2   2.8939213691413643       9.23001310345846065E-002 -0.98454604097802645     
         447           3   2.1060762779174622       0.90769810425952990      -1.54569001984421472E-002
         448           4   2.9684550169518689       0.95486755907995602      -0.94667890894650730     
         449           1   2.0315438065775475       4.51306762141586021E-002  0.94667714424062899     
         450           2   2.8939213691413643       9.23001310345846065E-002  1.54539590219735998E-002
         451           3   2.1060762779174622       0.90769810425952990       0.98454309980155785     
         452           4   2.9684550169518689       0.95486755907995602       5.33210910534926974E-002
         453           1   2.0315438065775475       4.51306762141586021E-002   1.9466771442406290     
         454           2   2.8939213691413643       9.23001310345846065E-002   1.0154539590219736     
         455           3   2.1060762779174622       0.90769810425952990        1.9845430998015579     
         456           4   2.9684550169518689       0.95486755907995602        1.0533210910534927     
         457           1   2.0315438065775475       4.51306762141586021E-002   2.9466771442406290     
         458           2   2.8939213691413643       9.23001310345846065E-002   2.0154539590219738     
         459           3   2.1060762779174622       0.90769810425952990        2.9845430998015576     
         460           4   2.9684550169518689       0.95486755907995602        2.0533210910534927     
         461           1   2.0315438065775475        1.0451306762141586       -1.0533228557593710     
         462           2   2.8939213691413643        1.0923001310345846       -1.9845460409780264     
         463           3   2.1060762779174622        1.9076981042595298       -1.0154569001984421     
         464           4   2.9684550169518689        1.9548675590799560       -1.9466789089465073     
         465           1   2.0315438065775475        1.0451306762141586      -5.33228557593710129E-002
         466           2   2.8939213691413643        1.0923001310345846      -0.98454604097802645     
         467           3   2.1060762779174622        1.9076981042595298      -1.54569001984421472E-002
         468           4   2.9684550169518689        1.9548675590799560      -0.94667890894650730     
         469           1   2.0315438065775475        1.0451306762141586       0.94667714424062899     
         470           2   2.8939213691413643        1.0923001310345846       1.54539590219735998E-002
         471           3   2.1060762779174622        1.9076981042595298       0.98454309980155785     
         472           4   2.9684550169518689        1.9548675590799560       5.33210910534926974E-002
         473           1   2.0315438065775475        1.0451306762141586        1.9466771442406290     
         474           2   2.8939213691413643        1.0923001310345846        1.0154539590219736     
         475           3   2.1060762779174622        1.9076981042595298        1.9845430998015579     
         476           4   2.9684550169518689        1.9548675590799560        1.0533210910534927     
         477           1   2.0315438065775475        1.0451306762141586        2.9466771442406290     
         478           2   2.8939213691413643        1.0923001310345846        2.0154539590219738     
         479           3   2.1060762779174622        1.9076981042595298        2.9845430998015576     
         480           4   2.9684550169518689        1.9548675590799560        2.0533210910534927     
         481           1   2.0315438065775475        2.0451306762141588       -1.0533228557593710     
         482           2   2.8939213691413643        2.0923001310345848       -1.9845460409780264     
         483           3   2.1060762779174622        2.9076981042595298       -1.0154569001984421     
         484           4   2.9684550169518689        2.9548675590799558       -1.9466789089465073     
         485           1   2.0315438065775475        2.0451306762141588      -5.33228557593710129E-002
         486           2   2.8939213691413643        2.0923001310345848      -0.98454604097802645     
         487           3   2.1060762779174622        2.9076981042595298      -1.54569001984421472E-002
         488           4   2.9684550169518689        2.9548675590799558      -0.94667890894650730     
         489           1   2.0315438065775475        2.0451306762141588       0.94667714424062899     
         490           2   2.8939213691413643        2.0923001310345848       1.54539590219735998E-002
         491           3   2.1060762779174622        2.9076981042595298       0.98454309980155785     
         492           4   2.9684550169518689        2.9548675590799558       5.33210910534926974E-002
         493           1   2.0315438065775475        2.0451306762141588        1.9466771442406290     
         494           2   2.8939213691413643        2.0923001310345848        1.0154539590219736     
         495           3   2.1060762779174622        2.9076981042595298        1.9845430998015579     
         496           4   2.9684550169518689        2.9548675590799558        1.0533210910534927     
         497           1   2.0315438065775475        2.0451306762141588        2.9466771442406290     
         498           2   2.8939213691413643        2.0923001310345848        2.0154539590219738     
         499           3   2.1060762779174622        2.9076981042595298        2.9845430998015576     
         500           4   2.9684550169518689        2.9548675590799558        2.0533210910534927     
         500
  0.53624471181831090       0.76722149564069619        16.093511452090691     
   15.196663275403193        1.5691022275879383       0.26271730337355120     
   1.8032967245968559        15.430867772412009        16.737232696626485     
   16.463735288181773        16.232748504359254       0.90645854790937586     
  -33.463755288181687       -33.232778504359302       -17.906488547909309     
  -18.803336724596807       -32.430897772412060       -33.737282696626451     
  -32.196703275403145       -18.569132227587993       -17.262767303373515     
  -17.536264711818227       -17.767251495640746       -33.093541452090626     
  -33.463755288181687       -33.232778504359302      -0.90648854790930722     
  -18.803336724596807       -32.430897772412060       -16.737282696626451     
  -32.196703275403145       -18.569132227587993      -0.26276730337351650     
  -17.536264711818227       -17.767251495640746       -16.093541452090623     
  -33.463755288181687       -33.232778504359302        16.093511452090691     
  -18.803336724596807       -32.430897772412060       0.26271730337355120     
  -32.196703275403145       -18.569132227587993        16.737232696626485     
  -17.536264711818227       -17.767251495640746       0.90645854790937586     
  -33.463755288181687       -33.232778504359302        33.093511452090695     
  -18.803336724596807       -32.430897772412060        17.262717303373549     
  -32.196703275403145       -18.569132227587993        33.737232696626485     
  -17.536264711818227       -17.767251495640746        17.906458547909377     
  -33.463755288181687       -33.232778504359302        50.093511452090695     
  -18.803336724596807       -32.430897772412060        34.262717303373556     
  -32.196703275403145       -18.569132227587993        50.737232696626478     
  -17.536264711818227       -17.767251495640746        34.906458547909374     
  -33.463755288181687       -16.232778504359306       -17.906488547909309     
  -18.803336724596807       -15.430897772412063       -33.737282696626451     
  -32.196703275403145       -1.5691322275879918       -17.262767303373515     
  -17.536264711818227      -0.76725149564074768       -33.093541452090626     
  -33.463755288181687       -16.232778504359306      -0.90648854790930722     
  -18.803336724596807       -15.430897772412063       -16.737282696626451     
  -32.196703275403145       -1.5691322275879918      -0.26276730337351650     
  -17.536264711818227      -0.76725149564074768       -16.093541452090623     
  -33.463755288181687       -16.232778504359306        16.093511452090691     
  -18.803336724596807       -15.430897772412063       0.26271730337355120     
  -32.196703275403145       -1.5691322275879918        16.737232696626485     
  -17.536264711818227      -0.76725149564074768       0.90645854790937586     
  -33.463755288181687       -16.232778504359306        33.093511452090695     
  -18.803336724596807       -15.430897772412063        17.262717303373549     
  -32.196703275403145       -1.5691322275879918        33.737232696626485     
  -17.536264711818227      -0.76725149564074768        17.906458547909377     
  -33.463755288181687       -16.232778504359306        50.093511452090695     
  -18.803336724596807       -15.430897772412063        34.262717303373556     
  -32.196703275403145       -1.5691322275879918        50.737232696626478     
  -17.536264711818227      -0.76725149564074768        34.906458547909374     
  -33.463755288181687       0.76722149564069619       -17.906488547909309     
  -18.803336724596807        1.5691022275879383       -33.737282696626451     
  -32.196703275403145        15.430867772412009       -17.262767303373515     
  -17.536264711818227        16.232748504359254       -33.093541452090626     
  -33.463755288181687       0.76722149564069619      -0.90648854790930722     
  -18.803336724596807        1.5691022275879383       -16.737282696626451     
  -32.196703275403145        15.430867772412009      -0.26276730337351650     
  -17.536264711818227        16.232748504359254       -16.093541452090623     
  -33.463755288181687       0.76722149564069619        16.093511452090691     
  -18.803336724596807        1.5691022275879383       0.26271730337355120     
  -32.196703275403145        15.430867772412009        16.737232696626485     
  -17.536264711818227        16.232748504359254       0.90645854790937586     
  -33.463755288181687       0.76722149564069619        33.093511452090695     
  -18.803336724596807        1.5691022275879383        17.262717303373549     
  -32.196703275403145        15.430867772412009        33.737232696626485     
  -17.536264711818227        16.232748504359254        17.906458547909377     
  -33.463755288181687       0.76722149564069619        50.093511452090695     
  -18.803336724596807        1.5691022275879383        34.262717303373556     
  -32.196703275403145        15.430867772412009        50.737232696626478     
  -17.536264711818227        16.232748504359254        34.906458547909374     
  -33.463755288181687        17.767221495640694       -17.906488547909309     
  -18.803336724596807        18.569102227587937       -33.737282696626451     
  -32.196703275403145        32.430867772412007       -17.262767303373515     
  -17.536264711818227        33.232748504359250       -33.093541452090626     
  -33.463755288181687        17.767221495640694      -0.90648854790930722     
  -18.803336724596807        18.569102227587937       -16.737282696626451     
  -32.196703275403145        32.430867772412007      -0.26276730337351650     
  -17.536264711818227        33.232748504359250       -16.093541452090623     
  -33.463755288181687        17.767221495640694        16.093511452090691     
  -18.803336724596807        18.569102227587937       0.26271730337355120     
  -32.196703275403145        32.430867772412007        16.737232696626485     
  -17.536264711818227        33.232748504359250       0.90645854790937586     
  -33.463755288181687        17.767221495640694        33.093511452090695     
  -18.803336724596807        18.569102227587937        17.262717303373549     
  -32.196703275403145        32.430867772412007        33.737232696626485     
  -17.536264711818227        33.232748504359250        17.906458547909377     
  -33.463755288181687        17.767221495640694        50.093511452090695     
  -18.803336724596807        18.569102227587937        34.262717303373556     
  -32.196703275403145        32.430867772412007        50.737232696626478     
  -17.536264711818227        33.232748504359250        34.906458547909374     
  -33.463755288181687        34.767221495640698       -17.906488547909309     
  -18.803336724596807        35.569102227587940       -33.737282696626451     
  -32.196703275403145        49.430867772412007       -17.262767303373515     
  -17.536264711818227        50.232748504359250       -33.093541452090626     
  -33.463755288181687        34.767221495640698      -0.90648854790930722     
  -18.803336724596807        35.569102227587940       -16.737282696626451     
  -32.196703275403145        49.430867772412007      -0.26276730337351650     
  -17.536264711818227        50.232748504359250       -16.093541452090623     
  -33.463755288181687        34.767221495640698        16.093511452090691     
  -18.803336724596807        35.569102227587940       0.26271730337355120     
  -32.196703275403145        49.430867772412007        16.737232696626485     
  -17.536264711818227        50.232748504359250       0.90645854790937586     
  -33.463755288181687        34.767221495640698        33.093511452090695     
  -18.803336724596807        35.569102227587940        17.262717303373549     
  -32.196703275403145        49.430867772412007        33.737232696626485     
  -17.536264711818227        50.232748504359250        17.906458547909377     
  -33.463755288181687        34.767221495640698        50.093511452090695     
  -18.803336724596807        35.569102227587940        34.262717303373556     
  -32.196703275403145        49.430867772412007        50.737232696626478     
  -17.536264711818227        50.232748504359250        34.906458547909374     
  -16.463755288181687       -33.232778504359302       -17.906488547909309     
  -1.8033367245968064       -32.430897772412060       -33.737282696626451     
  -15.196703275403145       -18.569132227587993       -17.262767303373515     
 -0.53626471181822555       -17.767251495640746       -33.093541452090626     
  -16.463755288181687       -33.232778504359302      -0.90648854790930722     
  -1.8033367245968064       -32.430897772412060       -16.737282696626451     
  -15.196703275403145       -18.569132227587993      -0.26276730337351650     
 -0.53626471181822555       -17.767251495640746       -16.093541452090623     
  -16.463755288181687       -33.232778504359302        16.093511452090691     
  -1.8033367245968064       -32.430897772412060       0.26271730337355120     
  -15.196703275403145       -18.569132227587993        16.737232696626485     
 -0.53626471181822555       -17.767251495640746       0.90645854790937586     
  -16.463755288181687       -33.232778504359302        33.093511452090695     
  -1.8033367245968064       -32.430897772412060        17.262717303373549     
  -15.196703275403145       -18.569132227587993        33.737232696626485     
 -0.53626471181822555       -17.767251495640746        17.906458547909377     
  -16.463755288181687       -33.232778504359302        50.093511452090695     
  -1.8033367245968064       -32.430897772412060        34.262717303373556     
  -15.196703275403145       -18.569132227587993        50.737232696626478     
 -0.53626471181822555       -17.767251495640746        34.906458547909374     
  -16.463755288181687       -16.232778504359306       -17.906488547909309     
  -1.8033367245968064       -15.430897772412063       -33.737282696626451     
  -15.196703275403145       -1.5691322275879918       -17.262767303373515     
 -0.53626471181822555      -0.76725149564074768       -33.093541452090626     
  -16.463755288181687       -16.232778504359306      -0.90648854790930722     
  -1.8033367245968064       -15.430897772412063       -16.737282696626451     
  -15.196703275403145       -1.5691322275879918      -0.26276730337351650     
 -0.53626471181822555      -0.76725149564074768       -16.093541452090623     
  -16.463755288181687       -16.232778504359306        16.093511452090691     
  -1.8033367245968064       -15.430897772412063       0.26271730337355120     
  -15.196703275403145       -1.5691322275879918        16.737232696626485     
 -0.53626471181822555      -0.76725149564074768       0.90645854790937586     
  -16.463755288181687       -16.232778504359306        33.093511452090695     
  -1.8033367245968064       -15.430897772412063        17.262717303373549     
  -15.196703275403145       -1.5691322275879918        33.737232696626485     
 -0.53626471181822555      -0.76725149564074768        17.906458547909377     
  -16.463755288181687       -16.232778504359306        50.093511452090695     
  -1.8033367245968064       -15.430897772412063        34.262717303373556     
  -15.196703275403145       -1.5691322275879918        50.737232696626478     
 -0.53626471181822555      -0.76725149564074768        34.906458547909374     
  -16.463755288181687       0.76722149564069619       -17.906488547909309     
  -1.8033367245968064        1.5691022275879383       -33.737282696626451     
  -15.196703275403145        15.430867772412009       -17.262767303373515     
 -0.53626471181822555        16.232748504359254       -33.093541452090626     
  -16.463755288181687       0.76722149564069619      -0.90648854790930722     
  -1.8033367245968064        1.5691022275879383       -16.737282696626451     
  -15.196703275403145        15.430867772412009      -0.26276730337351650     
 -0.53626471181822555        16.232748504359254       -16.093541452090623     
  -16.463755288181687       0.76722149564069619        16.093511452090691     
  -1.8033367245968064        1.5691022275879383       0.26271730337355120     
  -15.196703275403145        15.430867772412009        16.737232696626485     
 -0.53626471181822555        16.232748504359254       0.90645854790937586     
  -16.463755288181687       0.76722149564069619        33.093511452090695     
  -1.8033367245968064        1.5691022275879383        17.262717303373549     
  -15.196703275403145        15.430867772412009        33.737232696626485     
 -0.53626471181822555        16.232748504359254        17.906458547909377     
  -16.463755288181687       0.76722149564069619        50.093511452090695     
  -1.8033367245968064        1.5691022275879383        34.262717303373556     
  -15.196703275403145        15.430867772412009        50.737232696626478     
 -0.53626471181822555        16.232748504359254        34.906458547909374     
  -16.463755288181687        17.767221495640694       -17.906488547909309     
  -1.8033367245968064        18.569102227587937       -33.737282696626451     
  -15.196703275403145        32.430867772412007       -17.262767303373515     
 -0.53626471181822555        33.232748504359250       -33.093541452090626     
  -16.463755288181687        17.767221495640694      -0.90648854790930722     
  -1.8033367245968064        18.569102227587937       -16.737282696626451     
  -15.196703275403145        32.430867772412007      -0.26276730337351650     
 -0.53626471181822555        33.232748504359250       -16.093541452090623     
  -16.463755288181687        17.767221495640694        16.093511452090691     
  -1.8033367245968064        18.569102227587937       0.26271730337355120     
  -15.196703275403145        32.430867772412007        16.737232696626485     
 -0.53626471181822555        33.232748504359250       0.90645854790937586     
  -16.463755288181687        17.767221495640694        33.093511452090695     
  -1.8033367245968064        18.569102227587937        17.262717303373549     
  -15.196703275403145        32.430867772412007        33.737232696626485     
 -0.53626471181822555        33.232748504359250        17.906458547909377     
  -16.463755288181687        17.767221495640694        50.093511452090695     
  -1.8033367245968064        18.569102227587937        34.262717303373556     
  -15.196703275403145        32.430867772412007        50.737232696626478     
 -0.53626471181822555        33.232748504359250        34.906458547909374     
  -16.463755288181687        34.767221495640698       -17.906488547909309     
  -1.8033367245968064        35.569102227587940       -33.737282696626451     
  -15.196703275403145        49.430867772412007       -17.262767303373515     
 -0.53626471181822555        50.232748504359250       -33.093541452090626     
  -16.463755288181687        34.767221495640698      -0.90648854790930722     
  -1.8033367245968064        35.569102227587940       -16.737282696626451     
  -15.196703275403145        49.430867772412007      -0.26276730337351650     
 -0.53626471181822555        50.232748504359250       -16.093541452090623     
  -16.463755288181687        34.767221495640698        16.093511452090691     
  -1.8033367245968064        35.569102227587940       0.26271730337355120     
  -15.196703275403145        49.430867772412007        16.737232696626485     
 -0.53626471181822555        50.232748504359250       0.90645854790937586     
  -16.463755288181687        34.767221495640698        33.093511452090695     
  -1.8033367245968064        35.569102227587940        17.262717303373549     
  -15.196703275403145        49.430867772412007        33.737232696626485     
 -0.53626471181822555        50.232748504359250        17.906458547909377     
  -16.463755288181687        34.767221495640698        50.093511452090695     
  -1.8033367245968064        35.569102227587940        34.262717303373556     
  -15.196703275403145        49.430867772412007        50.737232696626478     
 -0.53626471181822555        50.232748504359250        34.906458547909374     
  0.53624471181831090       -33.232778504359302       -17.906488547909309     
   15.196663275403193       -32.430897772412060       -33.737282696626451     
   1.8032967245968559       -18.569132227587993       -17.262767303373515     
   16.463735288181773       -17.767251495640746       -33.093541452090626     
  0.53624471181831090       -33.232778504359302      -0.90648854790930722     
   15.196663275403193       -32.430897772412060       -16.737282696626451     
   1.8032967245968559       -18.569132227587993      -0.26276730337351650     
   16.463735288181773       -17.767251495640746       -16.093541452090623     
  0.53624471181831090       -33.232778504359302        16.093511452090691     
   15.196663275403193       -32.430897772412060       0.26271730337355120     
   1.8032967245968559       -18.569132227587993        16.737232696626485     
   16.463735288181773       -17.767251495640746       0.90645854790937586     
  0.53624471181831090       -33.232778504359302        33.093511452090695     
   15.196663275403193       -32.430897772412060        17.262717303373549     
   1.8032967245968559       -18.569132227587993        33.737232696626485     
   16.463735288181773       -17.767251495640746        17.906458547909377     
  0.53624471181831090       -33.232778504359302        50.093511452090695     
   15.196663275403193       -32.430897772412060        34.262717303373556     
   1.8032967245968559       -18.569132227587993        50.737232696626478     
   16.463735288181773       -17.767251495640746        34.906458547909374     
  0.53624471181831090       -16.232778504359306       -17.906488547909309     
   15.196663275403193       -15.430897772412063       -33.737282696626451     
   1.8032967245968559       -1.5691322275879918       -17.262767303373515     
   16.463735288181773      -0.76725149564074768       -33.093541452090626     
  0.53624471181831090       -16.232778504359306      -0.90648854790930722     
   15.196663275403193       -15.430897772412063       -16.737282696626451     
   1.8032967245968559       -1.5691322275879918      -0.26276730337351650     
   16.463735288181773      -0.76725149564074768       -16.093541452090623     
  0.53624471181831090       -16.232778504359306        16.093511452090691     
   15.196663275403193       -15.430897772412063       0.26271730337355120     
   1.8032967245968559       -1.5691322275879918        16.737232696626485     
   16.463735288181773      -0.76725149564074768       0.90645854790937586     
  0.53624471181831090       -16.232778504359306        33.093511452090695     
   15.196663275403193       -15.430897772412063        17.262717303373549     
   1.8032967245968559       -1.5691322275879918        33.737232696626485     
   16.463735288181773      -0.76725149564074768        17.906458547909377     
  0.53624471181831090       -16.232778504359306        50.093511452090695     
   15.196663275403193       -15.430897772412063        34.262717303373556     
   1.8032967245968559       -1.5691322275879918        50.737232696626478     
   16.463735288181773      -0.76725149564074768        34.906458547909374     
  0.53624471181831090       0.76722149564069619       -17.906488547909309     
   15.196663275403193        1.5691022275879383       -33.737282696626451     
   1.8032967245968559        15.430867772412009       -17.262767303373515     
   16.463735288181773        16.232748504359254       -33.093541452090626     
  0.53624471181831090       0.76722149564069619      -0.90648854790930722     
   15.196663275403193        1.5691022275879383       -16.737282696626451     
   1.8032967245968559        15.430867772412009      -0.26276730337351650     
   16.463735288181773        16.232748504359254       -16.093541452090623     
  0.53624471181831090       0.76722149564069619        16.093511452090691     
   15.196663275403193        1.5691022275879383       0.26271730337355120     
   1.8032967245968559        15.430867772412009        16.737232696626485     
   16.463735288181773        16.232748504359254       0.90645854790937586     
  0.53624471181831090       0.76722149564069619        33.093511452090695     
   15.196663275403193        1.5691022275879383        17.262717303373549     
   1.8032967245968559        15.430867772412009        33.737232696626485     
   16.463735288181773        16.232748504359254        17.906458547909377     
  0.53624471181831090       0.76722149564069619        50.093511452090695     
   15.196663275403193        1.5691022275879383        34.262717303373556     
   1.8032967245968559        15.430867772412009        50.737232696626478     
   16.463735288181773        16.232748504359254        34.906458547909374     
  0.53624471181831090        17.767221495640694       -17.906488547909309     
   15.196663275403193        18.569102227587937       -33.737282696626451     
   1.8032967245968559        32.430867772412007       -17.262767303373515     
   16.463735288181773        33.232748504359250       -33.093541452090626     
  0.53624471181831090        17.767221495640694      -0.90648854790930722     
   15.196663275403193        18.569102227587937       -16.737282696626451     
   1.8032967245968559        32.430867772412007      -0.26276730337351650     
   16.463735288181773        33.232748504359250       -16.093541452090623     
  0.53624471181831090        17.767221495640694        16.093511452090691     
   15.196663275403193        18.569102227587937       0.26271730337355120     
   1.8032967245968559        32.430867772412007        16.737232696626485     
   16.463735288181773        33.232748504359250       0.90645854790937586     
  0.53624471181831090        17.767221495640694        33.093511452090695     
   15.196663275403193        18.569102227587937        17.262717303373549     
   1.8032967245968559        32.430867772412007        33.737232696626485     
   16.463735288181773        33.232748504359250        17.906458547909377     
  0.53624471181831090        17.767221495640694        50.093511452090695     
   15.196663275403193        18.569102227587937        34.262717303373556     
   1.8032967245968559        32.430867772412007        50.737232696626478     
   16.463735288181773        33.232748504359250        34.906458547909374     
  0.53624471181831090        34.767221495640698       -17.906488547909309     
   15.196663275403193        35.569102227587940       -33.737282696626451     
   1.8032967245968559        49.430867772412007       -17.262767303373515     
   16.463735288181773        50.232748504359250       -33.093541452090626     
  0.53624471181831090        34.767221495640698      -0.90648854790930722     
   15.196663275403193        35.569102227587940       -16.737282696626451     
   1.8032967245968559        49.430867772412007      -0.26276730337351650     
   16.463735288181773        50.232748504359250       -16.093541452090623     
  0.53624471181831090        34.767221495640698        16.093511452090691     
   15.196663275403193        35.569102227587940       0.26271730337355120     
   1.8032967245968559        49.430867772412007        16.737232696626485     
   16.463735288181773        50.232748504359250       0.90645854790937586     
  0.53624471181831090        34.767221495640698        33.093511452090695     
   15.196663275403193        35.569102227587940        17.262717303373549     
   1.8032967245968559        49.430867772412007        33.737232696626485     
   16.463735288181773        50.232748504359250        17.906458547909377     
  0.53624471181831090        34.767221495640698        50.093511452090695     
   15.196663275403193        35.569102227587940        34.262717303373556     
   1.8032967245968559        49.430867772412007        50.737232696626478     
   16.463735288181773        50.232748504359250        34.906458547909374     
   17.536244711818313       -33.232778504359302       -17.906488547909309     
   32.196663275403196       -32.430897772412060       -33.737282696626451     
   18.803296724596859       -18.569132227587993       -17.262767303373515     
   33.463735288181773       -17.767251495640746       -33.093541452090626     
   17.536244711818313       -33.232778504359302      -0.90648854790930722     
   32.196663275403196       -32.430897772412060       -16.737282696626451     
   18.803296724596859       -18.569132227587993      -0.26276730337351650     
   33.463735288181773       -17.767251495640746       -16.093541452090623     
   17.536244711818313       -33.232778504359302        16.093511452090691     
   32.196663275403196       -32.430897772412060       0.26271730337355120     
   18.803296724596859       -18.569132227587993        16.737232696626485     
   33.463735288181773       -17.767251495640746       0.90645854790937586     
   17.536244711818313       -33.232778504359302        33.093511452090695     
   32.196663275403196       -32.430897772412060        17.262717303373549     
   18.803296724596859       -18.569132227587993        33.737232696626485     
   33.463735288181773       -17.767251495640746        17.906458547909377     
   17.536244711818313       -33.232778504359302        50.093511452090695     
   32.196663275403196       -32.430897772412060        34.262717303373556     
   18.803296724596859       -18.569132227587993        50.737232696626478     
   33.463735288181773       -17.767251495640746        34.906458547909374     
   17.536244711818313       -16.232778504359306       -17.906488547909309     
   32.196663275403196       -15.430897772412063       -33.737282696626451     
   18.803296724596859       -1.5691322275879918       -17.262767303373515     
   33.463735288181773      -0.76725149564074768       -33.093541452090626     
   17.536244711818313       -16.232778504359306      -0.90648854790930722     
   32.196663275403196       -15.430897772412063       -16.737282696626451     
   18.803296724596859       -1.5691322275879918      -0.26276730337351650     
   33.463735288181773      -0.76725149564074768       -16.093541452090623     
   17.536244711818313       -16.232778504359306        16.093511452090691     
   32.196663275403196       -15.430897772412063       0.26271730337355120     
   18.803296724596859       -1.5691322275879918        16.737232696626485     
   33.463735288181773      -0.76725149564074768       0.90645854790937586     
   17.536244711818313       -16.232778504359306        33.093511452090695     
   32.196663275403196       -15.430897772412063        17.262717303373549     
   18.803296724596859       -1.5691322275879918        33.737232696626485     
   33.463735288181773      -0.76725149564074768        17.906458547909377     
   17.536244711818313       -16.232778504359306        50.093511452090695     
   32.196663275403196       -15.430897772412063        34.262717303373556     
   18.803296724596859       -1.5691322275879918        50.737232696626478     
   33.463735288181773      -0.76725149564074768        34.906458547909374     
   17.536244711818313       0.76722149564069619       -17.906488547909309     
   32.196663275403196        1.5691022275879383       -33.737282696626451     
   18.803296724596859        15.430867772412009       -17.262767303373515     
   33.463735288181773        16.232748504359254       -33.093541452090626     
   17.536244711818313       0.76722149564069619      -0.90648854790930722     
   32.196663275403196        1.5691022275879383       -16.737282696626451     
   18.803296724596859        15.430867772412009      -0.26276730337351650     
   33.463735288181773        16.232748504359254       -16.093541452090623     
   17.536244711818313       0.76722149564069619        16.093511452090691     
   32.196663275403196        1.5691022275879383       0.26271730337355120     
   18.803296724596859        15.430867772412009        16.737232696626485     
   33.463735288181773        16.232748504359254       0.90645854790937586     
   17.536244711818313       0.76722149564069619        33.093511452090695     
   32.196663275403196        1.5691022275879383        17.262717303373549     
   18.803296724596859        15.430867772412009        33.737232696626485     
   33.463735288181773        16.232748504359254        17.906458547909377     
   17.536244711818313       0.76722149564069619        50.093511452090695     
   32.196663275403196        1.5691022275879383        34.262717303373556     
   18.803296724596859        15.430867772412009        50.737232696626478     
   33.463735288181773        16.232748504359254        34.906458547909374     
   17.536244711818313        17.767221495640694       -17.906488547909309     
   32.196663275403196        18.569102227587937       -33.737282696626451     
   18.803296724596859        32.430867772412007       -17.262767303373515     
   33.463735288181773        33.232748504359250       -33.093541452090626     
   17.536244711818313        17.767221495640694      -0.90648854790930722     
   32.196663275403196        18.569102227587937       -16.737282696626451     
   18.803296724596859        32.430867772412007      -0.26276730337351650     
   33.463735288181773        33.232748504359250       -16.093541452090623     
   17.536244711818313        17.767221495640694        16.093511452090691     
   32.196663275403196        18.569102227587937       0.26271730337355120     
   18.803296724596859        32.430867772412007        16.737232696626485     
   33.463735288181773        33.232748504359250       0.90645854790937586     
   17.536244711818313        17.767221495640694        33.093511452090695     
   32.196663275403196        18.569102227587937        17.262717303373549     
   18.803296724596859        32.430867772412007        33.737232696626485     
   33.463735288181773        33.232748504359250        17.906458547909377     
   17.536244711818313        17.767221495640694        50.093511452090695     
   32.196663275403196        18.569102227587937        34.262717303373556     
   18.803296724596859        32.430867772412007        50.737232696626478     
   33.463735288181773        33.232748504359250        34.906458547909374     
   17.536244711818313        34.767221495640698       -17.906488547909309     
   32.196663275403196        35.569102227587940       -33.737282696626451     
   18.803296724596859        49.430867772412007       -17.262767303373515     
   33.463735288181773        50.232748504359250       -33.093541452090626     
   17.536244711818313        34.767221495640698      -0.90648854790930722     
   32.196663275403196        35.569102227587940       -16.737282696626451     
   18.803296724596859        49.430867772412007      -0.26276730337351650     
   33.463735288181773        50.232748504359250       -16.093541452090623     
   17.536244711818313        34.767221495640698        16.093511452090691     
   32.196663275403196        35.569102227587940       0.26271730337355120     
   18.803296724596859        49.430867772412007        16.737232696626485     
   33.463735288181773        50.232748504359250       0.90645854790937586     
   17.536244711818313        34.767221495640698        33.093511452090695     
   32.196663275403196        35.569102227587940        17.262717303373549     
   18.803296724596859        49.430867772412007        33.737232696626485     
   33.463735288181773        50.232748504359250        17.906458547909377     
   17.536244711818313        34.767221495640698        50.093511452090695     
   32.196663275403196        35.569102227587940        34.262717303373556     
   18.803296724596859        49.430867772412007        50.737232696626478     
   33.463735288181773        50.232748504359250        34.906458547909374     
   34.536244711818306       -33.232778504359302       -17.906488547909309     
   49.196663275403196       -32.430897772412060       -33.737282696626451     
   35.803296724596855       -18.569132227587993       -17.262767303373515     
   50.463735288181773       -17.767251495640746       -33.093541452090626     
   34.536244711818306       -33.232778504359302      -0.90648854790930722     
   49.196663275403196       -32.430897772412060       -16.737282696626451     
   35.803296724596855       -18.569132227587993      -0.26276730337351650     
   50.463735288181773       -17.767251495640746       -16.093541452090623     
   34.536244711818306       -33.232778504359302        16.093511452090691     
   49.196663275403196       -32.430897772412060       0.26271730337355120     
   35.803296724596855       -18.569132227587993        16.737232696626485     
   50.463735288181773       -17.767251495640746       0.90645854790937586     
   34.536244711818306       -33.232778504359302        33.093511452090695     
   49.196663275403196       -32.430897772412060        17.262717303373549     
   35.803296724596855       -18.569132227587993        33.737232696626485     
   50.463735288181773       -17.767251495640746        17.906458547909377     
   34.536244711818306       -33.232778504359302        50.093511452090695     
   49.196663275403196       -32.430897772412060        34.262717303373556     
   35.803296724596855       -18.569132227587993        50.737232696626478     
   50.463735288181773       -17.767251495640746        34.906458547909374     
   34.536244711818306       -16.232778504359306       -17.906488547909309     
   49.196663275403196       -15.430897772412063       -33.737282696626451     
   35.803296724596855       -1.5691322275879918       -17.262767303373515     
   50.463735288181773      -0.76725149564074768       -33.093541452090626     
   34.536244711818306       -16.232778504359306      -0.90648854790930722     
   49.196663275403196       -15.430897772412063       -16.737282696626451     
   35.803296724596855       -1.5691322275879918      -0.26276730337351650     
   50.463735288181773      -0.76725149564074768       -16.093541452090623     
   34.536244711818306       -16.232778504359306        16.093511452090691     
   49.196663275403196       -15.430897772412063       0.26271730337355120     
   35.803296724596855       -1.5691322275879918        16.737232696626485     
   50.463735288181773      -0.76725149564074768       0.90645854790937586     
   34.536244711818306       -16.232778504359306        33.093511452090695     
   49.196663275403196       -15.430897772412063        17.262717303373549     
   35.803296724596855       -1.5691322275879918        33.737232696626485     
   50.463735288181773      -0.76725149564074768        17.906458547909377     
   34.536244711818306       -16.232778504359306        50.093511452090695     
   49.196663275403196       -15.430897772412063        34.262717303373556     
   35.803296724596855       -1.5691322275879918        50.737232696626478     
   50.463735288181773      -0.76725149564074768        34.906458547909374     
   34.536244711818306       0.76722149564069619       -17.906488547909309     
   49.196663275403196        1.5691022275879383       -33.737282696626451     
   35.803296724596855        15.430867772412009       -17.262767303373515     
   50.463735288181773        16.232748504359254       -33.093541452090626     
   34.536244711818306       0.76722149564069619      -0.90648854790930722     
   49.196663275403196        1.5691022275879383       -16.737282696626451     
   35.803296724596855        15.430867772412009      -0.26276730337351650     
   50.463735288181773        16.232748504359254       -16.093541452090623     
   34.536244711818306       0.76722149564069619        16.093511452090691     
   49.196663275403196        1.5691022275879383       0.26271730337355120     
   35.803296724596855        15.430867772412009        16.737232696626485     
   50.463735288181773        16.232748504359254       0.90645854790937586     
   34.536244711818306       0.76722149564069619        33.093511452090695     
   49.196663275403196        1.5691022275879383        17.262717303373549     
   35.803296724596855        15.430867772412009        33.737232696626485     
   50.463735288181773        16.232748504359254        17.906458547909377     
   34.536244711818306       0.76722149564069619        50.093511452090695     
   49.196663275403196        1.5691022275879383        34.262717303373556     
   35.803296724596855        15.430867772412009        50.737232696626478     
   50.463735288181773        16.232748504359254        34.906458547909374     
   34.536244711818306        17.767221495640694       -17.906488547909309     
   49.196663275403196        18.569102227587937       -33.737282696626451     
   35.803296724596855        32.430867772412007       -17.262767303373515     
   50.463735288181773        33.232748504359250       -33.093541452090626     
   34.536244711818306        17.767221495640694      -0.90648854790930722     
   49.196663275403196        18.569102227587937       -16.737282696626451     
   35.803296724596855        32.430867772412007      -0.26276730337351650     
   50.463735288181773        33.232748504359250       -16.093541452090623     
   34.536244711818306        17.767221495640694        16.093511452090691     
   49.196663275403196        18.569102227587937       0.26271730337355120     
   35.803296724596855        32.430867772412007        16.737232696626485     
   50.463735288181773        33.232748504359250       0.90645854790937586     
   34.536244711818306        17.767221495640694        33.093511452090695     
   49.196663275403196        18.569102227587937        17.262717303373549     
   35.803296724596855        32.430867772412007        33.737232696626485     
   50.463735288181773        33.232748504359250        17.906458547909377     
   34.536244711818306        17.767221495640694        50.093511452090695     
   49.196663275403196        18.569102227587937        34.262717303373556     
   35.803296724596855        32.430867772412007        50.737232696626478     
   50.463735288181773        33.232748504359250        34.906458547909374     
   34.536244711818306        34.767221495640698       -17.906488547909309     
   49.196663275403196        35.569102227587940       -33.737282696626451     
   35.803296724596855        49.430867772412007       -17.262767303373515     
   50.463735288181773        50.232748504359250       -33.093541452090626     
   34.536244711818306        34.767221495640698      -0.90648854790930722     
   49.196663275403196        35.569102227587940       -16.737282696626451     
   35.803296724596855        49.430867772412007      -0.26276730337351650     
   50.463735288181773        50.232748504359250       -16.093541452090623     
   34.536244711818306        34.767221495640698        16.093511452090691     
   49.196663275403196        35.569102227587940       0.26271730337355120     
   35.803296724596855        49.430867772412007        16.737232696626485     
   50.463735288181773        50.232748504359250       0.90645854790937586     
   34.536244711818306        34.767221495640698        33.093511452090695     
   49.196663275403196        35.569102227587940        17.262717303373549     
   35.803296724596855        49.430867772412007        33.737232696626485     
   50.463735288181773        50.232748504359250        17.906458547909377     
   34.536244711818306        34.767221495640698        50.093511452090695     
   49.196663275403196        35.569102227587940        34.262717303373556     
   35.803296724596855        49.430867772412007        50.737232696626478     
   50.463735288181773        50.232748504359250        34.906458547909374     
           1           1   58.889727457341827     
           1           2   62.922512494046281     
           1           3   50.576494457961374     
           1           4   55.583346960494417     
           1           1   51.000000000000000     
           1           2   50.537071319052785     
           1           3   41.386813286002280     
           1           4   41.305552418392125     
           1           1   48.083261120685229     
           1           2   41.554164369538761     
           1           3   38.023082940296042     
           1           4   30.013144817669055     
           1           1   51.000000000000000     
           1           2   38.438282680086814     
           1           3   41.912305574841014     
           1           4   25.950511808136081     
           1           1   58.889727457341827     
           1           2   42.500053815705684     
           1           3   51.434695303005974     
           1           4   32.001082237356371     
           1           1   51.000000000000000     
           1           2   55.852542676673345     
           1           3   46.792582372278005     
           1           4   52.424577991884071     
           1           1   41.641325627314025     
           1           2   41.403617262181747     
           1           3   36.666500888149109     
           1           4   36.945589437508914     
           1           1   38.013155617496423     
           1           2   29.782755435601509     
           1           3   32.822535089399423     
           1           4   23.656220749367510     
           1           1   41.641325627314025     
           1           2   25.254019883584242     
           1           3   37.258627618433202     
           1           4   18.227917637531753     
           1           1   51.000000000000000     
           1           2   31.088880958054535     
           1           3   47.718883624025509     
           1           4   26.132301518589525     
           1           1   48.083261120685229     
           1           2   53.458118825261927     
           1           3   48.980707819269490     
           1           4   54.636657071270072     
           1           1   38.013155617496423     
           1           2   38.111985874255367     
           1           3   39.420759261978503     
           1           4   40.022549858566002     
           1           1   34.000000000000000     
           1           2   25.005528713127767     
           1           3   35.873148497240678     
           1           4   28.221351818069184     
           1           1   38.013155617496423     
           1           2   19.391479189754310     
           1           3   39.972106592213756     
           1           4   23.855500407601433     
           1           1   48.083261120685229     
           1           2   26.547739340860868     
           1           3   49.866379733579159     
           1           4   30.326969861080869     
           1           1   51.000000000000000     
           1           2   56.338569499251840     
           1           3   56.450630748352772     
           1           4   61.644076878642579     
           1           1   41.641325627314025     
           1           2   42.056954385281472     
           1           3   48.389670738713328     
           1           4   49.159255644057836     
           1           1   38.013155617496423     
           1           2   30.684530485397090     
           1           3   45.546094854721694     
           1           4   40.140660392371068     
           1           1   41.641325627314025     
           1           2   26.311469173211908     
           1           3   48.839873861728215     
           1           4   37.200978723596812     
           1           1   51.000000000000000     
           1           2   31.953816814216388     
           1           3   57.220798676213349     
           1           4   41.647965367486293     
           1           1   58.889727457341827     
           1           2   63.783213764345831     
           1           3   67.470272604289178     
           1           4   72.061224889092941     
           1           1   51.000000000000000     
           1           2   51.604760992100843     
           1           3   60.886157766862844     
           1           4   61.720825770352931     
           1           1   48.083261120685229     
           1           2   42.846287540409726     
           1           3   58.651604666245319     
           1           4   54.809675560361590     
           1           1   51.000000000000000     
           1           2   39.831612507392755     
           1           3   61.244569165271685     
           1           4   52.694788511672890     
           1           1   58.889727457341827     
           1           2   43.764258863628712     
           1           3   68.115958295791188     
           1           4   55.922991135558632     
           1           1   51.000000000000000     
           1           2   59.922423263126603     
           1           3   41.642064791394148     
           1           4   52.574167981310573     
           1           1   41.641325627314025     
           1           2   46.748794729585420     
           1           3   29.815232388912978     
           1           4   37.157547553423072     
           1           1   38.013155617496423     
           1           2   36.853803163480030     
           1           3   24.936611732934015     
           1           4   23.985902973261872     
           1           1   41.641325627314025     
           1           2   33.300988071769702     
           1           3   30.540483411912774     
           1           4   18.653786283233973     
           1           1   51.000000000000000     
           1           2   37.917130765654797     
           1           3   42.680295797329421     
           1           4   26.431116963881852     
           1           1   41.641325627314025     
           1           2   52.449602044357810     
           1           3   36.954370966110254     
           1           4   49.222668123777005     
           1           1   29.444863728670917     
           1           2   36.683971343832447     
           1           3   22.814733305807238     
           1           4   32.241452487152749     
           1           1   24.041630560342618     
           1           2   22.769865008355609     
           1           3   15.918497985969873     
           1           4   15.302008356394383     
           1           1   29.444863728670917     
           1           2   16.407917340185328     
           1           3   23.754685862868065     
           1           4   2.6060815407425002     
           1           1   41.641325627314025     
           1           2   24.453481355135750     
           1           3   38.120488228218697     
           1           4   18.905868460740809     
           1           1   38.013155617496423     
           1           2   49.892130636982316     
           1           3   39.688657156813925     
           1           4   51.572269443179671     
           1           1   24.041630560342615     
           1           2   32.923816583763895     
           1           3   27.019919119518747     
           1           4   35.725889446978911     
           1           1   17.000000000000000     
           1           2   16.022818022587142     
           1           3   21.516564584978514     
           1           4   21.702059304029067     
           1           1   24.041630560342618     
           1           2   2.7356345385596628     
           1           3   27.818142890095459     
           1           4   15.608317631744614     
           1           1   38.013155617496423     
           1           2   18.336758036037285     
           1           3   40.776655038980145     
           1           4   24.377444093900923     
           1           1   41.641325627314025     
           1           2   52.966863644961229     
           1           3   48.608162692302436     
           1           4   58.945117641890874     
           1           1   29.444863728670914     
           1           2   37.419802823204890     
           1           3   38.956899294419713     
           1           4   45.729280500289853     
           1           1   24.041630560342615     
           1           2   23.937306495743194     
           1           3   35.362784462620816     
           1           4   35.858155227674850     
           1           1   29.444863728670914     
           1           2   17.992988668222036     
           1           3   39.514719374734184     
           1           4   32.533790089533994     
           1           1   41.641325627314025     
           1           2   25.544092079351422     
           1           3   49.500500700277861     
           1           4   37.537816916380415     
           1           1   51.000000000000000     
           1           2   60.825591565311733     
           1           3   61.059949670234467     
           1           4   69.766430409709130     
           1           1   41.641325627314025     
           1           2   47.900997778895366     
           1           3   53.695474446602887     
           1           4   59.025376012107039     
           1           1   38.013155617496423     
           1           2   38.304811540553963     
           1           3   51.147732094003942     
           1           4   51.755533178863651     
           1           1   41.641325627314025     
           1           2   34.900022723502246     
           1           3   54.101543607130267     
           1           4   49.510356652788225     
           1           1   51.000000000000000     
           1           2   39.328928094274204     
           1           3   61.772676346329966     
           1           4   52.933124007034827     
           1           1   48.083261120685229     
           1           2   61.645365120884655     
           1           3   38.576434886146991     
           1           4   54.923381346412199     
           1           1   38.013155617496423     
           1           2   48.937756791978110     
           1           3   25.357993825209359     
           1           4   40.413092182871317     
           1           1   34.000000000000000     
           1           2   39.593648970187338     
           1           3   19.388511370230901     
           1           4   28.772525454660567     
           1           1   38.013155617496423     
           1           2   36.309916520394729     
           1           3   26.206886413074521     
           1           4   24.505069318345654     
           1           1   48.083261120685229     
           1           2   40.585256395169559     
           1           3   39.694929371167873     
           1           4   30.840535396694410     
           1           1   38.013155617496423     
           1           2   54.409695696386585     
           1           3   33.461997877224292     
           1           4   51.724324421106267     
           1           1   24.041630560342618     
           1           2   39.435618224100487     
           1           3   16.570812419721022     
           1           4   35.945040521297038     
           1           1   17.000000000000004     
           1           2   26.980010816540144     
           1           3   2.7346565714541606     
           1           4   22.060964152446314     
           1           1   24.041630560342622     
           1           2   21.878619302968833     
           1           3   17.842781982583727     
           1           4   16.103612656585991     
           1           1   38.013155617496423     
           1           2   28.415259660046356     
           1           3   34.745523325922584     
           1           4   24.697500720744838     
           1           1   34.000000000000000     
           1           2   51.948810676083774     
           1           3   36.459145290936100     
           1           4   53.965115168192511     
           1           1   17.000000000000000     
           1           2   35.964314668893834     
           1           3   22.003540571003683     
           1           4   39.100816569147462     
           1           1   0.0000000000000000     
           1           2   21.591316044809066     
           1           3   14.732356226144619     
           1           4   26.898216625493077     
           1           1   17.000000000000004     
           1           2   14.728812833709529     
           1           3   22.976702163022420     
           1           4   22.274520396403322     
           1           1   34.000000000000000     
           1           2   23.360028391122814     
           1           3   37.640607920203088     
           1           4   29.099732991002213     
           1           1   38.013155617496423     
           1           2   54.908495476982438     
           1           3   46.009056160236675     
           1           4   61.049664809994759     
           1           1   24.041630560342615     
           1           2   40.121015372114130     
           1           3   35.661180169338614     
           1           4   48.411793755969711     
           1           1   16.999999999999996     
           1           2   27.972287597424621     
           1           3   31.695524816356119     
           1           4   39.221702868799348     
           1           1   24.041630560342615     
           1           2   23.091164378970856     
           1           3   36.269723126851460     
           1           4   36.207487860748060     
           1           1   38.013155617496423     
           1           2   29.359067957281443     
           1           3   46.950818289063719     
           1           4   40.763002569046037     
           1           1   48.083261120685229     
           1           2   62.523650088842444     
           1           3   59.011839677864955     
           1           4   71.553403075668896     
           1           1   38.013155617496423     
           1           2   50.039582525992607     
           1           3   51.354490986478041     
           1           4   61.127160027004187     
           1           1   34.000000000000000     
           1           2   40.947683918864591     
           1           3   48.684394489348136     
           1           4   54.140279776011624     
           1           1   38.013155617496423     
           1           2   37.781818607140380     
           1           3   51.778922247461736     
           1           4   51.998173962963818     
           1           1   48.083261120685229     
           1           2   41.907264480117007     
           1           3   59.749002597724626     
           1           4   55.267081492878596     
           1           1   51.000000000000000     
           1           2   67.731863048708973     
           1           3   42.664049233044082     
           1           4   62.025095712298402     
           1           1   41.641325627314025     
           1           2   56.412394657492477     
           1           3   31.226713232004208     
           1           4   49.636203514950786     
           1           1   38.013155617496423     
           1           2   48.529488663453925     
           1           3   26.608159304770478     
           1           4   40.723370447882232     
           1           1   41.641325627314025     
           1           2   45.889696761690637     
           1           3   31.919910148718476     
           1           4   37.828998161374606     
           1           1   51.000000000000000     
           1           2   49.341840944816170     
           1           3   43.677994301667248     
           1           4   42.209872105363203     
           1           1   41.641325627314025     
           1           2   61.219843326614907     
           1           3   38.102297442146899     
           1           4   59.210982228098601     
           1           1   29.444863728670917     
           1           2   48.400642721754146     
           1           3   24.630704266911476     
           1           4   46.071472927116659     
           1           1   24.041630560342618     
           1           2   38.927820576324450     
           1           3   18.427102729356783     
           1           4   36.293536875480719     
           1           1   29.444863728670917     
           1           2   35.582695425812339     
           1           3   25.503816132345474     
           1           4   33.013043182804495     
           1           1   41.641325627314025     
           1           2   39.935963901097267     
           1           3   39.234310999770358     
           1           4   37.953935519884489     
           1           1   38.013155617496423     
           1           2   59.043485346153822     
           1           3   40.759649701390451     
           1           4   61.178168775410725     
           1           1   24.041630560342615     
           1           2   45.616731149492708     
           1           3   28.569836648015258     
           1           4   48.573743277314698     
           1           1   17.000000000000000     
           1           2   35.406767145684391     
           1           3   23.433354186042013     
           1           4   39.421424850305826     
           1           1   24.041630560342618     
           1           2   31.692146640016869     
           1           3   29.325903408466548     
           1           4   36.423741412520286     
           1           1   38.013155617496423     
           1           2   36.512260373687496     
           1           3   41.819793555646896     
           1           4   40.955208945187671     
           1           1   41.641325627314025     
           1           2   61.663580067230022     
           1           3   49.486493280392004     
           1           4   67.509971507985910     
           1           1   29.444863728670914     
           1           2   48.960699603368660     
           1           3   40.047466080945746     
           1           4   56.340362567762241     
           1           1   24.041630560342615     
           1           2   39.622002783742786     
           1           3   36.560717468598959     
           1           4   48.671106988897840     
           1           1   29.444863728670914     
           1           2   36.340832455222305     
           1           3   40.590301601896655     
           1           4   46.276525980053599     
           1           1   41.641325627314025     
           1           2   40.612917926223375     
           1           3   50.363271403346609     
           1           4   49.921508971989326     
           1           1   51.000000000000000     
           1           2   68.532189893464619     
           1           3   61.761452303200478     
           1           4   77.138992547903428     
           1           1   41.641325627314025     
           1           2   57.370846695316523     
           1           3   54.491866484042596     
           1           4   67.580058986089497     
           1           1   38.013155617496423     
           1           2   49.640377209295337     
           1           3   51.983170692339861     
           1           4   61.332736559044641     
           1           1   41.641325627314025     
           1           2   47.062937099428304     
           1           3   54.892044574265576     
           1           4   59.450355550484360     
           1           1   51.000000000000000     
           1           2   50.434839618743332     
           1           3   62.466175486077063     
           1           4   62.329647651313110     
           1           1   58.889727457341827     
           1           2   77.156072367707750     
           1           3   52.252280958768488     
           1           4   72.495842485732481     
           1           1   50.999999999999993     
           1           2   67.437471053966519     
           1           3   43.418744658364972     
           1           4   62.227705879085484     
           1           1   48.083261120685229     
           1           2   60.996438429618081     
           1           3   40.225289433669886     
           1           4   55.379848142007440     
           1           1   50.999999999999993     
           1           2   58.917896262865717     
           1           3   43.919932062068710     
           1           4   53.287595005682519     
           1           1   58.889727457341827     
           1           2   61.644719960313097     
           1           3   53.083396223781186     
           1           4   56.481926160033495     
           1           1   50.999999999999993     
           1           2   71.507506236039035     
           1           3   48.599020965491718     
           1           4   70.103317296776808     
           1           1   41.641325627314025     
           1           2   60.893977099880566     
           1           3   38.945492179692906     
           1           4   59.423188211929535     
           1           1   38.013155617496416     
           1           2   53.673358810348319     
           1           3   35.350217586780687     
           1           4   52.208768406544856     
           1           1   41.641325627314025     
           1           2   51.298951694240422     
           1           3   39.503473337757974     
           1           4   49.983954423255383     
           1           1   50.999999999999993     
           1           2   54.408964738098355     
           1           3   49.491523800153615     
           1           4   53.376360882359776     
           1           1   48.083261120685229     
           1           2   69.653337270969061     
           1           3   50.709257657892501     
           1           4   71.772578428735557     
           1           1   38.013155617496416     
           1           2   58.705539703906858     
           1           3   41.548951064121297     
           1           4   61.383574476946450     
           1           1   33.999999999999993     
           1           2   51.177078764527010     
           1           3   38.199500740755276     
           1           4   54.429618929629363     
           1           1   38.013155617496416     
           1           2   48.681068084155861     
           1           3   42.072418270847947     
           1           4   52.299365369787253     
           1           1   48.083261120685229     
           1           2   51.948045090819697     
           1           3   51.565248971292633     
           1           4   55.550551926514089     
           1           1   50.999999999999993     
           1           2   71.887769042233970     
           1           3   57.956818284173892     
           1           4   77.240733635857097     
           1           1   41.641325627314025     
           1           2   61.340071216238336     
           1           3   50.138600977081225     
           1           4   67.696167793038796     
           1           1   38.013155617496416     
           1           2   54.178938119501822     
           1           3   47.400061500521154     
           1           4   61.460648671496287     
           1           1   41.641325627314025     
           1           2   51.827698527914833     
           1           3   50.573237513208554     
           1           4   59.582308921180065     
           1           1   50.999999999999993     
           1           2   54.907771158953835     
           1           3   58.707230175521147     
           1           4   62.455518071958771     
           1           1   58.889727457341827     
           1           2   77.859586967539073     
           1           3   68.735411245114236     
           1           4   85.784374165123211     
           1           1   50.999999999999993     
           1           2   68.241250587158774     
           1           3   62.285177059627877     
           1           4   77.301999017875943     
           1           1   48.083261120685229     
           1           2   61.883933946081790     
           1           3   60.102660537312424     
           1           4   71.904375759876601     
           1           1   50.999999999999993     
           1           2   59.836228821564539     
           1           3   62.635583544640411     
           1           4   70.305614673903278     
           1           1   58.889727457341827     
           1           2   62.523013991091702     
           1           3   69.369322097681220     
           1           4   72.756578093896081     
           2           1   62.523013991091702     
           2           2   58.889727457341827     
           2           3   54.395057594344472     
           2           4   50.576468323598107     
           2           1   59.836228821564539     
           2           2   51.000000000000000     
           2           3   51.497143746645328     
           2           4   41.386789563846833     
           2           1   61.883933946081790     
           2           2   48.083261120685229     
           2           3   54.065602164715152     
           2           4   38.023066061489033     
           2           1   68.241250587158774     
           2           2   51.000000000000000     
           2           3   61.418424440910655     
           2           4   41.912298374469721     
           2           1   77.859586967539073     
           2           2   58.889727457341834     
           2           3   72.106562698373381     
           2           4   51.434696046003765     
           2           1   54.907771158953835     
           2           2   51.000000000000000     
           2           3   50.627288286220413     
           2           4   46.792554124541525     
           2           1   51.827698527914833     
           2           2   41.641325627314025     
           2           3   47.500061500872505     
           2           4   36.666474112087272     
           2           1   54.178938119501822     
           2           2   38.013155617496423     
           2           3   50.273147563657382     
           2           4   32.822515536237987     
           2           1   61.340071216238336     
           2           2   41.641325627314025     
           2           3   58.107855659350136     
           2           4   37.258619518720792     
           2           1   71.887769042233970     
           2           2   51.000000000000007     
           2           3   69.308415165104364     
           2           4   47.718884424879633     
           2           1   51.948045090819697     
           2           2   48.083261120685229     
           2           3   52.396778028234607     
           2           4   48.980680833450776     
           2           1   48.681068084155861     
           2           2   38.013155617496423     
           2           3   49.381736209966213     
           2           4   39.420734356713737     
           2           1   51.177078764527010     
           2           2   34.000000000000000     
           2           3   52.054676970290465     
           2           4   35.873130606859625     
           2           1   58.705539703906858     
           2           2   38.013155617496423     
           2           3   59.655870774399794     
           2           4   39.972099042344858     
           2           1   69.653337270969061     
           2           2   48.083261120685236     
           2           3   70.611305335778113     
           2           4   49.866380499944491     
           2           1   54.408964738098355     
           2           2   51.000000000000000     
           2           3   59.209140985696692     
           2           4   56.450607333478686     
           2           1   51.298951694240422     
           2           2   41.641325627314025     
           2           3   56.558429076793736     
           2           4   48.389650449582867     
           2           1   53.673358810348319     
           2           2   38.013155617496423     
           2           3   58.906616122514684     
           2           4   45.546080763848757     
           2           1   60.893977099880566     
           2           2   41.641325627314025     
           2           3   65.720034588973746     
           2           4   48.839867682675511     
           2           1   71.507506236039035     
           2           2   51.000000000000007     
           2           3   75.804066314060663     
           2           4   57.220799344080028     
           2           1   61.644719960313097     
           2           2   58.889727457341827     
           2           3   69.599011521631013     
           2           4   67.470253013671311     
           2           1   58.917896262865717     
           2           2   51.000000000000000     
           2           3   67.358413937374777     
           2           4   60.886141641945414     
           2           1   60.996438429618081     
           2           2   48.083261120685229     
           2           3   69.341830459898631     
           2           4   58.651593723932663     
           2           1   67.437471053966519     
           2           2   51.000000000000000     
           2           3   75.215842579206182     
           2           4   61.244564237746651     
           2           1   77.156072367707750     
           2           2   58.889727457341834     
           2           3   84.169807521881168     
           2           4   68.115958856832464     
           2           1   50.434839618743332     
           2           2   51.000000000000000     
           2           3   40.453032370449520     
           2           4   41.642041214647428     
           2           1   47.062937099428304     
           2           2   41.641325627314025     
           2           3   36.463424843742210     
           2           4   29.815210863527582     
           2           1   49.640377209295337     
           2           2   38.013155617496423     
           2           3   40.008934935909458     
           2           4   24.936599630880536     
           2           1   57.370846695316523     
           2           2   41.641325627314025     
           2           3   49.495943248678842     
           2           4   30.540484663231023     
           2           1   68.532189893464619     
           2           2   51.000000000000007     
           2           3   62.265415131090514     
           2           4   42.680304658932172     
           2           1   40.612917926223375     
           2           2   41.641325627314025     
           2           3   35.224250971293273     
           2           4   36.954344398630859     
           2           1   36.340832455222305     
           2           2   29.444863728670917     
           2           3   30.559472833464504     
           2           4   22.814705175540578     
           2           1   39.622002783742786     
           2           2   24.041630560342615     
           2           3   34.713324577600673     
           2           4   15.918479027880020     
           2           1   48.960699603368660     
           2           2   29.444863728670914     
           2           3   45.322714245733941     
           2           4   23.754687471639659     
           2           1   61.663580067230022     
           2           2   41.641325627314032     
           2           3   59.002389358152726     
           2           4   38.120498149807695     
           2           1   36.512260373687489     
           2           2   38.013155617496423     
           2           3   37.723306920426182     
           2           4   39.688632419659470     
           2           1   31.692146640016865     
           2           2   24.041630560342618     
           2           3   33.409301225605923     
           2           4   27.019895367248608     
           2           1   35.406767145684384     
           2           2   17.000000000000000     
           2           3   37.246676788055510     
           2           4   21.516550559308541     
           2           1   45.616731149492708     
           2           2   24.041630560342615     
           2           3   47.291103340104819     
           2           4   27.818144263870277     
           2           1   59.043485346153822     
           2           2   38.013155617496430     
           2           3   60.527530748371625     
           2           4   40.776664314282954     
           2           1   39.935963901097260     
           2           2   41.641325627314025     
           2           3   46.726308580249437     
           2           4   48.608142494370931     
           2           1   35.582695425812332     
           2           2   29.444863728670917     
           2           3   43.318372971607459     
           2           4   38.956882820206332     
           2           1   38.927820576324443     
           2           2   24.041630560342615     
           2           3   46.342366796246949     
           2           4   35.362775928672583     
           2           1   48.400642721754139     
           2           2   29.444863728670914     
           2           3   54.742565555959210     
           2           4   39.514720341864034     
           2           1   61.219843326614900     
           2           2   41.641325627314032     
           2           3   66.512269597564412     
           2           4   49.500508340924554     
           2           1   49.341840944816170     
           2           2   51.000000000000000     
           2           3   59.343474300555663     
           2           4   61.059933591212605     
           2           1   45.889696761690637     
           2           2   41.641325627314025     
           2           3   56.699042896959995     
           2           4   53.695462494306831     
           2           1   48.529488663453925     
           2           2   38.013155617496423     
           2           3   59.041637755078490     
           2           4   51.147726193758899     
           2           1   56.412394657492477     
           2           2   41.641325627314025     
           2           3   65.841085290056611     
           2           4   54.101544313503176     
           2           1   67.731863048708973     
           2           2   51.000000000000007     
           2           3   75.909037904212099     
           2           4   61.772682469034528     
           2           1   41.907264480117007     
           2           2   48.083261120685229     
           2           3   29.867597245798354     
           2           4   38.576418249454768     
           2           1   37.781818607140380     
           2           2   38.013155617496423     
           2           3   24.191049762418768     
           2           4   25.357981924259764     
           2           1   40.947683918864591     
           2           2   34.000000000000000     
           2           3   29.263294619342179     
           2           4   19.388513341288007     
           2           1   50.039582525992607     
           2           2   38.013155617496423     
           2           3   41.297384122351147     
           2           4   26.206900844997318     
           2           1   62.523650088842444     
           2           2   48.083261120685236     
           2           3   55.969701256301342     
           2           4   39.694947464554467     
           2           1   29.359067957281443     
           2           2   38.013155617496423     
           2           3   22.279438811631675     
           2           4   33.461978697726344     
           2           1   23.091164378970863     
           2           2   24.041630560342618     
           2           3   13.766151137185714     
           2           4   16.570794207922255     
           2           1   27.972287597424629     
           2           2   17.000000000000000     
           2           3   21.462535742601322     
           2           4   2.7346705460672660     
           2           1   40.121015372114137     
           2           2   24.041630560342615     
           2           3   36.190799436777283     
           2           4   17.842803179706543     
           2           1   54.908495476982445     
           2           2   38.013155617496430     
           2           3   52.315461263795029     
           2           4   34.745543996661844     
           2           1   23.360028391122814     
           2           2   34.000000000000000     
           2           3   26.051361236704278     
           2           4   36.459127688101873     
           2           1   14.728812833709529     
           2           2   17.000000000000004     
           2           3   19.282296171770049     
           2           4   22.003526855745978     
           2           1   21.591316044809066     
           2           2   0.0000000000000000     
           2           3   25.356270802830167     
           2           4   14.732358820153429     
           2           1   35.964314668893834     
           2           2   16.999999999999996     
           2           3   38.627373615055134     
           2           4   22.976718623858599     
           2           1   51.948810676083774     
           2           2   34.000000000000007     
           2           3   54.029691057488535     
           2           4   37.640627001076759     
           2           1   28.415259660046353     
           2           2   38.013155617496423     
           2           3   37.933803537336942     
           2           4   46.009042211151723     
           2           1   21.878619302968829     
           2           2   24.041630560342618     
           2           3   33.646797383701710     
           2           4   35.661171706798406     
           2           1   26.980010816540140     
           2           2   17.000000000000000     
           2           3   37.459851808976445     
           2           4   31.695526022074112     
           2           1   39.435618224100487     
           2           2   24.041630560342615     
           2           3   47.459182682817833     
           2           4   36.269733554717426     
           2           1   54.409695696386585     
           2           2   38.013155617496430     
           2           3   60.658944470635781     
           2           4   46.950833586257154     
           2           1   40.585256395169552     
           2           2   48.083261120685229     
           2           3   52.699843257198545     
           2           4   59.011828802349157     
           2           1   36.309916520394729     
           2           2   38.013155617496423     
           2           3   49.703189059696101     
           2           4   51.354485109988040     
           2           1   39.593648970187338     
           2           2   34.000000000000000     
           2           3   52.359722364375600     
           2           4   48.684395274319691     
           2           1   48.937756791978110     
           2           2   38.013155617496423     
           2           3   59.922233348274780     
           2           4   51.778929551898031     
           2           1   61.645365120884655     
           2           2   48.083261120685236     
           2           3   70.836484757614087     
           2           4   59.749014618273307     
           2           1   39.328928094274197     
           2           2   51.000000000000000     
           2           3   26.938799203190293     
           2           4   42.664042159543889     
           2           1   34.900022723502246     
           2           2   41.641325627314025     
           2           3   20.465395815385680     
           2           4   31.226714455823824     
           2           1   38.304811540553963     
           2           2   38.013155617496423     
           2           3   26.267202920200798     
           2           4   26.608173519048140     
           2           1   47.900997778895366     
           2           2   41.641325627314025     
           2           3   39.231358281629831     
           2           4   31.919932649270940     
           2           1   60.825591565311733     
           2           2   51.000000000000007     
           2           3   54.463134283588602     
           2           4   43.678018529326749     
           2           1   25.544092079351422     
           2           2   41.641325627314025     
           2           3   18.165872702235486     
           2           4   38.102289521780229     
           2           1   17.992988668222043     
           2           2   29.444863728670917     
           2           3   4.8096210250313991     
           2           4   24.630705818465323     
           2           1   23.937306495743201     
           2           2   24.041630560342618     
           2           3   17.154182515498189     
           2           4   18.427123254322677     
           2           1   37.419802823204890     
           2           2   29.444863728670914     
           2           3   33.814190824942472     
           2           4   25.503844293443635     
           2           1   52.966863644961229     
           2           2   41.641325627314032     
           2           3   50.700424303118247     
           2           4   39.234337971456021     
           2           1   18.336758036037281     
           2           2   38.013155617496423     
           2           3   22.634022169244307     
           2           4   40.759642297397413     
           2           1   2.7356345385596654     
           2           2   24.041630560342622     
           2           3   14.332916065073515     
           2           4   28.569837985645041     
           2           1   16.022818022587142     
           2           2   17.000000000000004     
           2           3   21.830391803608158     
           2           4   23.433370326101713     
           2           1   32.923816583763895     
           2           2   24.041630560342615     
           2           3   36.410156957498025     
           2           4   29.325927899291479     
           2           1   49.892130636982316     
           2           2   38.013155617496430     
           2           3   52.467447555986951     
           2           4   41.819818859826022     
           2           1   24.453481355135747     
           2           2   41.641325627314025     
           2           3   35.673505407821381     
           2           4   49.486487182078427     
           2           1   16.407917340185328     
           2           2   29.444863728670917     
           2           3   31.076237086437299     
           2           4   40.047467035209991     
           2           1   22.769865008355609     
           2           2   24.041630560342618     
           2           3   35.169106255676454     
           2           4   36.560727813467402     
           2           1   36.683971343832447     
           2           2   29.444863728670914     
           2           3   45.672744150025196     
           2           4   40.590319296165518     
           2           1   52.449602044357810     
           2           2   41.641325627314032     
           2           3   59.271688701809900     
           2           4   50.363292415000878     
           2           1   37.917130765654797     
           2           2   51.000000000000000     
           2           3   51.096957019042527     
           2           4   61.761447416914031     
           2           1   33.300988071769702     
           2           2   41.641325627314025     
           2           3   48.000338956891532     
           2           4   54.491867185355794     
           2           1   36.853803163480030     
           2           2   38.013155617496423     
           2           3   50.746094069859986     
           2           4   51.983177968076106     
           2           1   46.748794729585420     
           2           2   41.641325627314025     
           2           3   58.517515213119559     
           2           4   54.892057658416228     
           2           1   59.922423263126603     
           2           2   51.000000000000007     
           2           3   69.652229756758516     
           2           4   62.466192426696772     
           2           1   43.764258863628712     
           2           2   58.889727457341827     
           2           3   33.724241129822190     
           2           4   52.252281690140677     
           2           1   39.831612507392755     
           2           2   51.000000000000000     
           2           3   28.817667552267135     
           2           4   43.418753369253118     
           2           1   42.846287540409726     
           2           2   48.083261120685229     
           2           3   33.190231793761093     
           2           4   40.225307288499941     
           2           1   51.604760992100836     
           2           2   51.000000000000000     
           2           3   44.167012689270592     
           2           4   43.919956156267560     
           2           1   63.783213764345831     
           2           2   58.889727457341834     
           2           3   58.119347323114262     
           2           4   53.083422563759797     
           2           1   31.953816814216385     
           2           2   51.000000000000000     
           2           3   27.232782970280670     
           2           4   48.599021751842244     
           2           1   26.311469173211908     
           2           2   41.641325627314025     
           2           3   20.850851101981632     
           2           4   38.945501891107440     
           2           1   30.684530485397090     
           2           2   38.013155617496423     
           2           3   26.568618990222436     
           2           4   35.350237903930314     
           2           1   42.056954385281472     
           2           2   41.641325627314025     
           2           3   39.433805781565241     
           2           4   39.503500125668481     
           2           1   56.338569499251840     
           2           2   51.000000000000007     
           2           3   54.609143573112441     
           2           4   49.491552051768466     
           2           1   26.547739340860865     
           2           2   48.083261120685229     
           2           3   30.396126345809712     
           2           4   50.709258411519485     
           2           1   19.391479189754307     
           2           2   38.013155617496423     
           2           3   24.840652571964107     
           2           4   41.548960167018357     
           2           1   25.005528713127767     
           2           2   34.000000000000000     
           2           3   29.802542568908894     
           2           4   38.199519542458859     
           2           1   38.111985874255360     
           2           2   38.013155617496423     
           2           3   41.681231590995807     
           2           4   42.072443423087684     
           2           1   53.458118825261927     
           2           2   48.083261120685236     
           2           3   56.253520692600439     
           2           4   51.565276086753691     
           2           1   31.088880958054528     
           2           2   51.000000000000000     
           2           3   41.039304640240260     
           2           4   57.956818943559043     
           2           1   25.254019883584238     
           2           2   41.641325627314025     
           2           3   37.112774737616228     
           2           4   50.138608520487509     
           2           1   29.782755435601505     
           2           2   38.013155617496423     
           2           3   40.601620313672761     
           2           4   47.400076652732544     
           2           1   41.403617262181740     
           2           2   41.641325627314025     
           2           3   49.976245311810338     
           2           4   50.573258437628269     
           2           1   55.852542676673345     
           2           2   51.000000000000007     
           2           3   62.647893969684603     
           2           4   58.707253992273877     
           2           1   42.500053815705677     
           2           2   58.889727457341827     
           2           3   54.977491338532936     
           2           4   68.735411801099360     
           2           1   38.438282680086807     
           2           2   51.000000000000000     
           2           3   52.111976332212379     
           2           4   62.285183131953040     
           2           1   41.554164369538761     
           2           2   48.083261120685229     
           2           3   54.651547101794506     
           2           4   60.102672487129432     
           2           1   50.537071319052785     
           2           2   51.000000000000000     
           2           3   61.934845797743478     
           2           4   62.635600439441497     
           2           1   62.922512494046281     
           2           2   58.889727457341834     
           2           3   72.546940992442003     
           2           4   69.369342253790919     
           3           1   69.369322097681234     
           3           2   72.546940992442003     
           3           3   58.889727457341827     
           3           4   62.922490508157594     
           3           1   62.635583544640411     
           3           2   61.934845797743478     
           3           3   51.000000000000000     
           3           4   50.537050672677772     
           3           1   60.102660537312424     
           3           2   54.651547101794506     
           3           3   48.083261120685229     
           3           4   41.554147442059488     
           3           1   62.285177059627877     
           3           2   52.111976332212379     
           3           3   51.000000000000000     
           3           4   38.438273225784187     
           3           1   68.735411245114250     
           3           2   54.977491338532936     
           3           3   58.889727457341827     
           3           4   42.500053264950807     
           3           1   58.707230175521161     
           3           2   62.647893969684610     
           3           3   51.000000000000000     
           3           4   55.852517907748691     
           3           1   50.573237513208554     
           3           2   49.976245311810345     
           3           3   41.641325627314025     
           3           4   41.403592061305588     
           3           1   47.400061500521154     
           3           2   40.601620313672768     
           3           3   38.013155617496423     
           3           4   29.782731817659460     
           3           1   50.138600977081225     
           3           2   37.112774737616235     
           3           3   41.641325627314025     
           3           4   25.254005493510203     
           3           1   57.956818284173899     
           3           2   41.039304640240267     
           3           3   50.999999999999993     
           3           4   31.088880205145081     
           3           1   51.565248971292647     
           3           2   56.253520692600446     
           3           3   48.083261120685229     
           3           4   53.458092946920537     
           3           1   42.072418270847947     
           3           2   41.681231590995807     
           3           3   38.013155617496423     
           3           4   38.111958496844707     
           3           1   38.199500740755276     
           3           2   29.802542568908894     
           3           3   34.000000000000000     
           3           4   25.005500583048352     
           3           1   41.548951064121297     
           3           2   24.840652571964107     
           3           3   38.013155617496423     
           3           4   19.391460449188706     
           3           1   50.709257657892501     
           3           2   30.396126345809716     
           3           3   48.083261120685229     
           3           4   26.547738459161980     
           3           1   49.491523800153630     
           3           2   54.609143573112441     
           3           3   51.000000000000000     
           3           4   56.338544944006152     
           3           1   39.503473337757974     
           3           2   39.433805781565241     
           3           3   41.641325627314025     
           3           4   42.056929575890578     
           3           1   35.350217586780687     
           3           2   26.568618990222436     
           3           3   38.013155617496423     
           3           4   30.684507561553566     
           3           1   38.945492179692906     
           3           2   20.850851101981632     
           3           3   41.641325627314025     
           3           4   26.311455361470529     
           3           1   48.599020965491732     
           3           2   27.232782970280670     
           3           3   50.999999999999993     
           3           4   31.953816081686931     
           3           1   53.083396223781200     
           3           2   58.119347323114269     
           3           3   58.889727457341827     
           3           4   63.783192075138480     
           3           1   43.919932062068710     
           3           2   44.167012689270599     
           3           3   51.000000000000000     
           3           4   51.604740772894367     
           3           1   40.225289433669886     
           3           2   33.190231793761100     
           3           3   48.083261120685229     
           3           4   42.846271123415676     
           3           1   43.418744658364979     
           3           2   28.817667552267139     
           3           3   51.000000000000000     
           3           4   39.831603383806460     
           3           1   52.252280958768488     
           3           2   33.724241129822190     
           3           3   58.889727457341827     
           3           4   43.764258328783328     
           3           1   62.466175486077070     
           3           2   69.652229756758530     
           3           3   51.000000000000000     
           3           4   59.922405850491934     
           3           1   54.892044574265576     
           3           2   58.517515213119559     
           3           3   41.641325627314025     
           3           4   46.748779683053634     
           3           1   51.983170692339861     
           3           2   50.746094069859986     
           3           3   38.013155617496423     
           3           4   36.853793302702321     
           3           1   54.491866484042596     
           3           2   48.000338956891532     
           3           3   41.641325627314025     
           3           4   33.300987368874281     
           3           1   61.761452303200478     
           3           2   51.096957019042527     
           3           3   50.999999999999993     
           3           4   37.917139115254237     
           3           1   50.363271403346623     
           3           2   59.271688701809907     
           3           3   41.641325627314025     
           3           4   52.449582150835823     
           3           1   40.590301601896662     
           3           2   45.672744150025196     
           3           3   29.444863728670914     
           3           4   36.683952169046542     
           3           1   36.560717468598966     
           3           2   35.169106255676454     
           3           3   24.041630560342615     
           3           4   22.769849048347080     
           3           1   40.047466080945753     
           3           2   31.076237086437299     
           3           3   29.444863728670914     
           3           4   16.407915913611053     
           3           1   49.486493280392011     
           3           2   35.673505407821381     
           3           3   41.641325627314025     
           3           4   24.453494301873281     
           3           1   41.819793555646910     
           3           2   52.467447555986958     
           3           3   38.013155617496423     
           3           4   49.892109723717660     
           3           1   29.325903408466544     
           3           2   36.410156957498025     
           3           3   24.041630560342615     
           3           4   32.923795219067628     
           3           1   23.433354186042010     
           3           2   21.830391803608155     
           3           3   17.000000000000000     
           3           4   16.022795341971975     
           3           1   28.569836648015258     
           3           2   14.332916065073515     
           3           3   24.041630560342615     
           3           4   2.7356259821724631     
           3           1   40.759649701390451     
           3           2   22.634022169244311     
           3           3   38.013155617496416     
           3           4   18.336775301506947     
           3           1   39.234310999770372     
           3           2   50.700424303118247     
           3           3   41.641325627314025     
           3           4   52.966843945714650     
           3           1   25.503816132345467     
           3           2   33.814190824942472     
           3           3   29.444863728670914     
           3           4   37.419784025476510     
           3           1   18.427102729356772     
           3           2   17.154182515498189     
           3           3   24.041630560342615     
           3           4   23.937291314117502     
           3           1   24.630704266911469     
           3           2   4.8096210250313947     
           3           3   29.444863728670914     
           3           4   17.992987367320175     
           3           1   38.102297442146899     
           3           2   18.165872702235486     
           3           3   41.641325627314025     
           3           4   25.544104473325376     
           3           1   43.677994301667262     
           3           2   54.463134283588616     
           3           3   51.000000000000000     
           3           4   60.825574411228494     
           3           1   31.919910148718468     
           3           2   39.231358281629831     
           3           3   41.641325627314025     
           3           4   47.900983094290595     
           3           1   26.608159304770471     
           3           2   26.267202920200798     
           3           3   38.013155617496423     
           3           4   38.304802053308293     
           3           1   31.226713232004204     
           3           2   20.465395815385683     
           3           3   41.641325627314025     
           3           4   34.900022052811792     
           3           1   42.664049233044082     
           3           2   26.938799203190296     
           3           3   50.999999999999993     
           3           4   39.328936144146688     
           3           1   59.749002597724633     
           3           2   70.836484757614087     
           3           3   48.083261120685229     
           3           4   61.645353710340224     
           3           1   51.778922247461736     
           3           2   59.922233348274780     
           3           3   38.013155617496423     
           3           4   48.937749366072971     
           3           1   48.684394489348136     
           3           2   52.359722364375600     
           3           3   34.000000000000000     
           3           4   39.593648379003838     
           3           1   51.354490986478041     
           3           2   49.703189059696101     
           3           3   38.013155617496423     
           3           4   36.309925239578938     
           3           1   59.011839677864955     
           3           2   52.699843257198545     
           3           3   48.083261120685229     
           3           4   40.585272573279951     
           3           1   46.950818289063733     
           3           2   60.658944470635788     
           3           3   38.013155617496423     
           3           4   54.409682768411386     
           3           1   36.269723126851467     
           3           2   47.459182682817840     
           3           3   24.041630560342615     
           3           4   39.435609008899327     
           3           1   31.695524816356127     
           3           2   37.459851808976453     
           3           3   17.000000000000000     
           3           4   26.980009948967769     
           3           1   35.661180169338621     
           3           2   33.646797383701717     
           3           3   24.041630560342615     
           3           4   21.878633773387634     
           3           1   46.009056160236682     
           3           2   37.933803537336949     
           3           3   38.013155617496416     
           3           4   28.415282767089195     
           3           1   37.640607920203102     
           3           2   54.029691057488542     
           3           3   34.000000000000000     
           3           4   51.948797135692850     
           3           1   22.976702163022420     
           3           2   38.627373615055134     
           3           3   17.000000000000000     
           3           4   35.964304564234070     
           3           1   14.732356226144619     
           3           2   25.356270802830167     
           3           3   0.0000000000000000     
           3           4   21.591314960710616     
           3           1   22.003540571003686     
           3           2   19.282296171770049     
           3           3   17.000000000000000     
           3           4   14.728834328494033     
           3           1   36.459145290936107     
           3           2   26.051361236704278     
           3           3   33.999999999999993     
           3           4   23.360056498644056     
           3           1   34.745523325922605     
           3           2   52.315461263795036     
           3           3   38.013155617496423     
           3           4   54.908482666447590     
           3           1   17.842781982583727     
           3           2   36.190799436777283     
           3           3   24.041630560342615     
           3           4   40.121006314338558     
           3           1   2.7346565714541580     
           3           2   21.462535742601322     
           3           3   17.000000000000000     
           3           4   27.972286760628140     
           3           1   16.570812419721026     
           3           2   13.766151137185714     
           3           3   24.041630560342615     
           3           4   23.091178089530871     
           3           1   33.461997877224299     
           3           2   22.279438811631678     
           3           3   38.013155617496416     
           3           4   29.359090321500915     
           3           1   39.694929371167888     
           3           2   55.969701256301349     
           3           3   48.083261120685229     
           3           4   62.523638838584738     
           3           1   26.206886413074521     
           3           2   41.297384122351147     
           3           3   38.013155617496423     
           3           4   50.039575263599112     
           3           1   19.388511370230901     
           3           2   29.263294619342179     
           3           3   34.000000000000000     
           3           4   40.947683347230019     
           3           1   25.357993825209359     
           3           2   24.191049762418771     
           3           3   38.013155617496423     
           3           4   37.781826986643154     
           3           1   38.576434886146998     
           3           2   29.867597245798358     
           3           3   48.083261120685229     
           3           4   41.907280147872342     
           3           1   61.772676346329980     
           3           2   75.909037904212099     
           3           3   51.000000000000000     
           3           4   67.731857683329821     
           3           1   54.101543607130267     
           3           2   65.841085290056611     
           3           3   41.641325627314025     
           3           4   56.412394242563948     
           3           1   51.147732094003942     
           3           2   59.041637755078490     
           3           3   38.013155617496423     
           3           4   48.529495187175399     
           3           1   53.695474446602887     
           3           2   56.699042896959995     
           3           3   41.641325627314025     
           3           4   45.889711069756132     
           3           1   61.059949670234474     
           3           2   59.343474300555663     
           3           3   50.999999999999993     
           3           4   49.341861142536125     
           3           1   49.500500700277883     
           3           2   66.512269597564412     
           3           3   41.641325627314025     
           3           4   61.219837390514606     
           3           1   39.514719374734192     
           3           2   54.742565555959210     
           3           3   29.444863728670917     
           3           4   48.400642238142552     
           3           1   35.362784462620823     
           3           2   46.342366796246949     
           3           3   24.041630560342618     
           3           4   38.927828709141835     
           3           1   38.956899294419721     
           3           2   43.318372971607467     
           3           3   29.444863728670917     
           3           4   35.582713878397541     
           3           1   48.608162692302443     
           3           2   46.726308580249437     
           3           3   41.641325627314025     
           3           4   39.935988855861872     
           3           1   40.776655038980159     
           3           2   60.527530748371625     
           3           3   38.013155617496423     
           3           4   59.043479191247336     
           3           1   27.818142890095462     
           3           2   47.291103340104819     
           3           3   24.041630560342618     
           3           4   45.616730636367123     
           3           1   21.516564584978514     
           3           2   37.246676788055510     
           3           3   17.000000000000004     
           3           4   35.406776087275908     
           3           1   27.019919119518747     
           3           2   33.409301225605923     
           3           3   24.041630560342618     
           3           4   31.692167357852185     
           3           1   39.688657156813932     
           3           2   37.723306920426182     
           3           3   38.013155617496416     
           3           4   36.512287668423760     
           3           1   38.120488228218711     
           3           2   59.002389358152726     
           3           3   41.641325627314025     
           3           4   61.663574173846449     
           3           1   23.754685862868069     
           3           2   45.322714245733948     
           3           3   29.444863728670917     
           3           4   48.960699125289068     
           3           1   15.918497985969875     
           3           2   34.713324577600673     
           3           3   24.041630560342618     
           3           4   39.622010774072272     
           3           1   22.814733305807238     
           3           2   30.559472833464508     
           3           3   29.444863728670917     
           3           4   36.340850522852620     
           3           1   36.954370966110261     
           3           2   35.224250971293280     
           3           3   41.641325627314025     
           3           4   40.612942465031217     
           3           1   42.680295797329435     
           3           2   62.265415131090521     
           3           3   51.000000000000000     
           3           4   68.532184590742972     
           3           1   30.540483411912774     
           3           2   49.495943248678842     
           3           3   41.641325627314025     
           3           4   57.370846287319900     
           3           1   24.936611732934015     
           3           2   40.008934935909458     
           3           3   38.013155617496423     
           3           4   49.640383587024246     
           3           1   29.815232388912978     
           3           2   36.463424843742210     
           3           3   41.641325627314025     
           3           4   47.062951050805601     
           3           1   41.642064791394155     
           3           2   40.453032370449527     
           3           3   50.999999999999993     
           3           4   50.434859378748570     
           3           1   68.115958295791188     
           3           2   84.169807521881168     
           3           3   58.889727457341827     
           3           4   77.156072064334197     
           3           1   61.244569165271685     
           3           2   75.215842579206182     
           3           3   51.000000000000000     
           3           4   67.437475748580255     
           3           1   58.651604666245319     
           3           2   69.341830459898631     
           3           3   48.083261120685229     
           3           4   60.996449194063487     
           3           1   60.886157766862844     
           3           2   67.358413937374777     
           3           3   51.000000000000000     
           3           4   58.917913177806852     
           3           1   67.470272604289192     
           3           2   69.599011521631013     
           3           3   58.889727457341827     
           3           4   61.644741642505117     
           3           1   57.220798676213356     
           3           2   75.804066314060677     
           3           3   51.000000000000000     
           3           4   71.507505908701205     
           3           1   48.839873861728215     
           3           2   65.720034588973760     
           3           3   41.641325627314025     
           3           4   60.893982298964126     
           3           1   45.546094854721694     
           3           2   58.906616122514691     
           3           3   38.013155617496423     
           3           4   53.673371043471590     
           3           1   48.389670738713328     
           3           2   56.558429076793743     
           3           3   41.641325627314025     
           3           4   51.298971121395724     
           3           1   56.450630748352779     
           3           2   59.209140985696699     
           3           3   50.999999999999993     
           3           4   54.408989303766809     
           3           1   49.866379733579166     
           3           2   70.611305335778127     
           3           3   48.083261120685229     
           3           4   69.653336934917519     
           3           1   39.972106592213748     
           3           2   59.655870774399801     
           3           3   38.013155617496423     
           3           4   58.705545096802929     
           3           1   35.873148497240670     
           3           2   52.054676970290473     
           3           3   34.000000000000000     
           3           4   51.177091594348937     
           3           1   39.420759261978503     
           3           2   49.381736209966220     
           3           3   38.013155617496423     
           3           4   48.681088556029628     
           3           1   48.980707819269490     
           3           2   52.396778028234614     
           3           3   48.083261120685229     
           3           4   51.948070820229859     
           3           1   47.718883624025509     
           3           2   69.308415165104378     
           3           3   51.000000000000000     
           3           4   71.887768716627662     
           3           1   37.258627618433195     
           3           2   58.107855659350143     
           3           3   41.641325627314025     
           3           4   61.340076377511700     
           3           1   32.822535089399416     
           3           2   50.273147563657389     
           3           3   38.013155617496423     
           3           4   54.178950238469803     
           3           1   36.666500888149102     
           3           2   47.500061500872512     
           3           3   41.641325627314025     
           3           4   51.827717756874122     
           3           1   46.792582372278005     
           3           2   50.627288286220420     
           3           3   50.999999999999993     
           3           4   54.907795501457016     
           3           1   51.434695303005988     
           3           2   72.106562698373395     
           3           3   58.889727457341827     
           3           4   77.859586666906708     
           3           1   41.912305574841007     
           3           2   61.418424440910663     
           3           3   51.000000000000000     
           3           4   68.241255226477008     
           3           1   38.023082940296042     
           3           2   54.065602164715159     
           3           3   48.083261120685229     
           3           4   61.883944556151185     
           3           1   41.386813286002280     
           3           2   51.497143746645335     
           3           3   51.000000000000000     
           3           4   59.836245476904814     
           3           1   50.576494457961374     
           3           2   54.395057594344479     
           3           3   58.889727457341827     
           3           4   62.523035368702544     
           4           1   72.756578093896081     
           4           2   69.369342253790919     
           4           3   62.523035368702551     
           4           4   58.889727457341827     
           4           1   70.305614673903278     
           4           2   62.635600439441497     
           4           3   59.836245476904814     
           4           4   51.000000000000000     
           4           1   71.904375759876601     
           4           2   60.102672487129432     
           4           3   61.883944556151185     
           4           4   48.083261120685229     
           4           1   77.301999017875943     
           4           2   62.285183131953040     
           4           3   68.241255226477008     
           4           4   51.000000000000000     
           4           1   85.784374165123211     
           4           2   68.735411801099374     
           4           3   77.859586666906708     
           4           4   58.889727457341827     
           4           1   62.455518071958771     
           4           2   58.707253992273877     
           4           3   54.907795501457016     
           4           4   51.000000000000000     
           4           1   59.582308921180065     
           4           2   50.573258437628269     
           4           3   51.827717756874122     
           4           4   41.641325627314025     
           4           1   61.460648671496287     
           4           2   47.400076652732551     
           4           3   54.178950238469803     
           4           4   38.013155617496423     
           4           1   67.696167793038796     
           4           2   50.138608520487516     
           4           3   61.340076377511700     
           4           4   41.641325627314025     
           4           1   77.240733635857111     
           4           2   57.956818943559057     
           4           3   71.887768716627662     
           4           4   51.000000000000000     
           4           1   55.550551926514089     
           4           2   51.565276086753691     
           4           3   51.948070820229859     
           4           4   48.083261120685229     
           4           1   52.299365369787253     
           4           2   42.072443423087684     
           4           3   48.681088556029628     
           4           4   38.013155617496423     
           4           1   54.429618929629363     
           4           2   38.199519542458859     
           4           3   51.177091594348937     
           4           4   34.000000000000000     
           4           1   61.383574476946457     
           4           2   41.548960167018357     
           4           3   58.705545096802929     
           4           4   38.013155617496423     
           4           1   71.772578428735571     
           4           2   50.709258411519492     
           4           3   69.653336934917505     
           4           4   48.083261120685229     
           4           1   53.376360882359776     
           4           2   49.491552051768466     
           4           3   54.408989303766809     
           4           4   51.000000000000000     
           4           1   49.983954423255383     
           4           2   39.503500125668481     
           4           3   51.298971121395724     
           4           4   41.641325627314025     
           4           1   52.208768406544856     
           4           2   35.350237903930314     
           4           3   53.673371043471583     
           4           4   38.013155617496423     
           4           1   59.423188211929535     
           4           2   38.945501891107440     
           4           3   60.893982298964126     
           4           4   41.641325627314025     
           4           1   70.103317296776808     
           4           2   48.599021751842244     
           4           3   71.507505908701205     
           4           4   51.000000000000000     
           4           1   56.481926160033495     
           4           2   53.083422563759797     
           4           3   61.644741642505117     
           4           4   58.889727457341827     
           4           1   53.287595005682519     
           4           2   43.919956156267560     
           4           3   58.917913177806845     
           4           4   51.000000000000000     
           4           1   55.379848142007440     
           4           2   40.225307288499941     
           4           3   60.996449194063480     
           4           4   48.083261120685229     
           4           1   62.227705879085491     
           4           2   43.418753369253118     
           4           3   67.437475748580255     
           4           4   51.000000000000000     
           4           1   72.495842485732481     
           4           2   52.252281690140684     
           4           3   77.156072064334182     
           4           4   58.889727457341827     
           4           1   62.329647651313110     
           4           2   62.466192426696779     
           4           3   50.434859378748577     
           4           4   51.000000000000000     
           4           1   59.450355550484360     
           4           2   54.892057658416228     
           4           3   47.062951050805601     
           4           4   41.641325627314025     
           4           1   61.332736559044641     
           4           2   51.983177968076113     
           4           3   49.640383587024246     
           4           4   38.013155617496423     
           4           1   67.580058986089497     
           4           2   54.491867185355794     
           4           3   57.370846287319907     
           4           4   41.641325627314025     
           4           1   77.138992547903442     
           4           2   61.761447416914038     
           4           3   68.532184590742972     
           4           4   51.000000000000000     
           4           1   49.921508971989340     
           4           2   50.363292415000878     
           4           3   40.612942465031225     
           4           4   41.641325627314025     
           4           1   46.276525980053606     
           4           2   40.590319296165525     
           4           3   36.340850522852627     
           4           4   29.444863728670914     
           4           1   48.671106988897847     
           4           2   36.560727813467402     
           4           3   39.622010774072280     
           4           4   24.041630560342615     
           4           1   56.340362567762256     
           4           2   40.047467035209991     
           4           3   48.960699125289068     
           4           4   29.444863728670914     
           4           1   67.509971507985924     
           4           2   49.486487182078434     
           4           3   61.663574173846449     
           4           4   41.641325627314025     
           4           1   40.955208945187671     
           4           2   41.819818859826022     
           4           3   36.512287668423760     
           4           4   38.013155617496423     
           4           1   36.423741412520286     
           4           2   29.325927899291479     
           4           3   31.692167357852185     
           4           4   24.041630560342615     
           4           1   39.421424850305826     
           4           2   23.433370326101713     
           4           3   35.406776087275908     
           4           4   17.000000000000000     
           4           1   48.573743277314698     
           4           2   28.569837985645037     
           4           3   45.616730636367123     
           4           4   24.041630560342615     
           4           1   61.178168775410732     
           4           2   40.759642297397420     
           4           3   59.043479191247329     
           4           4   38.013155617496423     
           4           1   37.953935519884489     
           4           2   39.234337971456021     
           4           3   39.935988855861872     
           4           4   41.641325627314025     
           4           1   33.013043182804495     
           4           2   25.503844293443642     
           4           3   35.582713878397541     
           4           4   29.444863728670914     
           4           1   36.293536875480719     
           4           2   18.427123254322677     
           4           3   38.927828709141835     
           4           4   24.041630560342615     
           4           1   46.071472927116673     
           4           2   24.630705818465319     
           4           3   48.400642238142552     
           4           4   29.444863728670914     
           4           1   59.210982228098608     
           4           2   38.102289521780236     
           4           3   61.219837390514606     
           4           4   41.641325627314025     
           4           1   42.209872105363203     
           4           2   43.678018529326749     
           4           3   49.341861142536132     
           4           4   51.000000000000000     
           4           1   37.828998161374606     
           4           2   31.919932649270944     
           4           3   45.889711069756132     
           4           4   41.641325627314025     
           4           1   40.723370447882232     
           4           2   26.608173519048144     
           4           3   48.529495187175399     
           4           4   38.013155617496423     
           4           1   49.636203514950786     
           4           2   31.226714455823824     
           4           3   56.412394242563948     
           4           4   41.641325627314025     
           4           1   62.025095712298409     
           4           2   42.664042159543897     
           4           3   67.731857683329807     
           4           4   51.000000000000000     
           4           1   55.267081492878596     
           4           2   59.749014618273314     
           4           3   41.907280147872349     
           4           4   48.083261120685229     
           4           1   51.998173962963818     
           4           2   51.778929551898038     
           4           3   37.781826986643161     
           4           4   38.013155617496423     
           4           1   54.140279776011624     
           4           2   48.684395274319698     
           4           3   40.947683347230026     
           4           4   34.000000000000000     
           4           1   61.127160027004187     
           4           2   51.354485109988047     
           4           3   50.039575263599119     
           4           4   38.013155617496423     
           4           1   71.553403075668896     
           4           2   59.011828802349164     
           4           3   62.523638838584738     
           4           4   48.083261120685229     
           4           1   40.763002569046037     
           4           2   46.950833586257161     
           4           3   29.359090321500918     
           4           4   38.013155617496423     
           4           1   36.207487860748067     
           4           2   36.269733554717433     
           4           3   23.091178089530874     
           4           4   24.041630560342615     
           4           1   39.221702868799355     
           4           2   31.695526022074116     
           4           3   27.972286760628140     
           4           4   17.000000000000000     
           4           1   48.411793755969718     
           4           2   35.661171706798406     
           4           3   40.121006314338558     
           4           4   24.041630560342615     
           4           1   61.049664809994766     
           4           2   46.009042211151730     
           4           3   54.908482666447590     
           4           4   38.013155617496423     
           4           1   29.099732991002217     
           4           2   37.640627001076759     
           4           3   23.360056498644063     
           4           4   34.000000000000000     
           4           1   22.274520396403322     
           4           2   22.976718623858602     
           4           3   14.728834328494033     
           4           4   17.000000000000000     
           4           1   26.898216625493077     
           4           2   14.732358820153429     
           4           3   21.591314960710616     
           4           4   0.0000000000000000     
           4           1   39.100816569147469     
           4           2   22.003526855745974     
           4           3   35.964304564234070     
           4           4   17.000000000000000     
           4           1   53.965115168192519     
           4           2   36.459127688101873     
           4           3   51.948797135692843     
           4           4   34.000000000000000     
           4           1   24.697500720744838     
           4           2   34.745543996661844     
           4           3   28.415282767089195     
           4           4   38.013155617496423     
           4           1   16.103612656585991     
           4           2   17.842803179706547     
           4           3   21.878633773387630     
           4           4   24.041630560342615     
           4           1   22.060964152446314     
           4           2   2.7346705460672638     
           4           3   26.980009948967766     
           4           4   16.999999999999996     
           4           1   35.945040521297038     
           4           2   16.570794207922251     
           4           3   39.435609008899320     
           4           4   24.041630560342615     
           4           1   51.724324421106282     
           4           2   33.461978697726352     
           4           3   54.409682768411386     
           4           4   38.013155617496423     
           4           1   30.840535396694410     
           4           2   39.694947464554467     
           4           3   40.585272573279944     
           4           4   48.083261120685229     
           4           1   24.505069318345654     
           4           2   26.206900844997325     
           4           3   36.309925239578931     
           4           4   38.013155617496423     
           4           1   28.772525454660567     
           4           2   19.388513341288011     
           4           3   39.593648379003831     
           4           4   34.000000000000000     
           4           1   40.413092182871324     
           4           2   25.357981924259764     
           4           3   48.937749366072957     
           4           4   38.013155617496423     
           4           1   54.923381346412206     
           4           2   38.576418249454775     
           4           3   61.645353710340210     
           4           4   48.083261120685229     
           4           1   52.933124007034827     
           4           2   61.772682469034535     
           4           3   39.328936144146695     
           4           4   51.000000000000000     
           4           1   49.510356652788225     
           4           2   54.101544313503183     
           4           3   34.900022052811799     
           4           4   41.641325627314025     
           4           1   51.755533178863651     
           4           2   51.147726193758899     
           4           3   38.304802053308300     
           4           4   38.013155617496423     
           4           1   59.025376012107046     
           4           2   53.695462494306838     
           4           3   47.900983094290595     
           4           4   41.641325627314025     
           4           1   69.766430409709130     
           4           2   61.059933591212612     
           4           3   60.825574411228494     
           4           4   51.000000000000000     
           4           1   37.537816916380422     
           4           2   49.500508340924561     
           4           3   25.544104473325380     
           4           4   41.641325627314025     
           4           1   32.533790089534001     
           4           2   39.514720341864042     
           4           3   17.992987367320179     
           4           4   29.444863728670914     
           4           1   35.858155227674857     
           4           2   35.362775928672590     
           4           3   23.937291314117502     
           4           4   24.041630560342615     
           4           1   45.729280500289867     
           4           2   38.956882820206339     
           4           3   37.419784025476510     
           4           4   29.444863728670914     
           4           1   58.945117641890882     
           4           2   48.608142494370938     
           4           3   52.966843945714643     
           4           4   41.641325627314025     
           4           1   24.377444093900923     
           4           2   40.776664314282954     
           4           3   18.336775301506954     
           4           4   38.013155617496423     
           4           1   15.608317631744614     
           4           2   27.818144263870280     
           4           3   2.7356259821724662     
           4           4   24.041630560342615     
           4           1   21.702059304029067     
           4           2   21.516550559308548     
           4           3   16.022795341971975     
           4           4   17.000000000000000     
           4           1   35.725889446978918     
           4           2   27.019895367248608     
           4           3   32.923795219067628     
           4           4   24.041630560342615     
           4           1   51.572269443179678     
           4           2   39.688632419659477     
           4           3   49.892109723717653     
           4           4   38.013155617496423     
           4           1   18.905868460740813     
           4           2   38.120498149807702     
           4           3   24.453494301873281     
           4           4   41.641325627314025     
           4           1   2.6060815407424975     
           4           2   23.754687471639663     
           4           3   16.407915913611049     
           4           4   29.444863728670914     
           4           1   15.302008356394383     
           4           2   15.918479027880025     
           4           3   22.769849048347080     
           4           4   24.041630560342615     
           4           1   32.241452487152756     
           4           2   22.814705175540578     
           4           3   36.683952169046535     
           4           4   29.444863728670914     
           4           1   49.222668123777012     
           4           2   36.954344398630866     
           4           3   52.449582150835823     
           4           4   41.641325627314025     
           4           1   26.431116963881855     
           4           2   42.680304658932180     
           4           3   37.917139115254230     
           4           4   51.000000000000000     
           4           1   18.653786283233973     
           4           2   30.540484663231030     
           4           3   33.300987368874274     
           4           4   41.641325627314025     
           4           1   23.985902973261872     
           4           2   24.936599630880540     
           4           3   36.853793302702314     
           4           4   38.013155617496423     
           4           1   37.157547553423079     
           4           2   29.815210863527586     
           4           3   46.748779683053627     
           4           4   41.641325627314025     
           4           1   52.574167981310580     
           4           2   41.642041214647442     
           4           3   59.922405850491927     
           4           4   51.000000000000000     
           4           1   55.922991135558625     
           4           2   68.115958856832478     
           4           3   43.764258328783328     
           4           4   58.889727457341827     
           4           1   52.694788511672890     
           4           2   61.244564237746658     
           4           3   39.831603383806467     
           4           4   51.000000000000000     
           4           1   54.809675560361583     
           4           2   58.651593723932677     
           4           3   42.846271123415683     
           4           4   48.083261120685229     
           4           1   61.720825770352931     
           4           2   60.886141641945422     
           4           3   51.604740772894367     
           4           4   51.000000000000000     
           4           1   72.061224889092941     
           4           2   67.470253013671311     
           4           3   63.783192075138480     
           4           4   58.889727457341827     
           4           1   41.647965367486300     
           4           2   57.220799344080035     
           4           3   31.953816081686934     
           4           4   51.000000000000000     
           4           1   37.200978723596819     
           4           2   48.839867682675511     
           4           3   26.311455361470529     
           4           4   41.641325627314025     
           4           1   40.140660392371075     
           4           2   45.546080763848757     
           4           3   30.684507561553566     
           4           4   38.013155617496423     
           4           1   49.159255644057843     
           4           2   48.389650449582874     
           4           3   42.056929575890578     
           4           4   41.641325627314025     
           4           1   61.644076878642593     
           4           2   56.450607333478693     
           4           3   56.338544944006152     
           4           4   51.000000000000000     
           4           1   30.326969861080865     
           4           2   49.866380499944505     
           4           3   26.547738459161980     
           4           4   48.083261120685229     
           4           1   23.855500407601426     
           4           2   39.972099042344865     
           4           3   19.391460449188706     
           4           4   38.013155617496423     
           4           1   28.221351818069181     
           4           2   35.873130606859625     
           4           3   25.005500583048352     
           4           4   34.000000000000000     
           4           1   40.022549858566002     
           4           2   39.420734356713737     
           4           3   38.111958496844707     
           4           4   38.013155617496423     
           4           1   54.636657071270079     
           4           2   48.980680833450783     
           4           3   53.458092946920530     
           4           4   48.083261120685229     
           4           1   26.132301518589522     
           4           2   47.718884424879633     
           4           3   31.088880205145085     
           4           4   51.000000000000000     
           4           1   18.227917637531746     
           4           2   37.258619518720799     
           4           3   25.254005493510203     
           4           4   41.641325627314025     
           4           1   23.656220749367503     
           4           2   32.822515536237994     
           4           3   29.782731817659460     
           4           4   38.013155617496423     
           4           1   36.945589437508922     
           4           2   36.666474112087272     
           4           3   41.403592061305588     
           4           4   41.641325627314025     
           4           1   52.424577991884071     
           4           2   46.792554124541539     
           4           3   55.852517907748691     
           4           4   51.000000000000000     
           4           1   32.001082237356371     
           4           2   51.434696046003772     
           4           3   42.500053264950800     
           4           4   58.889727457341827     
           4           1   25.950511808136078     
           4           2   41.912298374469728     
           4           3   38.438273225784179     
           4           4   51.000000000000000     
           4           1   30.013144817669051     
           4           2   38.023066061489040     
           4           3   41.554147442059481     
           4           4   48.083261120685229     
           4           1   41.305552418392125     
           4           2   41.386789563846840     
           4           3   50.537050672677765     
           4           4   51.000000000000000     
           4           1   55.583346960494424     
           4           2   50.576468323598121     
           4           3   62.922490508157587     
           4           4   58.889727457341827     
   1   4  2.6061
   2   4  2.7347
   3   1  2.7347
   4   1  2.6061
