           6
  0.9140028228712883 -0.0132892709923487  0.0365932336402152
  0.1677739190659710  0.0278596770531134  0.9341009617657817
  0.8915366197954254  0.8749403252565053  0.9272957211885536
  0.0309952897575422  0.9490441799406139  0.9284173548780953
  0.9417360127409016  0.1006737281665147  0.1422706391992105
  0.0572482769453407  0.0658090076344214  0.0403762069752047
           1           1  -1.0859971771287116       -2.0132892709923489       -1.9634067663597847     
           2           2  -1.8322260809340289       -1.9721403229468866       -1.0658990382342184     
           3           3  -1.1084633802045745       -1.1250596747434947       -1.0727042788114463     
           4           4  -1.9690047102424577       -1.0509558200593863       -1.0715826451219046     
           5           5  -1.0582639872590984       -1.8993262718334853       -1.8577293608007894     
           6           6  -1.9427517230546594       -1.9341909923655787       -1.9596237930247953     
           7           1  -1.0859971771287116       -2.0132892709923489      -0.96340676635978484     
           8           2  -1.8322260809340289       -1.9721403229468866      -6.58990382342182768E-002
           9           3  -1.1084633802045745       -1.1250596747434947      -7.27042788114463656E-002
          10           4  -1.9690047102424577       -1.0509558200593863      -7.15826451219047089E-002
          11           5  -1.0582639872590984       -1.8993262718334853      -0.85772936080078943     
          12           6  -1.9427517230546594       -1.9341909923655787      -0.95962379302479528     
          13           1  -1.0859971771287116       -2.0132892709923489       3.65932336402152031E-002
          14           2  -1.8322260809340289       -1.9721403229468866       0.93410096176578172     
          15           3  -1.1084633802045745       -1.1250596747434947       0.92729572118855363     
          16           4  -1.9690047102424577       -1.0509558200593863       0.92841735487809529     
          17           5  -1.0582639872590984       -1.8993262718334853       0.14227063919921051     
          18           6  -1.9427517230546594       -1.9341909923655787       4.03762069752046995E-002
          19           1  -1.0859971771287116       -2.0132892709923489        1.0365932336402153     
          20           2  -1.8322260809340289       -1.9721403229468866        1.9341009617657816     
          21           3  -1.1084633802045745       -1.1250596747434947        1.9272957211885537     
          22           4  -1.9690047102424577       -1.0509558200593863        1.9284173548780954     
          23           5  -1.0582639872590984       -1.8993262718334853        1.1422706391992106     
          24           6  -1.9427517230546594       -1.9341909923655787        1.0403762069752047     
          25           1  -1.0859971771287116       -2.0132892709923489        2.0365932336402151     
          26           2  -1.8322260809340289       -1.9721403229468866        2.9341009617657816     
          27           3  -1.1084633802045745       -1.1250596747434947        2.9272957211885537     
          28           4  -1.9690047102424577       -1.0509558200593863        2.9284173548780954     
          29           5  -1.0582639872590984       -1.8993262718334853        2.1422706391992103     
          30           6  -1.9427517230546594       -1.9341909923655787        2.0403762069752047     
          31           1  -1.0859971771287116       -1.0132892709923487       -1.9634067663597847     
          32           2  -1.8322260809340289      -0.97214032294688657       -1.0658990382342184     
          33           3  -1.1084633802045745      -0.12505967474349466       -1.0727042788114463     
          34           4  -1.9690047102424577      -5.09558200593861477E-002  -1.0715826451219046     
          35           5  -1.0582639872590984      -0.89932627183348535       -1.8577293608007894     
          36           6  -1.9427517230546594      -0.93419099236557857       -1.9596237930247953     
          37           1  -1.0859971771287116       -1.0132892709923487      -0.96340676635978484     
          38           2  -1.8322260809340289      -0.97214032294688657      -6.58990382342182768E-002
          39           3  -1.1084633802045745      -0.12505967474349466      -7.27042788114463656E-002
          40           4  -1.9690047102424577      -5.09558200593861477E-002 -7.15826451219047089E-002
          41           5  -1.0582639872590984      -0.89932627183348535      -0.85772936080078943     
          42           6  -1.9427517230546594      -0.93419099236557857      -0.95962379302479528     
          43           1  -1.0859971771287116       -1.0132892709923487       3.65932336402152031E-002
          44           2  -1.8322260809340289      -0.97214032294688657       0.93410096176578172     
          45           3  -1.1084633802045745      -0.12505967474349466       0.92729572118855363     
          46           4  -1.9690047102424577      -5.09558200593861477E-002  0.92841735487809529     
          47           5  -1.0582639872590984      -0.89932627183348535       0.14227063919921051     
          48           6  -1.9427517230546594      -0.93419099236557857       4.03762069752046995E-002
          49           1  -1.0859971771287116       -1.0132892709923487        1.0365932336402153     
          50           2  -1.8322260809340289      -0.97214032294688657        1.9341009617657816     
          51           3  -1.1084633802045745      -0.12505967474349466        1.9272957211885537     
          52           4  -1.9690047102424577      -5.09558200593861477E-002   1.9284173548780954     
          53           5  -1.0582639872590984      -0.89932627183348535        1.1422706391992106     
          54           6  -1.9427517230546594      -0.93419099236557857        1.0403762069752047     
          55           1  -1.0859971771287116       -1.0132892709923487        2.0365932336402151     
          56           2  -1.8322260809340289      -0.97214032294688657        2.9341009617657816     
          57           3  -1.1084633802045745      -0.12505967474349466        2.9272957211885537     
          58           4  -1.9690047102424577      -5.09558200593861477E-002   2.9284173548780954     
          59           5  -1.0582639872590984      -0.89932627183348535        2.1422706391992103     
          60           6  -1.9427517230546594      -0.93419099236557857        2.0403762069752047     
          61           1  -1.0859971771287116      -1.32892709923487003E-002  -1.9634067663597847     
          62           2  -1.8322260809340289       2.78596770531133985E-002  -1.0658990382342184     
          63           3  -1.1084633802045745       0.87494032525650534       -1.0727042788114463     
          64           4  -1.9690047102424577       0.94904417994061385       -1.0715826451219046     
          65           5  -1.0582639872590984       0.10067372816651469       -1.8577293608007894     
          66           6  -1.9427517230546594       6.58090076344213931E-002  -1.9596237930247953     
          67           1  -1.0859971771287116      -1.32892709923487003E-002 -0.96340676635978484     
          68           2  -1.8322260809340289       2.78596770531133985E-002 -6.58990382342182768E-002
          69           3  -1.1084633802045745       0.87494032525650534      -7.27042788114463656E-002
          70           4  -1.9690047102424577       0.94904417994061385      -7.15826451219047089E-002
          71           5  -1.0582639872590984       0.10067372816651469      -0.85772936080078943     
          72           6  -1.9427517230546594       6.58090076344213931E-002 -0.95962379302479528     
          73           1  -1.0859971771287116      -1.32892709923487003E-002  3.65932336402152031E-002
          74           2  -1.8322260809340289       2.78596770531133985E-002  0.93410096176578172     
          75           3  -1.1084633802045745       0.87494032525650534       0.92729572118855363     
          76           4  -1.9690047102424577       0.94904417994061385       0.92841735487809529     
          77           5  -1.0582639872590984       0.10067372816651469       0.14227063919921051     
          78           6  -1.9427517230546594       6.58090076344213931E-002  4.03762069752046995E-002
          79           1  -1.0859971771287116      -1.32892709923487003E-002   1.0365932336402153     
          80           2  -1.8322260809340289       2.78596770531133985E-002   1.9341009617657816     
          81           3  -1.1084633802045745       0.87494032525650534        1.9272957211885537     
          82           4  -1.9690047102424577       0.94904417994061385        1.9284173548780954     
          83           5  -1.0582639872590984       0.10067372816651469        1.1422706391992106     
          84           6  -1.9427517230546594       6.58090076344213931E-002   1.0403762069752047     
          85           1  -1.0859971771287116      -1.32892709923487003E-002   2.0365932336402151     
          86           2  -1.8322260809340289       2.78596770531133985E-002   2.9341009617657816     
          87           3  -1.1084633802045745       0.87494032525650534        2.9272957211885537     
          88           4  -1.9690047102424577       0.94904417994061385        2.9284173548780954     
          89           5  -1.0582639872590984       0.10067372816651469        2.1422706391992103     
          90           6  -1.9427517230546594       6.58090076344213931E-002   2.0403762069752047     
          91           1  -1.0859971771287116       0.98671072900765133       -1.9634067663597847     
          92           2  -1.8322260809340289        1.0278596770531134       -1.0658990382342184     
          93           3  -1.1084633802045745        1.8749403252565053       -1.0727042788114463     
          94           4  -1.9690047102424577        1.9490441799406137       -1.0715826451219046     
          95           5  -1.0582639872590984        1.1006737281665147       -1.8577293608007894     
          96           6  -1.9427517230546594        1.0658090076344213       -1.9596237930247953     
          97           1  -1.0859971771287116       0.98671072900765133      -0.96340676635978484     
          98           2  -1.8322260809340289        1.0278596770531134      -6.58990382342182768E-002
          99           3  -1.1084633802045745        1.8749403252565053      -7.27042788114463656E-002
         100           4  -1.9690047102424577        1.9490441799406137      -7.15826451219047089E-002
         101           5  -1.0582639872590984        1.1006737281665147      -0.85772936080078943     
         102           6  -1.9427517230546594        1.0658090076344213      -0.95962379302479528     
         103           1  -1.0859971771287116       0.98671072900765133       3.65932336402152031E-002
         104           2  -1.8322260809340289        1.0278596770531134       0.93410096176578172     
         105           3  -1.1084633802045745        1.8749403252565053       0.92729572118855363     
         106           4  -1.9690047102424577        1.9490441799406137       0.92841735487809529     
         107           5  -1.0582639872590984        1.1006737281665147       0.14227063919921051     
         108           6  -1.9427517230546594        1.0658090076344213       4.03762069752046995E-002
         109           1  -1.0859971771287116       0.98671072900765133        1.0365932336402153     
         110           2  -1.8322260809340289        1.0278596770531134        1.9341009617657816     
         111           3  -1.1084633802045745        1.8749403252565053        1.9272957211885537     
         112           4  -1.9690047102424577        1.9490441799406137        1.9284173548780954     
         113           5  -1.0582639872590984        1.1006737281665147        1.1422706391992106     
         114           6  -1.9427517230546594        1.0658090076344213        1.0403762069752047     
         115           1  -1.0859971771287116       0.98671072900765133        2.0365932336402151     
         116           2  -1.8322260809340289        1.0278596770531134        2.9341009617657816     
         117           3  -1.1084633802045745        1.8749403252565053        2.9272957211885537     
         118           4  -1.9690047102424577        1.9490441799406137        2.9284173548780954     
         119           5  -1.0582639872590984        1.1006737281665147        2.1422706391992103     
         120           6  -1.9427517230546594        1.0658090076344213        2.0403762069752047     
         121           1  -1.0859971771287116        1.9867107290076513       -1.9634067663597847     
         122           2  -1.8322260809340289        2.0278596770531134       -1.0658990382342184     
         123           3  -1.1084633802045745        2.8749403252565053       -1.0727042788114463     
         124           4  -1.9690047102424577        2.9490441799406137       -1.0715826451219046     
         125           5  -1.0582639872590984        2.1006737281665147       -1.8577293608007894     
         126           6  -1.9427517230546594        2.0658090076344213       -1.9596237930247953     
         127           1  -1.0859971771287116        1.9867107290076513      -0.96340676635978484     
         128           2  -1.8322260809340289        2.0278596770531134      -6.58990382342182768E-002
         129           3  -1.1084633802045745        2.8749403252565053      -7.27042788114463656E-002
         130           4  -1.9690047102424577        2.9490441799406137      -7.15826451219047089E-002
         131           5  -1.0582639872590984        2.1006737281665147      -0.85772936080078943     
         132           6  -1.9427517230546594        2.0658090076344213      -0.95962379302479528     
         133           1  -1.0859971771287116        1.9867107290076513       3.65932336402152031E-002
         134           2  -1.8322260809340289        2.0278596770531134       0.93410096176578172     
         135           3  -1.1084633802045745        2.8749403252565053       0.92729572118855363     
         136           4  -1.9690047102424577        2.9490441799406137       0.92841735487809529     
         137           5  -1.0582639872590984        2.1006737281665147       0.14227063919921051     
         138           6  -1.9427517230546594        2.0658090076344213       4.03762069752046995E-002
         139           1  -1.0859971771287116        1.9867107290076513        1.0365932336402153     
         140           2  -1.8322260809340289        2.0278596770531134        1.9341009617657816     
         141           3  -1.1084633802045745        2.8749403252565053        1.9272957211885537     
         142           4  -1.9690047102424577        2.9490441799406137        1.9284173548780954     
         143           5  -1.0582639872590984        2.1006737281665147        1.1422706391992106     
         144           6  -1.9427517230546594        2.0658090076344213        1.0403762069752047     
         145           1  -1.0859971771287116        1.9867107290076513        2.0365932336402151     
         146           2  -1.8322260809340289        2.0278596770531134        2.9341009617657816     
         147           3  -1.1084633802045745        2.8749403252565053        2.9272957211885537     
         148           4  -1.9690047102424577        2.9490441799406137        2.9284173548780954     
         149           5  -1.0582639872590984        2.1006737281665147        2.1422706391992103     
         150           6  -1.9427517230546594        2.0658090076344213        2.0403762069752047     
         151           1 -8.59971771287116882E-002  -2.0132892709923489       -1.9634067663597847     
         152           2 -0.83222608093402894       -1.9721403229468866       -1.0658990382342184     
         153           3 -0.10846338020457458       -1.1250596747434947       -1.0727042788114463     
         154           4 -0.96900471024245782       -1.0509558200593863       -1.0715826451219046     
         155           5 -5.82639872590984265E-002  -1.8993262718334853       -1.8577293608007894     
         156           6 -0.94275172305465926       -1.9341909923655787       -1.9596237930247953     
         157           1 -8.59971771287116882E-002  -2.0132892709923489      -0.96340676635978484     
         158           2 -0.83222608093402894       -1.9721403229468866      -6.58990382342182768E-002
         159           3 -0.10846338020457458       -1.1250596747434947      -7.27042788114463656E-002
         160           4 -0.96900471024245782       -1.0509558200593863      -7.15826451219047089E-002
         161           5 -5.82639872590984265E-002  -1.8993262718334853      -0.85772936080078943     
         162           6 -0.94275172305465926       -1.9341909923655787      -0.95962379302479528     
         163           1 -8.59971771287116882E-002  -2.0132892709923489       3.65932336402152031E-002
         164           2 -0.83222608093402894       -1.9721403229468866       0.93410096176578172     
         165           3 -0.10846338020457458       -1.1250596747434947       0.92729572118855363     
         166           4 -0.96900471024245782       -1.0509558200593863       0.92841735487809529     
         167           5 -5.82639872590984265E-002  -1.8993262718334853       0.14227063919921051     
         168           6 -0.94275172305465926       -1.9341909923655787       4.03762069752046995E-002
         169           1 -8.59971771287116882E-002  -2.0132892709923489        1.0365932336402153     
         170           2 -0.83222608093402894       -1.9721403229468866        1.9341009617657816     
         171           3 -0.10846338020457458       -1.1250596747434947        1.9272957211885537     
         172           4 -0.96900471024245782       -1.0509558200593863        1.9284173548780954     
         173           5 -5.82639872590984265E-002  -1.8993262718334853        1.1422706391992106     
         174           6 -0.94275172305465926       -1.9341909923655787        1.0403762069752047     
         175           1 -8.59971771287116882E-002  -2.0132892709923489        2.0365932336402151     
         176           2 -0.83222608093402894       -1.9721403229468866        2.9341009617657816     
         177           3 -0.10846338020457458       -1.1250596747434947        2.9272957211885537     
         178           4 -0.96900471024245782       -1.0509558200593863        2.9284173548780954     
         179           5 -5.82639872590984265E-002  -1.8993262718334853        2.1422706391992103     
         180           6 -0.94275172305465926       -1.9341909923655787        2.0403762069752047     
         181           1 -8.59971771287116882E-002  -1.0132892709923487       -1.9634067663597847     
         182           2 -0.83222608093402894      -0.97214032294688657       -1.0658990382342184     
         183           3 -0.10846338020457458      -0.12505967474349466       -1.0727042788114463     
         184           4 -0.96900471024245782      -5.09558200593861477E-002  -1.0715826451219046     
         185           5 -5.82639872590984265E-002 -0.89932627183348535       -1.8577293608007894     
         186           6 -0.94275172305465926      -0.93419099236557857       -1.9596237930247953     
         187           1 -8.59971771287116882E-002  -1.0132892709923487      -0.96340676635978484     
         188           2 -0.83222608093402894      -0.97214032294688657      -6.58990382342182768E-002
         189           3 -0.10846338020457458      -0.12505967474349466      -7.27042788114463656E-002
         190           4 -0.96900471024245782      -5.09558200593861477E-002 -7.15826451219047089E-002
         191           5 -5.82639872590984265E-002 -0.89932627183348535      -0.85772936080078943     
         192           6 -0.94275172305465926      -0.93419099236557857      -0.95962379302479528     
         193           1 -8.59971771287116882E-002  -1.0132892709923487       3.65932336402152031E-002
         194           2 -0.83222608093402894      -0.97214032294688657       0.93410096176578172     
         195           3 -0.10846338020457458      -0.12505967474349466       0.92729572118855363     
         196           4 -0.96900471024245782      -5.09558200593861477E-002  0.92841735487809529     
         197           5 -5.82639872590984265E-002 -0.89932627183348535       0.14227063919921051     
         198           6 -0.94275172305465926      -0.93419099236557857       4.03762069752046995E-002
         199           1 -8.59971771287116882E-002  -1.0132892709923487        1.0365932336402153     
         200           2 -0.83222608093402894      -0.97214032294688657        1.9341009617657816     
         201           3 -0.10846338020457458      -0.12505967474349466        1.9272957211885537     
         202           4 -0.96900471024245782      -5.09558200593861477E-002   1.9284173548780954     
         203           5 -5.82639872590984265E-002 -0.89932627183348535        1.1422706391992106     
         204           6 -0.94275172305465926      -0.93419099236557857        1.0403762069752047     
         205           1 -8.59971771287116882E-002  -1.0132892709923487        2.0365932336402151     
         206           2 -0.83222608093402894      -0.97214032294688657        2.9341009617657816     
         207           3 -0.10846338020457458      -0.12505967474349466        2.9272957211885537     
         208           4 -0.96900471024245782      -5.09558200593861477E-002   2.9284173548780954     
         209           5 -5.82639872590984265E-002 -0.89932627183348535        2.1422706391992103     
         210           6 -0.94275172305465926      -0.93419099236557857        2.0403762069752047     
         211           1 -8.59971771287116882E-002 -1.32892709923487003E-002  -1.9634067663597847     
         212           2 -0.83222608093402894       2.78596770531133985E-002  -1.0658990382342184     
         213           3 -0.10846338020457458       0.87494032525650534       -1.0727042788114463     
         214           4 -0.96900471024245782       0.94904417994061385       -1.0715826451219046     
         215           5 -5.82639872590984265E-002  0.10067372816651469       -1.8577293608007894     
         216           6 -0.94275172305465926       6.58090076344213931E-002  -1.9596237930247953     
         217           1 -8.59971771287116882E-002 -1.32892709923487003E-002 -0.96340676635978484     
         218           2 -0.83222608093402894       2.78596770531133985E-002 -6.58990382342182768E-002
         219           3 -0.10846338020457458       0.87494032525650534      -7.27042788114463656E-002
         220           4 -0.96900471024245782       0.94904417994061385      -7.15826451219047089E-002
         221           5 -5.82639872590984265E-002  0.10067372816651469      -0.85772936080078943     
         222           6 -0.94275172305465926       6.58090076344213931E-002 -0.95962379302479528     
         223           1 -8.59971771287116882E-002 -1.32892709923487003E-002  3.65932336402152031E-002
         224           2 -0.83222608093402894       2.78596770531133985E-002  0.93410096176578172     
         225           3 -0.10846338020457458       0.87494032525650534       0.92729572118855363     
         226           4 -0.96900471024245782       0.94904417994061385       0.92841735487809529     
         227           5 -5.82639872590984265E-002  0.10067372816651469       0.14227063919921051     
         228           6 -0.94275172305465926       6.58090076344213931E-002  4.03762069752046995E-002
         229           1 -8.59971771287116882E-002 -1.32892709923487003E-002   1.0365932336402153     
         230           2 -0.83222608093402894       2.78596770531133985E-002   1.9341009617657816     
         231           3 -0.10846338020457458       0.87494032525650534        1.9272957211885537     
         232           4 -0.96900471024245782       0.94904417994061385        1.9284173548780954     
         233           5 -5.82639872590984265E-002  0.10067372816651469        1.1422706391992106     
         234           6 -0.94275172305465926       6.58090076344213931E-002   1.0403762069752047     
         235           1 -8.59971771287116882E-002 -1.32892709923487003E-002   2.0365932336402151     
         236           2 -0.83222608093402894       2.78596770531133985E-002   2.9341009617657816     
         237           3 -0.10846338020457458       0.87494032525650534        2.9272957211885537     
         238           4 -0.96900471024245782       0.94904417994061385        2.9284173548780954     
         239           5 -5.82639872590984265E-002  0.10067372816651469        2.1422706391992103     
         240           6 -0.94275172305465926       6.58090076344213931E-002   2.0403762069752047     
         241           1 -8.59971771287116882E-002  0.98671072900765133       -1.9634067663597847     
         242           2 -0.83222608093402894        1.0278596770531134       -1.0658990382342184     
         243           3 -0.10846338020457458        1.8749403252565053       -1.0727042788114463     
         244           4 -0.96900471024245782        1.9490441799406137       -1.0715826451219046     
         245           5 -5.82639872590984265E-002   1.1006737281665147       -1.8577293608007894     
         246           6 -0.94275172305465926        1.0658090076344213       -1.9596237930247953     
         247           1 -8.59971771287116882E-002  0.98671072900765133      -0.96340676635978484     
         248           2 -0.83222608093402894        1.0278596770531134      -6.58990382342182768E-002
         249           3 -0.10846338020457458        1.8749403252565053      -7.27042788114463656E-002
         250           4 -0.96900471024245782        1.9490441799406137      -7.15826451219047089E-002
         251           5 -5.82639872590984265E-002   1.1006737281665147      -0.85772936080078943     
         252           6 -0.94275172305465926        1.0658090076344213      -0.95962379302479528     
         253           1 -8.59971771287116882E-002  0.98671072900765133       3.65932336402152031E-002
         254           2 -0.83222608093402894        1.0278596770531134       0.93410096176578172     
         255           3 -0.10846338020457458        1.8749403252565053       0.92729572118855363     
         256           4 -0.96900471024245782        1.9490441799406137       0.92841735487809529     
         257           5 -5.82639872590984265E-002   1.1006737281665147       0.14227063919921051     
         258           6 -0.94275172305465926        1.0658090076344213       4.03762069752046995E-002
         259           1 -8.59971771287116882E-002  0.98671072900765133        1.0365932336402153     
         260           2 -0.83222608093402894        1.0278596770531134        1.9341009617657816     
         261           3 -0.10846338020457458        1.8749403252565053        1.9272957211885537     
         262           4 -0.96900471024245782        1.9490441799406137        1.9284173548780954     
         263           5 -5.82639872590984265E-002   1.1006737281665147        1.1422706391992106     
         264           6 -0.94275172305465926        1.0658090076344213        1.0403762069752047     
         265           1 -8.59971771287116882E-002  0.98671072900765133        2.0365932336402151     
         266           2 -0.83222608093402894        1.0278596770531134        2.9341009617657816     
         267           3 -0.10846338020457458        1.8749403252565053        2.9272957211885537     
         268           4 -0.96900471024245782        1.9490441799406137        2.9284173548780954     
         269           5 -5.82639872590984265E-002   1.1006737281665147        2.1422706391992103     
         270           6 -0.94275172305465926        1.0658090076344213        2.0403762069752047     
         271           1 -8.59971771287116882E-002   1.9867107290076513       -1.9634067663597847     
         272           2 -0.83222608093402894        2.0278596770531134       -1.0658990382342184     
         273           3 -0.10846338020457458        2.8749403252565053       -1.0727042788114463     
         274           4 -0.96900471024245782        2.9490441799406137       -1.0715826451219046     
         275           5 -5.82639872590984265E-002   2.1006737281665147       -1.8577293608007894     
         276           6 -0.94275172305465926        2.0658090076344213       -1.9596237930247953     
         277           1 -8.59971771287116882E-002   1.9867107290076513      -0.96340676635978484     
         278           2 -0.83222608093402894        2.0278596770531134      -6.58990382342182768E-002
         279           3 -0.10846338020457458        2.8749403252565053      -7.27042788114463656E-002
         280           4 -0.96900471024245782        2.9490441799406137      -7.15826451219047089E-002
         281           5 -5.82639872590984265E-002   2.1006737281665147      -0.85772936080078943     
         282           6 -0.94275172305465926        2.0658090076344213      -0.95962379302479528     
         283           1 -8.59971771287116882E-002   1.9867107290076513       3.65932336402152031E-002
         284           2 -0.83222608093402894        2.0278596770531134       0.93410096176578172     
         285           3 -0.10846338020457458        2.8749403252565053       0.92729572118855363     
         286           4 -0.96900471024245782        2.9490441799406137       0.92841735487809529     
         287           5 -5.82639872590984265E-002   2.1006737281665147       0.14227063919921051     
         288           6 -0.94275172305465926        2.0658090076344213       4.03762069752046995E-002
         289           1 -8.59971771287116882E-002   1.9867107290076513        1.0365932336402153     
         290           2 -0.83222608093402894        2.0278596770531134        1.9341009617657816     
         291           3 -0.10846338020457458        2.8749403252565053        1.9272957211885537     
         292           4 -0.96900471024245782        2.9490441799406137        1.9284173548780954     
         293           5 -5.82639872590984265E-002   2.1006737281665147        1.1422706391992106     
         294           6 -0.94275172305465926        2.0658090076344213        1.0403762069752047     
         295           1 -8.59971771287116882E-002   1.9867107290076513        2.0365932336402151     
         296           2 -0.83222608093402894        2.0278596770531134        2.9341009617657816     
         297           3 -0.10846338020457458        2.8749403252565053        2.9272957211885537     
         298           4 -0.96900471024245782        2.9490441799406137        2.9284173548780954     
         299           5 -5.82639872590984265E-002   2.1006737281665147        2.1422706391992103     
         300           6 -0.94275172305465926        2.0658090076344213        2.0403762069752047     
         301           1  0.91400282287128831       -2.0132892709923489       -1.9634067663597847     
         302           2  0.16777391906597100       -1.9721403229468866       -1.0658990382342184     
         303           3  0.89153661979542542       -1.1250596747434947       -1.0727042788114463     
         304           4  3.09952897575422014E-002  -1.0509558200593863       -1.0715826451219046     
         305           5  0.94173601274090157       -1.8993262718334853       -1.8577293608007894     
         306           6  5.72482769453407023E-002  -1.9341909923655787       -1.9596237930247953     
         307           1  0.91400282287128831       -2.0132892709923489      -0.96340676635978484     
         308           2  0.16777391906597100       -1.9721403229468866      -6.58990382342182768E-002
         309           3  0.89153661979542542       -1.1250596747434947      -7.27042788114463656E-002
         310           4  3.09952897575422014E-002  -1.0509558200593863      -7.15826451219047089E-002
         311           5  0.94173601274090157       -1.8993262718334853      -0.85772936080078943     
         312           6  5.72482769453407023E-002  -1.9341909923655787      -0.95962379302479528     
         313           1  0.91400282287128831       -2.0132892709923489       3.65932336402152031E-002
         314           2  0.16777391906597100       -1.9721403229468866       0.93410096176578172     
         315           3  0.89153661979542542       -1.1250596747434947       0.92729572118855363     
         316           4  3.09952897575422014E-002  -1.0509558200593863       0.92841735487809529     
         317           5  0.94173601274090157       -1.8993262718334853       0.14227063919921051     
         318           6  5.72482769453407023E-002  -1.9341909923655787       4.03762069752046995E-002
         319           1  0.91400282287128831       -2.0132892709923489        1.0365932336402153     
         320           2  0.16777391906597100       -1.9721403229468866        1.9341009617657816     
         321           3  0.89153661979542542       -1.1250596747434947        1.9272957211885537     
         322           4  3.09952897575422014E-002  -1.0509558200593863        1.9284173548780954     
         323           5  0.94173601274090157       -1.8993262718334853        1.1422706391992106     
         324           6  5.72482769453407023E-002  -1.9341909923655787        1.0403762069752047     
         325           1  0.91400282287128831       -2.0132892709923489        2.0365932336402151     
         326           2  0.16777391906597100       -1.9721403229468866        2.9341009617657816     
         327           3  0.89153661979542542       -1.1250596747434947        2.9272957211885537     
         328           4  3.09952897575422014E-002  -1.0509558200593863        2.9284173548780954     
         329           5  0.94173601274090157       -1.8993262718334853        2.1422706391992103     
         330           6  5.72482769453407023E-002  -1.9341909923655787        2.0403762069752047     
         331           1  0.91400282287128831       -1.0132892709923487       -1.9634067663597847     
         332           2  0.16777391906597100      -0.97214032294688657       -1.0658990382342184     
         333           3  0.89153661979542542      -0.12505967474349466       -1.0727042788114463     
         334           4  3.09952897575422014E-002 -5.09558200593861477E-002  -1.0715826451219046     
         335           5  0.94173601274090157      -0.89932627183348535       -1.8577293608007894     
         336           6  5.72482769453407023E-002 -0.93419099236557857       -1.9596237930247953     
         337           1  0.91400282287128831       -1.0132892709923487      -0.96340676635978484     
         338           2  0.16777391906597100      -0.97214032294688657      -6.58990382342182768E-002
         339           3  0.89153661979542542      -0.12505967474349466      -7.27042788114463656E-002
         340           4  3.09952897575422014E-002 -5.09558200593861477E-002 -7.15826451219047089E-002
         341           5  0.94173601274090157      -0.89932627183348535      -0.85772936080078943     
         342           6  5.72482769453407023E-002 -0.93419099236557857      -0.95962379302479528     
         343           1  0.91400282287128831       -1.0132892709923487       3.65932336402152031E-002
         344           2  0.16777391906597100      -0.97214032294688657       0.93410096176578172     
         345           3  0.89153661979542542      -0.12505967474349466       0.92729572118855363     
         346           4  3.09952897575422014E-002 -5.09558200593861477E-002  0.92841735487809529     
         347           5  0.94173601274090157      -0.89932627183348535       0.14227063919921051     
         348           6  5.72482769453407023E-002 -0.93419099236557857       4.03762069752046995E-002
         349           1  0.91400282287128831       -1.0132892709923487        1.0365932336402153     
         350           2  0.16777391906597100      -0.97214032294688657        1.9341009617657816     
         351           3  0.89153661979542542      -0.12505967474349466        1.9272957211885537     
         352           4  3.09952897575422014E-002 -5.09558200593861477E-002   1.9284173548780954     
         353           5  0.94173601274090157      -0.89932627183348535        1.1422706391992106     
         354           6  5.72482769453407023E-002 -0.93419099236557857        1.0403762069752047     
         355           1  0.91400282287128831       -1.0132892709923487        2.0365932336402151     
         356           2  0.16777391906597100      -0.97214032294688657        2.9341009617657816     
         357           3  0.89153661979542542      -0.12505967474349466        2.9272957211885537     
         358           4  3.09952897575422014E-002 -5.09558200593861477E-002   2.9284173548780954     
         359           5  0.94173601274090157      -0.89932627183348535        2.1422706391992103     
         360           6  5.72482769453407023E-002 -0.93419099236557857        2.0403762069752047     
         361           1  0.91400282287128831      -1.32892709923487003E-002  -1.9634067663597847     
         362           2  0.16777391906597100       2.78596770531133985E-002  -1.0658990382342184     
         363           3  0.89153661979542542       0.87494032525650534       -1.0727042788114463     
         364           4  3.09952897575422014E-002  0.94904417994061385       -1.0715826451219046     
         365           5  0.94173601274090157       0.10067372816651469       -1.8577293608007894     
         366           6  5.72482769453407023E-002  6.58090076344213931E-002  -1.9596237930247953     
         367           1  0.91400282287128831      -1.32892709923487003E-002 -0.96340676635978484     
         368           2  0.16777391906597100       2.78596770531133985E-002 -6.58990382342182768E-002
         369           3  0.89153661979542542       0.87494032525650534      -7.27042788114463656E-002
         370           4  3.09952897575422014E-002  0.94904417994061385      -7.15826451219047089E-002
         371           5  0.94173601274090157       0.10067372816651469      -0.85772936080078943     
         372           6  5.72482769453407023E-002  6.58090076344213931E-002 -0.95962379302479528     
         373           1  0.91400282287128831      -1.32892709923487003E-002  3.65932336402152031E-002
         374           2  0.16777391906597100       2.78596770531133985E-002  0.93410096176578172     
         375           3  0.89153661979542542       0.87494032525650534       0.92729572118855363     
         376           4  3.09952897575422014E-002  0.94904417994061385       0.92841735487809529     
         377           5  0.94173601274090157       0.10067372816651469       0.14227063919921051     
         378           6  5.72482769453407023E-002  6.58090076344213931E-002  4.03762069752046995E-002
         379           1  0.91400282287128831      -1.32892709923487003E-002   1.0365932336402153     
         380           2  0.16777391906597100       2.78596770531133985E-002   1.9341009617657816     
         381           3  0.89153661979542542       0.87494032525650534        1.9272957211885537     
         382           4  3.09952897575422014E-002  0.94904417994061385        1.9284173548780954     
         383           5  0.94173601274090157       0.10067372816651469        1.1422706391992106     
         384           6  5.72482769453407023E-002  6.58090076344213931E-002   1.0403762069752047     
         385           1  0.91400282287128831      -1.32892709923487003E-002   2.0365932336402151     
         386           2  0.16777391906597100       2.78596770531133985E-002   2.9341009617657816     
         387           3  0.89153661979542542       0.87494032525650534        2.9272957211885537     
         388           4  3.09952897575422014E-002  0.94904417994061385        2.9284173548780954     
         389           5  0.94173601274090157       0.10067372816651469        2.1422706391992103     
         390           6  5.72482769453407023E-002  6.58090076344213931E-002   2.0403762069752047     
         391           1  0.91400282287128831       0.98671072900765133       -1.9634067663597847     
         392           2  0.16777391906597100        1.0278596770531134       -1.0658990382342184     
         393           3  0.89153661979542542        1.8749403252565053       -1.0727042788114463     
         394           4  3.09952897575422014E-002   1.9490441799406137       -1.0715826451219046     
         395           5  0.94173601274090157        1.1006737281665147       -1.8577293608007894     
         396           6  5.72482769453407023E-002   1.0658090076344213       -1.9596237930247953     
         397           1  0.91400282287128831       0.98671072900765133      -0.96340676635978484     
         398           2  0.16777391906597100        1.0278596770531134      -6.58990382342182768E-002
         399           3  0.89153661979542542        1.8749403252565053      -7.27042788114463656E-002
         400           4  3.09952897575422014E-002   1.9490441799406137      -7.15826451219047089E-002
         401           5  0.94173601274090157        1.1006737281665147      -0.85772936080078943     
         402           6  5.72482769453407023E-002   1.0658090076344213      -0.95962379302479528     
         403           1  0.91400282287128831       0.98671072900765133       3.65932336402152031E-002
         404           2  0.16777391906597100        1.0278596770531134       0.93410096176578172     
         405           3  0.89153661979542542        1.8749403252565053       0.92729572118855363     
         406           4  3.09952897575422014E-002   1.9490441799406137       0.92841735487809529     
         407           5  0.94173601274090157        1.1006737281665147       0.14227063919921051     
         408           6  5.72482769453407023E-002   1.0658090076344213       4.03762069752046995E-002
         409           1  0.91400282287128831       0.98671072900765133        1.0365932336402153     
         410           2  0.16777391906597100        1.0278596770531134        1.9341009617657816     
         411           3  0.89153661979542542        1.8749403252565053        1.9272957211885537     
         412           4  3.09952897575422014E-002   1.9490441799406137        1.9284173548780954     
         413           5  0.94173601274090157        1.1006737281665147        1.1422706391992106     
         414           6  5.72482769453407023E-002   1.0658090076344213        1.0403762069752047     
         415           1  0.91400282287128831       0.98671072900765133        2.0365932336402151     
         416           2  0.16777391906597100        1.0278596770531134        2.9341009617657816     
         417           3  0.89153661979542542        1.8749403252565053        2.9272957211885537     
         418           4  3.09952897575422014E-002   1.9490441799406137        2.9284173548780954     
         419           5  0.94173601274090157        1.1006737281665147        2.1422706391992103     
         420           6  5.72482769453407023E-002   1.0658090076344213        2.0403762069752047     
         421           1  0.91400282287128831        1.9867107290076513       -1.9634067663597847     
         422           2  0.16777391906597100        2.0278596770531134       -1.0658990382342184     
         423           3  0.89153661979542542        2.8749403252565053       -1.0727042788114463     
         424           4  3.09952897575422014E-002   2.9490441799406137       -1.0715826451219046     
         425           5  0.94173601274090157        2.1006737281665147       -1.8577293608007894     
         426           6  5.72482769453407023E-002   2.0658090076344213       -1.9596237930247953     
         427           1  0.91400282287128831        1.9867107290076513      -0.96340676635978484     
         428           2  0.16777391906597100        2.0278596770531134      -6.58990382342182768E-002
         429           3  0.89153661979542542        2.8749403252565053      -7.27042788114463656E-002
         430           4  3.09952897575422014E-002   2.9490441799406137      -7.15826451219047089E-002
         431           5  0.94173601274090157        2.1006737281665147      -0.85772936080078943     
         432           6  5.72482769453407023E-002   2.0658090076344213      -0.95962379302479528     
         433           1  0.91400282287128831        1.9867107290076513       3.65932336402152031E-002
         434           2  0.16777391906597100        2.0278596770531134       0.93410096176578172     
         435           3  0.89153661979542542        2.8749403252565053       0.92729572118855363     
         436           4  3.09952897575422014E-002   2.9490441799406137       0.92841735487809529     
         437           5  0.94173601274090157        2.1006737281665147       0.14227063919921051     
         438           6  5.72482769453407023E-002   2.0658090076344213       4.03762069752046995E-002
         439           1  0.91400282287128831        1.9867107290076513        1.0365932336402153     
         440           2  0.16777391906597100        2.0278596770531134        1.9341009617657816     
         441           3  0.89153661979542542        2.8749403252565053        1.9272957211885537     
         442           4  3.09952897575422014E-002   2.9490441799406137        1.9284173548780954     
         443           5  0.94173601274090157        2.1006737281665147        1.1422706391992106     
         444           6  5.72482769453407023E-002   2.0658090076344213        1.0403762069752047     
         445           1  0.91400282287128831        1.9867107290076513        2.0365932336402151     
         446           2  0.16777391906597100        2.0278596770531134        2.9341009617657816     
         447           3  0.89153661979542542        2.8749403252565053        2.9272957211885537     
         448           4  3.09952897575422014E-002   2.9490441799406137        2.9284173548780954     
         449           5  0.94173601274090157        2.1006737281665147        2.1422706391992103     
         450           6  5.72482769453407023E-002   2.0658090076344213        2.0403762069752047     
         451           1   1.9140028228712884       -2.0132892709923489       -1.9634067663597847     
         452           2   1.1677739190659711       -1.9721403229468866       -1.0658990382342184     
         453           3   1.8915366197954255       -1.1250596747434947       -1.0727042788114463     
         454           4   1.0309952897575423       -1.0509558200593863       -1.0715826451219046     
         455           5   1.9417360127409016       -1.8993262718334853       -1.8577293608007894     
         456           6   1.0572482769453406       -1.9341909923655787       -1.9596237930247953     
         457           1   1.9140028228712884       -2.0132892709923489      -0.96340676635978484     
         458           2   1.1677739190659711       -1.9721403229468866      -6.58990382342182768E-002
         459           3   1.8915366197954255       -1.1250596747434947      -7.27042788114463656E-002
         460           4   1.0309952897575423       -1.0509558200593863      -7.15826451219047089E-002
         461           5   1.9417360127409016       -1.8993262718334853      -0.85772936080078943     
         462           6   1.0572482769453406       -1.9341909923655787      -0.95962379302479528     
         463           1   1.9140028228712884       -2.0132892709923489       3.65932336402152031E-002
         464           2   1.1677739190659711       -1.9721403229468866       0.93410096176578172     
         465           3   1.8915366197954255       -1.1250596747434947       0.92729572118855363     
         466           4   1.0309952897575423       -1.0509558200593863       0.92841735487809529     
         467           5   1.9417360127409016       -1.8993262718334853       0.14227063919921051     
         468           6   1.0572482769453406       -1.9341909923655787       4.03762069752046995E-002
         469           1   1.9140028228712884       -2.0132892709923489        1.0365932336402153     
         470           2   1.1677739190659711       -1.9721403229468866        1.9341009617657816     
         471           3   1.8915366197954255       -1.1250596747434947        1.9272957211885537     
         472           4   1.0309952897575423       -1.0509558200593863        1.9284173548780954     
         473           5   1.9417360127409016       -1.8993262718334853        1.1422706391992106     
         474           6   1.0572482769453406       -1.9341909923655787        1.0403762069752047     
         475           1   1.9140028228712884       -2.0132892709923489        2.0365932336402151     
         476           2   1.1677739190659711       -1.9721403229468866        2.9341009617657816     
         477           3   1.8915366197954255       -1.1250596747434947        2.9272957211885537     
         478           4   1.0309952897575423       -1.0509558200593863        2.9284173548780954     
         479           5   1.9417360127409016       -1.8993262718334853        2.1422706391992103     
         480           6   1.0572482769453406       -1.9341909923655787        2.0403762069752047     
         481           1   1.9140028228712884       -1.0132892709923487       -1.9634067663597847     
         482           2   1.1677739190659711      -0.97214032294688657       -1.0658990382342184     
         483           3   1.8915366197954255      -0.12505967474349466       -1.0727042788114463     
         484           4   1.0309952897575423      -5.09558200593861477E-002  -1.0715826451219046     
         485           5   1.9417360127409016      -0.89932627183348535       -1.8577293608007894     
         486           6   1.0572482769453406      -0.93419099236557857       -1.9596237930247953     
         487           1   1.9140028228712884       -1.0132892709923487      -0.96340676635978484     
         488           2   1.1677739190659711      -0.97214032294688657      -6.58990382342182768E-002
         489           3   1.8915366197954255      -0.12505967474349466      -7.27042788114463656E-002
         490           4   1.0309952897575423      -5.09558200593861477E-002 -7.15826451219047089E-002
         491           5   1.9417360127409016      -0.89932627183348535      -0.85772936080078943     
         492           6   1.0572482769453406      -0.93419099236557857      -0.95962379302479528     
         493           1   1.9140028228712884       -1.0132892709923487       3.65932336402152031E-002
         494           2   1.1677739190659711      -0.97214032294688657       0.93410096176578172     
         495           3   1.8915366197954255      -0.12505967474349466       0.92729572118855363     
         496           4   1.0309952897575423      -5.09558200593861477E-002  0.92841735487809529     
         497           5   1.9417360127409016      -0.89932627183348535       0.14227063919921051     
         498           6   1.0572482769453406      -0.93419099236557857       4.03762069752046995E-002
         499           1   1.9140028228712884       -1.0132892709923487        1.0365932336402153     
         500           2   1.1677739190659711      -0.97214032294688657        1.9341009617657816     
         501           3   1.8915366197954255      -0.12505967474349466        1.9272957211885537     
         502           4   1.0309952897575423      -5.09558200593861477E-002   1.9284173548780954     
         503           5   1.9417360127409016      -0.89932627183348535        1.1422706391992106     
         504           6   1.0572482769453406      -0.93419099236557857        1.0403762069752047     
         505           1   1.9140028228712884       -1.0132892709923487        2.0365932336402151     
         506           2   1.1677739190659711      -0.97214032294688657        2.9341009617657816     
         507           3   1.8915366197954255      -0.12505967474349466        2.9272957211885537     
         508           4   1.0309952897575423      -5.09558200593861477E-002   2.9284173548780954     
         509           5   1.9417360127409016      -0.89932627183348535        2.1422706391992103     
         510           6   1.0572482769453406      -0.93419099236557857        2.0403762069752047     
         511           1   1.9140028228712884      -1.32892709923487003E-002  -1.9634067663597847     
         512           2   1.1677739190659711       2.78596770531133985E-002  -1.0658990382342184     
         513           3   1.8915366197954255       0.87494032525650534       -1.0727042788114463     
         514           4   1.0309952897575423       0.94904417994061385       -1.0715826451219046     
         515           5   1.9417360127409016       0.10067372816651469       -1.8577293608007894     
         516           6   1.0572482769453406       6.58090076344213931E-002  -1.9596237930247953     
         517           1   1.9140028228712884      -1.32892709923487003E-002 -0.96340676635978484     
         518           2   1.1677739190659711       2.78596770531133985E-002 -6.58990382342182768E-002
         519           3   1.8915366197954255       0.87494032525650534      -7.27042788114463656E-002
         520           4   1.0309952897575423       0.94904417994061385      -7.15826451219047089E-002
         521           5   1.9417360127409016       0.10067372816651469      -0.85772936080078943     
         522           6   1.0572482769453406       6.58090076344213931E-002 -0.95962379302479528     
         523           1   1.9140028228712884      -1.32892709923487003E-002  3.65932336402152031E-002
         524           2   1.1677739190659711       2.78596770531133985E-002  0.93410096176578172     
         525           3   1.8915366197954255       0.87494032525650534       0.92729572118855363     
         526           4   1.0309952897575423       0.94904417994061385       0.92841735487809529     
         527           5   1.9417360127409016       0.10067372816651469       0.14227063919921051     
         528           6   1.0572482769453406       6.58090076344213931E-002  4.03762069752046995E-002
         529           1   1.9140028228712884      -1.32892709923487003E-002   1.0365932336402153     
         530           2   1.1677739190659711       2.78596770531133985E-002   1.9341009617657816     
         531           3   1.8915366197954255       0.87494032525650534        1.9272957211885537     
         532           4   1.0309952897575423       0.94904417994061385        1.9284173548780954     
         533           5   1.9417360127409016       0.10067372816651469        1.1422706391992106     
         534           6   1.0572482769453406       6.58090076344213931E-002   1.0403762069752047     
         535           1   1.9140028228712884      -1.32892709923487003E-002   2.0365932336402151     
         536           2   1.1677739190659711       2.78596770531133985E-002   2.9341009617657816     
         537           3   1.8915366197954255       0.87494032525650534        2.9272957211885537     
         538           4   1.0309952897575423       0.94904417994061385        2.9284173548780954     
         539           5   1.9417360127409016       0.10067372816651469        2.1422706391992103     
         540           6   1.0572482769453406       6.58090076344213931E-002   2.0403762069752047     
         541           1   1.9140028228712884       0.98671072900765133       -1.9634067663597847     
         542           2   1.1677739190659711        1.0278596770531134       -1.0658990382342184     
         543           3   1.8915366197954255        1.8749403252565053       -1.0727042788114463     
         544           4   1.0309952897575423        1.9490441799406137       -1.0715826451219046     
         545           5   1.9417360127409016        1.1006737281665147       -1.8577293608007894     
         546           6   1.0572482769453406        1.0658090076344213       -1.9596237930247953     
         547           1   1.9140028228712884       0.98671072900765133      -0.96340676635978484     
         548           2   1.1677739190659711        1.0278596770531134      -6.58990382342182768E-002
         549           3   1.8915366197954255        1.8749403252565053      -7.27042788114463656E-002
         550           4   1.0309952897575423        1.9490441799406137      -7.15826451219047089E-002
         551           5   1.9417360127409016        1.1006737281665147      -0.85772936080078943     
         552           6   1.0572482769453406        1.0658090076344213      -0.95962379302479528     
         553           1   1.9140028228712884       0.98671072900765133       3.65932336402152031E-002
         554           2   1.1677739190659711        1.0278596770531134       0.93410096176578172     
         555           3   1.8915366197954255        1.8749403252565053       0.92729572118855363     
         556           4   1.0309952897575423        1.9490441799406137       0.92841735487809529     
         557           5   1.9417360127409016        1.1006737281665147       0.14227063919921051     
         558           6   1.0572482769453406        1.0658090076344213       4.03762069752046995E-002
         559           1   1.9140028228712884       0.98671072900765133        1.0365932336402153     
         560           2   1.1677739190659711        1.0278596770531134        1.9341009617657816     
         561           3   1.8915366197954255        1.8749403252565053        1.9272957211885537     
         562           4   1.0309952897575423        1.9490441799406137        1.9284173548780954     
         563           5   1.9417360127409016        1.1006737281665147        1.1422706391992106     
         564           6   1.0572482769453406        1.0658090076344213        1.0403762069752047     
         565           1   1.9140028228712884       0.98671072900765133        2.0365932336402151     
         566           2   1.1677739190659711        1.0278596770531134        2.9341009617657816     
         567           3   1.8915366197954255        1.8749403252565053        2.9272957211885537     
         568           4   1.0309952897575423        1.9490441799406137        2.9284173548780954     
         569           5   1.9417360127409016        1.1006737281665147        2.1422706391992103     
         570           6   1.0572482769453406        1.0658090076344213        2.0403762069752047     
         571           1   1.9140028228712884        1.9867107290076513       -1.9634067663597847     
         572           2   1.1677739190659711        2.0278596770531134       -1.0658990382342184     
         573           3   1.8915366197954255        2.8749403252565053       -1.0727042788114463     
         574           4   1.0309952897575423        2.9490441799406137       -1.0715826451219046     
         575           5   1.9417360127409016        2.1006737281665147       -1.8577293608007894     
         576           6   1.0572482769453406        2.0658090076344213       -1.9596237930247953     
         577           1   1.9140028228712884        1.9867107290076513      -0.96340676635978484     
         578           2   1.1677739190659711        2.0278596770531134      -6.58990382342182768E-002
         579           3   1.8915366197954255        2.8749403252565053      -7.27042788114463656E-002
         580           4   1.0309952897575423        2.9490441799406137      -7.15826451219047089E-002
         581           5   1.9417360127409016        2.1006737281665147      -0.85772936080078943     
         582           6   1.0572482769453406        2.0658090076344213      -0.95962379302479528     
         583           1   1.9140028228712884        1.9867107290076513       3.65932336402152031E-002
         584           2   1.1677739190659711        2.0278596770531134       0.93410096176578172     
         585           3   1.8915366197954255        2.8749403252565053       0.92729572118855363     
         586           4   1.0309952897575423        2.9490441799406137       0.92841735487809529     
         587           5   1.9417360127409016        2.1006737281665147       0.14227063919921051     
         588           6   1.0572482769453406        2.0658090076344213       4.03762069752046995E-002
         589           1   1.9140028228712884        1.9867107290076513        1.0365932336402153     
         590           2   1.1677739190659711        2.0278596770531134        1.9341009617657816     
         591           3   1.8915366197954255        2.8749403252565053        1.9272957211885537     
         592           4   1.0309952897575423        2.9490441799406137        1.9284173548780954     
         593           5   1.9417360127409016        2.1006737281665147        1.1422706391992106     
         594           6   1.0572482769453406        2.0658090076344213        1.0403762069752047     
         595           1   1.9140028228712884        1.9867107290076513        2.0365932336402151     
         596           2   1.1677739190659711        2.0278596770531134        2.9341009617657816     
         597           3   1.8915366197954255        2.8749403252565053        2.9272957211885537     
         598           4   1.0309952897575423        2.9490441799406137        2.9284173548780954     
         599           5   1.9417360127409016        2.1006737281665147        2.1422706391992103     
         600           6   1.0572482769453406        2.0658090076344213        2.0403762069752047     
         601           1   2.9140028228712884       -2.0132892709923489       -1.9634067663597847     
         602           2   2.1677739190659708       -1.9721403229468866       -1.0658990382342184     
         603           3   2.8915366197954255       -1.1250596747434947       -1.0727042788114463     
         604           4   2.0309952897575423       -1.0509558200593863       -1.0715826451219046     
         605           5   2.9417360127409014       -1.8993262718334853       -1.8577293608007894     
         606           6   2.0572482769453408       -1.9341909923655787       -1.9596237930247953     
         607           1   2.9140028228712884       -2.0132892709923489      -0.96340676635978484     
         608           2   2.1677739190659708       -1.9721403229468866      -6.58990382342182768E-002
         609           3   2.8915366197954255       -1.1250596747434947      -7.27042788114463656E-002
         610           4   2.0309952897575423       -1.0509558200593863      -7.15826451219047089E-002
         611           5   2.9417360127409014       -1.8993262718334853      -0.85772936080078943     
         612           6   2.0572482769453408       -1.9341909923655787      -0.95962379302479528     
         613           1   2.9140028228712884       -2.0132892709923489       3.65932336402152031E-002
         614           2   2.1677739190659708       -1.9721403229468866       0.93410096176578172     
         615           3   2.8915366197954255       -1.1250596747434947       0.92729572118855363     
         616           4   2.0309952897575423       -1.0509558200593863       0.92841735487809529     
         617           5   2.9417360127409014       -1.8993262718334853       0.14227063919921051     
         618           6   2.0572482769453408       -1.9341909923655787       4.03762069752046995E-002
         619           1   2.9140028228712884       -2.0132892709923489        1.0365932336402153     
         620           2   2.1677739190659708       -1.9721403229468866        1.9341009617657816     
         621           3   2.8915366197954255       -1.1250596747434947        1.9272957211885537     
         622           4   2.0309952897575423       -1.0509558200593863        1.9284173548780954     
         623           5   2.9417360127409014       -1.8993262718334853        1.1422706391992106     
         624           6   2.0572482769453408       -1.9341909923655787        1.0403762069752047     
         625           1   2.9140028228712884       -2.0132892709923489        2.0365932336402151     
         626           2   2.1677739190659708       -1.9721403229468866        2.9341009617657816     
         627           3   2.8915366197954255       -1.1250596747434947        2.9272957211885537     
         628           4   2.0309952897575423       -1.0509558200593863        2.9284173548780954     
         629           5   2.9417360127409014       -1.8993262718334853        2.1422706391992103     
         630           6   2.0572482769453408       -1.9341909923655787        2.0403762069752047     
         631           1   2.9140028228712884       -1.0132892709923487       -1.9634067663597847     
         632           2   2.1677739190659708      -0.97214032294688657       -1.0658990382342184     
         633           3   2.8915366197954255      -0.12505967474349466       -1.0727042788114463     
         634           4   2.0309952897575423      -5.09558200593861477E-002  -1.0715826451219046     
         635           5   2.9417360127409014      -0.89932627183348535       -1.8577293608007894     
         636           6   2.0572482769453408      -0.93419099236557857       -1.9596237930247953     
         637           1   2.9140028228712884       -1.0132892709923487      -0.96340676635978484     
         638           2   2.1677739190659708      -0.97214032294688657      -6.58990382342182768E-002
         639           3   2.8915366197954255      -0.12505967474349466      -7.27042788114463656E-002
         640           4   2.0309952897575423      -5.09558200593861477E-002 -7.15826451219047089E-002
         641           5   2.9417360127409014      -0.89932627183348535      -0.85772936080078943     
         642           6   2.0572482769453408      -0.93419099236557857      -0.95962379302479528     
         643           1   2.9140028228712884       -1.0132892709923487       3.65932336402152031E-002
         644           2   2.1677739190659708      -0.97214032294688657       0.93410096176578172     
         645           3   2.8915366197954255      -0.12505967474349466       0.92729572118855363     
         646           4   2.0309952897575423      -5.09558200593861477E-002  0.92841735487809529     
         647           5   2.9417360127409014      -0.89932627183348535       0.14227063919921051     
         648           6   2.0572482769453408      -0.93419099236557857       4.03762069752046995E-002
         649           1   2.9140028228712884       -1.0132892709923487        1.0365932336402153     
         650           2   2.1677739190659708      -0.97214032294688657        1.9341009617657816     
         651           3   2.8915366197954255      -0.12505967474349466        1.9272957211885537     
         652           4   2.0309952897575423      -5.09558200593861477E-002   1.9284173548780954     
         653           5   2.9417360127409014      -0.89932627183348535        1.1422706391992106     
         654           6   2.0572482769453408      -0.93419099236557857        1.0403762069752047     
         655           1   2.9140028228712884       -1.0132892709923487        2.0365932336402151     
         656           2   2.1677739190659708      -0.97214032294688657        2.9341009617657816     
         657           3   2.8915366197954255      -0.12505967474349466        2.9272957211885537     
         658           4   2.0309952897575423      -5.09558200593861477E-002   2.9284173548780954     
         659           5   2.9417360127409014      -0.89932627183348535        2.1422706391992103     
         660           6   2.0572482769453408      -0.93419099236557857        2.0403762069752047     
         661           1   2.9140028228712884      -1.32892709923487003E-002  -1.9634067663597847     
         662           2   2.1677739190659708       2.78596770531133985E-002  -1.0658990382342184     
         663           3   2.8915366197954255       0.87494032525650534       -1.0727042788114463     
         664           4   2.0309952897575423       0.94904417994061385       -1.0715826451219046     
         665           5   2.9417360127409014       0.10067372816651469       -1.8577293608007894     
         666           6   2.0572482769453408       6.58090076344213931E-002  -1.9596237930247953     
         667           1   2.9140028228712884      -1.32892709923487003E-002 -0.96340676635978484     
         668           2   2.1677739190659708       2.78596770531133985E-002 -6.58990382342182768E-002
         669           3   2.8915366197954255       0.87494032525650534      -7.27042788114463656E-002
         670           4   2.0309952897575423       0.94904417994061385      -7.15826451219047089E-002
         671           5   2.9417360127409014       0.10067372816651469      -0.85772936080078943     
         672           6   2.0572482769453408       6.58090076344213931E-002 -0.95962379302479528     
         673           1   2.9140028228712884      -1.32892709923487003E-002  3.65932336402152031E-002
         674           2   2.1677739190659708       2.78596770531133985E-002  0.93410096176578172     
         675           3   2.8915366197954255       0.87494032525650534       0.92729572118855363     
         676           4   2.0309952897575423       0.94904417994061385       0.92841735487809529     
         677           5   2.9417360127409014       0.10067372816651469       0.14227063919921051     
         678           6   2.0572482769453408       6.58090076344213931E-002  4.03762069752046995E-002
         679           1   2.9140028228712884      -1.32892709923487003E-002   1.0365932336402153     
         680           2   2.1677739190659708       2.78596770531133985E-002   1.9341009617657816     
         681           3   2.8915366197954255       0.87494032525650534        1.9272957211885537     
         682           4   2.0309952897575423       0.94904417994061385        1.9284173548780954     
         683           5   2.9417360127409014       0.10067372816651469        1.1422706391992106     
         684           6   2.0572482769453408       6.58090076344213931E-002   1.0403762069752047     
         685           1   2.9140028228712884      -1.32892709923487003E-002   2.0365932336402151     
         686           2   2.1677739190659708       2.78596770531133985E-002   2.9341009617657816     
         687           3   2.8915366197954255       0.87494032525650534        2.9272957211885537     
         688           4   2.0309952897575423       0.94904417994061385        2.9284173548780954     
         689           5   2.9417360127409014       0.10067372816651469        2.1422706391992103     
         690           6   2.0572482769453408       6.58090076344213931E-002   2.0403762069752047     
         691           1   2.9140028228712884       0.98671072900765133       -1.9634067663597847     
         692           2   2.1677739190659708        1.0278596770531134       -1.0658990382342184     
         693           3   2.8915366197954255        1.8749403252565053       -1.0727042788114463     
         694           4   2.0309952897575423        1.9490441799406137       -1.0715826451219046     
         695           5   2.9417360127409014        1.1006737281665147       -1.8577293608007894     
         696           6   2.0572482769453408        1.0658090076344213       -1.9596237930247953     
         697           1   2.9140028228712884       0.98671072900765133      -0.96340676635978484     
         698           2   2.1677739190659708        1.0278596770531134      -6.58990382342182768E-002
         699           3   2.8915366197954255        1.8749403252565053      -7.27042788114463656E-002
         700           4   2.0309952897575423        1.9490441799406137      -7.15826451219047089E-002
         701           5   2.9417360127409014        1.1006737281665147      -0.85772936080078943     
         702           6   2.0572482769453408        1.0658090076344213      -0.95962379302479528     
         703           1   2.9140028228712884       0.98671072900765133       3.65932336402152031E-002
         704           2   2.1677739190659708        1.0278596770531134       0.93410096176578172     
         705           3   2.8915366197954255        1.8749403252565053       0.92729572118855363     
         706           4   2.0309952897575423        1.9490441799406137       0.92841735487809529     
         707           5   2.9417360127409014        1.1006737281665147       0.14227063919921051     
         708           6   2.0572482769453408        1.0658090076344213       4.03762069752046995E-002
         709           1   2.9140028228712884       0.98671072900765133        1.0365932336402153     
         710           2   2.1677739190659708        1.0278596770531134        1.9341009617657816     
         711           3   2.8915366197954255        1.8749403252565053        1.9272957211885537     
         712           4   2.0309952897575423        1.9490441799406137        1.9284173548780954     
         713           5   2.9417360127409014        1.1006737281665147        1.1422706391992106     
         714           6   2.0572482769453408        1.0658090076344213        1.0403762069752047     
         715           1   2.9140028228712884       0.98671072900765133        2.0365932336402151     
         716           2   2.1677739190659708        1.0278596770531134        2.9341009617657816     
         717           3   2.8915366197954255        1.8749403252565053        2.9272957211885537     
         718           4   2.0309952897575423        1.9490441799406137        2.9284173548780954     
         719           5   2.9417360127409014        1.1006737281665147        2.1422706391992103     
         720           6   2.0572482769453408        1.0658090076344213        2.0403762069752047     
         721           1   2.9140028228712884        1.9867107290076513       -1.9634067663597847     
         722           2   2.1677739190659708        2.0278596770531134       -1.0658990382342184     
         723           3   2.8915366197954255        2.8749403252565053       -1.0727042788114463     
         724           4   2.0309952897575423        2.9490441799406137       -1.0715826451219046     
         725           5   2.9417360127409014        2.1006737281665147       -1.8577293608007894     
         726           6   2.0572482769453408        2.0658090076344213       -1.9596237930247953     
         727           1   2.9140028228712884        1.9867107290076513      -0.96340676635978484     
         728           2   2.1677739190659708        2.0278596770531134      -6.58990382342182768E-002
         729           3   2.8915366197954255        2.8749403252565053      -7.27042788114463656E-002
         730           4   2.0309952897575423        2.9490441799406137      -7.15826451219047089E-002
         731           5   2.9417360127409014        2.1006737281665147      -0.85772936080078943     
         732           6   2.0572482769453408        2.0658090076344213      -0.95962379302479528     
         733           1   2.9140028228712884        1.9867107290076513       3.65932336402152031E-002
         734           2   2.1677739190659708        2.0278596770531134       0.93410096176578172     
         735           3   2.8915366197954255        2.8749403252565053       0.92729572118855363     
         736           4   2.0309952897575423        2.9490441799406137       0.92841735487809529     
         737           5   2.9417360127409014        2.1006737281665147       0.14227063919921051     
         738           6   2.0572482769453408        2.0658090076344213       4.03762069752046995E-002
         739           1   2.9140028228712884        1.9867107290076513        1.0365932336402153     
         740           2   2.1677739190659708        2.0278596770531134        1.9341009617657816     
         741           3   2.8915366197954255        2.8749403252565053        1.9272957211885537     
         742           4   2.0309952897575423        2.9490441799406137        1.9284173548780954     
         743           5   2.9417360127409014        2.1006737281665147        1.1422706391992106     
         744           6   2.0572482769453408        2.0658090076344213        1.0403762069752047     
         745           1   2.9140028228712884        1.9867107290076513        2.0365932336402151     
         746           2   2.1677739190659708        2.0278596770531134        2.9341009617657816     
         747           3   2.8915366197954255        2.8749403252565053        2.9272957211885537     
         748           4   2.0309952897575423        2.9490441799406137        2.9284173548780954     
         749           5   2.9417360127409014        2.1006737281665147        2.1422706391992103     
         750           6   2.0572482769453408        2.0658090076344213        2.0403762069752047     
         750
   15.538047988811901      -0.22591760686992790       0.62208497188365841     
   2.8521566241215068       0.47361450990292775        15.879716350018290     
   15.156122536522233        14.873985529360590        15.764027260205411     
  0.52691992587821745        16.133751058990434        15.783095032927619     
   16.009512216595326        1.7114533788307498        2.4186008663865786     
  0.97322070807079197        1.1187531297851636       0.68639551857847991     
  -18.461952011188096       -34.225917606869928       -33.377915028116341     
  -31.147843375878491       -33.526385490097070       -18.120283649981712     
  -18.843877463477767       -19.126014470639408       -18.235972739794587     
  -33.473080074121782       -17.866248941009566       -18.216904967072377     
  -17.990487783404674       -32.288546621169253       -31.581399133613420     
  -33.026779291929209       -32.881246870214838       -33.313604481421521     
  -18.461952011188096       -34.225917606869928       -16.377915028116341     
  -31.147843375878491       -33.526385490097070       -1.1202836499817108     
  -18.843877463477767       -19.126014470639408       -1.2359727397945881     
  -33.473080074121782       -17.866248941009566       -1.2169049670723799     
  -17.990487783404674       -32.288546621169253       -14.581399133613420     
  -33.026779291929209       -32.881246870214838       -16.313604481421521     
  -18.461952011188096       -34.225917606869928       0.62208497188365841     
  -31.147843375878491       -33.526385490097070        15.879716350018290     
  -18.843877463477767       -19.126014470639408        15.764027260205411     
  -33.473080074121782       -17.866248941009566        15.783095032927619     
  -17.990487783404674       -32.288546621169253        2.4186008663865786     
  -33.026779291929209       -32.881246870214838       0.68639551857847991     
  -18.461952011188096       -34.225917606869928        17.622084971883659     
  -31.147843375878491       -33.526385490097070        32.879716350018285     
  -18.843877463477767       -19.126014470639408        32.764027260205417     
  -33.473080074121782       -17.866248941009566        32.783095032927619     
  -17.990487783404674       -32.288546621169253        19.418600866386580     
  -33.026779291929209       -32.881246870214838        17.686395518578479     
  -18.461952011188096       -34.225917606869928        34.622084971883659     
  -31.147843375878491       -33.526385490097070        49.879716350018285     
  -18.843877463477767       -19.126014470639408        49.764027260205417     
  -33.473080074121782       -17.866248941009566        49.783095032927619     
  -17.990487783404674       -32.288546621169253        36.418600866386576     
  -33.026779291929209       -32.881246870214838        34.686395518578479     
  -18.461952011188096       -17.225917606869928       -33.377915028116341     
  -31.147843375878491       -16.526385490097070       -18.120283649981712     
  -18.843877463477767       -2.1260144706394093       -18.235972739794587     
  -33.473080074121782      -0.86624894100956451       -18.216904967072377     
  -17.990487783404674       -15.288546621169251       -31.581399133613420     
  -33.026779291929209       -15.881246870214836       -33.313604481421521     
  -18.461952011188096       -17.225917606869928       -16.377915028116341     
  -31.147843375878491       -16.526385490097070       -1.1202836499817108     
  -18.843877463477767       -2.1260144706394093       -1.2359727397945881     
  -33.473080074121782      -0.86624894100956451       -1.2169049670723799     
  -17.990487783404674       -15.288546621169251       -14.581399133613420     
  -33.026779291929209       -15.881246870214836       -16.313604481421521     
  -18.461952011188096       -17.225917606869928       0.62208497188365841     
  -31.147843375878491       -16.526385490097070        15.879716350018290     
  -18.843877463477767       -2.1260144706394093        15.764027260205411     
  -33.473080074121782      -0.86624894100956451        15.783095032927619     
  -17.990487783404674       -15.288546621169251        2.4186008663865786     
  -33.026779291929209       -15.881246870214836       0.68639551857847991     
  -18.461952011188096       -17.225917606869928        17.622084971883659     
  -31.147843375878491       -16.526385490097070        32.879716350018285     
  -18.843877463477767       -2.1260144706394093        32.764027260205417     
  -33.473080074121782      -0.86624894100956451        32.783095032927619     
  -17.990487783404674       -15.288546621169251        19.418600866386580     
  -33.026779291929209       -15.881246870214836        17.686395518578479     
  -18.461952011188096       -17.225917606869928        34.622084971883659     
  -31.147843375878491       -16.526385490097070        49.879716350018285     
  -18.843877463477767       -2.1260144706394093        49.764027260205417     
  -33.473080074121782      -0.86624894100956451        49.783095032927619     
  -17.990487783404674       -15.288546621169251        36.418600866386576     
  -33.026779291929209       -15.881246870214836        34.686395518578479     
  -18.461952011188096      -0.22591760686992790       -33.377915028116341     
  -31.147843375878491       0.47361450990292775       -18.120283649981712     
  -18.843877463477767        14.873985529360590       -18.235972739794587     
  -33.473080074121782        16.133751058990434       -18.216904967072377     
  -17.990487783404674        1.7114533788307498       -31.581399133613420     
  -33.026779291929209        1.1187531297851636       -33.313604481421521     
  -18.461952011188096      -0.22591760686992790       -16.377915028116341     
  -31.147843375878491       0.47361450990292775       -1.1202836499817108     
  -18.843877463477767        14.873985529360590       -1.2359727397945881     
  -33.473080074121782        16.133751058990434       -1.2169049670723799     
  -17.990487783404674        1.7114533788307498       -14.581399133613420     
  -33.026779291929209        1.1187531297851636       -16.313604481421521     
  -18.461952011188096      -0.22591760686992790       0.62208497188365841     
  -31.147843375878491       0.47361450990292775        15.879716350018290     
  -18.843877463477767        14.873985529360590        15.764027260205411     
  -33.473080074121782        16.133751058990434        15.783095032927619     
  -17.990487783404674        1.7114533788307498        2.4186008663865786     
  -33.026779291929209        1.1187531297851636       0.68639551857847991     
  -18.461952011188096      -0.22591760686992790        17.622084971883659     
  -31.147843375878491       0.47361450990292775        32.879716350018285     
  -18.843877463477767        14.873985529360590        32.764027260205417     
  -33.473080074121782        16.133751058990434        32.783095032927619     
  -17.990487783404674        1.7114533788307498        19.418600866386580     
  -33.026779291929209        1.1187531297851636        17.686395518578479     
  -18.461952011188096      -0.22591760686992790        34.622084971883659     
  -31.147843375878491       0.47361450990292775        49.879716350018285     
  -18.843877463477767        14.873985529360590        49.764027260205417     
  -33.473080074121782        16.133751058990434        49.783095032927619     
  -17.990487783404674        1.7114533788307498        36.418600866386576     
  -33.026779291929209        1.1187531297851636        34.686395518578479     
  -18.461952011188096        16.774082393130072       -33.377915028116341     
  -31.147843375878491        17.473614509902930       -18.120283649981712     
  -18.843877463477767        31.873985529360592       -18.235972739794587     
  -33.473080074121782        33.133751058990434       -18.216904967072377     
  -17.990487783404674        18.711453378830750       -31.581399133613420     
  -33.026779291929209        18.118753129785162       -33.313604481421521     
  -18.461952011188096        16.774082393130072       -16.377915028116341     
  -31.147843375878491        17.473614509902930       -1.1202836499817108     
  -18.843877463477767        31.873985529360592       -1.2359727397945881     
  -33.473080074121782        33.133751058990434       -1.2169049670723799     
  -17.990487783404674        18.711453378830750       -14.581399133613420     
  -33.026779291929209        18.118753129785162       -16.313604481421521     
  -18.461952011188096        16.774082393130072       0.62208497188365841     
  -31.147843375878491        17.473614509902930        15.879716350018290     
  -18.843877463477767        31.873985529360592        15.764027260205411     
  -33.473080074121782        33.133751058990434        15.783095032927619     
  -17.990487783404674        18.711453378830750        2.4186008663865786     
  -33.026779291929209        18.118753129785162       0.68639551857847991     
  -18.461952011188096        16.774082393130072        17.622084971883659     
  -31.147843375878491        17.473614509902930        32.879716350018285     
  -18.843877463477767        31.873985529360592        32.764027260205417     
  -33.473080074121782        33.133751058990434        32.783095032927619     
  -17.990487783404674        18.711453378830750        19.418600866386580     
  -33.026779291929209        18.118753129785162        17.686395518578479     
  -18.461952011188096        16.774082393130072        34.622084971883659     
  -31.147843375878491        17.473614509902930        49.879716350018285     
  -18.843877463477767        31.873985529360592        49.764027260205417     
  -33.473080074121782        33.133751058990434        49.783095032927619     
  -17.990487783404674        18.711453378830750        36.418600866386576     
  -33.026779291929209        18.118753129785162        34.686395518578479     
  -18.461952011188096        33.774082393130072       -33.377915028116341     
  -31.147843375878491        34.473614509902930       -18.120283649981712     
  -18.843877463477767        48.873985529360588       -18.235972739794587     
  -33.473080074121782        50.133751058990434       -18.216904967072377     
  -17.990487783404674        35.711453378830747       -31.581399133613420     
  -33.026779291929209        35.118753129785162       -33.313604481421521     
  -18.461952011188096        33.774082393130072       -16.377915028116341     
  -31.147843375878491        34.473614509902930       -1.1202836499817108     
  -18.843877463477767        48.873985529360588       -1.2359727397945881     
  -33.473080074121782        50.133751058990434       -1.2169049670723799     
  -17.990487783404674        35.711453378830747       -14.581399133613420     
  -33.026779291929209        35.118753129785162       -16.313604481421521     
  -18.461952011188096        33.774082393130072       0.62208497188365841     
  -31.147843375878491        34.473614509902930        15.879716350018290     
  -18.843877463477767        48.873985529360588        15.764027260205411     
  -33.473080074121782        50.133751058990434        15.783095032927619     
  -17.990487783404674        35.711453378830747        2.4186008663865786     
  -33.026779291929209        35.118753129785162       0.68639551857847991     
  -18.461952011188096        33.774082393130072        17.622084971883659     
  -31.147843375878491        34.473614509902930        32.879716350018285     
  -18.843877463477767        48.873985529360588        32.764027260205417     
  -33.473080074121782        50.133751058990434        32.783095032927619     
  -17.990487783404674        35.711453378830747        19.418600866386580     
  -33.026779291929209        35.118753129785162        17.686395518578479     
  -18.461952011188096        33.774082393130072        34.622084971883659     
  -31.147843375878491        34.473614509902930        49.879716350018285     
  -18.843877463477767        48.873985529360588        49.764027260205417     
  -33.473080074121782        50.133751058990434        49.783095032927619     
  -17.990487783404674        35.711453378830747        36.418600866386576     
  -33.026779291929209        35.118753129785162        34.686395518578479     
  -1.4619520111880986       -34.225917606869928       -33.377915028116341     
  -14.147843375878493       -33.526385490097070       -18.120283649981712     
  -1.8438774634777677       -19.126014470639408       -18.235972739794587     
  -16.473080074121782       -17.866248941009566       -18.216904967072377     
 -0.99048778340467325       -32.288546621169253       -31.581399133613420     
  -16.026779291929209       -32.881246870214838       -33.313604481421521     
  -1.4619520111880986       -34.225917606869928       -16.377915028116341     
  -14.147843375878493       -33.526385490097070       -1.1202836499817108     
  -1.8438774634777677       -19.126014470639408       -1.2359727397945881     
  -16.473080074121782       -17.866248941009566       -1.2169049670723799     
 -0.99048778340467325       -32.288546621169253       -14.581399133613420     
  -16.026779291929209       -32.881246870214838       -16.313604481421521     
  -1.4619520111880986       -34.225917606869928       0.62208497188365841     
  -14.147843375878493       -33.526385490097070        15.879716350018290     
  -1.8438774634777677       -19.126014470639408        15.764027260205411     
  -16.473080074121782       -17.866248941009566        15.783095032927619     
 -0.99048778340467325       -32.288546621169253        2.4186008663865786     
  -16.026779291929209       -32.881246870214838       0.68639551857847991     
  -1.4619520111880986       -34.225917606869928        17.622084971883659     
  -14.147843375878493       -33.526385490097070        32.879716350018285     
  -1.8438774634777677       -19.126014470639408        32.764027260205417     
  -16.473080074121782       -17.866248941009566        32.783095032927619     
 -0.99048778340467325       -32.288546621169253        19.418600866386580     
  -16.026779291929209       -32.881246870214838        17.686395518578479     
  -1.4619520111880986       -34.225917606869928        34.622084971883659     
  -14.147843375878493       -33.526385490097070        49.879716350018285     
  -1.8438774634777677       -19.126014470639408        49.764027260205417     
  -16.473080074121782       -17.866248941009566        49.783095032927619     
 -0.99048778340467325       -32.288546621169253        36.418600866386576     
  -16.026779291929209       -32.881246870214838        34.686395518578479     
  -1.4619520111880986       -17.225917606869928       -33.377915028116341     
  -14.147843375878493       -16.526385490097070       -18.120283649981712     
  -1.8438774634777677       -2.1260144706394093       -18.235972739794587     
  -16.473080074121782      -0.86624894100956451       -18.216904967072377     
 -0.99048778340467325       -15.288546621169251       -31.581399133613420     
  -16.026779291929209       -15.881246870214836       -33.313604481421521     
  -1.4619520111880986       -17.225917606869928       -16.377915028116341     
  -14.147843375878493       -16.526385490097070       -1.1202836499817108     
  -1.8438774634777677       -2.1260144706394093       -1.2359727397945881     
  -16.473080074121782      -0.86624894100956451       -1.2169049670723799     
 -0.99048778340467325       -15.288546621169251       -14.581399133613420     
  -16.026779291929209       -15.881246870214836       -16.313604481421521     
  -1.4619520111880986       -17.225917606869928       0.62208497188365841     
  -14.147843375878493       -16.526385490097070        15.879716350018290     
  -1.8438774634777677       -2.1260144706394093        15.764027260205411     
  -16.473080074121782      -0.86624894100956451        15.783095032927619     
 -0.99048778340467325       -15.288546621169251        2.4186008663865786     
  -16.026779291929209       -15.881246870214836       0.68639551857847991     
  -1.4619520111880986       -17.225917606869928        17.622084971883659     
  -14.147843375878493       -16.526385490097070        32.879716350018285     
  -1.8438774634777677       -2.1260144706394093        32.764027260205417     
  -16.473080074121782      -0.86624894100956451        32.783095032927619     
 -0.99048778340467325       -15.288546621169251        19.418600866386580     
  -16.026779291929209       -15.881246870214836        17.686395518578479     
  -1.4619520111880986       -17.225917606869928        34.622084971883659     
  -14.147843375878493       -16.526385490097070        49.879716350018285     
  -1.8438774634777677       -2.1260144706394093        49.764027260205417     
  -16.473080074121782      -0.86624894100956451        49.783095032927619     
 -0.99048778340467325       -15.288546621169251        36.418600866386576     
  -16.026779291929209       -15.881246870214836        34.686395518578479     
  -1.4619520111880986      -0.22591760686992790       -33.377915028116341     
  -14.147843375878493       0.47361450990292775       -18.120283649981712     
  -1.8438774634777677        14.873985529360590       -18.235972739794587     
  -16.473080074121782        16.133751058990434       -18.216904967072377     
 -0.99048778340467325        1.7114533788307498       -31.581399133613420     
  -16.026779291929209        1.1187531297851636       -33.313604481421521     
  -1.4619520111880986      -0.22591760686992790       -16.377915028116341     
  -14.147843375878493       0.47361450990292775       -1.1202836499817108     
  -1.8438774634777677        14.873985529360590       -1.2359727397945881     
  -16.473080074121782        16.133751058990434       -1.2169049670723799     
 -0.99048778340467325        1.7114533788307498       -14.581399133613420     
  -16.026779291929209        1.1187531297851636       -16.313604481421521     
  -1.4619520111880986      -0.22591760686992790       0.62208497188365841     
  -14.147843375878493       0.47361450990292775        15.879716350018290     
  -1.8438774634777677        14.873985529360590        15.764027260205411     
  -16.473080074121782        16.133751058990434        15.783095032927619     
 -0.99048778340467325        1.7114533788307498        2.4186008663865786     
  -16.026779291929209        1.1187531297851636       0.68639551857847991     
  -1.4619520111880986      -0.22591760686992790        17.622084971883659     
  -14.147843375878493       0.47361450990292775        32.879716350018285     
  -1.8438774634777677        14.873985529360590        32.764027260205417     
  -16.473080074121782        16.133751058990434        32.783095032927619     
 -0.99048778340467325        1.7114533788307498        19.418600866386580     
  -16.026779291929209        1.1187531297851636        17.686395518578479     
  -1.4619520111880986      -0.22591760686992790        34.622084971883659     
  -14.147843375878493       0.47361450990292775        49.879716350018285     
  -1.8438774634777677        14.873985529360590        49.764027260205417     
  -16.473080074121782        16.133751058990434        49.783095032927619     
 -0.99048778340467325        1.7114533788307498        36.418600866386576     
  -16.026779291929209        1.1187531297851636        34.686395518578479     
  -1.4619520111880986        16.774082393130072       -33.377915028116341     
  -14.147843375878493        17.473614509902930       -18.120283649981712     
  -1.8438774634777677        31.873985529360592       -18.235972739794587     
  -16.473080074121782        33.133751058990434       -18.216904967072377     
 -0.99048778340467325        18.711453378830750       -31.581399133613420     
  -16.026779291929209        18.118753129785162       -33.313604481421521     
  -1.4619520111880986        16.774082393130072       -16.377915028116341     
  -14.147843375878493        17.473614509902930       -1.1202836499817108     
  -1.8438774634777677        31.873985529360592       -1.2359727397945881     
  -16.473080074121782        33.133751058990434       -1.2169049670723799     
 -0.99048778340467325        18.711453378830750       -14.581399133613420     
  -16.026779291929209        18.118753129785162       -16.313604481421521     
  -1.4619520111880986        16.774082393130072       0.62208497188365841     
  -14.147843375878493        17.473614509902930        15.879716350018290     
  -1.8438774634777677        31.873985529360592        15.764027260205411     
  -16.473080074121782        33.133751058990434        15.783095032927619     
 -0.99048778340467325        18.711453378830750        2.4186008663865786     
  -16.026779291929209        18.118753129785162       0.68639551857847991     
  -1.4619520111880986        16.774082393130072        17.622084971883659     
  -14.147843375878493        17.473614509902930        32.879716350018285     
  -1.8438774634777677        31.873985529360592        32.764027260205417     
  -16.473080074121782        33.133751058990434        32.783095032927619     
 -0.99048778340467325        18.711453378830750        19.418600866386580     
  -16.026779291929209        18.118753129785162        17.686395518578479     
  -1.4619520111880986        16.774082393130072        34.622084971883659     
  -14.147843375878493        17.473614509902930        49.879716350018285     
  -1.8438774634777677        31.873985529360592        49.764027260205417     
  -16.473080074121782        33.133751058990434        49.783095032927619     
 -0.99048778340467325        18.711453378830750        36.418600866386576     
  -16.026779291929209        18.118753129785162        34.686395518578479     
  -1.4619520111880986        33.774082393130072       -33.377915028116341     
  -14.147843375878493        34.473614509902930       -18.120283649981712     
  -1.8438774634777677        48.873985529360588       -18.235972739794587     
  -16.473080074121782        50.133751058990434       -18.216904967072377     
 -0.99048778340467325        35.711453378830747       -31.581399133613420     
  -16.026779291929209        35.118753129785162       -33.313604481421521     
  -1.4619520111880986        33.774082393130072       -16.377915028116341     
  -14.147843375878493        34.473614509902930       -1.1202836499817108     
  -1.8438774634777677        48.873985529360588       -1.2359727397945881     
  -16.473080074121782        50.133751058990434       -1.2169049670723799     
 -0.99048778340467325        35.711453378830747       -14.581399133613420     
  -16.026779291929209        35.118753129785162       -16.313604481421521     
  -1.4619520111880986        33.774082393130072       0.62208497188365841     
  -14.147843375878493        34.473614509902930        15.879716350018290     
  -1.8438774634777677        48.873985529360588        15.764027260205411     
  -16.473080074121782        50.133751058990434        15.783095032927619     
 -0.99048778340467325        35.711453378830747        2.4186008663865786     
  -16.026779291929209        35.118753129785162       0.68639551857847991     
  -1.4619520111880986        33.774082393130072        17.622084971883659     
  -14.147843375878493        34.473614509902930        32.879716350018285     
  -1.8438774634777677        48.873985529360588        32.764027260205417     
  -16.473080074121782        50.133751058990434        32.783095032927619     
 -0.99048778340467325        35.711453378830747        19.418600866386580     
  -16.026779291929209        35.118753129785162        17.686395518578479     
  -1.4619520111880986        33.774082393130072        34.622084971883659     
  -14.147843375878493        34.473614509902930        49.879716350018285     
  -1.8438774634777677        48.873985529360588        49.764027260205417     
  -16.473080074121782        50.133751058990434        49.783095032927619     
 -0.99048778340467325        35.711453378830747        36.418600866386576     
  -16.026779291929209        35.118753129785162        34.686395518578479     
   15.538047988811901       -34.225917606869928       -33.377915028116341     
   2.8521566241215068       -33.526385490097070       -18.120283649981712     
   15.156122536522233       -19.126014470639408       -18.235972739794587     
  0.52691992587821745       -17.866248941009566       -18.216904967072377     
   16.009512216595326       -32.288546621169253       -31.581399133613420     
  0.97322070807079197       -32.881246870214838       -33.313604481421521     
   15.538047988811901       -34.225917606869928       -16.377915028116341     
   2.8521566241215068       -33.526385490097070       -1.1202836499817108     
   15.156122536522233       -19.126014470639408       -1.2359727397945881     
  0.52691992587821745       -17.866248941009566       -1.2169049670723799     
   16.009512216595326       -32.288546621169253       -14.581399133613420     
  0.97322070807079197       -32.881246870214838       -16.313604481421521     
   15.538047988811901       -34.225917606869928       0.62208497188365841     
   2.8521566241215068       -33.526385490097070        15.879716350018290     
   15.156122536522233       -19.126014470639408        15.764027260205411     
  0.52691992587821745       -17.866248941009566        15.783095032927619     
   16.009512216595326       -32.288546621169253        2.4186008663865786     
  0.97322070807079197       -32.881246870214838       0.68639551857847991     
   15.538047988811901       -34.225917606869928        17.622084971883659     
   2.8521566241215068       -33.526385490097070        32.879716350018285     
   15.156122536522233       -19.126014470639408        32.764027260205417     
  0.52691992587821745       -17.866248941009566        32.783095032927619     
   16.009512216595326       -32.288546621169253        19.418600866386580     
  0.97322070807079197       -32.881246870214838        17.686395518578479     
   15.538047988811901       -34.225917606869928        34.622084971883659     
   2.8521566241215068       -33.526385490097070        49.879716350018285     
   15.156122536522233       -19.126014470639408        49.764027260205417     
  0.52691992587821745       -17.866248941009566        49.783095032927619     
   16.009512216595326       -32.288546621169253        36.418600866386576     
  0.97322070807079197       -32.881246870214838        34.686395518578479     
   15.538047988811901       -17.225917606869928       -33.377915028116341     
   2.8521566241215068       -16.526385490097070       -18.120283649981712     
   15.156122536522233       -2.1260144706394093       -18.235972739794587     
  0.52691992587821745      -0.86624894100956451       -18.216904967072377     
   16.009512216595326       -15.288546621169251       -31.581399133613420     
  0.97322070807079197       -15.881246870214836       -33.313604481421521     
   15.538047988811901       -17.225917606869928       -16.377915028116341     
   2.8521566241215068       -16.526385490097070       -1.1202836499817108     
   15.156122536522233       -2.1260144706394093       -1.2359727397945881     
  0.52691992587821745      -0.86624894100956451       -1.2169049670723799     
   16.009512216595326       -15.288546621169251       -14.581399133613420     
  0.97322070807079197       -15.881246870214836       -16.313604481421521     
   15.538047988811901       -17.225917606869928       0.62208497188365841     
   2.8521566241215068       -16.526385490097070        15.879716350018290     
   15.156122536522233       -2.1260144706394093        15.764027260205411     
  0.52691992587821745      -0.86624894100956451        15.783095032927619     
   16.009512216595326       -15.288546621169251        2.4186008663865786     
  0.97322070807079197       -15.881246870214836       0.68639551857847991     
   15.538047988811901       -17.225917606869928        17.622084971883659     
   2.8521566241215068       -16.526385490097070        32.879716350018285     
   15.156122536522233       -2.1260144706394093        32.764027260205417     
  0.52691992587821745      -0.86624894100956451        32.783095032927619     
   16.009512216595326       -15.288546621169251        19.418600866386580     
  0.97322070807079197       -15.881246870214836        17.686395518578479     
   15.538047988811901       -17.225917606869928        34.622084971883659     
   2.8521566241215068       -16.526385490097070        49.879716350018285     
   15.156122536522233       -2.1260144706394093        49.764027260205417     
  0.52691992587821745      -0.86624894100956451        49.783095032927619     
   16.009512216595326       -15.288546621169251        36.418600866386576     
  0.97322070807079197       -15.881246870214836        34.686395518578479     
   15.538047988811901      -0.22591760686992790       -33.377915028116341     
   2.8521566241215068       0.47361450990292775       -18.120283649981712     
   15.156122536522233        14.873985529360590       -18.235972739794587     
  0.52691992587821745        16.133751058990434       -18.216904967072377     
   16.009512216595326        1.7114533788307498       -31.581399133613420     
  0.97322070807079197        1.1187531297851636       -33.313604481421521     
   15.538047988811901      -0.22591760686992790       -16.377915028116341     
   2.8521566241215068       0.47361450990292775       -1.1202836499817108     
   15.156122536522233        14.873985529360590       -1.2359727397945881     
  0.52691992587821745        16.133751058990434       -1.2169049670723799     
   16.009512216595326        1.7114533788307498       -14.581399133613420     
  0.97322070807079197        1.1187531297851636       -16.313604481421521     
   15.538047988811901      -0.22591760686992790       0.62208497188365841     
   2.8521566241215068       0.47361450990292775        15.879716350018290     
   15.156122536522233        14.873985529360590        15.764027260205411     
  0.52691992587821745        16.133751058990434        15.783095032927619     
   16.009512216595326        1.7114533788307498        2.4186008663865786     
  0.97322070807079197        1.1187531297851636       0.68639551857847991     
   15.538047988811901      -0.22591760686992790        17.622084971883659     
   2.8521566241215068       0.47361450990292775        32.879716350018285     
   15.156122536522233        14.873985529360590        32.764027260205417     
  0.52691992587821745        16.133751058990434        32.783095032927619     
   16.009512216595326        1.7114533788307498        19.418600866386580     
  0.97322070807079197        1.1187531297851636        17.686395518578479     
   15.538047988811901      -0.22591760686992790        34.622084971883659     
   2.8521566241215068       0.47361450990292775        49.879716350018285     
   15.156122536522233        14.873985529360590        49.764027260205417     
  0.52691992587821745        16.133751058990434        49.783095032927619     
   16.009512216595326        1.7114533788307498        36.418600866386576     
  0.97322070807079197        1.1187531297851636        34.686395518578479     
   15.538047988811901        16.774082393130072       -33.377915028116341     
   2.8521566241215068        17.473614509902930       -18.120283649981712     
   15.156122536522233        31.873985529360592       -18.235972739794587     
  0.52691992587821745        33.133751058990434       -18.216904967072377     
   16.009512216595326        18.711453378830750       -31.581399133613420     
  0.97322070807079197        18.118753129785162       -33.313604481421521     
   15.538047988811901        16.774082393130072       -16.377915028116341     
   2.8521566241215068        17.473614509902930       -1.1202836499817108     
   15.156122536522233        31.873985529360592       -1.2359727397945881     
  0.52691992587821745        33.133751058990434       -1.2169049670723799     
   16.009512216595326        18.711453378830750       -14.581399133613420     
  0.97322070807079197        18.118753129785162       -16.313604481421521     
   15.538047988811901        16.774082393130072       0.62208497188365841     
   2.8521566241215068        17.473614509902930        15.879716350018290     
   15.156122536522233        31.873985529360592        15.764027260205411     
  0.52691992587821745        33.133751058990434        15.783095032927619     
   16.009512216595326        18.711453378830750        2.4186008663865786     
  0.97322070807079197        18.118753129785162       0.68639551857847991     
   15.538047988811901        16.774082393130072        17.622084971883659     
   2.8521566241215068        17.473614509902930        32.879716350018285     
   15.156122536522233        31.873985529360592        32.764027260205417     
  0.52691992587821745        33.133751058990434        32.783095032927619     
   16.009512216595326        18.711453378830750        19.418600866386580     
  0.97322070807079197        18.118753129785162        17.686395518578479     
   15.538047988811901        16.774082393130072        34.622084971883659     
   2.8521566241215068        17.473614509902930        49.879716350018285     
   15.156122536522233        31.873985529360592        49.764027260205417     
  0.52691992587821745        33.133751058990434        49.783095032927619     
   16.009512216595326        18.711453378830750        36.418600866386576     
  0.97322070807079197        18.118753129785162        34.686395518578479     
   15.538047988811901        33.774082393130072       -33.377915028116341     
   2.8521566241215068        34.473614509902930       -18.120283649981712     
   15.156122536522233        48.873985529360588       -18.235972739794587     
  0.52691992587821745        50.133751058990434       -18.216904967072377     
   16.009512216595326        35.711453378830747       -31.581399133613420     
  0.97322070807079197        35.118753129785162       -33.313604481421521     
   15.538047988811901        33.774082393130072       -16.377915028116341     
   2.8521566241215068        34.473614509902930       -1.1202836499817108     
   15.156122536522233        48.873985529360588       -1.2359727397945881     
  0.52691992587821745        50.133751058990434       -1.2169049670723799     
   16.009512216595326        35.711453378830747       -14.581399133613420     
  0.97322070807079197        35.118753129785162       -16.313604481421521     
   15.538047988811901        33.774082393130072       0.62208497188365841     
   2.8521566241215068        34.473614509902930        15.879716350018290     
   15.156122536522233        48.873985529360588        15.764027260205411     
  0.52691992587821745        50.133751058990434        15.783095032927619     
   16.009512216595326        35.711453378830747        2.4186008663865786     
  0.97322070807079197        35.118753129785162       0.68639551857847991     
   15.538047988811901        33.774082393130072        17.622084971883659     
   2.8521566241215068        34.473614509902930        32.879716350018285     
   15.156122536522233        48.873985529360588        32.764027260205417     
  0.52691992587821745        50.133751058990434        32.783095032927619     
   16.009512216595326        35.711453378830747        19.418600866386580     
  0.97322070807079197        35.118753129785162        17.686395518578479     
   15.538047988811901        33.774082393130072        34.622084971883659     
   2.8521566241215068        34.473614509902930        49.879716350018285     
   15.156122536522233        48.873985529360588        49.764027260205417     
  0.52691992587821745        50.133751058990434        49.783095032927619     
   16.009512216595326        35.711453378830747        36.418600866386576     
  0.97322070807079197        35.118753129785162        34.686395518578479     
   32.538047988811904       -34.225917606869928       -33.377915028116341     
   19.852156624121509       -33.526385490097070       -18.120283649981712     
   32.156122536522233       -19.126014470639408       -18.235972739794587     
   17.526919925878218       -17.866248941009566       -18.216904967072377     
   33.009512216595326       -32.288546621169253       -31.581399133613420     
   17.973220708070791       -32.881246870214838       -33.313604481421521     
   32.538047988811904       -34.225917606869928       -16.377915028116341     
   19.852156624121509       -33.526385490097070       -1.1202836499817108     
   32.156122536522233       -19.126014470639408       -1.2359727397945881     
   17.526919925878218       -17.866248941009566       -1.2169049670723799     
   33.009512216595326       -32.288546621169253       -14.581399133613420     
   17.973220708070791       -32.881246870214838       -16.313604481421521     
   32.538047988811904       -34.225917606869928       0.62208497188365841     
   19.852156624121509       -33.526385490097070        15.879716350018290     
   32.156122536522233       -19.126014470639408        15.764027260205411     
   17.526919925878218       -17.866248941009566        15.783095032927619     
   33.009512216595326       -32.288546621169253        2.4186008663865786     
   17.973220708070791       -32.881246870214838       0.68639551857847991     
   32.538047988811904       -34.225917606869928        17.622084971883659     
   19.852156624121509       -33.526385490097070        32.879716350018285     
   32.156122536522233       -19.126014470639408        32.764027260205417     
   17.526919925878218       -17.866248941009566        32.783095032927619     
   33.009512216595326       -32.288546621169253        19.418600866386580     
   17.973220708070791       -32.881246870214838        17.686395518578479     
   32.538047988811904       -34.225917606869928        34.622084971883659     
   19.852156624121509       -33.526385490097070        49.879716350018285     
   32.156122536522233       -19.126014470639408        49.764027260205417     
   17.526919925878218       -17.866248941009566        49.783095032927619     
   33.009512216595326       -32.288546621169253        36.418600866386576     
   17.973220708070791       -32.881246870214838        34.686395518578479     
   32.538047988811904       -17.225917606869928       -33.377915028116341     
   19.852156624121509       -16.526385490097070       -18.120283649981712     
   32.156122536522233       -2.1260144706394093       -18.235972739794587     
   17.526919925878218      -0.86624894100956451       -18.216904967072377     
   33.009512216595326       -15.288546621169251       -31.581399133613420     
   17.973220708070791       -15.881246870214836       -33.313604481421521     
   32.538047988811904       -17.225917606869928       -16.377915028116341     
   19.852156624121509       -16.526385490097070       -1.1202836499817108     
   32.156122536522233       -2.1260144706394093       -1.2359727397945881     
   17.526919925878218      -0.86624894100956451       -1.2169049670723799     
   33.009512216595326       -15.288546621169251       -14.581399133613420     
   17.973220708070791       -15.881246870214836       -16.313604481421521     
   32.538047988811904       -17.225917606869928       0.62208497188365841     
   19.852156624121509       -16.526385490097070        15.879716350018290     
   32.156122536522233       -2.1260144706394093        15.764027260205411     
   17.526919925878218      -0.86624894100956451        15.783095032927619     
   33.009512216595326       -15.288546621169251        2.4186008663865786     
   17.973220708070791       -15.881246870214836       0.68639551857847991     
   32.538047988811904       -17.225917606869928        17.622084971883659     
   19.852156624121509       -16.526385490097070        32.879716350018285     
   32.156122536522233       -2.1260144706394093        32.764027260205417     
   17.526919925878218      -0.86624894100956451        32.783095032927619     
   33.009512216595326       -15.288546621169251        19.418600866386580     
   17.973220708070791       -15.881246870214836        17.686395518578479     
   32.538047988811904       -17.225917606869928        34.622084971883659     
   19.852156624121509       -16.526385490097070        49.879716350018285     
   32.156122536522233       -2.1260144706394093        49.764027260205417     
   17.526919925878218      -0.86624894100956451        49.783095032927619     
   33.009512216595326       -15.288546621169251        36.418600866386576     
   17.973220708070791       -15.881246870214836        34.686395518578479     
   32.538047988811904      -0.22591760686992790       -33.377915028116341     
   19.852156624121509       0.47361450990292775       -18.120283649981712     
   32.156122536522233        14.873985529360590       -18.235972739794587     
   17.526919925878218        16.133751058990434       -18.216904967072377     
   33.009512216595326        1.7114533788307498       -31.581399133613420     
   17.973220708070791        1.1187531297851636       -33.313604481421521     
   32.538047988811904      -0.22591760686992790       -16.377915028116341     
   19.852156624121509       0.47361450990292775       -1.1202836499817108     
   32.156122536522233        14.873985529360590       -1.2359727397945881     
   17.526919925878218        16.133751058990434       -1.2169049670723799     
   33.009512216595326        1.7114533788307498       -14.581399133613420     
   17.973220708070791        1.1187531297851636       -16.313604481421521     
   32.538047988811904      -0.22591760686992790       0.62208497188365841     
   19.852156624121509       0.47361450990292775        15.879716350018290     
   32.156122536522233        14.873985529360590        15.764027260205411     
   17.526919925878218        16.133751058990434        15.783095032927619     
   33.009512216595326        1.7114533788307498        2.4186008663865786     
   17.973220708070791        1.1187531297851636       0.68639551857847991     
   32.538047988811904      -0.22591760686992790        17.622084971883659     
   19.852156624121509       0.47361450990292775        32.879716350018285     
   32.156122536522233        14.873985529360590        32.764027260205417     
   17.526919925878218        16.133751058990434        32.783095032927619     
   33.009512216595326        1.7114533788307498        19.418600866386580     
   17.973220708070791        1.1187531297851636        17.686395518578479     
   32.538047988811904      -0.22591760686992790        34.622084971883659     
   19.852156624121509       0.47361450990292775        49.879716350018285     
   32.156122536522233        14.873985529360590        49.764027260205417     
   17.526919925878218        16.133751058990434        49.783095032927619     
   33.009512216595326        1.7114533788307498        36.418600866386576     
   17.973220708070791        1.1187531297851636        34.686395518578479     
   32.538047988811904        16.774082393130072       -33.377915028116341     
   19.852156624121509        17.473614509902930       -18.120283649981712     
   32.156122536522233        31.873985529360592       -18.235972739794587     
   17.526919925878218        33.133751058990434       -18.216904967072377     
   33.009512216595326        18.711453378830750       -31.581399133613420     
   17.973220708070791        18.118753129785162       -33.313604481421521     
   32.538047988811904        16.774082393130072       -16.377915028116341     
   19.852156624121509        17.473614509902930       -1.1202836499817108     
   32.156122536522233        31.873985529360592       -1.2359727397945881     
   17.526919925878218        33.133751058990434       -1.2169049670723799     
   33.009512216595326        18.711453378830750       -14.581399133613420     
   17.973220708070791        18.118753129785162       -16.313604481421521     
   32.538047988811904        16.774082393130072       0.62208497188365841     
   19.852156624121509        17.473614509902930        15.879716350018290     
   32.156122536522233        31.873985529360592        15.764027260205411     
   17.526919925878218        33.133751058990434        15.783095032927619     
   33.009512216595326        18.711453378830750        2.4186008663865786     
   17.973220708070791        18.118753129785162       0.68639551857847991     
   32.538047988811904        16.774082393130072        17.622084971883659     
   19.852156624121509        17.473614509902930        32.879716350018285     
   32.156122536522233        31.873985529360592        32.764027260205417     
   17.526919925878218        33.133751058990434        32.783095032927619     
   33.009512216595326        18.711453378830750        19.418600866386580     
   17.973220708070791        18.118753129785162        17.686395518578479     
   32.538047988811904        16.774082393130072        34.622084971883659     
   19.852156624121509        17.473614509902930        49.879716350018285     
   32.156122536522233        31.873985529360592        49.764027260205417     
   17.526919925878218        33.133751058990434        49.783095032927619     
   33.009512216595326        18.711453378830750        36.418600866386576     
   17.973220708070791        18.118753129785162        34.686395518578479     
   32.538047988811904        33.774082393130072       -33.377915028116341     
   19.852156624121509        34.473614509902930       -18.120283649981712     
   32.156122536522233        48.873985529360588       -18.235972739794587     
   17.526919925878218        50.133751058990434       -18.216904967072377     
   33.009512216595326        35.711453378830747       -31.581399133613420     
   17.973220708070791        35.118753129785162       -33.313604481421521     
   32.538047988811904        33.774082393130072       -16.377915028116341     
   19.852156624121509        34.473614509902930       -1.1202836499817108     
   32.156122536522233        48.873985529360588       -1.2359727397945881     
   17.526919925878218        50.133751058990434       -1.2169049670723799     
   33.009512216595326        35.711453378830747       -14.581399133613420     
   17.973220708070791        35.118753129785162       -16.313604481421521     
   32.538047988811904        33.774082393130072       0.62208497188365841     
   19.852156624121509        34.473614509902930        15.879716350018290     
   32.156122536522233        48.873985529360588        15.764027260205411     
   17.526919925878218        50.133751058990434        15.783095032927619     
   33.009512216595326        35.711453378830747        2.4186008663865786     
   17.973220708070791        35.118753129785162       0.68639551857847991     
   32.538047988811904        33.774082393130072        17.622084971883659     
   19.852156624121509        34.473614509902930        32.879716350018285     
   32.156122536522233        48.873985529360588        32.764027260205417     
   17.526919925878218        50.133751058990434        32.783095032927619     
   33.009512216595326        35.711453378830747        19.418600866386580     
   17.973220708070791        35.118753129785162        17.686395518578479     
   32.538047988811904        33.774082393130072        34.622084971883659     
   19.852156624121509        34.473614509902930        49.879716350018285     
   32.156122536522233        48.873985529360588        49.764027260205417     
   17.526919925878218        50.133751058990434        49.783095032927619     
   33.009512216595326        35.711453378830747        36.418600866386576     
   17.973220708070791        35.118753129785162        34.686395518578479     
   49.538047988811904       -34.225917606869928       -33.377915028116341     
   36.852156624121506       -33.526385490097070       -18.120283649981712     
   49.156122536522233       -19.126014470639408       -18.235972739794587     
   34.526919925878218       -17.866248941009566       -18.216904967072377     
   50.009512216595326       -32.288546621169253       -31.581399133613420     
   34.973220708070798       -32.881246870214838       -33.313604481421521     
   49.538047988811904       -34.225917606869928       -16.377915028116341     
   36.852156624121506       -33.526385490097070       -1.1202836499817108     
   49.156122536522233       -19.126014470639408       -1.2359727397945881     
   34.526919925878218       -17.866248941009566       -1.2169049670723799     
   50.009512216595326       -32.288546621169253       -14.581399133613420     
   34.973220708070798       -32.881246870214838       -16.313604481421521     
   49.538047988811904       -34.225917606869928       0.62208497188365841     
   36.852156624121506       -33.526385490097070        15.879716350018290     
   49.156122536522233       -19.126014470639408        15.764027260205411     
   34.526919925878218       -17.866248941009566        15.783095032927619     
   50.009512216595326       -32.288546621169253        2.4186008663865786     
   34.973220708070798       -32.881246870214838       0.68639551857847991     
   49.538047988811904       -34.225917606869928        17.622084971883659     
   36.852156624121506       -33.526385490097070        32.879716350018285     
   49.156122536522233       -19.126014470639408        32.764027260205417     
   34.526919925878218       -17.866248941009566        32.783095032927619     
   50.009512216595326       -32.288546621169253        19.418600866386580     
   34.973220708070798       -32.881246870214838        17.686395518578479     
   49.538047988811904       -34.225917606869928        34.622084971883659     
   36.852156624121506       -33.526385490097070        49.879716350018285     
   49.156122536522233       -19.126014470639408        49.764027260205417     
   34.526919925878218       -17.866248941009566        49.783095032927619     
   50.009512216595326       -32.288546621169253        36.418600866386576     
   34.973220708070798       -32.881246870214838        34.686395518578479     
   49.538047988811904       -17.225917606869928       -33.377915028116341     
   36.852156624121506       -16.526385490097070       -18.120283649981712     
   49.156122536522233       -2.1260144706394093       -18.235972739794587     
   34.526919925878218      -0.86624894100956451       -18.216904967072377     
   50.009512216595326       -15.288546621169251       -31.581399133613420     
   34.973220708070798       -15.881246870214836       -33.313604481421521     
   49.538047988811904       -17.225917606869928       -16.377915028116341     
   36.852156624121506       -16.526385490097070       -1.1202836499817108     
   49.156122536522233       -2.1260144706394093       -1.2359727397945881     
   34.526919925878218      -0.86624894100956451       -1.2169049670723799     
   50.009512216595326       -15.288546621169251       -14.581399133613420     
   34.973220708070798       -15.881246870214836       -16.313604481421521     
   49.538047988811904       -17.225917606869928       0.62208497188365841     
   36.852156624121506       -16.526385490097070        15.879716350018290     
   49.156122536522233       -2.1260144706394093        15.764027260205411     
   34.526919925878218      -0.86624894100956451        15.783095032927619     
   50.009512216595326       -15.288546621169251        2.4186008663865786     
   34.973220708070798       -15.881246870214836       0.68639551857847991     
   49.538047988811904       -17.225917606869928        17.622084971883659     
   36.852156624121506       -16.526385490097070        32.879716350018285     
   49.156122536522233       -2.1260144706394093        32.764027260205417     
   34.526919925878218      -0.86624894100956451        32.783095032927619     
   50.009512216595326       -15.288546621169251        19.418600866386580     
   34.973220708070798       -15.881246870214836        17.686395518578479     
   49.538047988811904       -17.225917606869928        34.622084971883659     
   36.852156624121506       -16.526385490097070        49.879716350018285     
   49.156122536522233       -2.1260144706394093        49.764027260205417     
   34.526919925878218      -0.86624894100956451        49.783095032927619     
   50.009512216595326       -15.288546621169251        36.418600866386576     
   34.973220708070798       -15.881246870214836        34.686395518578479     
   49.538047988811904      -0.22591760686992790       -33.377915028116341     
   36.852156624121506       0.47361450990292775       -18.120283649981712     
   49.156122536522233        14.873985529360590       -18.235972739794587     
   34.526919925878218        16.133751058990434       -18.216904967072377     
   50.009512216595326        1.7114533788307498       -31.581399133613420     
   34.973220708070798        1.1187531297851636       -33.313604481421521     
   49.538047988811904      -0.22591760686992790       -16.377915028116341     
   36.852156624121506       0.47361450990292775       -1.1202836499817108     
   49.156122536522233        14.873985529360590       -1.2359727397945881     
   34.526919925878218        16.133751058990434       -1.2169049670723799     
   50.009512216595326        1.7114533788307498       -14.581399133613420     
   34.973220708070798        1.1187531297851636       -16.313604481421521     
   49.538047988811904      -0.22591760686992790       0.62208497188365841     
   36.852156624121506       0.47361450990292775        15.879716350018290     
   49.156122536522233        14.873985529360590        15.764027260205411     
   34.526919925878218        16.133751058990434        15.783095032927619     
   50.009512216595326        1.7114533788307498        2.4186008663865786     
   34.973220708070798        1.1187531297851636       0.68639551857847991     
   49.538047988811904      -0.22591760686992790        17.622084971883659     
   36.852156624121506       0.47361450990292775        32.879716350018285     
   49.156122536522233        14.873985529360590        32.764027260205417     
   34.526919925878218        16.133751058990434        32.783095032927619     
   50.009512216595326        1.7114533788307498        19.418600866386580     
   34.973220708070798        1.1187531297851636        17.686395518578479     
   49.538047988811904      -0.22591760686992790        34.622084971883659     
   36.852156624121506       0.47361450990292775        49.879716350018285     
   49.156122536522233        14.873985529360590        49.764027260205417     
   34.526919925878218        16.133751058990434        49.783095032927619     
   50.009512216595326        1.7114533788307498        36.418600866386576     
   34.973220708070798        1.1187531297851636        34.686395518578479     
   49.538047988811904        16.774082393130072       -33.377915028116341     
   36.852156624121506        17.473614509902930       -18.120283649981712     
   49.156122536522233        31.873985529360592       -18.235972739794587     
   34.526919925878218        33.133751058990434       -18.216904967072377     
   50.009512216595326        18.711453378830750       -31.581399133613420     
   34.973220708070798        18.118753129785162       -33.313604481421521     
   49.538047988811904        16.774082393130072       -16.377915028116341     
   36.852156624121506        17.473614509902930       -1.1202836499817108     
   49.156122536522233        31.873985529360592       -1.2359727397945881     
   34.526919925878218        33.133751058990434       -1.2169049670723799     
   50.009512216595326        18.711453378830750       -14.581399133613420     
   34.973220708070798        18.118753129785162       -16.313604481421521     
   49.538047988811904        16.774082393130072       0.62208497188365841     
   36.852156624121506        17.473614509902930        15.879716350018290     
   49.156122536522233        31.873985529360592        15.764027260205411     
   34.526919925878218        33.133751058990434        15.783095032927619     
   50.009512216595326        18.711453378830750        2.4186008663865786     
   34.973220708070798        18.118753129785162       0.68639551857847991     
   49.538047988811904        16.774082393130072        17.622084971883659     
   36.852156624121506        17.473614509902930        32.879716350018285     
   49.156122536522233        31.873985529360592        32.764027260205417     
   34.526919925878218        33.133751058990434        32.783095032927619     
   50.009512216595326        18.711453378830750        19.418600866386580     
   34.973220708070798        18.118753129785162        17.686395518578479     
   49.538047988811904        16.774082393130072        34.622084971883659     
   36.852156624121506        17.473614509902930        49.879716350018285     
   49.156122536522233        31.873985529360592        49.764027260205417     
   34.526919925878218        33.133751058990434        49.783095032927619     
   50.009512216595326        18.711453378830750        36.418600866386576     
   34.973220708070798        18.118753129785162        34.686395518578479     
   49.538047988811904        33.774082393130072       -33.377915028116341     
   36.852156624121506        34.473614509902930       -18.120283649981712     
   49.156122536522233        48.873985529360588       -18.235972739794587     
   34.526919925878218        50.133751058990434       -18.216904967072377     
   50.009512216595326        35.711453378830747       -31.581399133613420     
   34.973220708070798        35.118753129785162       -33.313604481421521     
   49.538047988811904        33.774082393130072       -16.377915028116341     
   36.852156624121506        34.473614509902930       -1.1202836499817108     
   49.156122536522233        48.873985529360588       -1.2359727397945881     
   34.526919925878218        50.133751058990434       -1.2169049670723799     
   50.009512216595326        35.711453378830747       -14.581399133613420     
   34.973220708070798        35.118753129785162       -16.313604481421521     
   49.538047988811904        33.774082393130072       0.62208497188365841     
   36.852156624121506        34.473614509902930        15.879716350018290     
   49.156122536522233        48.873985529360588        15.764027260205411     
   34.526919925878218        50.133751058990434        15.783095032927619     
   50.009512216595326        35.711453378830747        2.4186008663865786     
   34.973220708070798        35.118753129785162       0.68639551857847991     
   49.538047988811904        33.774082393130072        17.622084971883659     
   36.852156624121506        34.473614509902930        32.879716350018285     
   49.156122536522233        48.873985529360588        32.764027260205417     
   34.526919925878218        50.133751058990434        32.783095032927619     
   50.009512216595326        35.711453378830747        19.418600866386580     
   34.973220708070798        35.118753129785162        17.686395518578479     
   49.538047988811904        33.774082393130072        34.622084971883659     
   36.852156624121506        34.473614509902930        49.879716350018285     
   49.156122536522233        48.873985529360588        49.764027260205417     
   34.526919925878218        50.133751058990434        49.783095032927619     
   50.009512216595326        35.711453378830747        36.418600866386576     
   34.973220708070798        35.118753129785162        34.686395518578479     
           1           1   58.889727457341827     
           1           2   60.330506340618413     
           1           3   43.531101524354519     
           1           4   55.391150064785627     
           1           5   56.473350165103525     
           1           6   67.650158882125737     
           1           1   51.000000000000000     
           1           2   57.371852525188480     
           1           3   39.278274373075504     
           1           4   52.121529597423510     
           1           5   48.819266885969292     
           1           6   60.923973568411306     
           1           1   48.083261120685229     
           1           2   59.340449349735742     
           1           3   42.054831773882292     
           1           4   54.250605431189335     
           1           5   46.426311071380603     
           1           6   58.522791406016367     
           1           1   51.000000000000000     
           1           2   65.795504374426159     
           1           3   50.719176978066976     
           1           4   61.217665193358073     
           1           5   50.054808960875043     
           1           6   60.959852957005452     
           1           1   58.889727457341827     
           1           2   75.596348210358073     
           1           3   62.882914620232249     
           1           4   71.624554964073454     
           1           5   58.596633354850646     
           1           6   67.714771144317922     
           1           1   51.000000000000000     
           1           2   52.882455382533784     
           1           3   39.260075223507890     
           1           4   52.511029699853083     
           1           5   48.868291277516761     
           1           6   61.280199100713830     
           1           1   41.641325627314025     
           1           2   49.480436074697778     
           1           3   34.484482660443632     
           1           4   49.049796964048156     
           1           5   39.776770014636938     
           1           6   53.762899479201749     
           1           1   38.013155617496423     
           1           2   51.750101652062781     
           1           3   37.616559945871941     
           1           4   51.306499824971901     
           1           5   36.800448002849365     
           1           6   51.025835799116273     
           1           1   41.641325627314025     
           1           2   59.040939083447924     
           1           3   47.104475583157878     
           1           4   58.624493740802038     
           1           5   41.283828718076997     
           1           6   53.803554506984014     
           1           1   51.000000000000000     
           1           2   69.796790432741147     
           1           3   60.005480231119364     
           1           4   69.421218719069117     
           1           5   51.307270966565916     
           1           6   61.351520243378026     
           1           1   48.083261120685229     
           1           2   50.312405818604553     
           1           3   42.020830705583812     
           1           4   54.996699671690344     
           1           5   46.529351015225259     
           1           6   59.261974375390174     
           1           1   38.013155617496423     
           1           2   46.723630489427194     
           1           3   37.597556449725232     
           1           4   51.702140350797855     
           1           5   36.865458715593697     
           1           6   51.450638144312897     
           1           1   34.000000000000000     
           1           2   49.120841940759810     
           1           3   40.489533076996757     
           1           4   53.847800873657732     
           1           5   33.632478153181680     
           1           6   48.583482008236601     
           1           1   38.013155617496423     
           1           2   56.750476472234887     
           1           3   49.429023119986446     
           1           4   60.860989155653634     
           1           5   38.486687661285451     
           1           6   51.493118789137959     
           1           1   48.083261120685229     
           1           2   67.870288393981809     
           1           3   61.847023892820374     
           1           4   71.319943515682098     
           1           5   49.084688728262719     
           1           6   59.335721460347109     
           1           1   51.000000000000000     
           1           2   53.330312873882811     
           1           3   50.676887432232583     
           1           4   62.208244706126834     
           1           5   50.198118683989215     
           1           6   62.021773692112951     
           1           1   41.641325627314025     
           1           2   49.958800406763245     
           1           3   47.074121952747163     
           1           4   59.315597033940847     
           1           5   41.399669803332571     
           1           6   54.606656833240564     
           1           1   38.013155617496423     
           1           2   52.207673812758458     
           1           3   49.414562584576750     
           1           4   61.194888622893551     
           1           5   38.548854720186775     
           1           6   51.914097594881895     
           1           1   41.641325627314025     
           1           2   59.442414754079117     
           1           3   56.970387336123949     
           1           4   67.448415367922777     
           1           5   42.849687754418525     
           1           6   54.646684141661744     
           1           1   51.000000000000000     
           1           2   70.136724607387677     
           1           3   68.025370789367486     
           1           4   77.017939973225310     
           1           5   52.575443707725988     
           1           6   62.092243044249656     
           1           1   58.889727457341827     
           1           2   61.113880282604441     
           1           3   62.837438095859781     
           1           4   72.753655881038796     
           1           5   58.759864983896023     
           1           6   68.988544099451374     
           1           1   51.000000000000000     
           1           2   58.195067059443147     
           1           3   59.969739571336724     
           1           4   70.296292833492330     
           1           5   51.447091981362654     
           1           6   62.406776679696982     
           1           1   48.083261120685229     
           1           2   60.136721700718461     
           1           3   61.823908822209631     
           1           4   71.889102986527803     
           1           5   49.182159506795642     
           1           6   60.064901016626969     
           1           1   51.000000000000000     
           1           2   66.514545505221932     
           1           3   68.014864109691715     
           1           4   77.282064350553512     
           1           5   52.620968768780649     
           1           6   62.441804047647587     
           1           1   58.889727457341827     
           1           2   76.222990171094821     
           1           3   77.510307557529202     
           1           4   85.761248896914907     
           1           5   60.803354303673800     
           1           6   69.051904038284448     
           1           1   51.000000000000000     
           1           2   48.388528484713454     
           1           3   31.858614761878957     
           1           4   41.119352516301319     
           1           5   48.355651816670147     
           1           6   56.695148551103181     
           1           1   41.641325627314025     
           1           2   44.645371045299903     
           1           3   25.744851375542087     
           1           4   36.596113091902950     
           1           5   39.145250069812228     
           1           6   48.471913803967773     
           1           1   38.013155617496423     
           1           2   47.148368186280642     
           1           3   29.809787153746854     
           1           4   39.569556928412091     
           1           5   36.116923227778329     
           1           6   45.417100154092900     
           1           1   41.641325627314025     
           1           2   55.052048912694048     
           1           3   41.139390466493680     
           1           4   48.684948162510558     
           1           5   40.675713685863371     
           1           6   48.517002638194050     
           1           1   51.000000000000000     
           1           2   66.456659232481996     
           1           3   55.446149422277927     
           1           4   61.259272927956260     
           1           5   50.819240689599368     
           1           6   56.772230038832831     
           1           1   41.641325627314025     
           1           2   38.707024955248144     
           1           3   25.717076839673076     
           1           4   37.148753491861719     
           1           5   39.206372901976756     
           1           6   48.918898947931467     
           1           1   29.444863728670914     
           1           2   33.911550358878905     
           1           3   17.583915348425361     
           1           4   32.070301340564342     
           1           5   27.041102354415159     
           1           6   39.092777246769693     
           1           1   24.041630560342615     
           1           2   37.145022743287662     
           1           3   23.130501870550248     
           1           4   35.425676707017153     
           1           5   22.434410109362279     
           1           6   35.233957930570014     
           1           1   29.444863728670914     
           1           2   46.770847559734626     
           1           3   36.590246713932778     
           1           4   45.381195579508393     
           1           5   29.212742037818973     
           1           6   39.148669837438945     
           1           1   41.641325627314025     
           1           2   59.776848765324793     
           1           3   52.160063193878592     
           1           4   58.667940600476911     
           1           5   42.207414488230086     
           1           6   49.008212665107727     
           1           1   38.013155617496423     
           1           2   35.114354228099934     
           1           3   29.761800143967889     
           1           4   40.586433948283265     
           1           5   36.249279849987097     
           1           6   46.365692913232770     
           1           1   24.041630560342615     
           1           2   29.745207004037766     
           1           3   23.099584100421087     
           1           4   35.996290957734175     
           1           5   22.540892397058730     
           1           6   35.846395047644990     
           1           1   17.000000000000000     
           1           2   33.384679219211243     
           1           3   27.557518455321159     
           1           4   39.015475196251934     
           1           5   16.738380162634598     
           1           6   31.593521432398937     
           1           1   24.041630560342615     
           1           2   43.843999286404198     
           1           3   39.537866169259893     
           1           4   48.235688518614971     
           1           5   25.104878228782127     
           1           6   35.907341242245643     
           1           1   38.013155617496423     
           1           2   57.515699946038993     
           1           3   54.268489006247869     
           1           4   60.902840565447676     
           1           5   39.475770433204694     
           1           6   46.459915127717345     
           1           1   41.641325627314025     
           1           2   39.316688121289630     
           1           3   41.087241991174402     
           1           4   49.924817027983316     
           1           5   40.851938793116091     
           1           6   49.844721730294332     
           1           1   29.444863728670914     
           1           2   34.605800549667023     
           1           3   36.551162666107686     
           1           4   46.270527307921483     
           1           5   29.376222418302920     
           1           6   40.245283487113120     
           1           1   24.041630560342615     
           1           2   37.779900721678871     
           1           3   39.519786563786049     
           1           4   48.656305238155944     
           1           5   25.200079047151863     
           1           6   36.508483966685382     
           1           1   29.444863728670914     
           1           2   47.276636570260465     
           1           3   48.637840904486538     
           1           4   56.319715744169883     
           1           5   31.386709359150757     
           1           6   40.299577666935264     
           1           1   41.641325627314025     
           1           2   60.173414663396549     
           1           3   61.216546828885114     
           1           4   67.486181723220881     
           1           5   43.740222505251396     
           1           6   49.932379461837904     
           1           1   51.000000000000000     
           1           2   49.361787414932962     
           1           3   55.394567974424731     
           1           4   62.575682896128789     
           1           5   51.007367278368001     
           1           6   58.285633645150924     
           1           1   41.641325627314025     
           1           2   45.698419268653169     
           1           3   52.118942802747846     
           1           4   59.700841133038992     
           1           5   42.377270524225906     
           1           6   50.322973362117359     
           1           1   38.013155617496423     
           1           2   48.146702799986095     
           1           3   54.242144469766693     
           1           4   61.568374788261664     
           1           5   39.596901362310227     
           1           6   47.387637697948158     
           1           1   41.641325627314025     
           1           2   55.909430844596926     
           1           3   61.204871329674255     
           1           4   67.787455448212171     
           1           5   43.794932788047802     
           1           6   50.366405124642561     
           1           1   51.000000000000000     
           1           2   67.168623063327303     
           1           3   71.609093782039452     
           1           4   77.315027376434685     
           1           5   53.348642703659515     
           1           6   58.360614491001073     
           1           1   48.083261120685229     
           1           2   40.263251017726475     
           1           3   26.701795242416996     
           1           4   29.856704393152814     
           1           5   45.445559148938536     
           1           6   49.296406985564978     
           1           1   38.013155617496423     
           1           2   35.677567873567696     
           1           3   18.995049538521940     
           1           4   23.235686761867090     
           1           5   35.487749812756100     
           1           6   39.564154234282370     
           1           1   34.000000000000000     
           1           2   38.764008000071499     
           1           3   24.220609917461662     
           1           4   27.683415276499034     
           1           5   32.116380978962589     
           1           6   35.756242236310392     
           1           1   38.013155617496423     
           1           2   48.066701395937130     
           1           3   37.288925736427188     
           1           4   39.633897404199281     
           1           5   37.169119812002130     
           1           6   39.619381840827991     
           1           1   48.083261120685229     
           1           2   60.796112128513293     
           1           3   52.652540493120760     
           1           4   54.344458461945223     
           1           5   48.058558114159730     
           1           6   49.385037977478106     
           1           1   38.013155617496423     
           1           2   27.891100273863874     
           1           3   18.957388422454201     
           1           4   24.096712054953947     
           1           5   35.555160805057461     
           1           6   40.110529125564177     
           1           1   24.041630560342615     
           1           2   20.728553768734251     
           1           3   2.6848861433476632     
           1           4   15.136904370935879     
           1           5   21.406797992380682     
           1           6   27.277116880644776     
           1           1   17.000000000000000     
           1           2   25.679416040865966     
           1           3   15.265472524808391     
           1           4   21.344793651154195     
           1           5   15.176710470312495     
           1           6   21.382882497642363     
           1           1   24.041630560342615     
           1           2   38.303940724897501     
           1           3   32.200321259400809     
           1           4   35.497528901119964     
           1           5   24.091784514908650     
           1           6   27.357160351461989     
           1           1   38.013155617496423     
           1           2   53.413025957279736     
           1           3   49.180145658706209     
           1           4   51.405728281596616     
           1           5   38.839356605457446     
           1           6   40.219408015076851     
           1           1   34.000000000000000     
           1           2   22.642825937965576     
           1           3   24.161524836641380     
           1           4   29.118383651889317     
           1           5   32.265152616829774     
           1           6   36.953664930274577     
           1           1   17.000000000000000     
           1           2   12.824080213160865     
           1           3   15.218584698800933     
           1           4   22.279017226397350     
           1           5   15.333675808507774     
           1           6   22.377665436024134     
           1           1   0.0000000000000000     
           1           2   19.854886052812326     
           1           3   21.387644985774322     
           1           4   26.885478434456111     
           1           5   2.6838692616287894     
           1           6   14.626909070417206     
           1           1   17.000000000000000     
           1           2   34.669525047608289     
           1           3   35.514185839470649     
           1           4   39.080727894002941     
           1           5   18.901975945033239     
           1           6   22.475164683309377     
           1           1   34.000000000000000     
           1           2   50.869789009620597     
           1           3   51.410927181323984     
           1           4   53.942354739115665     
           1           5   35.852004616753497     
           1           6   37.071816601422448     
           1           1   38.013155617496423     
           1           2   28.731196606255086     
           1           3   37.231384463426501     
           1           4   41.147405764371918     
           1           5   37.361888160278248     
           1           6   41.234599025882119     
           1           1   24.041630560342615     
           1           2   21.845849154561634     
           1           3   32.155901897885180     
           1           4   36.627630870878917     
           1           5   24.289755604250931     
           1           6   28.904648681706931     
           1           1   17.000000000000000     
           1           2   26.589482735480932     
           1           3   35.494056751368326     
           1           4   39.598708126514140     
           1           5   19.028236064526290     
           1           6   23.423605059864848     
           1           1   24.041630560342615     
           1           2   38.919918537903129     
           1           3   45.427459784499241     
           1           4   48.708644277626448     
           1           5   26.686238178889848     
           1           6   28.980197248951740     
           1           1   38.013155617496423     
           1           2   53.856471531781523     
           1           3   58.698212411241578     
           1           4   61.278106771014443     
           1           5   40.499837636137961     
           1           6   41.340517548475056     
           1           1   48.083261120685229     
           1           2   41.427837867761831     
           1           3   52.598219510695543     
           1           4   55.824168025839136     
           1           5   48.257448134095974     
           1           6   51.117618898688455     
           1           1   38.013155617496423     
           1           2   36.986824914476486     
           1           3   49.136531557470072     
           1           4   52.581480369542803     
           1           5   39.023875266662877     
           1           6   41.811452025242744     
           1           1   34.000000000000000     
           1           2   39.972298959538413     
           1           3   51.383117570863604     
           1           4   54.692654167887206     
           1           5   35.985335641635494     
           1           6   38.228053560792226     
           1           1   38.013155617496423     
           1           2   49.046346968630523     
           1           3   58.686035895297373     
           1           4   61.609745673907824     
           1           5   40.558919138141007     
           1           6   41.863715048170569     
           1           1   48.083261120685229     
           1           2   61.573562653332559     
           1           3   69.468531342666751     
           1           4   71.959954864348674     
           1           5   50.725806667487902     
           1           6   51.203097525658031     
           1           1   51.000000000000000     
           1           2   38.455286712193143     
           1           3   31.448376806921438     
           1           4   25.885216689847613     
           1           5   48.686020890028665     
           1           6   47.158579433028535     
           1           1   41.641325627314025     
           1           2   33.623928131221618     
           1           3   25.235420376784965     
           1           4   17.847094585838342     
           1           5   39.552625330278737     
           1           6   36.866219940873862     
           1           1   38.013155617496423     
           1           2   36.882624768719133     
           1           3   29.370946178085472     
           1           4   23.345087860861753     
           1           5   36.558059452472399     
           1           6   32.746064363775218     
           1           1   41.641325627314025     
           1           2   46.562726259173346     
           1           3   40.822524630391655     
           1           4   36.735098602111435     
           1           5   41.067910238330924     
           1           6   36.925482933932408     
           1           1   51.000000000000000     
           1           2   59.614150531088576     
           1           3   55.211453114384454     
           1           4   52.267980747129926     
           1           5   51.133695267961073     
           1           6   47.251220603194554     
           1           1   41.641325627314025     
           1           2   25.210973168191188     
           1           3   25.207084528400980     
           1           4   18.954502834936552     
           1           5   39.613119589577018     
           1           6   37.451974836949979     
           1           1   29.444863728670917     
           1           2   16.951478842385214     
           1           3   16.829234926902991     
           1           4   2.7834366878218204     
           1           5   27.627536698577202     
           1           6   23.191312549641481     
           1           1   24.041630560342618     
           1           2   22.740098983962472     
           1           3   22.562118385201138     
           1           4   15.304308604788625     
           1           5   23.137898012661594     
           1           6   15.843722301365370     
           1           1   29.444863728670917     
           1           2   36.398785263480811     
           1           3   36.233620076260266     
           1           4   32.228810154054742     
           1           5   29.756408803103721     
           1           6   23.285405191888035     
           1           1   41.641325627314025     
           1           2   52.063720914986142     
           1           3   51.910512053279831     
           1           4   49.205391432459884     
           1           5   42.585506986186367     
           1           6   37.568559375334452     
           1           1   38.013155617496423     
           1           2   19.245187971478305     
           1           3   29.322240996448233     
           1           4   25.030020222901737     
           1           5   36.688824689978198     
           1           6   34.049511365565991     
           1           1   24.041630560342618     
           1           2   4.7049683223280754     
           1           3   22.530420654233893     
           1           4   16.582407980578839     
           1           5   23.241157405453219     
           1           6   17.162627503428244     
           1           1   17.000000000000004     
           1           2   15.871237940711749     
           1           3   27.082206200006468     
           1           4   22.393092607093365     
           1           5   17.670114259906537     
           1           6   2.7825063178823997     
           1           1   24.041630560342618     
           1           2   32.552352612787686     
           1           3   39.208059509016877     
           1           4   36.137583463554314     
           1           5   25.735471209427111     
           1           6   17.289560433876833     
           1           1   38.013155617496423     
           1           2   49.451138788544021     
           1           3   54.028677276660666     
           1           4   51.849776090749408     
           1           5   39.879769542768805     
           1           6   34.177704115172851     
           1           1   41.641325627314025     
           1           2   26.137355490328595     
           1           3   40.769970857061296     
           1           4   38.363141776946819     
           1           5   41.242459561061295     
           1           6   38.653434896268671     
           1           1   29.444863728670917     
           1           2   18.300842026649697     
           1           3   36.194150929239477     
           1           4   33.469463531308911     
           1           5   29.916918475318880     
           1           6   25.085346078292496     
           1           1   24.041630560342618     
           1           2   23.763002456359871     
           1           3   39.189827752766490     
           1           4   36.697129739928052     
           1           5   25.828347826989930     
           1           6   18.505705781064620     
           1           1   29.444863728670917     
           1           2   37.046453981420981     
           1           3   48.370121326025703     
           1           4   46.380531187391618     
           1           5   31.893339302824259     
           1           6   25.172359941867832     
           1           1   41.641325627314025     
           1           2   52.518560713847819     
           1           3   61.004054577522844     
           1           4   59.444327023695891     
           1           5   44.105176933078660     
           1           6   38.766406380145376     
           1           1   51.000000000000000     
           1           2   39.672981284472279     
           1           3   55.159652195399715     
           1           4   53.804826750370410     
           1           5   51.320669171003601     
           1           6   49.059217628559409     
           1           1   41.641325627314025     
           1           2   35.010068706797263     
           1           3   51.869193825626439     
           1           4   50.432466960410231     
           1           5   42.753860931764969     
           1           6   39.268223704593225     
           1           1   38.013155617496423     
           1           2   38.150548852031505     
           1           3   54.002215750127732     
           1           4   52.629916072404718     
           1           5   39.999677061018858     
           1           6   35.428518900761311     
           1           1   41.641325627314025     
           1           2   47.573352252787686     
           1           3   60.992338401854077     
           1           4   59.786138927546233     
           1           5   44.159435066573231     
           1           6   39.323866926959582     
           1           1   51.000000000000000     
           1           2   60.406815107439634     
           1           3   71.427525377330710     
           1           4   70.404948334185676     
           1           5   53.648273465340864     
           1           6   49.148276355095604     
           1           1   58.889727457341827     
           1           2   43.754871382710128     
           1           3   42.930349851966803     
           1           4   32.041630559954662     
           1           5   57.038218887417443     
           1           6   50.948282469540267     
           1           1   51.000000000000000     
           1           2   39.575854211552816     
           1           3   38.611409922653763     
           1           4   25.983464569146953     
           1           5   49.471607556880983     
           1           6   41.604255133143390     
           1           1   48.083261120685229     
           1           2   42.379331087579239     
           1           3   41.432680507277645     
           1           4   30.026900823954669     
           1           5   47.111797828942414     
           1           6   38.001323710777655     
           1           1   51.000000000000000     
           1           2   51.027121908718676     
           1           3   50.204512265543272     
           1           4   41.304831620127743     
           1           5   50.691252056821817     
           1           6   41.656778108237511     
           1           1   58.889727457341827     
           1           2   63.162699729696598     
           1           3   62.468544801556128     
           1           4   55.574845544028271     
           1           5   59.141225684807559     
           1           6   51.034044724542071     
           1           1   51.000000000000000     
           1           2   32.730304943397371     
           1           3   38.592896302870344     
           1           4   26.756210934657258     
           1           5   49.519986140575277     
           1           6   42.124177044095916     
           1           1   41.641325627314025     
           1           2   26.889260468528324     
           1           3   33.722954835646341     
           1           4   19.088456345534265     
           1           5   40.574752836904217     
           1           6   30.160120195880538     
           1           1   38.013155617496423     
           1           2   30.867325692403895     
           1           3   36.919692856929110     
           1           4   24.307272733296550     
           1           5   37.661546810891430     
           1           6   24.956350070023959     
           1           1   41.641325627314025     
           1           2   41.958923511662150     
           1           3   46.549863141076173     
           1           4   37.353953603418695     
           1           5   42.053223997715861     
           1           6   30.232531607611175     
           1           1   51.000000000000000     
           1           2   56.091984535351322     
           1           3   59.571098665845184     
           1           4   52.704764413493507     
           1           5   51.928365938234229     
           1           6   42.227864331420228     
           1           1   48.083261120685229     
           1           2   28.391142168959313     
           1           3   41.398168457987865     
           1           4   31.354801198845525     
           1           5   47.213341767731187     
           1           6   39.130104736489145     
           1           1   38.013155617496423     
           1           2   21.396645076147738     
           1           3   36.900330479263744     
           1           4   25.131611573765412     
           1           5   37.725073641938586     
           1           6   25.813788084592197     
           1           1   34.000000000000000     
           1           2   26.221668279711242     
           1           3   39.842947020543299     
           1           4   29.292870162722433     
           1           5   34.572571812099675     
           1           6   19.481740524497756     
           1           1   38.013155617496423     
           1           2   38.669566253421976     
           1           3   48.900781845332091     
           1           4   40.774337326872754     
           1           5   39.310866972325712     
           1           6   25.898354628267061     
           1           1   48.083261120685229     
           1           2   53.675830883968338     
           1           3   61.425666483056574     
           1           4   55.181708260265957     
           1           5   49.733548058920825     
           1           6   39.241703977262581     
           1           1   51.000000000000000     
           1           2   33.449081386913107     
           1           3   50.161788826832911     
           1           4   42.759236345594118     
           1           5   50.832767526374298     
           1           6   43.195878295676351     
           1           1   41.641325627314025     
           1           2   27.759692226048085     
           1           3   46.519147628806770     
           1           4   38.429502142675126     
           1           5   42.166951452571396     
           1           6   31.639697538416943     
           1           1   38.013155617496423     
           1           2   31.628467862694389     
           1           3   48.886165056318930     
           1           4   41.271067068945122     
           1           5   39.371732692588118     
           1           6   26.725587344530542     
           1           1   41.641325627314025     
           1           2   42.521987796880673     
           1           3   56.512681512352586     
           1           4   50.077692829091689     
           1           5   43.591454158237383     
           1           6   31.708730304093773     
           1           1   51.000000000000000     
           1           2   56.514413321334644     
           1           3   67.642510372690467     
           1           4   62.371865942589501     
           1           5   53.181730096366842     
           1           6   43.296999157971435     
           1           1   58.889727457341827     
           1           2   44.828842697515789     
           1           3   62.422766399284292     
           1           4   57.022636097409858     
           1           5   59.302958340239954     
           1           6   52.712453052207280     
           1           1   51.000000000000000     
           1           2   40.760085923059485     
           1           3   59.535097234677927     
           1           4   53.852162162471480     
           1           5   52.066519072407132     
           1           6   43.746877207050794     
           1           1   48.083261120685229     
           1           2   43.487286318092657     
           1           3   61.402392791694162     
           1           4   55.915379920453184     
           1           5   49.829749635438013     
           1           6   40.335788376532371     
           1           1   51.000000000000000     
           1           2   51.950972446801671     
           1           3   67.631944215351638     
           1           4   62.697719685201584     
           1           5   53.226736600542537     
           1           6   43.796830736299036     
           1           1   58.889727457341827     
           1           2   63.911368355128523     
           1           3   77.174515976139261     
           1           4   72.893610116385432     
           1           5   61.328354205511111     
           1           6   52.795349616530167     
           2           1   63.911368355128531     
           2           2   58.889727457341827     
           2           3   44.930430594174830     
           2           4   53.089104323039756     
           2           5   61.321550133925555     
           2           6   69.424978462941681     
           2           1   51.950972446801671     
           2           2   51.000000000000000     
           2           3   33.879347164966511     
           2           4   44.138054703866544     
           2           5   49.352351356182275     
           2           6   58.619576306136516     
           2           1   43.487286318092657     
           2           2   48.083261120685229     
           2           3   29.238275176054525     
           2           4   40.692539221095963     
           2           5   41.097161190775559     
           2           6   51.290172723846510     
           2           1   40.760085923059478     
           2           2   51.000000000000000     
           2           3   33.763046459362172     
           2           4   44.063563445088619     
           2           5   38.991008341630646     
           2           6   49.021514764163037     
           2           1   44.828842697515782     
           2           2   58.889727457341827     
           2           3   44.754998348379040     
           2           4   52.965200827508127     
           2           5   43.927449334711341     
           2           6   52.474146029298097     
           2           1   56.514413321334644     
           2           2   51.000000000000000     
           2           3   40.513654587552608     
           2           4   49.838716280534094     
           2           5   54.179507494726181     
           2           6   63.045716330738223     
           2           1   42.521987796880680     
           2           2   41.641325627314025     
           2           3   27.756490754162076     
           2           4   40.169796062595232     
           2           5   40.134039242613149     
           2           6   50.903727165964554     
           2           1   31.628467862694386     
           2           2   38.013155617496423     
           2           3   21.851529693187317     
           2           4   36.350067275445426     
           2           5   29.394951598601661     
           2           6   42.256556072614394     
           2           1   27.759692226048077     
           2           2   41.641325627314025     
           2           3   27.614415092096539     
           2           4   40.087931677106084     
           2           5   26.370158381030937     
           2           6   39.472061294655632     
           2           1   33.449081386913100     
           2           2   50.999999999999993     
           2           3   40.319009063033427     
           2           4   49.706711230650157     
           2           5   33.237137761804611     
           2           6   43.686047138418203     
           2           1   53.675830883968338     
           2           2   48.083261120685229     
           2           3   42.918164251294378     
           2           4   52.223962729388404     
           2           5   51.850800899452231     
           2           6   60.890861881992670     
           2           1   38.669566253421984     
           2           2   38.013155617496423     
           2           3   31.161440814690280     
           2           4   43.093586046875544     
           2           5   36.930036927562888     
           2           6   48.209170833597149     
           2           1   26.221668279711238     
           2           2   34.000000000000000     
           2           3   26.040391022290876     
           2           4   39.557199516628877     
           2           5   24.842497882211447     
           2           6   38.968593048684731     
           2           1   21.396645076147735     
           2           2   38.013155617496423     
           2           3   31.034956670505753     
           2           4   43.017286162859008     
           2           5   21.177152183053369     
           2           6   35.930186973143442     
           2           1   28.391142168959309     
           2           2   48.083261120685229     
           2           3   42.734472109604113     
           2           4   52.098001727861096     
           2           5   29.288117866136837     
           2           6   40.514262027785882     
           2           1   56.091984535351322     
           2           2   51.000000000000000     
           2           3   51.191614912626498     
           2           4   59.571695676969981     
           2           5   54.950815057269004     
           2           6   63.392679181494636     
           2           1   41.958923511662157     
           2           2   41.641325627314025     
           2           3   41.828794009736953     
           2           4   51.754244280526798     
           2           5   41.169335056747087     
           2           6   51.332824445367798     
           2           1   30.867325692403895     
           2           2   38.013155617496423     
           2           3   38.166930440570781     
           2           4   48.848916838220255     
           2           5   30.793444473965987     
           2           6   42.772490660119338     
           2           1   26.889260468528324     
           2           2   41.641325627314025     
           2           3   41.734651672222334     
           2           4   51.690729840913214     
           2           5   27.920571199883216     
           2           6   40.023905968821218     
           2           1   32.730304943397371     
           2           2   50.999999999999993     
           2           3   51.037708815620753     
           2           4   59.461301925749929     
           2           5   34.480144571684583     
           2           6   44.185293262940881     
           2           1   63.162699729696598     
           2           2   58.889727457341827     
           2           3   63.064998628591148     
           2           4   70.343667579239138     
           2           5   62.679171955297306     
           2           6   70.054025486647802     
           2           1   51.027121908718676     
           2           2   51.000000000000000     
           2           3   55.733837325008992     
           2           4   63.858800832128196     
           2           5   51.029409859004346     
           2           6   59.363234233108841     
           2           1   42.379331087579239     
           2           2   48.083261120685229     
           2           3   53.040806874678367     
           2           4   61.527728049525230     
           2           5   43.096667436296883     
           2           6   52.138475911230778     
           2           1   39.575854211552816     
           2           2   51.000000000000000     
           2           3   55.663217342005034     
           2           4   63.807336522967724     
           2           5   41.093123727349976     
           2           6   49.908393703635042     
           2           1   43.754871382710121     
           2           2   58.889727457341827     
           2           3   62.940132950365239     
           2           4   70.250203340447129     
           2           5   45.803568542503491     
           2           6   53.303610138602103     
           2           1   60.406815107439634     
           2           2   51.000000000000000     
           2           3   39.624215252791906     
           2           4   43.271179208363691     
           2           5   57.798638400672161     
           2           6   62.361396820743131     
           2           1   47.573352252787700     
           2           2   41.641325627314025     
           2           3   26.441350293544936     
           2           4   31.656118291749607     
           2           5   44.899940696265695     
           2           6   50.053680235975037     
           2           1   38.150548852031505     
           2           2   38.013155617496423     
           2           3   20.154691173330122     
           2           4   26.642535549758797     
           2           5   35.627612158053736     
           2           6   41.228606535951279     
           2           1   35.010068706797263     
           2           2   41.641325627314025     
           2           3   26.292168933708631     
           2           4   31.552172282413114     
           2           5   33.176027815897740     
           2           6   38.369585463324086     
           2           1   39.672981284472279     
           2           2   50.999999999999993     
           2           3   39.425178733710709     
           2           4   43.119072937135321     
           2           5   38.858343958508343     
           2           6   42.692530732651313     
           2           1   52.518560713847819     
           2           2   41.641325627314025     
           2           3   34.535359402518850     
           2           4   39.215297942911285     
           2           5   50.157443341095451     
           2           6   55.171356032910666     
           2           1   37.046453981420989     
           2           2   29.444863728670914     
           2           3   17.937603519074379     
           2           4   25.837075453120065     
           2           5   34.512189094169642     
           2           6   40.746847954672930     
           2           1   23.763002456359867     
           2           2   24.041630560342615     
           2           3   5.3688165319622971     
           2           4   19.371869893976072     
           2           5   21.081111679136949     
           2           6   29.235812114122638     
           2           1   18.300842026649693     
           2           2   29.444863728670907     
           2           3   17.716962547237998     
           2           4   25.709613346140657     
           2           5   16.605280581332135     
           2           6   25.043158780459915     
           2           1   26.137355490328591     
           2           2   41.641325627314025     
           2           3   34.306811755781041     
           2           4   39.047395478148999     
           2           5   26.173601524079327     
           2           6   31.266385998934588     
           2           1   49.451138788544021     
           2           2   38.013155617496423     
           2           3   37.326983051442930     
           2           4   42.205263124642130     
           2           5   47.632506170248341     
           2           6   52.695476462275046     
           2           1   32.552352612787693     
           2           2   24.041630560342615     
           2           3   22.855420247045775     
           2           4   30.182761812650519     
           2           5   30.727474963219287     
           2           6   37.326134695642274     
           2           1   15.871237940711747     
           2           2   17.000000000000000     
           2           3   15.147171538456682     
           2           4   24.873962005641797     
           2           5   14.053461892778952     
           2           6   24.241852714845788     
           2           1   4.7049683223280727     
           2           2   24.041630560342611     
           2           3   22.682666874990570     
           2           4   30.073723764725724     
           2           5   5.3685998852877796     
           2           6   18.976156480681816     
           2           1   19.245187971478302     
           2           2   38.013155617496416     
           2           3   37.115629423575136     
           2           4   42.049301258117787     
           2           5   20.931888072623398     
           2           6   26.655611163700016     
           2           1   52.063720914986149     
           2           2   41.641325627314025     
           2           3   46.603822572663162     
           2           4   51.016946969504673     
           2           5   50.989628019846272     
           2           6   55.567508065974849     
           2           1   36.398785263480825     
           2           2   29.444863728670917     
           2           3   36.069139847390744     
           2           4   41.622635107693142     
           2           5   35.710842039341699     
           2           6   41.281655058793682     
           2           1   22.740098983962472     
           2           2   24.041630560342618     
           2           3   31.749794019441968     
           2           4   37.949421978827118     
           2           5   22.991005039261250     
           2           6   29.976693215300983     
           2           1   16.951478842385214     
           2           2   29.444863728670914     
           2           3   35.959922013588340     
           2           4   41.543633733052339     
           2           5   18.971251573680053     
           2           6   25.904231852253766     
           2           1   25.210973168191188     
           2           2   41.641325627314025     
           2           3   46.434712900692269     
           2           4   50.887998378447946     
           2           5   27.735004233429994     
           2           6   31.960230280559067     
           2           1   59.614150531088583     
           2           2   51.000000000000000     
           2           3   59.401421641622584     
           2           4   63.262734060094395     
           2           5   59.237055017495912     
           2           6   63.060944059997830     
           2           1   46.562726259173353     
           2           2   41.641325627314025     
           2           3   51.551871585735768     
           2           4   55.963277209051512     
           2           5   46.737038424598104     
           2           6   50.922585926769486     
           2           1   36.882624768719133     
           2           2   38.013155617496423     
           2           3   48.627790767610996     
           2           4   53.287928006219779     
           2           5   37.916656422460058     
           2           6   42.279272098751512     
           2           1   33.623928131221618     
           2           2   41.641325627314025     
           2           3   51.475514624770049     
           2           4   55.904544953116101     
           2           5   35.622954787824710     
           2           6   39.496378833145130     
           2           1   38.455286712193143     
           2           2   50.999999999999993     
           2           3   59.268838159957866     
           2           4   63.158792116647511     
           2           5   40.967267194333637     
           2           6   43.708020232702836     
           2           1   61.573562653332566     
           2           2   48.083261120685229     
           2           3   41.223940561537916     
           2           4   38.785782219030395     
           2           5   59.152622013869887     
           2           6   59.464779426888214     
           2           1   49.046346968630537     
           2           2   38.013155617496423     
           2           3   28.783325839235008     
           2           4   25.180384777857789     
           2           5   46.629977103493054     
           2           6   46.394903642744140     
           2           1   39.972298959538413     
           2           2   34.000000000000000     
           2           3   23.141875838270668     
           2           4   18.486931946104239     
           2           5   37.784611129781503     
           2           6   36.700329368420661     
           2           1   36.986824914476486     
           2           2   38.013155617496423     
           2           3   28.646343366305899     
           2           4   25.049581393684139     
           2           5   35.482374663843032     
           2           6   33.456557914429972     
           2           1   41.427837867761831     
           2           2   48.083261120685229     
           2           3   41.032664539445399     
           2           4   38.616012264573925     
           2           5   40.845085204242771     
           2           6   38.337558075764981     
           2           1   53.856471531781523     
           2           2   38.013155617496423     
           2           3   36.359673954571868     
           2           4   34.202069308903368     
           2           5   51.711886570297452     
           2           6   51.874798364566807     
           2           1   38.919918537903136     
           2           2   24.041630560342615     
           2           3   21.238937379942861     
           2           4   17.305964874283884     
           2           5   36.734742223348078     
           2           6   36.158288083031664     
           2           1   26.589482735480932     
           2           2   16.999999999999996     
           2           3   12.576129451285730     
           2           4   2.6853855307692451     
           2           5   24.551239475276073     
           2           6   22.401984037726564     
           2           1   21.845849154561630     
           2           2   24.041630560342607     
           2           3   21.052923856838948     
           2           4   17.115086054933581     
           2           5   20.834717020609517     
           2           6   16.561279556773449     
           2           1   28.731196606255082     
           2           2   38.013155617496416     
           2           3   36.142664177786074     
           2           4   34.009425838827376     
           2           5   29.041479075374202     
           2           6   24.994060740276851     
           2           1   50.869789009620597     
           2           2   34.000000000000000     
           2           3   39.021000816795208     
           2           4   37.592900761713047     
           2           5   49.266679756229323     
           2           6   49.233417700180631     
           2           1   34.669525047608296     
           2           2   17.000000000000000     
           2           3   25.528514952709152     
           2           4   23.301095744597994     
           2           5   33.204334171300260     
           2           6   32.254557975137494     
           2           1   19.854886052812326     
           2           2   0.0000000000000000     
           2           3   18.941268348161294     
           2           4   15.832117297374978     
           2           5   18.863983707475469     
           2           6   15.322649963454486     
           2           1   12.824080213160865     
           2           2   16.999999999999993     
           2           3   25.373967320531868     
           2           4   23.159680769318847     
           2           5   13.681080179299505     
           2           6   2.6852734746387061     
           2           1   22.642825937965572     
           2           2   33.999999999999993     
           2           3   38.818871551473279     
           2           4   37.417718911709123     
           2           5   24.423227232062175     
           2           6   18.911313686908283     
           2           1   53.413025957279743     
           2           2   38.013155617496423     
           2           3   47.971357281255798     
           2           4   47.272305109323582     
           2           5   52.519446453160590     
           2           6   52.295928441098120     
           2           1   38.303940724897508     
           2           2   24.041630560342618     
           2           3   37.819541117684857     
           2           4   36.937592038029464     
           2           5   37.863099837479290     
           2           6   36.759913264961625     
           2           1   25.679416040865970     
           2           2   17.000000000000004     
           2           3   33.725128039766105     
           2           4   32.742947038817611     
           2           5   26.209471624957377     
           2           6   23.360614610462367     
           2           1   20.728553768734255     
           2           2   24.041630560342615     
           2           3   37.715392510816855     
           2           4   36.848547542687925     
           2           5   22.765291046151109     
           2           6   17.836631035865327     
           2           1   27.891100273863874     
           2           2   38.013155617496416     
           2           3   47.807085282323392     
           2           4   47.133112895549864     
           2           5   30.456207084476056     
           2           6   25.856768909526199     
           2           1   60.796112128513300     
           2           2   48.083261120685229     
           2           3   60.480275578633510     
           2           4   60.283625247806356     
           2           5   60.558886856430476     
           2           6   60.197997014788214     
           2           1   48.066701395937130     
           2           2   38.013155617496423     
           2           3   52.791384761282927     
           2           4   52.572144223313479     
           2           5   48.401455048856427     
           2           6   47.331025092675702     
           2           1   38.764008000071499     
           2           2   34.000000000000000     
           2           3   49.939932678770980     
           2           4   49.714637919387386     
           2           5   39.950255623750287     
           2           6   37.876813858276719     
           2           1   35.677567873567696     
           2           2   38.013155617496423     
           2           3   52.716823186782982     
           2           4   52.509619106166703     
           2           5   37.780219665315784     
           2           6   34.743058584206288     
           2           1   40.263251017726475     
           2           2   48.083261120685229     
           2           3   60.350062285410296     
           2           4   60.174537587700868     
           2           5   42.856353922330293     
           2           6   39.465265886810343     
           2           1   67.168623063327303     
           2           2   51.000000000000000     
           2           3   49.058619186059815     
           2           4   41.403850721904874     
           2           5   65.079818540465169     
           2           6   61.328428735316081     
           2           1   55.909430844596933     
           2           2   41.641325627314025     
           2           3   39.189471639576851     
           2           4   29.051570178231337     
           2           5   53.950948599782713     
           2           6   48.760673322604859     
           2           1   48.146702799986102     
           2           2   38.013155617496423     
           2           3   35.254521104896043     
           2           4   23.488478133749272     
           2           5   46.519102832846194     
           2           6   39.648837998166293     
           2           1   45.698419268653176     
           2           2   41.641325627314025     
           2           3   39.088973244150615     
           2           4   28.938270167004365     
           2           5   44.669329544212324     
           2           6   36.666843964757618     
           2           1   49.361787414932969     
           2           2   50.999999999999993     
           2           3   48.897999961432831     
           2           4   41.244858533851854     
           2           5   49.037445646015883     
           2           6   41.168975431347917     
           2           1   60.173414663396549     
           2           2   41.641325627314025     
           2           3   45.048426510860473     
           2           4   37.144629453943381     
           2           5   58.399223477743433     
           2           6   54.001026695968839     
           2           1   47.276636570260465     
           2           2   29.444863728670914     
           2           3   34.035676900140523     
           2           4   22.570741513952875     
           2           5   45.670465033322600     
           2           6   39.147643300073440     
           2           1   37.779900721678871     
           2           2   24.041630560342615     
           2           3   29.419277234444781     
           2           4   14.736120510792283     
           2           5   36.593899080536147     
           2           6   26.962289733641530     
           2           1   34.605800549667023     
           2           2   29.444863728670910     
           2           3   33.919912204241967     
           2           4   22.424721245257658     
           2           5   34.211628483207079     
           2           6   22.347083912937677     
           2           1   39.316688121289630     
           2           2   41.641325627314025     
           2           3   44.873455571081728     
           2           4   36.967323383583334     
           2           5   39.746164557470287     
           2           6   29.151659492092801     
           2           1   57.515699946038993     
           2           2   38.013155617496423     
           2           3   47.222593594231533     
           2           4   40.288560906785108     
           2           5   56.245496036100221     
           2           6   51.468879891588230     
           2           1   43.843999286404213     
           2           2   24.041630560342618     
           2           3   36.865158574354723     
           2           4   27.438713802921793     
           2           5   42.882139614336964     
           2           6   35.573482947636450     
           2           1   33.384679219211243     
           2           2   17.000000000000004     
           2           3   32.651286156270807     
           2           4   21.461544454618547     
           2           5   33.048448851043069     
           2           6   21.445274089104746     
           2           1   29.745207004037770     
           2           2   24.041630560342615     
           2           3   36.758305981166266     
           2           4   27.318725548540606     
           2           5   30.389505507930394     
           2           6   15.242272549980003     
           2           1   35.114354228099941     
           2           2   38.013155617496416     
           2           3   47.055707725539584     
           2           4   40.125149729507584     
           2           5   36.508137703436113     
           2           6   24.140297517199748     
           2           1   59.776848765324800     
           2           2   41.641325627314032     
           2           3   54.850578487628717     
           2           4   49.443025621504077     
           2           5   59.115500047707556     
           2           6   54.405701083349079     
           2           1   46.770847559734641     
           2           2   29.444863728670917     
           2           3   46.234754583255658     
           2           4   39.677798046610725     
           2           5   46.582876891053367     
           2           6   39.703997306339033     
           2           1   37.145022743287669     
           2           2   24.041630560342622     
           2           3   42.950193274538854     
           2           4   35.805621528560891     
           2           5   37.726469394889790     
           2           6   27.763906314364760     
           2           1   33.911550358878912     
           2           2   29.444863728670914     
           2           3   46.149601008747673     
           2           4   39.594916444733919     
           2           5   35.420454070495452     
           2           6   23.307972575148398     
           2           1   38.707024955248151     
           2           2   41.641325627314025     
           2           3   54.706967053684920     
           2           4   49.309961300779555     
           2           5   40.791305937866213     
           2           6   29.894626227717186     
           2           1   66.456659232482011     
           2           2   51.000000000000000     
           2           3   66.069649424596449     
           2           4   62.000463105348523     
           2           5   66.360597250432107     
           2           6   62.039624623676815     
           2           1   55.052048912694055     
           2           2   41.641325627314025     
           2           3   59.112309598216854     
           2           4   54.532305108959051     
           2           5   55.489196615112199     
           2           6   49.652211583954376     
           2           1   47.148368186280642     
           2           2   38.013155617496423     
           2           3   56.580312096892875     
           2           4   51.783078082666336     
           2           5   48.294647887184162     
           2           6   40.740265179657570     
           2           1   44.645371045299903     
           2           2   41.641325627314025     
           2           3   59.045730480096232     
           2           4   54.472029987273615     
           2           5   46.515535986416658     
           2           6   37.844369444342256     
           2           1   48.388528484713454     
           2           2   50.999999999999993     
           2           3   65.950472772183574     
           2           4   61.894401412028799     
           2           5   50.724916576177286     
           2           6   42.221124930192374     
           2           1   76.222990171094821     
           2           2   58.889727457341827     
           2           3   60.762512764569415     
           2           4   50.022203138821375     
           2           5   74.496529257435768     
           2           6   67.559546697687509     
           2           1   66.514545505221946     
           2           2   51.000000000000000     
           2           3   53.114494522783737     
           2           4   40.397223692729540     
           2           5   65.000422652168240     
           2           6   56.397867350885399     
           2           1   60.136721700718461     
           2           2   48.083261120685229     
           2           3   50.281369306704306     
           2           4   36.601237100668413     
           2           5   58.977767154386470     
           2           6   48.735475102425255     
           2           1   58.195067059443154     
           2           2   51.000000000000000     
           2           3   53.040387162081956     
           2           4   40.315821119236340     
           2           5   57.529984287096326     
           2           6   46.341920818953525     
           2           1   61.113880282604441     
           2           2   58.889727457341827     
           2           3   60.632905597949943     
           2           4   49.890683576567483     
           2           5   60.983777889124511     
           2           6   49.980003170480138     
           2           1   70.136724607387677     
           2           2   51.000000000000000     
           2           3   57.573392918309253     
           2           4   46.558194225404471     
           2           5   68.737321688785116     
           2           6   60.985465998654263     
           2           1   59.442414754079117     
           2           2   41.641325627314025     
           2           3   49.434422653373673     
           2           4   36.019166075152320     
           2           5   58.310732001099517     
           2           6   48.328605967936440     
           2           1   52.207673812758458     
           2           2   38.013155617496423     
           2           3   46.377027869611766     
           2           4   31.703236427347939     
           2           5   51.511780594933562     
           2           6   39.116252971560399     
           2           1   49.958800406763245     
           2           2   41.641325627314025     
           2           3   49.354789888774818     
           2           4   35.927845401404724     
           2           5   49.847623951569602     
           2           6   36.090280384975600     
           2           1   53.330312873882811     
           2           2   50.999999999999993     
           2           3   57.436589870146982     
           2           4   46.416860626351664     
           2           5   53.796911502182141     
           2           6   40.656308612529010     
           2           1   67.870288393981824     
           2           2   48.083261120685229     
           2           3   59.290034464381797     
           2           4   49.103055833618562     
           2           5   66.917157101083390     
           2           6   58.755100001182974     
           2           1   56.750476472234894     
           2           2   38.013155617496423     
           2           3   51.423484496229385     
           2           4   39.253343391593781     
           2           5   56.153610641236575     
           2           6   45.481742137698042     
           2           1   49.120841940759817     
           2           2   34.000000000000000     
           2           3   48.491662465627080     
           2           4   35.334683281972353     
           2           5   49.056600591603569     
           2           6   35.538935825529492     
           2           1   46.723630489427201     
           2           2   38.013155617496423     
           2           3   51.346936613849401     
           2           4   39.169563666911245     
           2           5   47.306153248395091     
           2           6   32.178300939331002     
           2           1   50.312405818604560     
           2           2   48.083261120685229     
           2           3   59.157201341620535     
           2           4   48.969067717030619     
           2           5   51.450891233458371     
           2           6   37.227276868892737     
           2           1   69.796790432741147     
           2           2   51.000000000000000     
           2           3   65.528015393792771     
           2           4   56.855560281017695     
           2           5   69.346899253208292     
           2           6   61.344082756407786     
           2           1   59.040939083447931     
           2           2   41.641325627314025     
           2           3   58.506301988721731     
           2           4   48.603185184588000     
           2           5   59.028082381110295     
           2           6   48.780360607072737     
           2           1   51.750101652062789     
           2           2   38.013155617496423     
           2           3   55.946885019113147     
           2           4   45.497082162554904     
           2           5   52.322429063907819     
           2           6   39.673047181771906     
           2           1   49.480436074697785     
           2           2   41.641325627314025     
           2           3   58.439032455099984     
           2           4   48.535547390806137     
           2           5   50.684895745223621     
           2           6   36.693020649956665     
           2           1   52.882455382533784     
           2           2   50.999999999999993     
           2           3   65.407851862254205     
           2           4   56.739882232377838     
           2           5   54.573626691477166     
           2           6   41.192291222377911     
           2           1   75.596348210358073     
           2           2   58.889727457341827     
           2           3   75.170030039309566     
           2           4   68.058793535717427     
           2           5   75.617980385475562     
           2           6   68.205800356721880     
           2           1   65.795504374426159     
           2           2   51.000000000000000     
           2           3   69.134651131375975     
           2           4   61.332815464124337     
           2           5   66.282735543538706     
           2           6   57.170431990951833     
           2           1   59.340449349735749     
           2           2   48.083261120685229     
           2           3   66.982583990194243     
           2           4   58.901860140196305     
           2           5   60.388103999804557     
           2           6   49.627466042133314     
           2           1   57.371852525188487     
           2           2   51.000000000000000     
           2           3   69.077732511640747     
           2           4   61.279229786234779     
           2           5   58.974953821497252     
           2           6   47.279091335326463     
           2           1   60.330506340618420     
           2           2   58.889727457341827     
           2           3   75.065302902846881     
           2           4   67.962187122053990     
           2           5   62.348755014067883     
           2           6   50.850167838712075     
           3           1   77.174515976139261     
           3           2   75.065302902846881     
           3           3   58.889727457341827     
           3           4   67.760062387491402     
           3           5   74.596190351541168     
           3           6   83.730330152904543     
           3           1   67.631944215351623     
           3           2   69.077732511640747     
           3           3   51.000000000000000     
           3           4   61.033387248532108     
           3           5   65.144816505793642     
           3           6   75.040846932181410     
           3           1   61.402392791694162     
           3           2   66.982583990194243     
           3           3   48.083261120685229     
           3           4   58.623567473345027     
           3           5   59.170115938568877     
           3           6   69.494526612415768     
           3           1   59.535097234677927     
           3           2   69.134651131375975     
           3           3   51.000000000000000     
           3           4   61.044008449432546     
           3           5   57.761216424118373     
           3           6   67.866411057815995     
           3           1   62.422766399284292     
           3           2   75.170030039309566     
           3           3   58.889727457341834     
           3           4   67.779194977861366     
           3           5   61.234088752948729     
           3           6   70.428760252137991     
           3           1   67.642510372690452     
           3           2   65.407851862254205     
           3           3   51.000000000000000     
           3           4   61.377993472938996     
           3           5   65.192526579703511     
           3           6   75.339832000933157     
           3           1   56.512681512352579     
           3           2   58.439032455099984     
           3           3   41.641325627314025     
           3           4   53.860063006245142     
           3           5   54.123202274583754     
           3           6   65.547317311340166     
           3           1   48.886165056318923     
           3           2   55.946885019113147     
           3           3   38.013155617496423     
           3           4   51.113155755727433     
           3           5   46.760843951597664     
           3           6   59.116929280014190     
           3           1   46.519147628806756     
           3           2   58.506301988721731     
           3           3   41.641325627314032     
           3           4   53.872098488752108     
           3           5   44.964786552099049     
           3           6   57.194159214756219     
           3           1   50.161788826832904     
           3           2   65.528015393792771     
           3           3   51.000000000000007     
           3           4   61.399114813280185     
           3           5   49.346606086801827     
           3           6   60.212393816120347     
           3           1   61.425666483056567     
           3           2   59.157201341620535     
           3           3   48.083261120685229     
           3           4   59.338774092254020     
           3           5   59.275116437906163     
           3           6   70.138522826926334     
           3           1   48.900781845332084     
           3           2   51.346936613849401     
           3           3   38.013155617496423     
           3           4   51.524153705268283     
           3           5   46.827288319285515     
           3           6   59.495990664312416     
           3           1   39.842947020543292     
           3           2   48.491662465627080     
           3           3   34.000000000000000     
           3           4   48.645521061210424     
           3           5   38.079527753737352     
           3           6   52.327176743186087     
           3           1   36.900330479263737     
           3           2   51.423484496229385     
           3           3   38.013155617496430     
           3           4   51.536734700495160     
           3           5   35.851163670902132     
           3           6   50.144729999246373     
           3           1   41.398168457987857     
           3           2   59.290034464381797     
           3           3   48.083261120685236     
           3           4   59.360621019845951     
           3           5   41.213607451519849     
           3           6   53.561688430089681     
           3           1   59.571098665845177     
           3           2   57.436589870146982     
           3           3   51.000000000000000     
           3           4   62.071911028894313     
           3           5   57.922476946426585     
           3           6   68.852991821399470     
           3           1   46.549863141076173     
           3           2   49.354789888774810     
           3           3   41.641325627314025     
           3           4   54.649523722092276     
           3           5   45.102869512033031     
           3           6   57.974951518240928     
           3           1   36.919692856929110     
           3           2   46.377027869611766     
           3           3   38.013155617496423     
           3           4   51.944381287335418     
           3           5   35.937784306070377     
           3           6   50.591061703892620     
           3           1   33.722954835646341     
           3           2   49.434422653373673     
           3           3   41.641325627314032     
           3           4   54.661385379412373     
           3           5   33.567541516170024     
           3           6   48.330280830052651     
           3           1   38.592896302870344     
           3           2   57.573392918309253     
           3           3   51.000000000000007     
           3           4   62.092796328311643     
           3           5   39.243284088490320     
           3           6   51.866912052834209     
           3           1   62.468544801556121     
           3           2   60.632905597949943     
           3           3   58.889727457341827     
           3           4   69.012710182881435     
           3           5   61.436855734089328     
           3           6   71.694187917655753     
           3           1   50.204512265543265     
           3           2   53.040387162081949     
           3           3   51.000000000000000     
           3           4   62.421170055189940     
           3           5   49.535267689813324     
           3           6   61.322239864153865     
           3           1   41.432680507277645     
           3           2   50.281369306704306     
           3           3   48.083261120685229     
           3           4   60.067052327640454     
           3           5   41.364214578686536     
           3           6   54.394647004475594     
           3           1   38.611409922653763     
           3           2   53.114494522783737     
           3           3   51.000000000000000     
           3           4   62.431555159262622     
           3           5   39.322433168889532     
           3           6   52.298548197117192     
           3           1   42.930349851966795     
           3           2   60.762512764569415     
           3           3   58.889727457341834     
           3           4   69.031495593508666     
           3           5   44.266344472205326     
           3           6   55.583258849323272     
           3           1   71.427525377330710     
           3           2   65.950472772183574     
           3           3   51.000000000000000     
           3           4   56.806981665943411     
           3           5   68.750322647139981     
           3           6   75.243268970367353     
           3           1   60.992338401854077     
           3           2   59.045730480096225     
           3           3   41.641325627314025     
           3           4   48.586844621434160     
           3           5   58.359766677874987     
           3           6   65.436305260396011     
           3           1   54.002215750127732     
           3           2   56.580312096892875     
           3           3   38.013155617496423     
           3           4   45.522848928202428     
           3           5   51.605405427204694     
           3           6   58.993818039828668     
           3           1   51.869193825626439     
           3           2   59.112309598216854     
           3           3   41.641325627314032     
           3           4   48.600185995657419     
           3           5   49.983731072383215     
           3           6   57.066900105937933     
           3           1   55.159652195399715     
           3           2   66.069649424596449     
           3           3   51.000000000000007     
           3           4   56.829801892009542     
           3           5   53.959511437062574     
           3           6   60.091526927560956     
           3           1   61.004054577522837     
           3           2   54.706967053684906     
           3           3   41.641325627314025     
           3           4   49.019028896972706     
           3           5   58.413018848265608     
           3           6   65.778960342661861     
           3           1   48.370121326025689     
           3           2   46.149601008747673     
           3           3   29.444863728670914     
           3           4   39.198386424377219     
           3           5   45.731130246015056     
           3           6   54.288416301695207     
           3           1   39.189827752766483     
           3           2   42.950193274538847     
           3           3   24.041630560342615     
           3           4   35.329333457445180     
           3           5   36.723177642847745     
           3           6   46.320542584590370     
           3           1   36.194150929239470     
           3           2   46.234754583255658     
           3           3   29.444863728670917     
           3           4   39.214921991761130     
           3           5   34.407081811718825     
           3           6   43.840086520392894     
           3           1   40.769970857061288     
           3           2   54.850578487628709     
           3           3   41.641325627314032     
           3           4   49.045472890904676     
           3           5   39.963768358457784     
           3           6   47.710729473570396     
           3           1   54.028677276660659     
           3           2   47.055707725539584     
           3           3   38.013155617496423     
           3           4   46.440254327572973     
           3           5   51.725764159167518     
           3           6   59.751098083432048     
           3           1   39.208059509016870     
           3           2   36.758305981166266     
           3           3   24.041630560342615     
           3           4   35.921379793685752     
           3           5   36.807746201852382     
           3           6   46.803357176174885     
           3           1   27.082206200006468     
           3           2   32.651286156270807     
           3           3   17.000000000000000     
           3           4   31.654286132446114     
           3           5   24.739961258460735     
           3           6   37.268146771006549     
           3           1   22.530420654233893     
           3           2   36.865158574354716     
           3           3   24.041630560342622     
           3           4   35.939423128749930     
           3           5   21.149968928589416     
           3           6   34.136128727932380     
           3           1   29.322240996448237     
           3           2   47.222593594231533     
           3           3   38.013155617496430     
           3           4   46.468165867611781     
           3           5   29.335587403194392     
           3           6   38.982506401136582     
           3           1   51.910512053279831     
           3           2   44.873455571081728     
           3           3   41.641325627314025     
           3           4   49.885160619337242     
           3           5   50.169996858000744     
           3           6   58.236722268602591     
           3           1   36.233620076260259     
           3           2   33.919912204241967     
           3           3   29.444863728670914     
           3           4   40.276265396504058     
           3           5   34.587339986503210     
           3           6   44.853944546439138     
           3           1   22.562118385201138     
           3           2   29.419277234444781     
           3           3   24.041630560342615     
           3           4   36.521580723760920     
           3           5   21.296468955019833     
           3           6   34.788458749414602     
           3           1   16.829234926902991     
           3           2   34.035676900140515     
           3           3   29.444863728670917     
           3           4   40.292358615930389     
           3           5   16.993972242012262     
           3           6   31.410147770177801     
           3           1   25.207084528400980     
           3           2   45.048426510860473     
           3           3   41.641325627314032     
           3           4   49.911145720242637     
           3           5   26.496237377643695     
           3           6   36.619092065875826     
           3           1   55.211453114384454     
           3           2   48.897999961432831     
           3           3   51.000000000000000     
           3           4   58.295465329856398     
           3           5   54.189505364173513     
           3           6   61.569780891317031     
           3           1   40.822524630391655     
           3           2   39.088973244150615     
           3           3   41.641325627314025     
           3           4   50.319077717075103     
           3           5   40.196492312438771     
           3           6   49.103955439347985     
           3           1   29.370946178085472     
           3           2   35.254521104896043     
           3           3   38.013155617496423     
           3           4   47.367265981578456     
           3           5   29.546801803818109     
           3           6   40.119309073987765     
           3           1   25.235420376784969     
           3           2   39.189471639576851     
           3           3   41.641325627314032     
           3           4   50.331959934440803     
           3           5   26.613323720352344     
           3           6   37.227939526098424     
           3           1   31.448376806921445     
           3           2   49.058619186059815     
           3           3   51.000000000000007     
           3           4   58.317703102185959     
           3           5   33.489169921848294     
           3           6   41.716663363019883     
           3           1   69.468531342666736     
           3           2   60.350062285410296     
           3           3   48.083261120685229     
           3           4   49.402836732650627     
           3           5   66.832792199700393     
           3           6   69.930900631835826     
           3           1   58.686035895297373     
           3           2   52.716823186782975     
           3           3   38.013155617496423     
           3           4   39.677305623057237     
           3           5   56.088123661061196     
           3           6   59.251087618409009     
           3           1   51.383117570863604     
           3           2   49.939932678770980     
           3           3   34.000000000000000     
           3           4   35.859962155279028     
           3           5   49.021761682222852     
           3           6   52.048553339637266     
           3           1   49.136531557470072     
           3           2   52.791384761282927     
           3           3   38.013155617496430     
           3           4   39.693641682901806     
           3           5   47.311611904888764     
           3           6   49.853910834895892     
           3           1   52.598219510695543     
           3           2   60.480275578633510     
           3           3   48.083261120685236     
           3           4   49.429075394176195     
           3           5   51.494117369355614     
           3           6   53.289520042109913     
           3           1   58.698212411241570     
           3           2   47.807085282323392     
           3           3   38.013155617496423     
           3           4   40.205376571303852     
           3           5   56.143530527482135     
           3           6   59.629296168864286     
           3           1   45.427459784499227     
           3           2   37.715392510816841     
           3           3   24.041630560342615     
           3           4   27.388329805099541     
           3           5   42.794293109017211     
           3           6   46.647759671594272     
           3           1   35.494056751368319     
           3           2   33.725128039766098     
           3           3   17.000000000000000     
           3           4   21.488809035994969     
           3           5   32.994045300790837     
           3           6   37.072550534910611     
           3           1   32.155901897885173     
           3           2   37.819541117684849     
           3           3   24.041630560342622     
           3           4   27.411990406718264     
           3           5   30.395106973340258     
           3           6   33.922478151635467     
           3           1   37.231384463426494     
           3           2   47.971357281255784     
           3           3   38.013155617496430     
           3           4   40.237613278257065     
           3           5   36.566624543850878     
           3           6   38.795554445488591     
           3           1   51.410927181323977     
           3           2   38.818871551473279     
           3           3   34.000000000000000     
           3           4   37.017621928586443     
           3           5   49.148447859238686     
           3           6   52.905340562258630     
           3           1   35.514185839470642     
           3           2   25.373967320531865     
           3           3   17.000000000000000     
           3           4   22.448889449599033     
           3           5   33.088146360629871     
           3           6   37.674070403836808     
           3           1   21.387644985774322     
           3           2   18.941268348161294     
           3           3   0.0000000000000000     
           3           4   14.683355944499670     
           3           5   18.763819765512121     
           3           6   24.853492744037741     
           3           1   15.218584698800935     
           3           2   25.528514952709152     
           3           3   17.000000000000007     
           3           4   22.477750022309369     
           3           5   13.687090077981622     
           3           6   19.850859486748202     
           3           1   24.161524836641384     
           3           2   39.021000816795208     
           3           3   34.000000000000007     
           3           4   37.052632164773179     
           3           5   24.506977321019061     
           3           6   27.357213731432985     
           3           1   49.180145658706209     
           3           2   36.142664177786074     
           3           3   38.013155617496423     
           3           4   41.256955307622718     
           3           5   47.508355410962075     
           3           6   51.188838221071236     
           3           1   32.200321259400802     
           3           2   21.052923856838948     
           3           3   24.041630560342615     
           3           4   28.909940600556990     
           3           5   30.599008749703788     
           3           6   35.222970902632390     
           3           1   15.265472524808391     
           3           2   12.576129451285732     
           3           3   17.000000000000000     
           3           4   23.397285522049103     
           3           5   13.912398753436042     
           3           6   20.952761154377058     
           3           1   2.6848861433476645     
           3           2   21.238937379942861     
           3           3   24.041630560342622     
           3           4   28.932356870342307     
           3           5   5.3675265891067943     
           3           6   14.675786887831826     
           3           1   18.957388422454208     
           3           2   36.359673954571868     
           3           3   38.013155617496430     
           3           4   41.288370981977465     
           3           5   21.025361930176803     
           3           6   23.869211163374061     
           3           1   52.652540493120760     
           3           2   41.032664539445406     
           3           3   48.083261120685229     
           3           4   51.107420099850401     
           3           5   51.735072636812589     
           3           6   54.951062381335625     
           3           1   37.288925736427188     
           3           2   28.646343366305903     
           3           3   38.013155617496423     
           3           4   41.780577946399305     
           3           5   36.820826217596398     
           3           6   40.496663783849201     
           3           1   24.220609917461662     
           3           2   23.141875838270675     
           3           3   34.000000000000000     
           3           4   38.174140433121785     
           3           5   24.759417318600089     
           3           6   28.954106762371513     
           3           1   18.995049538521943     
           3           2   28.783325839235012     
           3           3   38.013155617496430     
           3           4   41.796091947456745     
           3           5   21.172724164990054     
           3           6   24.793160734192245     
           3           1   26.701795242417003     
           3           2   41.223940561537923     
           3           3   48.083261120685236     
           3           4   51.132784066123499     
           3           5   29.351997396717543     
           3           6   31.129750078922516     
           3           1   71.609093782039452     
           3           2   59.268838159957866     
           3           3   51.000000000000000     
           3           4   47.246665368796535     
           3           5   69.171073161624577     
           3           6   68.535481329106815     
           3           1   61.204871329674248     
           3           2   51.475514624770049     
           3           3   41.641325627314025     
           3           4   36.958026093713293     
           3           5   58.854845721834820     
           3           6   57.597506211615041     
           3           1   54.242144469766693     
           3           2   48.627790767610996     
           3           3   38.013155617496423     
           3           4   32.825965286890614     
           3           5   52.164627551159015     
           3           6   50.158082524970162     
           3           1   52.118942802747846     
           3           2   51.551871585735768     
           3           3   41.641325627314032     
           3           4   36.975563569588807     
           3           5   50.560892695454832     
           3           6   47.876860416765027     
           3           1   55.394567974424731     
           3           2   59.401421641622584     
           3           3   51.000000000000007     
           3           4   47.274100790615336     
           3           5   54.494581132177331     
           3           6   51.444672067679527     
           3           1   61.216546828885107     
           3           2   46.434712900692269     
           3           3   41.641325627314025     
           3           4   37.524384291796878     
           3           5   58.907650345373675     
           3           6   57.986501010379854     
           3           1   48.637840904486531     
           3           2   35.959922013588333     
           3           3   29.444863728670914     
           3           4   23.275045021460375     
           3           5   46.361263699590452     
           3           6   44.528584305044639     
           3           1   39.519786563786042     
           3           2   31.749794019441961     
           3           3   24.041630560342615     
           3           4   15.917789577185728     
           3           5   37.504963330646291     
           3           6   34.367940598705538     
           3           1   36.551162666107686     
           3           2   36.069139847390737     
           3           3   29.444863728670917     
           3           4   23.302882424629740     
           3           5   35.240286279246980     
           3           6   30.943753194802284     
           3           1   41.087241991174395     
           3           2   46.603822572663155     
           3           3   41.641325627314032     
           3           4   37.558922156641721     
           3           5   40.683329259703449     
           3           6   36.219834104610712     
           3           1   54.268489006247869     
           3           2   37.115629423575143     
           3           3   38.013155617496423     
           3           4   34.086822152935689     
           3           5   52.283698951917977     
           3           6   51.046610052394456     
           3           1   39.537866169259893     
           3           2   22.682666874990566     
           3           3   24.041630560342615     
           3           4   17.191851231278793     
           3           5   37.587772994751219     
           3           6   35.015952344979901     
           3           1   27.557518455321159     
           3           2   15.147171538456684     
           3           3   17.000000000000000     
           3           4   2.6847817473637039     
           3           5   25.886216048606030     
           3           6   20.602850273944810     
           3           1   23.099584100421087     
           3           2   22.855420247045775     
           3           3   24.041630560342622     
           3           4   17.229519938278386     
           3           5   22.480028557038537     
           3           6   14.171731023247375     
           3           1   29.761800143967889     
           3           2   37.326983051442930     
           3           3   38.013155617496430     
           3           4   34.124839363374114     
           3           5   30.308533229693378     
           3           6   23.562650126417370     
           3           1   52.160063193878592     
           3           2   34.306811755781041     
           3           3   41.641325627314025     
           3           4   38.648977638396616     
           3           5   50.745039983990303     
           3           6   49.265388420834100     
           3           1   36.590246713932771     
           3           2   17.716962547237994     
           3           3   29.444863728670914     
           3           4   25.047789857906366     
           3           5   35.416303951526821     
           3           6   32.364162541928053     
           3           1   23.130501870550251     
           3           2   5.3688165319623007     
           3           3   24.041630560342615     
           3           4   18.413041058944934     
           3           5   22.617915204481026     
           3           6   15.677995338212829     
           3           1   17.583915348425364     
           3           2   17.937603519074376     
           3           3   29.444863728670917     
           3           4   25.073659192685600     
           3           5   18.623254033794780     
           3           6   4.7074471435914775     
           3           1   25.717076839673080     
           3           2   34.535359402518850     
           3           3   41.641325627314032     
           3           4   38.682511417738922     
           3           5   27.569568248658037     
           3           6   19.404138202826527     
           3           1   55.446149422277919     
           3           2   39.425178733710716     
           3           3   51.000000000000000     
           3           4   49.026273573469730     
           3           5   54.722326246777556     
           3           6   53.163903117341654     
           3           1   41.139390466493673     
           3           2   26.292168933708634     
           3           3   41.641325627314025     
           3           4   39.207445782316036     
           3           5   40.911960261871094     
           3           6   38.036313115952424     
           3           1   29.809787153746857     
           3           2   20.154691173330129     
           3           3   38.013155617496423     
           3           4   35.339384672710516     
           3           5   30.513013536507323     
           3           6   25.399244796636349     
           3           1   25.744851375542090     
           3           2   26.441350293544939     
           3           3   41.641325627314032     
           3           4   39.223977530566195     
           3           5   27.682115123112233     
           3           6   20.530030614301165     
           3           1   31.858614761878961     
           3           2   39.624215252791906     
           3           3   51.000000000000007     
           3           4   49.052713661844614     
           3           5   34.344650242787431     
           3           6   27.853952642467593     
           3           1   77.510307557529202     
           3           2   62.940132950365239     
           3           3   58.889727457341827     
           3           4   51.008376760186572     
           3           5   75.370104228754414     
           3           6   71.287400982536866     
           3           1   68.014864109691715     
           3           2   55.663217342005034     
           3           3   51.000000000000000     
           3           4   41.659366341576728     
           3           5   66.029600287018724     
           3           6   60.846150737985752     
           3           1   61.823908822209631     
           3           2   53.040806874678367     
           3           3   48.083261120685229     
           3           4   38.041439355711177     
           3           5   60.142860063964562     
           3           6   53.857354004948739     
           3           1   59.969739571336731     
           3           2   55.733837325008992     
           3           3   51.000000000000000     
           3           4   41.674925465161976     
           3           5   58.757289924602404     
           3           6   51.739492664685578     
           3           1   62.837438095859788     
           3           2   63.064998628591148     
           3           3   58.889727457341834     
           3           4   51.033789951358322     
           3           5   62.174549631613274     
           3           6   55.057566437173165     
           3           1   68.025370789367486     
           3           2   51.037708815620753     
           3           3   51.000000000000000     
           3           4   42.162620029079733     
           3           5   66.076671513744458     
           3           6   61.214505121412479     
           3           1   56.970387336123942     
           3           2   41.734651672222327     
           3           3   41.641325627314025     
           3           4   30.188322775356546     
           3           5   55.184980030307599     
           3           6   48.657745098227885     
           3           1   49.414562584576750     
           3           2   38.166930440570773     
           3           3   38.013155617496423     
           3           4   24.959630130706383     
           3           5   47.985805438229420     
           3           6   39.571917805797632     
           3           1   47.074121952747163     
           3           2   41.828794009736946     
           3           3   41.641325627314032     
           3           4   30.209790474848070     
           3           5   46.237355311109305     
           3           6   36.637374354796329     
           3           1   50.676887432232583     
           3           2   51.191614912626498     
           3           3   51.000000000000007     
           3           4   42.193361383122536     
           3           5   50.508895541042349     
           3           6   41.190505221448454     
           3           1   61.847023892820374     
           3           2   42.734472109604113     
           3           3   48.083261120685229     
           3           4   39.134620934972283     
           3           5   60.246165232463341     
           3           6   54.685809271454239     
           3           1   49.429023119986446     
           3           2   31.034956670505753     
           3           3   38.013155617496423     
           3           4   25.790828990098895     
           3           5   48.050555957527003     
           3           6   40.135997015877834     
           3           1   40.489533076996764     
           3           2   26.040391022290876     
           3           3   34.000000000000000     
           3           4   19.411727493169710     
           3           5   39.574125769719707     
           3           6   28.447474004614872     
           3           1   37.597556449725232     
           3           2   31.161440814690277     
           3           3   38.013155617496430     
           3           4   25.815953760061547     
           3           5   37.434835822369429     
           3           6   24.199572269524172     
           3           1   42.020830705583819     
           3           2   42.918164251294378     
           3           3   48.083261120685236     
           3           4   39.167738929049648     
           3           5   42.598385364446770     
           3           6   30.659090312868184     
           3           1   60.005480231119364     
           3           2   40.319009063033427     
           3           3   51.000000000000000     
           3           4   43.166544727733132     
           3           5   58.915824123059330     
           3           6   53.026972703411097     
           3           1   47.104475583157878     
           3           2   27.614415092096539     
           3           3   41.641325627314025     
           3           4   31.575289199054701     
           3           5   46.371649040220895     
           3           6   37.844687274081025     
           3           1   37.616559945871948     
           3           2   21.851529693187317     
           3           3   38.013155617496423     
           3           4   26.620428100924588     
           3           5   37.517800272931503     
           3           6   25.111369450065332     
           3           1   34.484482660443639     
           3           2   27.756490754162073     
           3           3   41.641325627314032     
           3           4   31.595814541629572     
           3           5   35.253947863037112     
           3           6   20.172788514292186     
           3           1   39.260075223507890     
           3           2   40.513654587552608     
           3           3   51.000000000000007     
           3           4   43.196571632730368     
           3           5   40.695163625913814     
           3           6   27.591700151078822     
           3           1   62.882914620232249     
           3           2   44.754998348379047     
           3           3   58.889727457341827     
           3           4   52.661016053042502     
           3           5   62.374259426314993     
           3           6   56.667291557853204     
           3           1   50.719176978066976     
           3           2   33.763046459362172     
           3           3   51.000000000000000     
           3           4   43.667275115483854     
           3           5   50.693231713823543     
           3           6   42.796523845838529     
           3           1   42.054831773882292     
           3           2   29.238275176054529     
           3           3   48.083261120685229     
           3           4   40.230327121264004     
           3           5   42.744113562004820     
           3           6   32.092101428110155     
           3           1   39.278274373075512     
           3           2   33.879347164966511     
           3           3   51.000000000000000     
           3           4   43.682119048375675     
           3           5   40.771494292112038     
           3           6   28.394779359184927     
           3           1   43.531101524354519     
           3           2   44.930430594174837     
           3           3   58.889727457341834     
           3           4   52.685632091007705     
           3           5   45.558426766317162     
           3           6   34.067932365224024     
           4           1   72.893610116385432     
           4           2   67.962187122053990     
           4           3   52.685632091007705     
           4           4   58.889727457341827     
           4           5   70.221140752269960     
           4           6   77.063653277024045     
           4           1   62.697719685201577     
           4           2   61.279229786234779     
           4           3   43.682119048375675     
           4           4   51.000000000000000     
           4           5   60.080078286298132     
           4           6   67.516804374270464     
           4           1   55.915379920453177     
           4           2   58.901860140196305     
           4           3   40.230327121264004     
           4           4   48.083261120685229     
           4           5   53.537118013816517     
           4           6   61.288099084778587     
           4           1   53.852162162471473     
           4           2   61.332815464124337     
           4           3   43.667275115483854     
           4           4   51.000000000000000     
           4           5   51.969512250577473     
           4           6   59.430154853725284     
           4           1   57.022636097409851     
           4           2   68.058793535717427     
           4           3   52.661016053042502     
           4           4   58.889727457341827     
           4           5   55.798184575311467     
           4           6   62.335026449420042     
           4           1   62.371865942589501     
           4           2   56.739882232377838     
           4           3   43.196571632730368     
           4           4   51.000000000000000     
           4           5   59.780017459220254     
           4           6   67.537372815415310     
           4           1   50.077692829091689     
           4           2   48.535547390806137     
           4           3   31.595814541629569     
           4           4   41.641325627314025     
           4           5   47.457957033170771     
           4           6   56.400433893016533     
           4           1   41.271067068945122     
           4           2   45.497082162554896     
           4           3   26.620428100924588     
           4           4   38.013155617496423     
           4           5   38.844110030992958     
           4           6   48.772135075600886     
           4           1   38.429502142675126     
           4           2   48.603185184587993     
           4           3   31.575289199054701     
           4           4   41.641325627314025     
           4           5   36.653404786424581     
           4           6   46.415874184860371     
           4           1   42.759236345594118     
           4           2   56.855560281017688     
           4           3   43.166544727733140     
           4           4   51.000000000000000     
           4           5   41.905599635073798     
           4           6   50.081389685759689     
           4           1   55.181708260265950     
           4           2   48.969067717030626     
           4           3   39.167738929049648     
           4           4   48.083261120685229     
           4           5   52.861066639817707     
           4           6   61.333406861313513     
           4           1   40.774337326872754     
           4           2   39.169563666911245     
           4           3   25.815953760061547     
           4           4   38.013155617496423     
           4           5   38.378373658049313     
           4           6   48.800604645101984     
           4           1   29.292870162722430     
           4           2   35.334683281972353     
           4           3   19.411727493169710     
           4           4   34.000000000000000     
           4           5   27.009382869189334     
           4           6   39.739290761659028     
           4           1   25.131611573765408     
           4           2   39.253343391593781     
           4           3   25.790828990098902     
           4           4   38.013155617496423     
           4           5   23.751083371334097     
           4           6   36.809284790006558     
           4           1   31.354801198845525     
           4           2   49.103055833618555     
           4           3   39.134620934972283     
           4           4   48.083261120685229     
           4           5   31.252538451294921     
           4           6   41.335646399493228     
           4           1   52.704764413493507     
           4           2   46.416860626351671     
           4           3   42.193361383122536     
           4           4   51.000000000000000     
           4           5   50.920862572955492     
           4           6   59.500225777911474     
           4           1   37.353953603418695     
           4           2   35.927845401404717     
           4           3   30.209790474848070     
           4           4   41.641325627314025     
           4           5   35.658679778020726     
           4           6   46.475682718326695     
           4           1   24.307272733296546     
           4           2   31.703236427347935     
           4           3   24.959630130706387     
           4           4   38.013155617496423     
           4           5   22.981484761629943     
           4           6   36.846998529686232     
           4           1   19.088456345534262     
           4           2   36.019166075152320     
           4           3   30.188322775356554     
           4           4   41.641325627314025     
           4           5   19.046150272079494     
           4           6   33.666207347410385     
           4           1   26.756210934657258     
           4           2   46.558194225404471     
           4           3   42.162620029079747     
           4           4   51.000000000000000     
           4           5   27.845341415113555     
           4           6   38.563269229552596     
           4           1   55.574845544028271     
           4           2   49.890683576567483     
           4           3   51.033789951358322     
           4           4   58.889727457341827     
           4           5   54.493817301124992     
           4           6   62.424089404888093     
           4           1   41.304831620127736     
           4           2   40.315821119236347     
           4           3   41.674925465161976     
           4           4   51.000000000000000     
           4           5   40.597824109008535     
           4           6   50.164520874235322     
           4           1   30.026900823954669     
           4           2   36.601237100668413     
           4           3   38.041439355711177     
           4           4   48.083261120685229     
           4           5   30.079736048103875     
           4           6   41.402794242100619     
           4           1   25.983464569146950     
           4           2   40.397223692729540     
           4           3   41.659366341576735     
           4           4   51.000000000000000     
           4           5   27.191868620254922     
           4           6   38.599269262070877     
           4           1   32.041630559954662     
           4           2   50.022203138821375     
           4           3   51.008376760186572     
           4           4   58.889727457341827     
           4           5   33.941197937002883     
           4           6   42.937347427128969     
           4           1   70.404948334185676     
           4           2   61.894401412028806     
           4           3   49.052713661844614     
           4           4   51.000000000000000     
           4           5   67.752614314390030     
           4           6   71.323073987286378     
           4           1   59.786138927546233     
           4           2   54.472029987273615     
           4           3   39.223977530566195     
           4           4   41.641325627314025     
           4           5   57.175378833656140     
           4           6   60.882617383848206     
           4           1   52.629916072404718     
           4           2   51.783078082666336     
           4           3   35.339384672710516     
           4           4   38.013155617496423     
           4           5   50.255657821878110     
           4           6   53.892534882116884     
           4           1   50.432466960410231     
           4           2   54.532305108959051     
           4           3   39.207445782316043     
           4           4   41.641325627314025     
           4           5   48.582284234557186     
           4           6   51.769851579199205     
           4           1   53.804826750370410     
           4           2   62.000463105348523     
           4           3   49.026273573469730     
           4           4   51.000000000000000     
           4           5   52.657815562221224     
           4           6   55.080211955333318     
           4           1   59.444327023695891     
           4           2   49.309961300779563     
           4           3   38.682511417738922     
           4           4   41.641325627314025     
           4           5   56.859991429027311     
           4           6   60.905426305075210     
           4           1   46.380531187391618     
           4           2   39.594916444733919     
           4           3   25.073659192685597     
           4           4   29.444863728670914     
           4           5   43.722600833512459     
           4           6   48.261611762508267     
           4           1   36.697129739928052     
           4           2   35.805621528560891     
           4           3   18.413041058944934     
           4           4   24.041630560342615     
           4           5   34.180009098656917     
           4           6   39.075508780145213     
           4           1   33.469463531308911     
           4           2   39.677798046610725     
           4           3   25.047789857906366     
           4           4   29.444863728670914     
           4           5   31.668284139212123     
           4           6   36.091655586012330     
           4           1   38.363141776946819     
           4           2   49.443025621504077     
           4           3   38.648977638396623     
           4           4   41.641325627314025     
           4           5   37.622963980253850     
           4           6   40.697909276171231     
           4           1   51.849776090749408     
           4           2   40.125149729507584     
           4           3   34.124839363374114     
           4           4   38.013155617496423     
           4           5   49.534841315821637     
           4           6   53.944054573325943     
           4           1   36.137583463554314     
           4           2   27.318725548540609     
           4           3   17.229519938278383     
           4           4   24.041630560342615     
           4           5   33.649780125897337     
           4           6   39.111037320967306     
           4           1   22.393092607093365     
           4           2   21.461544454618547     
           4           3   2.6847817473637039     
           4           4   17.000000000000000     
           4           5   19.720925456449553     
           4           6   26.970084479553012     
           4           1   16.582407980578839     
           4           2   27.438713802921789     
           4           3   17.191851231278800     
           4           4   24.041630560342615     
           4           5   14.950655477150313     
           4           6   22.429838905938571     
           4           1   25.030020222901744     
           4           2   40.288560906785108     
           4           3   34.086822152935696     
           4           4   38.013155617496423     
           4           5   25.221603785922280     
           4           6   29.271315137152360     
           4           1   49.205391432459884     
           4           2   36.967323383583341     
           4           3   37.558922156641728     
           4           4   41.641325627314025     
           4           5   47.458849365088923     
           4           6   51.850275739064188     
           4           1   32.228810154054742     
           4           2   22.424721245257661     
           4           3   23.302882424629740     
           4           4   29.444863728670914     
           4           5   30.511466392092760     
           4           6   36.168540345569902     
           4           1   15.304308604788625     
           4           2   14.736120510792283     
           4           3   15.917789577185731     
           4           4   24.041630560342615     
           4           5   13.695137083410696     
           4           6   22.491676843695917     
           4           1   2.7834366878218209     
           4           2   22.570741513952875     
           4           3   23.275045021460386     
           4           4   29.444863728670914     
           4           5   4.7078634295203834     
           4           6   16.780576383228809     
           4           1   18.954502834936555     
           4           2   37.144629453943381     
           4           3   37.524384291796885     
           4           4   41.641325627314025     
           4           5   20.851167267292734     
           4           6   25.205157414019570     
           4           1   52.267980747129926     
           4           2   41.244858533851861     
           4           3   47.274100790615336     
           4           4   51.000000000000000     
           4           5   51.273621502023552     
           4           6   55.180985535091786     
           4           1   36.735098602111435     
           4           2   28.938270167004372     
           4           3   36.975563569588807     
           4           4   41.641325627314025     
           4           5   36.160634124284613     
           4           6   40.800163984181957     
           4           1   23.345087860861753     
           4           2   23.488478133749279     
           4           3   32.825965286890614     
           4           4   38.013155617496423     
           4           5   23.752866324045641     
           4           6   29.366062004434095     
           4           1   17.847094585838342     
           4           2   29.051570178231341     
           4           3   36.958026093713293     
           4           4   41.641325627314025     
           4           5   19.970124109418698     
           4           6   25.260202179721308     
           4           1   25.885216689847617     
           4           2   41.403850721904881     
           4           3   47.246665368796535     
           4           4   51.000000000000000     
           4           5   28.485312974990997     
           4           6   31.492698053239682     
           4           1   71.959954864348674     
           4           2   60.174537587700875     
           4           3   51.132784066123499     
           4           4   48.083261120685229     
           4           5   69.482550934165261     
           4           6   69.376906169059410     
           4           1   61.609745673907824     
           4           2   52.509619106166703     
           4           3   41.796091947456745     
           4           4   38.013155617496423     
           4           5   59.215133898830928     
           4           6   58.590676102112042     
           4           1   54.692654167887206     
           4           2   49.714637919387386     
           4           3   38.174140433121785     
           4           4   34.000000000000000     
           4           5   52.564620049935492     
           4           6   51.289175686637158     
           4           1   52.581480369542803     
           4           2   52.572144223313479     
           4           3   41.780577946399312     
           4           4   38.013155617496423     
           4           5   50.967111742099775     
           4           6   49.053967822459192     
           4           1   55.824168025839136     
           4           2   60.283625247806356     
           4           3   51.107420099850408     
           4           4   48.083261120685229     
           4           5   54.865778748408282     
           4           6   52.535739983738601     
           4           1   61.278106771014443     
           4           2   47.133112895549871     
           4           3   41.288370981977465     
           4           4   38.013155617496423     
           4           5   58.910667651906998     
           4           6   58.614376905307921     
           4           1   48.708644277626448     
           4           2   36.848547542687925     
           4           3   28.932356870342300     
           4           4   24.041630560342615     
           4           5   46.358105672374556     
           4           6   45.336049635026910     
           4           1   39.598708126514140     
           4           2   32.742947038817611     
           4           3   23.397285522049099     
           4           4   17.000000000000000     
           4           5   37.492414697757880     
           4           6   35.398723324743692     
           4           1   36.627630870878917     
           4           2   36.937592038029464     
           4           3   28.909940600556990     
           4           4   24.041630560342615     
           4           5   35.217727896703607     
           4           6   32.074629063075420     
           4           1   41.147405764371918     
           4           2   47.272305109323582     
           4           3   41.256955307622718     
           4           4   38.013155617496423     
           4           5   40.655818237293666     
           4           6   37.181904820033246     
           4           1   53.942354739115665     
           4           2   37.417718911709123     
           4           3   37.052632164773179     
           4           4   34.000000000000000     
           4           5   51.875896542305775     
           4           6   51.343307747013291     
           4           1   39.080727894002941     
           4           2   23.159680769318847     
           4           3   22.477750022309369     
           4           4   17.000000000000000     
           4           5   37.009672254771687     
           4           6   35.437938243027688     
           4           1   26.885478434456111     
           4           2   15.832117297374978     
           4           3   14.683355944499670     
           4           4   0.0000000000000000     
           4           5   25.026446786214414     
           4           6   21.296940705856645     
           4           1   22.279017226397350     
           4           2   23.301095744597990     
           4           3   22.448889449599037     
           4           4   17.000000000000000     
           4           5   21.469285900579607     
           4           6   15.141727112218838     
           4           1   29.118383651889321     
           4           2   37.592900761713047     
           4           3   37.017621928586443     
           4           4   34.000000000000000     
           4           5   29.555666722617353     
           4           6   24.145064018408242     
           4           1   51.405728281596616     
           4           2   34.009425838827383     
           4           3   40.237613278257065     
           4           4   38.013155617496423     
           4           5   49.897399941706205     
           4           6   49.138837194336780     
           4           1   35.497528901119964     
           4           2   17.115086054933585     
           4           3   27.411990406718264     
           4           4   24.041630560342615     
           4           5   34.181248064987152     
           4           6   32.161118409092452     
           4           1   21.344793651154195     
           4           2   2.6853855307692474     
           4           3   21.488809035994972     
           4           4   17.000000000000000     
           4           5   20.614677237778729     
           4           6   15.233179373846898     
           4           1   15.136904370935879     
           4           2   17.305964874283880     
           4           3   27.388329805099549     
           4           4   24.041630560342615     
           4           5   16.111241912261050     
           4           6   2.7860312898321622     
           4           1   24.096712054953951     
           4           2   34.202069308903368     
           4           3   40.205376571303859     
           4           4   38.013155617496423     
           4           5   25.926421162455139     
           4           6   19.012474506493181     
           4           1   54.344458461945223     
           4           2   38.616012264573932     
           4           3   49.429075394176195     
           4           4   48.083261120685229     
           4           5   53.538700019865573     
           4           6   52.641384776794737     
           4           1   39.633897404199281     
           4           2   25.049581393684146     
           4           3   39.693641682901799     
           4           4   38.013155617496423     
           4           5   39.306482902375762     
           4           6   37.293801197125049     
           4           1   27.683415276499034     
           4           2   18.486931946104246     
           4           3   35.859962155279028     
           4           4   34.000000000000000     
           4           5   28.312661416623538     
           4           6   24.259839740666369     
           4           1   23.235686761867090     
           4           2   25.180384777857792     
           4           3   39.677305623057237     
           4           4   38.013155617496423     
           4           5   25.223282792490906     
           4           6   19.085388147872305     
           4           1   29.856704393152818     
           4           2   38.785782219030402     
           4           3   49.402836732650634     
           4           4   48.083261120685229     
           4           5   32.385508999667927     
           4           6   26.794855052175109     
           4           1   77.315027376434685     
           4           2   63.158792116647518     
           4           3   58.317703102185959     
           4           4   51.000000000000000     
           4           5   75.121455139016390     
           4           6   71.535511015054766     
           4           1   67.787455448212171     
           4           2   55.904544953116101     
           4           3   50.331959934440803     
           4           4   41.641325627314025     
           4           5   65.740704442079547     
           4           6   61.131346727330907     
           4           1   61.568374788261664     
           4           2   53.287928006219779     
           4           3   47.367265981578456     
           4           4   38.013155617496423     
           4           5   59.820125533790566     
           4           6   54.173367711535896     
           4           1   59.700841133038992     
           4           2   55.963277209051512     
           4           3   50.319077717075110     
           4           4   41.641325627314025     
           4           5   58.421354120013916     
           4           6   52.062135815978671     
           4           1   62.575682896128789     
           4           2   63.262734060094395     
           4           3   58.295465329856405     
           4           4   51.000000000000000     
           4           5   61.851934614478076     
           4           6   55.355019666092964     
           4           1   67.486181723220881     
           4           2   50.887998378447953     
           4           3   49.911145720242637     
           4           4   41.641325627314025     
           4           5   65.466593779406480     
           4           6   61.154062878863918     
           4           1   56.319715744169883     
           4           2   41.543633733052339     
           4           3   40.292358615930389     
           4           4   29.444863728670914     
           4           5   54.447057766379146     
           4           6   48.575010273845251     
           4           1   48.656305238155952     
           4           2   37.949421978827125     
           4           3   36.521580723760920     
           4           4   24.041630560342615     
           4           5   47.128434068543299     
           4           6   39.461928990056997     
           4           1   46.270527307921483     
           4           2   41.622635107693142     
           4           3   40.276265396504058     
           4           4   29.444863728670914     
           4           5   45.339789325609331     
           4           6   36.509670720624555     
           4           1   49.924817027983316     
           4           2   51.016946969504673     
           4           3   49.885160619337242     
           4           4   41.641325627314025     
           4           5   49.682025868801304     
           4           6   41.069067102145858     
           4           1   60.902840565447683     
           4           2   42.049301258117794     
           4           3   46.468165867611781     
           4           4   38.013155617496423     
           4           5   59.215849060470234     
           4           6   54.224620579576786     
           4           1   48.235688518614978     
           4           2   30.073723764725731     
           4           3   35.939423128749930     
           4           4   24.041630560342615     
           4           5   46.745309692952063     
           4           6   39.497109938718204     
           4           1   39.015475196251941     
           4           2   24.873962005641804     
           4           3   31.654286132446114     
           4           4   17.000000000000000     
           4           5   37.970135325379118     
           4           6   27.526966960116059     
           4           1   35.996290957734182     
           4           2   30.182761812650522     
           4           3   35.921379793685759     
           4           4   24.041630560342615     
           4           5   35.725878225247421     
           4           6   23.096452682943553     
           4           1   40.586433948283272     
           4           2   42.205263124642137     
           4           3   46.440254327572973     
           4           4   38.013155617496423     
           4           5   41.096783004303539     
           4           6   29.785203424646603     
           4           1   58.667940600476911     
           4           2   39.047395478149006     
           4           3   49.045472890904684     
           4           4   41.641325627314025     
           4           5   57.490509293508303     
           4           6   52.142109157628859     
           4           1   45.381195579508400     
           4           2   25.709613346140660     
           4           3   39.214921991761130     
           4           4   29.444863728670914     
           4           5   44.539486494172444     
           4           6   36.585677032388141     
           4           1   35.425676707017161     
           4           2   19.371869893976079     
           4           3   35.329333457445188     
           4           4   24.041630560342615     
           4           5   35.218930357155564     
           4           6   23.156510540889837     
           4           1   32.070301340564349     
           4           2   25.837075453120065     
           4           3   39.198386424377226     
           4           4   29.444863728670914     
           4           5   32.786891494006845     
           4           6   17.661715571893669     
           4           1   37.148753491861726     
           4           2   39.215297942911285     
           4           3   49.019028896972713     
           4           4   41.641325627314025     
           4           5   38.569255271231036     
           4           6   25.800163050930522     
           4           1   61.259272927956268     
           4           2   43.119072937135329     
           4           3   56.829801892009542     
           4           4   51.000000000000000     
           4           5   60.677842230105178     
           4           6   55.455293866438971     
           4           1   48.684948162510558     
           4           2   31.552172282413125     
           4           3   48.600185995657419     
           4           4   41.641325627314025     
           4           5   48.584027581491632     
           4           6   41.170399977717409     
           4           1   39.569556928412098     
           4           2   26.642535549758804     
           4           3   45.522848928202428     
           4           4   38.013155617496423     
           4           5   40.212124221144357     
           4           6   29.878320749957865     
           4           1   36.596113091902957     
           4           2   31.656118291749610     
           4           3   48.586844621434167     
           4           4   41.641325627314025     
           4           5   38.100159221640389     
           4           6   25.853941040961086     
           4           1   41.119352516301326     
           4           2   43.271179208363698     
           4           3   56.806981665943411     
           4           4   51.000000000000000     
           4           5   43.176722097120269     
           4           6   31.970900579458522     
           4           1   85.761248896914907     
           4           2   70.250203340447129     
           4           3   69.031495593508666     
           4           4   58.889727457341827     
           4           5   83.884689664369830     
           4           6   77.456462369382521     
           4           1   77.282064350553512     
           4           2   63.807336522967724     
           4           3   62.431555159262622     
           4           4   51.000000000000000     
           4           5   75.599261626190753     
           4           6   67.964812802594395     
           4           1   71.889102986527803     
           4           2   61.527728049525230     
           4           3   60.067052327640454     
           4           4   48.083261120685229     
           4           5   70.511386007955082     
           4           6   61.781291632692721     
           4           1   70.296292833492330     
           4           2   63.858800832128196     
           4           3   62.421170055189940     
           4           4   51.000000000000000     
           4           5   69.328657531358914     
           4           6   59.938637057543751     
           4           1   72.753655881038796     
           4           2   70.343667579239138     
           4           3   69.012710182881435     
           4           4   58.889727457341827     
           4           5   72.243130839118905     
           4           6   62.820000229449910     
           4           1   77.017939973225310     
           4           2   59.461301925749936     
           4           3   62.092796328311643     
           4           4   51.000000000000000     
           4           5   75.361018032947285     
           4           6   67.985245702185921     
           4           1   67.448415367922777     
           4           2   51.690729840913214     
           4           3   54.661385379412373     
           4           4   41.641325627314025     
           4           5   66.014318426382388     
           4           6   56.935980273450276     
           4           1   61.194888622893558     
           4           2   48.848916838220255     
           4           3   51.944381287335410     
           4           4   38.013155617496423     
           4           5   60.120690578513937     
           4           6   49.390465337055169     
           4           1   59.315597033940854     
           4           2   51.754244280526798     
           4           3   54.649523722092276     
           4           4   41.641325627314025     
           4           5   58.729078266009068     
           4           6   47.065170590607416     
           4           1   62.208244706126841     
           4           2   59.571695676969981     
           4           3   62.071911028894313     
           4           4   51.000000000000000     
           4           5   62.142673198959052     
           4           6   50.683749853726361     
           4           1   71.319943515682098     
           4           2   52.098001727861103     
           4           3   59.360621019845951     
           4           4   48.083261120685229     
           4           5   69.999463696779671     
           4           6   61.826237986744843     
           4           1   60.860989155653641     
           4           2   43.017286162859008     
           4           3   51.536734700495160     
           4           4   38.013155617496423     
           4           5   59.820833462719158     
           4           6   49.418578693703239     
           4           1   53.847800873657739     
           4           2   39.557199516628877     
           4           3   48.645521061210424     
           4           4   34.000000000000000     
           4           5   53.246026279075373     
           4           6   40.495779244482620     
           4           1   51.702140350797862     
           4           2   43.093586046875544     
           4           3   51.524153705268290     
           4           4   38.013155617496423     
           4           5   51.669589826604870     
           4           6   37.624730605414285     
           4           1   54.996699671690351     
           4           2   52.223962729388404     
           4           3   59.338774092254020     
           4           4   48.083261120685229     
           4           5   55.518949118181212     
           4           6   42.063435067076107     
           4           1   69.421218719069117     
           4           2   49.706711230650164     
           4           3   61.399114813280192     
           4           4   51.000000000000000     
           4           5   68.546092497759091     
           4           6   60.008114234665229     
           4           1   58.624493740802045     
           4           2   40.087931677106091     
           4           3   53.872098488752108     
           4           4   41.641325627314025     
           4           5   58.113457951226330     
           4           6   47.124155064178716     
           4           1   51.306499824971915     
           4           2   36.350067275445426     
           4           3   51.113155755727433     
           4           4   38.013155617496423     
           4           5   51.320377954439849     
           4           6   37.661627779809123     
           4           1   49.049796964048163     
           4           2   40.169796062595232     
           4           3   53.860063006245156     
           4           4   41.641325627314025     
           4           5   49.682878255231550     
           4           6   34.555902875442563     
           4           1   52.511029699853097     
           4           2   49.838716280534094     
           4           3   61.377993472939004     
           4           4   51.000000000000000     
           4           5   53.674906521220556     
           4           6   39.342377153003206     
           4           1   71.624554964073468     
           4           2   52.965200827508127     
           4           3   67.779194977861366     
           4           4   58.889727457341827     
           4           5   71.240498844308476     
           4           6   62.908376583787728     
           4           1   61.217665193358080     
           4           2   44.063563445088626     
           4           3   61.044008449432546     
           4           4   51.000000000000000     
           4           5   61.268392127780878     
           4           6   50.765894662851963     
           4           1   54.250605431189342     
           4           2   40.692539221095963     
           4           3   58.623567473345027     
           4           4   48.083261120685229     
           4           5   54.867322444795192     
           4           6   42.129422942071152     
           4           1   52.121529597423525     
           4           2   44.138054703866551     
           4           3   61.033387248532115     
           4           4   51.000000000000000     
           4           5   53.338825170777156     
           4           6   39.377664912282953     
           4           1   55.391150064785634     
           4           2   53.089104323039756     
           4           3   67.760062387491402     
           4           4   58.889727457341827     
           4           5   57.075716981360259     
           4           6   43.638431576491946     
           5           1   61.328354205511111     
           5           2   62.348755014067883     
           5           3   45.558426766317162     
           5           4   57.075716981360259     
           5           5   58.889727457341827     
           5           6   69.842703945703875     
           5           1   53.226736600542530     
           5           2   58.974953821497252     
           5           3   40.771494292112038     
           5           4   53.338825170777156     
           5           5   51.000000000000000     
           5           6   62.865796046990162     
           5           1   49.829749635438006     
           5           2   60.388103999804557     
           5           3   42.744113562004820     
           5           4   54.867322444795192     
           5           5   48.083261120685229     
           5           6   60.035100822737768     
           5           1   52.066519072407125     
           5           2   66.282735543538706     
           5           3   50.693231713823543     
           5           4   61.268392127780878     
           5           5   51.000000000000000     
           5           6   61.921872944629293     
           5           1   59.302958340239954     
           5           2   75.617980385475562     
           5           3   62.374259426315000     
           5           4   71.240498844308476     
           5           5   58.889727457341827     
           5           6   68.135331269065816     
           5           1   53.181730096366834     
           5           2   54.573626691477166     
           5           3   40.695163625913814     
           5           4   53.674906521220556     
           5           5   51.000000000000000     
           5           6   63.173186447888554     
           5           1   43.591454158237376     
           5           2   50.684895745223621     
           5           3   35.253947863037112     
           5           4   49.682878255231550     
           5           5   41.641325627314025     
           5           6   55.362049313173138     
           5           1   39.371732692588111     
           5           2   52.322429063907819     
           5           3   37.517800272931503     
           5           4   51.320377954439849     
           5           5   38.013155617496423     
           5           6   52.125440260286901     
           5           1   42.166951452571389     
           5           2   59.028082381110295     
           5           3   46.371649040220895     
           5           4   58.113457951226330     
           5           5   41.641325627314025     
           5           6   54.287812080643512     
           5           1   50.832767526374298     
           5           2   69.346899253208292     
           5           3   58.915824123059338     
           5           4   68.546092497759091     
           5           5   51.000000000000000     
           5           6   61.280270549972187     
           5           1   49.733548058920817     
           5           2   51.450891233458371     
           5           3   42.598385364446770     
           5           4   55.518949118181212     
           5           5   48.083261120685229     
           5           6   60.677011112217286     
           5           1   39.310866972325698     
           5           2   47.306153248395091     
           5           3   37.434835822369429     
           5           4   51.669589826604870     
           5           5   38.013155617496423     
           5           6   52.495758835230340     
           5           1   34.572571812099667     
           5           2   49.056600591603569     
           5           3   39.574125769719707     
           5           4   53.246026279075373     
           5           5   34.000000000000000     
           5           6   49.070456629841836     
           5           1   37.725073641938586     
           5           2   56.153610641236575     
           5           3   48.050555957527010     
           5           4   59.820833462719158     
           5           5   38.013155617496423     
           5           6   51.361607568647166     
           5           1   47.213341767731187     
           5           2   66.917157101083390     
           5           3   60.246165232463341     
           5           4   69.999463696779671     
           5           5   48.083261120685229     
           5           6   58.703660449841102     
           5           1   51.928365938234215     
           5           2   53.796911502182141     
           5           3   50.508895541042349     
           5           4   62.142673198959052     
           5           5   51.000000000000000     
           5           6   62.853383910849139     
           5           1   42.053223997715854     
           5           2   49.847623951569602     
           5           3   46.237355311109305     
           5           4   58.729078266009068     
           5           5   41.641325627314025     
           5           6   54.996844338735599     
           5           1   37.661546810891416     
           5           2   51.511780594933562     
           5           3   47.985805438229420     
           5           4   60.120690578513937     
           5           5   38.013155617496423     
           5           6   51.737393685743768     
           5           1   40.574752836904210     
           5           2   58.310732001099517     
           5           3   55.184980030307599     
           5           4   66.014318426382388     
           5           5   41.641325627314025     
           5           6   53.915331062399716     
           5           1   49.519986140575270     
           5           2   68.737321688785116     
           5           3   66.076671513744472     
           5           4   75.361018032947285     
           5           5   51.000000000000000     
           5           6   60.950536845401849     
           5           1   59.141225684807559     
           5           2   60.983777889124511     
           5           3   62.174549631613274     
           5           4   72.243130839118905     
           5           5   58.889727457341827     
           5           6   69.263237439330254     
           5           1   50.691252056821817     
           5           2   57.529984287096326     
           5           3   58.757289924602404     
           5           4   69.328657531358914     
           5           5   51.000000000000000     
           5           6   62.221387631196109     
           5           1   47.111797828942407     
           5           2   58.977767154386470     
           5           3   60.142860063964562     
           5           4   70.511386007955082     
           5           5   48.083261120685229     
           5           6   59.359970492968479     
           5           1   49.471607556880976     
           5           2   65.000422652168240     
           5           3   66.029600287018724     
           5           4   75.599261626190753     
           5           5   51.000000000000000     
           5           6   61.267537204465903     
           5           1   57.038218887417443     
           5           2   74.496529257435768     
           5           3   75.370104228754414     
           5           4   83.884689664369830     
           5           5   58.889727457341827     
           5           6   67.541218032214516     
           5           1   53.648273465340864     
           5           2   50.724916576177286     
           5           3   34.344650242787431     
           5           4   43.176722097120269     
           5           5   51.000000000000000     
           5           6   59.158848730831515     
           5           1   44.159435066573231     
           5           2   46.515535986416658     
           5           3   27.682115123112233     
           5           4   38.100159221640389     
           5           5   41.641325627314025     
           5           6   50.733365759940767     
           5           1   39.999677061018858     
           5           2   48.294647887184162     
           5           3   30.513013536507323     
           5           4   40.212124221144357     
           5           5   38.013155617496423     
           5           6   47.180286344048980     
           5           1   42.753860931764969     
           5           2   55.489196615112199     
           5           3   40.911960261871094     
           5           4   48.584027581491640     
           5           5   41.641325627314025     
           5           6   49.558898673003007     
           5           1   51.320669171003608     
           5           2   66.360597250432107     
           5           3   54.722326246777563     
           5           4   60.677842230105178     
           5           5   51.000000000000000     
           5           6   57.133085474666117     
           5           1   44.105176933078660     
           5           2   40.791305937866220     
           5           3   27.569568248658037     
           5           4   38.569255271231036     
           5           5   41.641325627314025     
           5           6   51.113770890923860     
           5           1   31.893339302824259     
           5           2   35.420454070495452     
           5           3   18.623254033794780     
           5           4   32.786891494006845     
           5           5   29.444863728670914     
           5           6   41.069728424526744     
           5           1   25.828347826989930     
           5           2   37.726469394889790     
           5           3   22.617915204481026     
           5           4   35.218930357155564     
           5           5   24.041630560342615     
           5           6   36.589993318377424     
           5           1   29.916918475318880     
           5           2   46.582876891053367     
           5           3   35.416303951526821     
           5           4   44.539486494172444     
           5           5   29.444863728670914     
           5           6   39.609754218038638     
           5           1   41.242459561061303     
           5           2   59.115500047707556     
           5           3   50.745039983990310     
           5           4   57.490509293508303     
           5           5   41.641325627314025     
           5           6   48.754873062986782     
           5           1   39.879769542768805     
           5           2   36.508137703436120     
           5           3   30.308533229693378     
           5           4   41.096783004303539     
           5           5   38.013155617496423     
           5           6   47.994434742189696     
           5           1   25.735471209427111     
           5           2   30.389505507930394     
           5           3   22.480028557038537     
           5           4   35.725878225247421     
           5           5   24.041630560342615     
           5           6   37.115640697647002     
           5           1   17.670114259906537     
           5           2   33.048448851043069     
           5           3   25.886216048606030     
           5           4   37.970135325379118     
           5           5   17.000000000000000     
           5           6   32.088561865115658     
           5           1   23.241157405453222     
           5           2   42.882139614336964     
           5           3   37.587772994751219     
           5           4   46.745309692952063     
           5           5   24.041630560342615     
           5           6   35.493391226337891     
           5           1   36.688824689978198     
           5           2   56.245496036100221     
           5           3   52.283698951917984     
           5           4   59.215849060470241     
           5           5   38.013155617496423     
           5           6   45.474012786649965     
           5           1   42.585506986186360     
           5           2   39.746164557470294     
           5           3   40.683329259703449     
           5           4   49.682025868801304     
           5           5   41.641325627314025     
           5           6   50.717984559273994     
           5           1   29.756408803103717     
           5           2   34.211628483207079     
           5           3   35.240286279246980     
           5           4   45.339789325609324     
           5           5   29.444863728670914     
           5           6   40.576088721429031     
           5           1   23.137898012661591     
           5           2   36.593899080536147     
           5           3   37.504963330646291     
           5           4   47.128434068543299     
           5           5   24.041630560342615     
           5           6   36.035038422399452     
           5           1   27.627536698577199     
           5           2   45.670465033322593     
           5           3   46.361263699590452     
           5           4   54.447057766379146     
           5           5   29.444863728670914     
           5           6   39.097685510504704     
           5           1   39.613119589577025     
           5           2   58.399223477743433     
           5           3   58.907650345373682     
           5           4   65.466593779406480     
           5           5   41.641325627314025     
           5           6   48.339776897011575     
           5           1   51.133695267961073     
           5           2   49.037445646015883     
           5           3   54.494581132177331     
           5           4   61.851934614478076     
           5           5   51.000000000000000     
           5           6   58.473602157616440     
           5           1   41.067910238330924     
           5           2   44.669329544212324     
           5           3   50.560892695454832     
           5           4   58.421354120013916     
           5           5   41.641325627314025     
           5           6   49.932626282439131     
           5           1   36.558059452472399     
           5           2   46.519102832846194     
           5           3   52.164627551159015     
           5           4   59.820125533790566     
           5           5   38.013155617496423     
           5           6   46.318162589164260     
           5           1   39.552625330278737     
           5           2   53.950948599782713     
           5           3   58.854845721834820     
           5           4   65.740704442079547     
           5           5   41.641325627314025     
           5           6   48.738867485927287     
           5           1   48.686020890028672     
           5           2   65.079818540465169     
           5           3   69.171073161624577     
           5           4   75.121455139016390     
           5           5   51.000000000000000     
           5           6   56.423241859940170     
           5           1   50.725806667487902     
           5           2   42.856353922330293     
           5           3   29.351997396717543     
           5           4   32.385508999667927     
           5           5   48.083261120685229     
           5           6   51.957054110751614     
           5           1   40.558919138141007     
           5           2   37.780219665315784     
           5           3   21.172724164990054     
           5           4   25.223282792490906     
           5           5   38.013155617496423     
           5           6   42.114611360454177     
           5           1   35.985335641635494     
           5           2   39.950255623750287     
           5           3   24.759417318600089     
           5           4   28.312661416623538     
           5           5   34.000000000000000     
           5           6   37.759045382750614     
           5           1   39.023875266662877     
           5           2   48.401455048856427     
           5           3   36.820826217596405     
           5           4   39.306482902375770     
           5           5   38.013155617496423     
           5           6   40.692143300533395     
           5           1   48.257448134095981     
           5           2   60.558886856430476     
           5           3   51.735072636812596     
           5           4   53.538700019865573     
           5           5   48.083261120685229     
           5           6   49.638246791820414     
           5           1   40.499837636137961     
           5           2   30.456207084476059     
           5           3   21.025361930176803     
           5           4   25.926421162455139     
           5           5   38.013155617496423     
           5           6   42.572099588815455     
           5           1   26.686238178889848     
           5           2   22.765291046151106     
           5           3   5.3675265891067934     
           5           4   16.111241912261050     
           5           5   24.041630560342615     
           5           6   29.773959789966568     
           5           1   19.028236064526290     
           5           2   26.209471624957377     
           5           3   13.912398753436042     
           5           4   20.614677237778729     
           5           5   17.000000000000000     
           5           6   23.207621587510225     
           5           1   24.289755604250935     
           5           2   37.863099837479282     
           5           3   30.599008749703792     
           5           4   34.181248064987152     
           5           5   24.041630560342615     
           5           6   27.725416460778280     
           5           1   37.361888160278255     
           5           2   52.519446453160583     
           5           3   47.508355410962082     
           5           4   49.897399941706212     
           5           5   38.013155617496423     
           5           6   39.708988102168000     
           5           1   35.852004616753497     
           5           2   24.423227232062182     
           5           3   24.506977321019061     
           5           4   29.555666722617353     
           5           5   34.000000000000000     
           5           6   38.771534080204660     
           5           1   18.901975945033239     
           5           2   13.681080179299505     
           5           3   13.687090077981621     
           5           4   21.469285900579607     
           5           5   17.000000000000000     
           5           6   24.027835381219759     
           5           1   2.6838692616287894     
           5           2   18.863983707475469     
           5           3   18.763819765512121     
           5           4   25.026446786214414     
           5           5   0.0000000000000000     
           5           6   15.147339412633515     
           5           1   15.333675808507776     
           5           2   33.204334171300253     
           5           3   33.088146360629871     
           5           4   37.009672254771687     
           5           5   17.000000000000000     
           5           6   21.437045259457875     
           5           1   32.265152616829781     
           5           2   49.266679756229323     
           5           3   49.148447859238694     
           5           4   51.875896542305782     
           5           5   34.000000000000000     
           5           6   35.604099871090270     
           5           1   38.839356605457446     
           5           2   29.041479075374205     
           5           3   36.566624543850878     
           5           4   40.655818237293666     
           5           5   38.013155617496423     
           5           6   42.096081129541282     
           5           1   24.091784514908650     
           5           2   20.834717020609517     
           5           3   30.395106973340258     
           5           4   35.217727896703607     
           5           5   24.041630560342615     
           5           6   29.089260297220452     
           5           1   15.176710470312493     
           5           2   24.551239475276073     
           5           3   32.994045300790837     
           5           4   37.492414697757880     
           5           5   17.000000000000000     
           5           6   22.322412119078230     
           5           1   21.406797992380682     
           5           2   36.734742223348078     
           5           3   42.794293109017218     
           5           4   46.358105672374556     
           5           5   24.041630560342615     
           5           6   26.988795841765437     
           5           1   35.555160805057461     
           5           2   51.711886570297452     
           5           3   56.143530527482142     
           5           4   58.910667651906998     
           5           5   38.013155617496423     
           5           6   39.198215765044971     
           5           1   48.058558114159730     
           5           2   40.845085204242778     
           5           3   51.494117369355614     
           5           4   54.865778748408282     
           5           5   48.083261120685229     
           5           6   51.175465195710451     
           5           1   37.169119812002130     
           5           2   35.482374663843032     
           5           3   47.311611904888764     
           5           4   50.967111742099775     
           5           5   38.013155617496423     
           5           6   41.146485344095872     
           5           1   32.116380978962589     
           5           2   37.784611129781503     
           5           3   49.021761682222852     
           5           4   52.564620049935492     
           5           5   34.000000000000000     
           5           6   36.676126763146904     
           5           1   35.487749812756107     
           5           2   46.629977103493047     
           5           3   56.088123661061204     
           5           4   59.215133898830928     
           5           5   38.013155617496423     
           5           6   39.689334745255501     
           5           1   45.445559148938543     
           5           2   59.152622013869887     
           5           3   66.832792199700393     
           5           4   69.482550934165275     
           5           5   48.083261120685229     
           5           6   48.819548448295485     
           5           1   53.348642703659515     
           5           2   40.967267194333644     
           5           3   33.489169921848294     
           5           4   28.485312974991000     
           5           5   51.000000000000000     
           5           6   49.772498034333552     
           5           1   43.794932788047802     
           5           2   35.622954787824710     
           5           3   26.613323720352344     
           5           4   19.970124109418705     
           5           5   41.641325627314025     
           5           6   39.387898887250408     
           5           1   39.596901362310227     
           5           2   37.916656422460058     
           5           3   29.546801803818109     
           5           4   23.752866324045641     
           5           5   38.013155617496423     
           5           6   34.691664660647035     
           5           1   42.377270524225914     
           5           2   46.737038424598104     
           5           3   40.196492312438771     
           5           4   36.160634124284613     
           5           5   41.641325627314025     
           5           6   37.863130022507526     
           5           1   51.007367278368001     
           5           2   59.237055017495912     
           5           3   54.189505364173513     
           5           4   51.273621502023559     
           5           5   51.000000000000000     
           5           6   47.346822842465741     
           5           1   43.740222505251396     
           5           2   27.735004233429997     
           5           3   26.496237377643695     
           5           4   20.851167267292734     
           5           5   41.641325627314025     
           5           6   39.876681809174983     
           5           1   31.386709359150760     
           5           2   18.971251573680053     
           5           3   16.993972242012262     
           5           4   4.7078634295203816     
           5           5   29.444863728670914     
           5           6   25.773140481608209     
           5           1   25.200079047151871     
           5           2   22.991005039261250     
           5           3   21.296468955019833     
           5           4   13.695137083410696     
           5           5   24.041630560342615     
           5           6   17.786505796789779     
           5           1   29.376222418302923     
           5           2   35.710842039341692     
           5           3   34.587339986503210     
           5           4   30.511466392092760     
           5           5   29.444863728670914     
           5           6   23.376586719060612     
           5           1   40.851938793116105     
           5           2   50.989628019846272     
           5           3   50.169996858000744     
           5           4   47.458849365088923     
           5           5   41.641325627314025     
           5           6   36.804481042507390     
           5           1   39.475770433204694     
           5           2   20.931888072623405     
           5           3   29.335587403194392     
           5           4   25.221603785922284     
           5           5   38.013155617496423     
           5           6   35.791031609086616     
           5           1   25.104878228782127     
           5           2   5.3685998852877823     
           5           3   21.149968928589416     
           5           4   14.950655477150313     
           5           5   24.041630560342615     
           5           6   18.844175806258072     
           5           1   16.738380162634602     
           5           2   14.053461892778952     
           5           3   24.739961258460735     
           5           4   19.720925456449553     
           5           5   17.000000000000000     
           5           6   2.6847681448658696     
           5           1   22.540892397058734     
           5           2   30.727474963219283     
           5           3   36.807746201852389     
           5           4   33.649780125897337     
           5           5   24.041630560342615     
           5           6   15.404966672025330     
           5           1   36.249279849987104     
           5           2   47.632506170248341     
           5           3   51.725764159167518     
           5           4   49.534841315821645     
           5           5   38.013155617496423     
           5           6   32.332924648734391     
           5           1   42.207414488230086     
           5           2   26.173601524079334     
           5           3   39.963768358457784     
           5           4   37.622963980253850     
           5           5   41.641325627314025     
           5           6   39.368085236331815     
           5           1   29.212742037818973     
           5           2   16.605280581332135     
           5           3   34.407081811718825     
           5           4   31.668284139212119     
           5           5   29.444863728670914     
           5           6   24.979014258965705     
           5           1   22.434410109362279     
           5           2   21.081111679136949     
           5           3   36.723177642847745     
           5           4   34.180009098656910     
           5           5   24.041630560342615     
           5           6   16.614938204042065     
           5           1   27.041102354415163     
           5           2   34.512189094169642     
           5           3   45.731130246015056     
           5           4   43.722600833512459     
           5           5   29.444863728670914     
           5           6   22.498026351186034     
           5           1   39.206372901976764     
           5           2   50.157443341095451     
           5           3   58.413018848265615     
           5           4   56.859991429027318     
           5           5   41.641325627314025     
           5           6   36.252809654883109     
           5           1   50.819240689599368     
           5           2   38.858343958508350     
           5           3   53.959511437062574     
           5           4   52.657815562221224     
           5           5   51.000000000000000     
           5           6   48.956044843385151     
           5           1   40.675713685863371     
           5           2   33.176027815897740     
           5           3   49.983731072383215     
           5           4   48.582284234557186     
           5           5   41.641325627314025     
           5           6   38.351001875857982     
           5           1   36.116923227778329     
           5           2   35.627612158053736     
           5           3   51.605405427204694     
           5           4   50.255657821878110     
           5           5   38.013155617496423     
           5           6   33.509765189517324     
           5           1   39.145250069812228     
           5           2   44.899940696265695     
           5           3   58.359766677874987     
           5           4   57.175378833656140     
           5           5   41.641325627314025     
           5           6   36.783275836052333     
           5           1   48.355651816670147     
           5           2   57.798638400672161     
           5           3   68.750322647139981     
           5           4   67.752614314390044     
           5           5   51.000000000000000     
           5           6   46.487787637245511     
           5           1   60.803354303673800     
           5           2   45.803568542503491     
           5           3   44.266344472205326     
           5           4   33.941197937002890     
           5           5   58.889727457341827     
           5           6   53.226569016684728     
           5           1   52.620968768780649     
           5           2   41.093123727349976     
           5           3   39.322433168889532     
           5           4   27.191868620254926     
           5           5   51.000000000000000     
           5           6   43.671188070195981     
           5           1   49.182159506795642     
           5           2   43.096667436296883     
           5           3   41.364214578686536     
           5           4   30.079736048103879     
           5           5   48.083261120685229     
           5           6   39.487690305169181     
           5           1   51.447091981362654     
           5           2   51.029409859004339     
           5           3   49.535267689813331     
           5           4   40.597824109008542     
           5           5   51.000000000000000     
           5           6   42.301095775540816     
           5           1   58.759864983896030     
           5           2   62.679171955297306     
           5           3   61.436855734089328     
           5           4   54.493817301125006     
           5           5   58.889727457341827     
           5           6   50.965554269388669     
           5           1   52.575443707725995     
           5           2   34.480144571684583     
           5           3   39.243284088490320     
           5           4   27.845341415113555     
           5           5   51.000000000000000     
           5           6   44.112536095993768     
           5           1   42.849687754418532     
           5           2   27.920571199883213     
           5           3   33.567541516170024     
           5           4   19.046150272079490     
           5           5   41.641325627314025     
           5           6   31.937765403905107     
           5           1   38.548854720186782     
           5           2   30.793444473965984     
           5           3   35.937784306070377     
           5           4   22.981484761629940     
           5           5   38.013155617496423     
           5           6   25.925390588560138     
           5           1   41.399669803332579     
           5           2   41.169335056747080     
           5           3   45.102869512033038     
           5           4   35.658679778020726     
           5           5   41.641325627314025     
           5           6   30.037158576402117     
           5           1   50.198118683989229     
           5           2   54.950815057269004     
           5           3   57.922476946426592     
           5           4   50.920862572955500     
           5           5   51.000000000000000     
           5           6   41.356207678152160     
           5           1   49.084688728262719     
           5           2   29.288117866136844     
           5           3   41.213607451519849     
           5           4   31.252538451294921     
           5           5   48.083261120685229     
           5           6   40.456940471973446     
           5           1   38.486687661285458     
           5           2   21.177152183053369     
           5           3   35.851163670902132     
           5           4   23.751083371334097     
           5           5   38.013155617496423     
           5           6   26.662127644419677     
           5           1   33.632478153181687     
           5           2   24.842497882211447     
           5           3   38.079527753737352     
           5           4   27.009382869189334     
           5           5   34.000000000000000     
           5           6   19.051878351014437     
           5           1   36.865458715593711     
           5           2   36.930036927562881     
           5           3   46.827288319285515     
           5           4   38.378373658049313     
           5           5   38.013155617496423     
           5           6   24.353215124011392     
           5           1   46.529351015225267     
           5           2   51.850800899452231     
           5           3   59.275116437906171     
           5           4   52.861066639817707     
           5           5   48.083261120685229     
           5           6   37.432393792688465     
           5           1   51.307270966565923     
           5           2   33.237137761804611     
           5           3   49.346606086801827     
           5           4   41.905599635073791     
           5           5   51.000000000000000     
           5           6   43.653318589601561     
           5           1   41.283828718077004     
           5           2   26.370158381030937     
           5           3   44.964786552099049     
           5           4   36.653404786424581     
           5           5   41.641325627314025     
           5           6   31.300435173648594     
           5           1   36.800448002849372     
           5           2   29.394951598601661     
           5           3   46.760843951597664     
           5           4   38.844110030992958     
           5           5   38.013155617496423     
           5           6   25.136074877241725     
           5           1   39.776770014636952     
           5           2   40.134039242613149     
           5           3   54.123202274583761     
           5           4   47.457957033170771     
           5           5   41.641325627314025     
           5           6   29.358598032072774     
           5           1   48.868291277516775     
           5           2   54.179507494726181     
           5           3   65.192526579703511     
           5           4   59.780017459220254     
           5           5   51.000000000000000     
           5           6   40.866028637284444     
           5           1   58.596633354850646     
           5           2   43.927449334711348     
           5           3   61.234088752948729     
           5           4   55.798184575311467     
           5           5   58.889727457341827     
           5           6   52.463896304198599     
           5           1   50.054808960875043     
           5           2   38.991008341630646     
           5           3   57.761216424118373     
           5           4   51.969512250577473     
           5           5   51.000000000000000     
           5           6   42.738336813594280     
           5           1   46.426311071380603     
           5           2   41.097161190775559     
           5           3   59.170115938568877     
           5           4   53.537118013816517     
           5           5   48.083261120685229     
           5           6   38.453484260424993     
           5           1   48.819266885969292     
           5           2   49.352351356182275     
           5           3   65.144816505793642     
           5           4   60.080078286298132     
           5           5   51.000000000000000     
           5           6   41.337337480070936     
           5           1   56.473350165103525     
           5           2   61.321550133925555     
           5           3   74.596190351541168     
           5           4   70.221140752269960     
           5           5   58.889727457341827     
           5           6   50.168520888260218     
           6           1   52.795349616530160     
           6           2   50.850167838712082     
           6           3   34.067932365224017     
           6           4   43.638431576491939     
           6           5   50.168520888260218     
           6           6   58.889727457341827     
           6           1   43.796830736299036     
           6           2   47.279091335326463     
           6           3   28.394779359184920     
           6           4   39.377664912282953     
           6           5   41.337337480070936     
           6           6   51.000000000000000     
           6           1   40.335788376532371     
           6           2   49.627466042133314     
           6           3   32.092101428110148     
           6           4   42.129422942071145     
           6           5   38.453484260424993     
           6           6   48.083261120685229     
           6           1   43.746877207050794     
           6           2   57.170431990951833     
           6           3   42.796523845838529     
           6           4   50.765894662851956     
           6           5   42.738336813594280     
           6           6   51.000000000000000     
           6           1   52.712453052207273     
           6           2   68.205800356721880     
           6           3   56.667291557853211     
           6           4   62.908376583787728     
           6           5   52.463896304198599     
           6           6   58.889727457341827     
           6           1   43.296999157971428     
           6           2   41.192291222377911     
           6           3   27.591700151078815     
           6           4   39.342377153003198     
           6           5   40.866028637284437     
           6           6   51.000000000000000     
           6           1   31.708730304093766     
           6           2   36.693020649956658     
           6           3   20.172788514292179     
           6           4   34.555902875442555     
           6           5   29.358598032072770     
           6           6   41.641325627314025     
           6           1   26.725587344530531     
           6           2   39.673047181771899     
           6           3   25.111369450065325     
           6           4   37.661627779809116     
           6           5   25.136074877241722     
           6           6   38.013155617496423     
           6           1   31.639697538416936     
           6           2   48.780360607072730     
           6           3   37.844687274081025     
           6           4   47.124155064178716     
           6           5   31.300435173648591     
           6           6   41.641325627314025     
           6           1   43.195878295676344     
           6           2   61.344082756407779     
           6           3   53.026972703411104     
           6           4   60.008114234665229     
           6           5   43.653318589601561     
           6           6   51.000000000000000     
           6           1   39.241703977262574     
           6           2   37.227276868892737     
           6           3   30.659090312868177     
           6           4   42.063435067076099     
           6           5   37.432393792688465     
           6           6   48.083261120685229     
           6           1   25.898354628267050     
           6           2   32.178300939330995     
           6           3   24.199572269524168     
           6           4   37.624730605414285     
           6           5   24.353215124011388     
           6           6   38.013155617496423     
           6           1   19.481740524497745     
           6           2   35.538935825529485     
           6           3   28.447474004614868     
           6           4   40.495779244482613     
           6           5   19.051878351014430     
           6           6   34.000000000000000     
           6           1   25.813788084592190     
           6           2   45.481742137698028     
           6           3   40.135997015877841     
           6           4   49.418578693703239     
           6           5   26.662127644419673     
           6           6   38.013155617496423     
           6           1   39.130104736489145     
           6           2   58.755100001182960     
           6           3   54.685809271454247     
           6           4   61.826237986744836     
           6           5   40.456940471973446     
           6           6   48.083261120685229     
           6           1   42.227864331420221     
           6           2   40.656308612529010     
           6           3   41.190505221448447     
           6           4   50.683749853726354     
           6           5   41.356207678152160     
           6           6   51.000000000000000     
           6           1   30.232531607611168     
           6           2   36.090280384975593     
           6           3   36.637374354796329     
           6           4   47.065170590607416     
           6           5   30.037158576402113     
           6           6   41.641325627314025     
           6           1   24.956350070023952     
           6           2   39.116252971560392     
           6           3   39.571917805797632     
           6           4   49.390465337055169     
           6           5   25.925390588560134     
           6           6   38.013155617496423     
           6           1   30.160120195880531     
           6           2   48.328605967936426     
           6           3   48.657745098227885     
           6           4   56.935980273450276     
           6           5   31.937765403905104     
           6           6   41.641325627314025     
           6           1   42.124177044095909     
           6           2   60.985465998654256     
           6           3   61.214505121412486     
           6           4   67.985245702185921     
           6           5   44.112536095993768     
           6           6   51.000000000000000     
           6           1   51.034044724542063     
           6           2   49.980003170480138     
           6           3   55.057566437173158     
           6           4   62.820000229449903     
           6           5   50.965554269388669     
           6           6   58.889727457341827     
           6           1   41.656778108237503     
           6           2   46.341920818953525     
           6           3   51.739492664685578     
           6           4   59.938637057543751     
           6           5   42.301095775540809     
           6           6   51.000000000000000     
           6           1   38.001323710777648     
           6           2   48.735475102425255     
           6           3   53.857354004948739     
           6           4   61.781291632692721     
           6           5   39.487690305169181     
           6           6   48.083261120685229     
           6           1   41.604255133143390     
           6           2   56.397867350885399     
           6           3   60.846150737985752     
           6           4   67.964812802594395     
           6           5   43.671188070195974     
           6           6   51.000000000000000     
           6           1   50.948282469540267     
           6           2   67.559546697687509     
           6           3   71.287400982536880     
           6           4   77.456462369382521     
           6           5   53.226569016684728     
           6           6   58.889727457341827     
           6           1   49.148276355095604     
           6           2   42.221124930192374     
           6           3   27.853952642467590     
           6           4   31.970900579458519     
           6           5   46.487787637245511     
           6           6   51.000000000000000     
           6           1   39.323866926959582     
           6           2   37.844369444342256     
           6           3   20.530030614301161     
           6           4   25.853941040961086     
           6           5   36.783275836052333     
           6           6   41.641325627314025     
           6           1   35.428518900761311     
           6           2   40.740265179657570     
           6           3   25.399244796636349     
           6           4   29.878320749957865     
           6           5   33.509765189517324     
           6           6   38.013155617496423     
           6           1   39.268223704593225     
           6           2   49.652211583954369     
           6           3   38.036313115952431     
           6           4   41.170399977717409     
           6           5   38.351001875857982     
           6           6   41.641325627314025     
           6           1   49.059217628559409     
           6           2   62.039624623676808     
           6           3   53.163903117341661     
           6           4   55.455293866438971     
           6           5   48.956044843385151     
           6           6   51.000000000000000     
           6           1   38.766406380145376     
           6           2   29.894626227717186     
           6           3   19.404138202826523     
           6           4   25.800163050930518     
           6           5   36.252809654883109     
           6           6   41.641325627314025     
           6           1   25.172359941867832     
           6           2   23.307972575148398     
           6           3   4.7074471435914802     
           6           4   17.661715571893669     
           6           5   22.498026351186034     
           6           6   29.444863728670914     
           6           1   18.505705781064620     
           6           2   27.763906314364760     
           6           3   15.677995338212829     
           6           4   23.156510540889837     
           6           5   16.614938204042065     
           6           6   24.041630560342615     
           6           1   25.085346078292496     
           6           2   39.703997306339026     
           6           3   32.364162541928060     
           6           4   36.585677032388141     
           6           5   24.979014258965705     
           6           6   29.444863728670914     
           6           1   38.653434896268671     
           6           2   54.405701083349065     
           6           3   49.265388420834107     
           6           4   52.142109157628859     
           6           5   39.368085236331815     
           6           6   41.641325627314025     
           6           1   34.177704115172851     
           6           2   24.140297517199752     
           6           3   23.562650126417363     
           6           4   29.785203424646600     
           6           5   32.332924648734391     
           6           6   38.013155617496423     
           6           1   17.289560433876833     
           6           2   15.242272549980004     
           6           3   14.171731023247375     
           6           4   23.096452682943553     
           6           5   15.404966672025330     
           6           6   24.041630560342615     
           6           1   2.7825063178823997     
           6           2   21.445274089104746     
           6           3   20.602850273944810     
           6           4   27.526966960116059     
           6           5   2.6847681448658696     
           6           6   17.000000000000000     
           6           1   17.162627503428244     
           6           2   35.573482947636442     
           6           3   35.015952344979908     
           6           4   39.497109938718204     
           6           5   18.844175806258072     
           6           6   24.041630560342615     
           6           1   34.049511365565991     
           6           2   51.468879891588223     
           6           3   51.046610052394463     
           6           4   54.224620579576786     
           6           5   35.791031609086616     
           6           6   38.013155617496423     
           6           1   37.568559375334452     
           6           2   29.151659492092808     
           6           3   36.219834104610712     
           6           4   41.069067102145851     
           6           5   36.804481042507390     
           6           6   41.641325627314025     
           6           1   23.285405191888035     
           6           2   22.347083912937681     
           6           3   30.943753194802287     
           6           4   36.509670720624555     
           6           5   23.376586719060615     
           6           6   29.444863728670914     
           6           1   15.843722301365370     
           6           2   26.962289733641533     
           6           3   34.367940598705538     
           6           4   39.461928990056997     
           6           5   17.786505796789783     
           6           6   24.041630560342615     
           6           1   23.191312549641481     
           6           2   39.147643300073440     
           6           3   44.528584305044646     
           6           4   48.575010273845251     
           6           5   25.773140481608213     
           6           6   29.444863728670914     
           6           1   37.451974836949979     
           6           2   54.001026695968832     
           6           3   57.986501010379861     
           6           4   61.154062878863918     
           6           5   39.876681809174983     
           6           6   41.641325627314025     
           6           1   47.251220603194554     
           6           2   41.168975431347917     
           6           3   51.444672067679520     
           6           4   55.355019666092957     
           6           5   47.346822842465741     
           6           6   51.000000000000000     
           6           1   36.925482933932408     
           6           2   36.666843964757618     
           6           3   47.876860416765027     
           6           4   52.062135815978671     
           6           5   37.863130022507526     
           6           6   41.641325627314025     
           6           1   32.746064363775218     
           6           2   39.648837998166293     
           6           3   50.158082524970162     
           6           4   54.173367711535896     
           6           5   34.691664660647035     
           6           6   38.013155617496423     
           6           1   36.866219940873862     
           6           2   48.760673322604859     
           6           3   57.597506211615041     
           6           4   61.131346727330907     
           6           5   39.387898887250408     
           6           6   41.641325627314025     
           6           1   47.158579433028535     
           6           2   61.328428735316074     
           6           3   68.535481329106815     
           6           4   71.535511015054766     
           6           5   49.772498034333552     
           6           6   51.000000000000000     
           6           1   51.203097525658031     
           6           2   39.465265886810350     
           6           3   31.129750078922513     
           6           4   26.794855052175102     
           6           5   48.819548448295485     
           6           6   48.083261120685229     
           6           1   41.863715048170569     
           6           2   34.743058584206288     
           6           3   24.793160734192238     
           6           4   19.085388147872305     
           6           5   39.689334745255501     
           6           6   38.013155617496423     
           6           1   38.228053560792226     
           6           2   37.876813858276719     
           6           3   28.954106762371509     
           6           4   24.259839740666369     
           6           5   36.676126763146904     
           6           6   34.000000000000000     
           6           1   41.811452025242744     
           6           2   47.331025092675702     
           6           3   40.496663783849201     
           6           4   37.293801197125049     
           6           5   41.146485344095872     
           6           6   38.013155617496423     
           6           1   51.117618898688455     
           6           2   60.197997014788207     
           6           3   54.951062381335625     
           6           4   52.641384776794737     
           6           5   51.175465195710451     
           6           6   48.083261120685229     
           6           1   41.340517548475056     
           6           2   25.856768909526199     
           6           3   23.869211163374057     
           6           4   19.012474506493177     
           6           5   39.198215765044971     
           6           6   38.013155617496423     
           6           1   28.980197248951740     
           6           2   17.836631035865324     
           6           3   14.675786887831826     
           6           4   2.7860312898321622     
           6           5   26.988795841765437     
           6           6   24.041630560342615     
           6           1   23.423605059864848     
           6           2   23.360614610462363     
           6           3   20.952761154377058     
           6           4   15.233179373846898     
           6           5   22.322412119078233     
           6           6   17.000000000000000     
           6           1   28.904648681706931     
           6           2   36.759913264961618     
           6           3   35.222970902632397     
           6           4   32.161118409092452     
           6           5   29.089260297220452     
           6           6   24.041630560342615     
           6           1   41.234599025882119     
           6           2   52.295928441098113     
           6           3   51.188838221071244     
           6           4   49.138837194336780     
           6           5   42.096081129541282     
           6           6   38.013155617496423     
           6           1   37.071816601422448     
           6           2   18.911313686908287     
           6           3   27.357213731432982     
           6           4   24.145064018408238     
           6           5   35.604099871090270     
           6           6   34.000000000000000     
           6           1   22.475164683309377     
           6           2   2.6852734746387075     
           6           3   19.850859486748202     
           6           4   15.141727112218838     
           6           5   21.437045259457875     
           6           6   17.000000000000000     
           6           1   14.626909070417206     
           6           2   15.322649963454486     
           6           3   24.853492744037741     
           6           4   21.296940705856645     
           6           5   15.147339412633515     
           6           6   0.0000000000000000     
           6           1   22.377665436024134     
           6           2   32.254557975137487     
           6           3   37.674070403836815     
           6           4   35.437938243027688     
           6           5   24.027835381219759     
           6           6   17.000000000000000     
           6           1   36.953664930274577     
           6           2   49.233417700180624     
           6           3   52.905340562258630     
           6           4   51.343307747013291     
           6           5   38.771534080204660     
           6           6   34.000000000000000     
           6           1   40.219408015076851     
           6           2   24.994060740276854     
           6           3   38.795554445488598     
           6           4   37.181904820033246     
           6           5   39.708988102168000     
           6           6   38.013155617496423     
           6           1   27.357160351461989     
           6           2   16.561279556773453     
           6           3   33.922478151635467     
           6           4   32.074629063075420     
           6           5   27.725416460778280     
           6           6   24.041630560342615     
           6           1   21.382882497642363     
           6           2   22.401984037726567     
           6           3   37.072550534910619     
           6           4   35.398723324743692     
           6           5   23.207621587510225     
           6           6   17.000000000000000     
           6           1   27.277116880644776     
           6           2   36.158288083031657     
           6           3   46.647759671594279     
           6           4   45.336049635026910     
           6           5   29.773959789966568     
           6           6   24.041630560342615     
           6           1   40.110529125564177     
           6           2   51.874798364566807     
           6           3   59.629296168864293     
           6           4   58.614376905307921     
           6           5   42.572099588815455     
           6           6   38.013155617496423     
           6           1   49.385037977478106     
           6           2   38.337558075764981     
           6           3   53.289520042109913     
           6           4   52.535739983738601     
           6           5   49.638246791820414     
           6           6   48.083261120685229     
           6           1   39.619381840827991     
           6           2   33.456557914429972     
           6           3   49.853910834895892     
           6           4   49.053967822459192     
           6           5   40.692143300533395     
           6           6   38.013155617496423     
           6           1   35.756242236310392     
           6           2   36.700329368420661     
           6           3   52.048553339637266     
           6           4   51.289175686637158     
           6           5   37.759045382750614     
           6           6   34.000000000000000     
           6           1   39.564154234282370     
           6           2   46.394903642744140     
           6           3   59.251087618409016     
           6           4   58.590676102112042     
           6           5   42.114611360454177     
           6           6   38.013155617496423     
           6           1   49.296406985564978     
           6           2   59.464779426888207     
           6           3   69.930900631835826     
           6           4   69.376906169059410     
           6           5   51.957054110751614     
           6           6   48.083261120685229     
           6           1   58.360614491001073     
           6           2   43.708020232702843     
           6           3   41.716663363019876     
           6           4   31.492698053239678     
           6           5   56.423241859940170     
           6           6   51.000000000000000     
           6           1   50.366405124642561     
           6           2   39.496378833145130     
           6           3   37.227939526098417     
           6           4   25.260202179721308     
           6           5   48.738867485927287     
           6           6   41.641325627314025     
           6           1   47.387637697948158     
           6           2   42.279272098751512     
           6           3   40.119309073987758     
           6           4   29.366062004434095     
           6           5   46.318162589164260     
           6           6   38.013155617496423     
           6           1   50.322973362117359     
           6           2   50.922585926769479     
           6           3   49.103955439347992     
           6           4   40.800163984181957     
           6           5   49.932626282439131     
           6           6   41.641325627314025     
           6           1   58.285633645150924     
           6           2   63.060944059997823     
           6           3   61.569780891317038     
           6           4   55.180985535091786     
           6           5   58.473602157616440     
           6           6   51.000000000000000     
           6           1   49.932379461837904     
           6           2   31.960230280559070     
           6           3   36.619092065875826     
           6           4   25.205157414019563     
           6           5   48.339776897011575     
           6           6   41.641325627314025     
           6           1   40.299577666935271     
           6           2   25.904231852253766     
           6           3   31.410147770177801     
           6           4   16.780576383228809     
           6           5   39.097685510504704     
           6           6   29.444863728670914     
           6           1   36.508483966685390     
           6           2   29.976693215300983     
           6           3   34.788458749414602     
           6           4   22.491676843695917     
           6           5   36.035038422399452     
           6           6   24.041630560342615     
           6           1   40.245283487113127     
           6           2   41.281655058793675     
           6           3   44.853944546439138     
           6           4   36.168540345569902     
           6           5   40.576088721429031     
           6           6   29.444863728670914     
           6           1   49.844721730294339     
           6           2   55.567508065974842     
           6           3   58.236722268602591     
           6           4   51.850275739064188     
           6           5   50.717984559273994     
           6           6   41.641325627314025     
           6           1   46.459915127717345     
           6           2   26.655611163700019     
           6           3   38.982506401136575     
           6           4   29.271315137152357     
           6           5   45.474012786649965     
           6           6   38.013155617496423     
           6           1   35.907341242245643     
           6           2   18.976156480681819     
           6           3   34.136128727932380     
           6           4   22.429838905938571     
           6           5   35.493391226337891     
           6           6   24.041630560342615     
           6           1   31.593521432398941     
           6           2   24.241852714845791     
           6           3   37.268146771006549     
           6           4   26.970084479553012     
           6           5   32.088561865115658     
           6           6   17.000000000000000     
           6           1   35.846395047644990     
           6           2   37.326134695642267     
           6           3   46.803357176174899     
           6           4   39.111037320967306     
           6           5   37.115640697647002     
           6           6   24.041630560342615     
           6           1   46.365692913232770     
           6           2   52.695476462275046     
           6           3   59.751098083432055     
           6           4   53.944054573325943     
           6           5   47.994434742189696     
           6           6   38.013155617496423     
           6           1   49.008212665107735     
           6           2   31.266385998934595     
           6           3   47.710729473570396     
           6           4   40.697909276171224     
           6           5   48.754873062986782     
           6           6   41.641325627314025     
           6           1   39.148669837438945     
           6           2   25.043158780459919     
           6           3   43.840086520392894     
           6           4   36.091655586012330     
           6           5   39.609754218038638     
           6           6   29.444863728670914     
           6           1   35.233957930570021     
           6           2   29.235812114122641     
           6           3   46.320542584590378     
           6           4   39.075508780145213     
           6           5   36.589993318377431     
           6           6   24.041630560342615     
           6           1   39.092777246769693     
           6           2   40.746847954672930     
           6           3   54.288416301695214     
           6           4   48.261611762508267     
           6           5   41.069728424526751     
           6           6   29.444863728670914     
           6           1   48.918898947931467     
           6           2   55.171356032910658     
           6           3   65.778960342661861     
           6           4   60.905426305075210     
           6           5   51.113770890923867     
           6           6   41.641325627314025     
           6           1   56.772230038832831     
           6           2   42.692530732651321     
           6           3   60.091526927560956     
           6           4   55.080211955333318     
           6           5   57.133085474666117     
           6           6   51.000000000000000     
           6           1   48.517002638194050     
           6           2   38.369585463324086     
           6           3   57.066900105937933     
           6           4   51.769851579199205     
           6           5   49.558898673003007     
           6           6   41.641325627314025     
           6           1   45.417100154092900     
           6           2   41.228606535951279     
           6           3   58.993818039828668     
           6           4   53.892534882116884     
           6           5   47.180286344048980     
           6           6   38.013155617496423     
           6           1   48.471913803967773     
           6           2   50.053680235975037     
           6           3   65.436305260396011     
           6           4   60.882617383848206     
           6           5   50.733365759940767     
           6           6   41.641325627314025     
           6           1   56.695148551103181     
           6           2   62.361396820743124     
           6           3   75.243268970367353     
           6           4   71.323073987286378     
           6           5   59.158848730831515     
           6           6   51.000000000000000     
           6           1   69.051904038284448     
           6           2   53.303610138602103     
           6           3   55.583258849323272     
           6           4   42.937347427128969     
           6           5   67.541218032214516     
           6           6   58.889727457341834     
           6           1   62.441804047647587     
           6           2   49.908393703635042     
           6           3   52.298548197117192     
           6           4   38.599269262070877     
           6           5   61.267537204465903     
           6           6   51.000000000000007     
           6           1   60.064901016626969     
           6           2   52.138475911230778     
           6           3   54.394647004475594     
           6           4   41.402794242100619     
           6           5   59.359970492968479     
           6           6   48.083261120685236     
           6           1   62.406776679696982     
           6           2   59.363234233108841     
           6           3   61.322239864153872     
           6           4   50.164520874235322     
           6           5   62.221387631196109     
           6           6   51.000000000000007     
           6           1   68.988544099451374     
           6           2   70.054025486647788     
           6           3   71.694187917655753     
           6           4   62.424089404888093     
           6           5   69.263237439330254     
           6           6   58.889727457341834     
           6           1   62.092243044249656     
           6           2   44.185293262940881     
           6           3   51.866912052834209     
           6           4   38.563269229552589     
           6           5   60.950536845401849     
           6           6   51.000000000000007     
           6           1   54.646684141661744     
           6           2   40.023905968821218     
           6           3   48.330280830052651     
           6           4   33.666207347410385     
           6           5   53.915331062399716     
           6           6   41.641325627314032     
           6           1   51.914097594881895     
           6           2   42.772490660119338     
           6           3   50.591061703892620     
           6           4   36.846998529686232     
           6           5   51.737393685743768     
           6           6   38.013155617496430     
           6           1   54.606656833240564     
           6           2   51.332824445367791     
           6           3   57.974951518240935     
           6           4   46.475682718326695     
           6           5   54.996844338735599     
           6           6   41.641325627314032     
           6           1   62.021773692112951     
           6           2   63.392679181494628     
           6           3   68.852991821399470     
           6           4   59.500225777911474     
           6           5   62.853383910849139     
           6           6   51.000000000000007     
           6           1   59.335721460347109     
           6           2   40.514262027785882     
           6           3   53.561688430089681     
           6           4   41.335646399493228     
           6           5   58.703660449841102     
           6           6   48.083261120685236     
           6           1   51.493118789137959     
           6           2   35.930186973143442     
           6           3   50.144729999246373     
           6           4   36.809284790006558     
           6           5   51.361607568647166     
           6           6   38.013155617496430     
           6           1   48.583482008236601     
           6           2   38.968593048684731     
           6           3   52.327176743186087     
           6           4   39.739290761659028     
           6           5   49.070456629841836     
           6           6   34.000000000000007     
           6           1   51.450638144312897     
           6           2   48.209170833597142     
           6           3   59.495990664312423     
           6           4   48.800604645101984     
           6           5   52.495758835230340     
           6           6   38.013155617496430     
           6           1   59.261974375390174     
           6           2   60.890861881992663     
           6           3   70.138522826926334     
           6           4   61.333406861313513     
           6           5   60.677011112217286     
           6           6   48.083261120685236     
           6           1   61.351520243378026     
           6           2   43.686047138418203     
           6           3   60.212393816120347     
           6           4   50.081389685759682     
           6           5   61.280270549972187     
           6           6   51.000000000000007     
           6           1   53.803554506984014     
           6           2   39.472061294655632     
           6           3   57.194159214756219     
           6           4   46.415874184860371     
           6           5   54.287812080643512     
           6           6   41.641325627314032     
           6           1   51.025835799116273     
           6           2   42.256556072614394     
           6           3   59.116929280014190     
           6           4   48.772135075600886     
           6           5   52.125440260286901     
           6           6   38.013155617496430     
           6           1   53.762899479201749     
           6           2   50.903727165964554     
           6           3   65.547317311340180     
           6           4   56.400433893016533     
           6           5   55.362049313173138     
           6           6   41.641325627314032     
           6           1   61.280199100713830     
           6           2   63.045716330738216     
           6           3   75.339832000933157     
           6           4   67.537372815415310     
           6           5   63.173186447888554     
           6           6   51.000000000000007     
           6           1   67.714771144317922     
           6           2   52.474146029298097     
           6           3   70.428760252137991     
           6           4   62.335026449420035     
           6           5   68.135331269065816     
           6           6   58.889727457341834     
           6           1   60.959852957005452     
           6           2   49.021514764163037     
           6           3   67.866411057815995     
           6           4   59.430154853725284     
           6           5   61.921872944629293     
           6           6   51.000000000000007     
           6           1   58.522791406016367     
           6           2   51.290172723846510     
           6           3   69.494526612415768     
           6           4   61.288099084778587     
           6           5   60.035100822737768     
           6           6   48.083261120685236     
           6           1   60.923973568411306     
           6           2   58.619576306136516     
           6           3   75.040846932181410     
           6           4   67.516804374270464     
           6           5   62.865796046990162     
           6           6   51.000000000000007     
           6           1   67.650158882125737     
           6           2   69.424978462941667     
           6           3   83.730330152904543     
           6           4   77.063653277024045     
           6           5   69.842703945703875     
           6           6   58.889727457341834     
   1   5  2.6839
   2   6  2.6853
   3   4  2.6848
   4   3  2.6848
   5   1  2.6839
   6   5  2.6848
