           6
  0.9308869833635013  0.9614677465273790  0.9322438907200126
  0.0702904289584488  0.9593800073304154  0.9328802758472837
 -0.0011830086624080  0.0791416226464673  0.9322343414015235
  0.9308923718834539  0.9614745115827762  0.0677672451360425
  0.0702924641719010  0.9593847315050454  0.0671179839091249
 -0.0011791808913727  0.0791513215843860  0.0677563218095508
           1           1  -1.0691130166364986       -1.0385322534726211       -1.0677561092799874     
           2           2  -1.9297095710415513       -1.0406199926695847       -1.0671197241527164     
           3           3  -2.0011830086624078       -1.9208583773535326       -1.0677656585984765     
           4           4  -1.0691076281165461       -1.0385254884172239       -1.9322327548639575     
           5           5  -1.9297075358280991       -1.0406152684949546       -1.9328820160908751     
           6           6  -2.0011791808913726       -1.9208486784156140       -1.9322436781904493     
           7           1  -1.0691130166364986       -1.0385322534726211       -6.7756109279987431E-002
           8           2  -1.9297095710415513       -1.0406199926695847       -6.7119724152716276E-002
           9           3  -2.0011830086624078       -1.9208583773535326       -6.7765658598476497E-002
          10           4  -1.0691076281165461       -1.0385254884172239      -0.93223275486395751     
          11           5  -1.9297075358280991       -1.0406152684949546      -0.93288201609087507     
          12           6  -2.0011791808913726       -1.9208486784156140      -0.93224367819044918     
          13           1  -1.0691130166364986       -1.0385322534726211       0.93224389072001257     
          14           2  -1.9297095710415513       -1.0406199926695847       0.93288027584728372     
          15           3  -2.0011830086624078       -1.9208583773535326       0.93223434140152350     
          16           4  -1.0691076281165461       -1.0385254884172239        6.7767245136042500E-002
          17           5  -1.9297075358280991       -1.0406152684949546        6.7117983909124906E-002
          18           6  -2.0011791808913726       -1.9208486784156140        6.7756321809550796E-002
          19           1  -1.0691130166364986       -1.0385322534726211        1.9322438907200126     
          20           2  -1.9297095710415513       -1.0406199926695847        1.9328802758472836     
          21           3  -2.0011830086624078       -1.9208583773535326        1.9322343414015235     
          22           4  -1.0691076281165461       -1.0385254884172239        1.0677672451360425     
          23           5  -1.9297075358280991       -1.0406152684949546        1.0671179839091249     
          24           6  -2.0011791808913726       -1.9208486784156140        1.0677563218095507     
          25           1  -1.0691130166364986       -1.0385322534726211        2.9322438907200126     
          26           2  -1.9297095710415513       -1.0406199926695847        2.9328802758472836     
          27           3  -2.0011830086624078       -1.9208583773535326        2.9322343414015233     
          28           4  -1.0691076281165461       -1.0385254884172239        2.0677672451360425     
          29           5  -1.9297075358280991       -1.0406152684949546        2.0671179839091249     
          30           6  -2.0011791808913726       -1.9208486784156140        2.0677563218095507     
          31           1  -1.0691130166364986       -3.8532253472621014E-002  -1.0677561092799874     
          32           2  -1.9297095710415513       -4.0619992669584604E-002  -1.0671197241527164     
          33           3  -2.0011830086624078      -0.92085837735353271       -1.0677656585984765     
          34           4  -1.0691076281165461       -3.8525488417223808E-002  -1.9322327548639575     
          35           5  -1.9297075358280991       -4.0615268494954559E-002  -1.9328820160908751     
          36           6  -2.0011791808913726      -0.92084867841561402       -1.9322436781904493     
          37           1  -1.0691130166364986       -3.8532253472621014E-002  -6.7756109279987431E-002
          38           2  -1.9297095710415513       -4.0619992669584604E-002  -6.7119724152716276E-002
          39           3  -2.0011830086624078      -0.92085837735353271       -6.7765658598476497E-002
          40           4  -1.0691076281165461       -3.8525488417223808E-002 -0.93223275486395751     
          41           5  -1.9297075358280991       -4.0615268494954559E-002 -0.93288201609087507     
          42           6  -2.0011791808913726      -0.92084867841561402      -0.93224367819044918     
          43           1  -1.0691130166364986       -3.8532253472621014E-002  0.93224389072001257     
          44           2  -1.9297095710415513       -4.0619992669584604E-002  0.93288027584728372     
          45           3  -2.0011830086624078      -0.92085837735353271       0.93223434140152350     
          46           4  -1.0691076281165461       -3.8525488417223808E-002   6.7767245136042500E-002
          47           5  -1.9297075358280991       -4.0615268494954559E-002   6.7117983909124906E-002
          48           6  -2.0011791808913726      -0.92084867841561402        6.7756321809550796E-002
          49           1  -1.0691130166364986       -3.8532253472621014E-002   1.9322438907200126     
          50           2  -1.9297095710415513       -4.0619992669584604E-002   1.9328802758472836     
          51           3  -2.0011830086624078      -0.92085837735353271        1.9322343414015235     
          52           4  -1.0691076281165461       -3.8525488417223808E-002   1.0677672451360425     
          53           5  -1.9297075358280991       -4.0615268494954559E-002   1.0671179839091249     
          54           6  -2.0011791808913726      -0.92084867841561402        1.0677563218095507     
          55           1  -1.0691130166364986       -3.8532253472621014E-002   2.9322438907200126     
          56           2  -1.9297095710415513       -4.0619992669584604E-002   2.9328802758472836     
          57           3  -2.0011830086624078      -0.92085837735353271        2.9322343414015233     
          58           4  -1.0691076281165461       -3.8525488417223808E-002   2.0677672451360425     
          59           5  -1.9297075358280991       -4.0615268494954559E-002   2.0671179839091249     
          60           6  -2.0011791808913726      -0.92084867841561402        2.0677563218095507     
          61           1  -1.0691130166364986       0.96146774652737899       -1.0677561092799874     
          62           2  -1.9297095710415513       0.95938000733041540       -1.0671197241527164     
          63           3  -2.0011830086624078        7.9141622646467305E-002  -1.0677656585984765     
          64           4  -1.0691076281165461       0.96147451158277619       -1.9322327548639575     
          65           5  -1.9297075358280991       0.95938473150504544       -1.9328820160908751     
          66           6  -2.0011791808913726        7.9151321584385995E-002  -1.9322436781904493     
          67           1  -1.0691130166364986       0.96146774652737899       -6.7756109279987431E-002
          68           2  -1.9297095710415513       0.95938000733041540       -6.7119724152716276E-002
          69           3  -2.0011830086624078        7.9141622646467305E-002  -6.7765658598476497E-002
          70           4  -1.0691076281165461       0.96147451158277619      -0.93223275486395751     
          71           5  -1.9297075358280991       0.95938473150504544      -0.93288201609087507     
          72           6  -2.0011791808913726        7.9151321584385995E-002 -0.93224367819044918     
          73           1  -1.0691130166364986       0.96146774652737899       0.93224389072001257     
          74           2  -1.9297095710415513       0.95938000733041540       0.93288027584728372     
          75           3  -2.0011830086624078        7.9141622646467305E-002  0.93223434140152350     
          76           4  -1.0691076281165461       0.96147451158277619        6.7767245136042500E-002
          77           5  -1.9297075358280991       0.95938473150504544        6.7117983909124906E-002
          78           6  -2.0011791808913726        7.9151321584385995E-002   6.7756321809550796E-002
          79           1  -1.0691130166364986       0.96146774652737899        1.9322438907200126     
          80           2  -1.9297095710415513       0.95938000733041540        1.9328802758472836     
          81           3  -2.0011830086624078        7.9141622646467305E-002   1.9322343414015235     
          82           4  -1.0691076281165461       0.96147451158277619        1.0677672451360425     
          83           5  -1.9297075358280991       0.95938473150504544        1.0671179839091249     
          84           6  -2.0011791808913726        7.9151321584385995E-002   1.0677563218095507     
          85           1  -1.0691130166364986       0.96146774652737899        2.9322438907200126     
          86           2  -1.9297095710415513       0.95938000733041540        2.9328802758472836     
          87           3  -2.0011830086624078        7.9141622646467305E-002   2.9322343414015233     
          88           4  -1.0691076281165461       0.96147451158277619        2.0677672451360425     
          89           5  -1.9297075358280991       0.95938473150504544        2.0671179839091249     
          90           6  -2.0011791808913726        7.9151321584385995E-002   2.0677563218095507     
          91           1  -1.0691130166364986        1.9614677465273789       -1.0677561092799874     
          92           2  -1.9297095710415513        1.9593800073304153       -1.0671197241527164     
          93           3  -2.0011830086624078        1.0791416226464674       -1.0677656585984765     
          94           4  -1.0691076281165461        1.9614745115827761       -1.9322327548639575     
          95           5  -1.9297075358280991        1.9593847315050454       -1.9328820160908751     
          96           6  -2.0011791808913726        1.0791513215843860       -1.9322436781904493     
          97           1  -1.0691130166364986        1.9614677465273789       -6.7756109279987431E-002
          98           2  -1.9297095710415513        1.9593800073304153       -6.7119724152716276E-002
          99           3  -2.0011830086624078        1.0791416226464674       -6.7765658598476497E-002
         100           4  -1.0691076281165461        1.9614745115827761      -0.93223275486395751     
         101           5  -1.9297075358280991        1.9593847315050454      -0.93288201609087507     
         102           6  -2.0011791808913726        1.0791513215843860      -0.93224367819044918     
         103           1  -1.0691130166364986        1.9614677465273789       0.93224389072001257     
         104           2  -1.9297095710415513        1.9593800073304153       0.93288027584728372     
         105           3  -2.0011830086624078        1.0791416226464674       0.93223434140152350     
         106           4  -1.0691076281165461        1.9614745115827761        6.7767245136042500E-002
         107           5  -1.9297075358280991        1.9593847315050454        6.7117983909124906E-002
         108           6  -2.0011791808913726        1.0791513215843860        6.7756321809550796E-002
         109           1  -1.0691130166364986        1.9614677465273789        1.9322438907200126     
         110           2  -1.9297095710415513        1.9593800073304153        1.9328802758472836     
         111           3  -2.0011830086624078        1.0791416226464674        1.9322343414015235     
         112           4  -1.0691076281165461        1.9614745115827761        1.0677672451360425     
         113           5  -1.9297075358280991        1.9593847315050454        1.0671179839091249     
         114           6  -2.0011791808913726        1.0791513215843860        1.0677563218095507     
         115           1  -1.0691130166364986        1.9614677465273789        2.9322438907200126     
         116           2  -1.9297095710415513        1.9593800073304153        2.9328802758472836     
         117           3  -2.0011830086624078        1.0791416226464674        2.9322343414015233     
         118           4  -1.0691076281165461        1.9614745115827761        2.0677672451360425     
         119           5  -1.9297075358280991        1.9593847315050454        2.0671179839091249     
         120           6  -2.0011791808913726        1.0791513215843860        2.0677563218095507     
         121           1  -1.0691130166364986        2.9614677465273789       -1.0677561092799874     
         122           2  -1.9297095710415513        2.9593800073304153       -1.0671197241527164     
         123           3  -2.0011830086624078        2.0791416226464672       -1.0677656585984765     
         124           4  -1.0691076281165461        2.9614745115827761       -1.9322327548639575     
         125           5  -1.9297075358280991        2.9593847315050454       -1.9328820160908751     
         126           6  -2.0011791808913726        2.0791513215843862       -1.9322436781904493     
         127           1  -1.0691130166364986        2.9614677465273789       -6.7756109279987431E-002
         128           2  -1.9297095710415513        2.9593800073304153       -6.7119724152716276E-002
         129           3  -2.0011830086624078        2.0791416226464672       -6.7765658598476497E-002
         130           4  -1.0691076281165461        2.9614745115827761      -0.93223275486395751     
         131           5  -1.9297075358280991        2.9593847315050454      -0.93288201609087507     
         132           6  -2.0011791808913726        2.0791513215843862      -0.93224367819044918     
         133           1  -1.0691130166364986        2.9614677465273789       0.93224389072001257     
         134           2  -1.9297095710415513        2.9593800073304153       0.93288027584728372     
         135           3  -2.0011830086624078        2.0791416226464672       0.93223434140152350     
         136           4  -1.0691076281165461        2.9614745115827761        6.7767245136042500E-002
         137           5  -1.9297075358280991        2.9593847315050454        6.7117983909124906E-002
         138           6  -2.0011791808913726        2.0791513215843862        6.7756321809550796E-002
         139           1  -1.0691130166364986        2.9614677465273789        1.9322438907200126     
         140           2  -1.9297095710415513        2.9593800073304153        1.9328802758472836     
         141           3  -2.0011830086624078        2.0791416226464672        1.9322343414015235     
         142           4  -1.0691076281165461        2.9614745115827761        1.0677672451360425     
         143           5  -1.9297075358280991        2.9593847315050454        1.0671179839091249     
         144           6  -2.0011791808913726        2.0791513215843862        1.0677563218095507     
         145           1  -1.0691130166364986        2.9614677465273789        2.9322438907200126     
         146           2  -1.9297095710415513        2.9593800073304153        2.9328802758472836     
         147           3  -2.0011830086624078        2.0791416226464672        2.9322343414015233     
         148           4  -1.0691076281165461        2.9614745115827761        2.0677672451360425     
         149           5  -1.9297075358280991        2.9593847315050454        2.0671179839091249     
         150           6  -2.0011791808913726        2.0791513215843862        2.0677563218095507     
         151           1  -6.9113016636498714E-002  -1.0385322534726211       -1.0677561092799874     
         152           2 -0.92970957104155116       -1.0406199926695847       -1.0671197241527164     
         153           3  -1.0011830086624081       -1.9208583773535326       -1.0677656585984765     
         154           4  -6.9107628116546138E-002  -1.0385254884172239       -1.9322327548639575     
         155           5 -0.92970753582809895       -1.0406152684949546       -1.9328820160908751     
         156           6  -1.0011791808913728       -1.9208486784156140       -1.9322436781904493     
         157           1  -6.9113016636498714E-002  -1.0385322534726211       -6.7756109279987431E-002
         158           2 -0.92970957104155116       -1.0406199926695847       -6.7119724152716276E-002
         159           3  -1.0011830086624081       -1.9208583773535326       -6.7765658598476497E-002
         160           4  -6.9107628116546138E-002  -1.0385254884172239      -0.93223275486395751     
         161           5 -0.92970753582809895       -1.0406152684949546      -0.93288201609087507     
         162           6  -1.0011791808913728       -1.9208486784156140      -0.93224367819044918     
         163           1  -6.9113016636498714E-002  -1.0385322534726211       0.93224389072001257     
         164           2 -0.92970957104155116       -1.0406199926695847       0.93288027584728372     
         165           3  -1.0011830086624081       -1.9208583773535326       0.93223434140152350     
         166           4  -6.9107628116546138E-002  -1.0385254884172239        6.7767245136042500E-002
         167           5 -0.92970753582809895       -1.0406152684949546        6.7117983909124906E-002
         168           6  -1.0011791808913728       -1.9208486784156140        6.7756321809550796E-002
         169           1  -6.9113016636498714E-002  -1.0385322534726211        1.9322438907200126     
         170           2 -0.92970957104155116       -1.0406199926695847        1.9328802758472836     
         171           3  -1.0011830086624081       -1.9208583773535326        1.9322343414015235     
         172           4  -6.9107628116546138E-002  -1.0385254884172239        1.0677672451360425     
         173           5 -0.92970753582809895       -1.0406152684949546        1.0671179839091249     
         174           6  -1.0011791808913728       -1.9208486784156140        1.0677563218095507     
         175           1  -6.9113016636498714E-002  -1.0385322534726211        2.9322438907200126     
         176           2 -0.92970957104155116       -1.0406199926695847        2.9328802758472836     
         177           3  -1.0011830086624081       -1.9208583773535326        2.9322343414015233     
         178           4  -6.9107628116546138E-002  -1.0385254884172239        2.0677672451360425     
         179           5 -0.92970753582809895       -1.0406152684949546        2.0671179839091249     
         180           6  -1.0011791808913728       -1.9208486784156140        2.0677563218095507     
         181           1  -6.9113016636498714E-002  -3.8532253472621014E-002  -1.0677561092799874     
         182           2 -0.92970957104155116       -4.0619992669584604E-002  -1.0671197241527164     
         183           3  -1.0011830086624081      -0.92085837735353271       -1.0677656585984765     
         184           4  -6.9107628116546138E-002  -3.8525488417223808E-002  -1.9322327548639575     
         185           5 -0.92970753582809895       -4.0615268494954559E-002  -1.9328820160908751     
         186           6  -1.0011791808913728      -0.92084867841561402       -1.9322436781904493     
         187           1  -6.9113016636498714E-002  -3.8532253472621014E-002  -6.7756109279987431E-002
         188           2 -0.92970957104155116       -4.0619992669584604E-002  -6.7119724152716276E-002
         189           3  -1.0011830086624081      -0.92085837735353271       -6.7765658598476497E-002
         190           4  -6.9107628116546138E-002  -3.8525488417223808E-002 -0.93223275486395751     
         191           5 -0.92970753582809895       -4.0615268494954559E-002 -0.93288201609087507     
         192           6  -1.0011791808913728      -0.92084867841561402      -0.93224367819044918     
         193           1  -6.9113016636498714E-002  -3.8532253472621014E-002  0.93224389072001257     
         194           2 -0.92970957104155116       -4.0619992669584604E-002  0.93288027584728372     
         195           3  -1.0011830086624081      -0.92085837735353271       0.93223434140152350     
         196           4  -6.9107628116546138E-002  -3.8525488417223808E-002   6.7767245136042500E-002
         197           5 -0.92970753582809895       -4.0615268494954559E-002   6.7117983909124906E-002
         198           6  -1.0011791808913728      -0.92084867841561402        6.7756321809550796E-002
         199           1  -6.9113016636498714E-002  -3.8532253472621014E-002   1.9322438907200126     
         200           2 -0.92970957104155116       -4.0619992669584604E-002   1.9328802758472836     
         201           3  -1.0011830086624081      -0.92085837735353271        1.9322343414015235     
         202           4  -6.9107628116546138E-002  -3.8525488417223808E-002   1.0677672451360425     
         203           5 -0.92970753582809895       -4.0615268494954559E-002   1.0671179839091249     
         204           6  -1.0011791808913728      -0.92084867841561402        1.0677563218095507     
         205           1  -6.9113016636498714E-002  -3.8532253472621014E-002   2.9322438907200126     
         206           2 -0.92970957104155116       -4.0619992669584604E-002   2.9328802758472836     
         207           3  -1.0011830086624081      -0.92085837735353271        2.9322343414015233     
         208           4  -6.9107628116546138E-002  -3.8525488417223808E-002   2.0677672451360425     
         209           5 -0.92970753582809895       -4.0615268494954559E-002   2.0671179839091249     
         210           6  -1.0011791808913728      -0.92084867841561402        2.0677563218095507     
         211           1  -6.9113016636498714E-002  0.96146774652737899       -1.0677561092799874     
         212           2 -0.92970957104155116       0.95938000733041540       -1.0671197241527164     
         213           3  -1.0011830086624081        7.9141622646467305E-002  -1.0677656585984765     
         214           4  -6.9107628116546138E-002  0.96147451158277619       -1.9322327548639575     
         215           5 -0.92970753582809895       0.95938473150504544       -1.9328820160908751     
         216           6  -1.0011791808913728        7.9151321584385995E-002  -1.9322436781904493     
         217           1  -6.9113016636498714E-002  0.96146774652737899       -6.7756109279987431E-002
         218           2 -0.92970957104155116       0.95938000733041540       -6.7119724152716276E-002
         219           3  -1.0011830086624081        7.9141622646467305E-002  -6.7765658598476497E-002
         220           4  -6.9107628116546138E-002  0.96147451158277619      -0.93223275486395751     
         221           5 -0.92970753582809895       0.95938473150504544      -0.93288201609087507     
         222           6  -1.0011791808913728        7.9151321584385995E-002 -0.93224367819044918     
         223           1  -6.9113016636498714E-002  0.96146774652737899       0.93224389072001257     
         224           2 -0.92970957104155116       0.95938000733041540       0.93288027584728372     
         225           3  -1.0011830086624081        7.9141622646467305E-002  0.93223434140152350     
         226           4  -6.9107628116546138E-002  0.96147451158277619        6.7767245136042500E-002
         227           5 -0.92970753582809895       0.95938473150504544        6.7117983909124906E-002
         228           6  -1.0011791808913728        7.9151321584385995E-002   6.7756321809550796E-002
         229           1  -6.9113016636498714E-002  0.96146774652737899        1.9322438907200126     
         230           2 -0.92970957104155116       0.95938000733041540        1.9328802758472836     
         231           3  -1.0011830086624081        7.9141622646467305E-002   1.9322343414015235     
         232           4  -6.9107628116546138E-002  0.96147451158277619        1.0677672451360425     
         233           5 -0.92970753582809895       0.95938473150504544        1.0671179839091249     
         234           6  -1.0011791808913728        7.9151321584385995E-002   1.0677563218095507     
         235           1  -6.9113016636498714E-002  0.96146774652737899        2.9322438907200126     
         236           2 -0.92970957104155116       0.95938000733041540        2.9328802758472836     
         237           3  -1.0011830086624081        7.9141622646467305E-002   2.9322343414015233     
         238           4  -6.9107628116546138E-002  0.96147451158277619        2.0677672451360425     
         239           5 -0.92970753582809895       0.95938473150504544        2.0671179839091249     
         240           6  -1.0011791808913728        7.9151321584385995E-002   2.0677563218095507     
         241           1  -6.9113016636498714E-002   1.9614677465273789       -1.0677561092799874     
         242           2 -0.92970957104155116        1.9593800073304153       -1.0671197241527164     
         243           3  -1.0011830086624081        1.0791416226464674       -1.0677656585984765     
         244           4  -6.9107628116546138E-002   1.9614745115827761       -1.9322327548639575     
         245           5 -0.92970753582809895        1.9593847315050454       -1.9328820160908751     
         246           6  -1.0011791808913728        1.0791513215843860       -1.9322436781904493     
         247           1  -6.9113016636498714E-002   1.9614677465273789       -6.7756109279987431E-002
         248           2 -0.92970957104155116        1.9593800073304153       -6.7119724152716276E-002
         249           3  -1.0011830086624081        1.0791416226464674       -6.7765658598476497E-002
         250           4  -6.9107628116546138E-002   1.9614745115827761      -0.93223275486395751     
         251           5 -0.92970753582809895        1.9593847315050454      -0.93288201609087507     
         252           6  -1.0011791808913728        1.0791513215843860      -0.93224367819044918     
         253           1  -6.9113016636498714E-002   1.9614677465273789       0.93224389072001257     
         254           2 -0.92970957104155116        1.9593800073304153       0.93288027584728372     
         255           3  -1.0011830086624081        1.0791416226464674       0.93223434140152350     
         256           4  -6.9107628116546138E-002   1.9614745115827761        6.7767245136042500E-002
         257           5 -0.92970753582809895        1.9593847315050454        6.7117983909124906E-002
         258           6  -1.0011791808913728        1.0791513215843860        6.7756321809550796E-002
         259           1  -6.9113016636498714E-002   1.9614677465273789        1.9322438907200126     
         260           2 -0.92970957104155116        1.9593800073304153        1.9328802758472836     
         261           3  -1.0011830086624081        1.0791416226464674        1.9322343414015235     
         262           4  -6.9107628116546138E-002   1.9614745115827761        1.0677672451360425     
         263           5 -0.92970753582809895        1.9593847315050454        1.0671179839091249     
         264           6  -1.0011791808913728        1.0791513215843860        1.0677563218095507     
         265           1  -6.9113016636498714E-002   1.9614677465273789        2.9322438907200126     
         266           2 -0.92970957104155116        1.9593800073304153        2.9328802758472836     
         267           3  -1.0011830086624081        1.0791416226464674        2.9322343414015233     
         268           4  -6.9107628116546138E-002   1.9614745115827761        2.0677672451360425     
         269           5 -0.92970753582809895        1.9593847315050454        2.0671179839091249     
         270           6  -1.0011791808913728        1.0791513215843860        2.0677563218095507     
         271           1  -6.9113016636498714E-002   2.9614677465273789       -1.0677561092799874     
         272           2 -0.92970957104155116        2.9593800073304153       -1.0671197241527164     
         273           3  -1.0011830086624081        2.0791416226464672       -1.0677656585984765     
         274           4  -6.9107628116546138E-002   2.9614745115827761       -1.9322327548639575     
         275           5 -0.92970753582809895        2.9593847315050454       -1.9328820160908751     
         276           6  -1.0011791808913728        2.0791513215843862       -1.9322436781904493     
         277           1  -6.9113016636498714E-002   2.9614677465273789       -6.7756109279987431E-002
         278           2 -0.92970957104155116        2.9593800073304153       -6.7119724152716276E-002
         279           3  -1.0011830086624081        2.0791416226464672       -6.7765658598476497E-002
         280           4  -6.9107628116546138E-002   2.9614745115827761      -0.93223275486395751     
         281           5 -0.92970753582809895        2.9593847315050454      -0.93288201609087507     
         282           6  -1.0011791808913728        2.0791513215843862      -0.93224367819044918     
         283           1  -6.9113016636498714E-002   2.9614677465273789       0.93224389072001257     
         284           2 -0.92970957104155116        2.9593800073304153       0.93288027584728372     
         285           3  -1.0011830086624081        2.0791416226464672       0.93223434140152350     
         286           4  -6.9107628116546138E-002   2.9614745115827761        6.7767245136042500E-002
         287           5 -0.92970753582809895        2.9593847315050454        6.7117983909124906E-002
         288           6  -1.0011791808913728        2.0791513215843862        6.7756321809550796E-002
         289           1  -6.9113016636498714E-002   2.9614677465273789        1.9322438907200126     
         290           2 -0.92970957104155116        2.9593800073304153        1.9328802758472836     
         291           3  -1.0011830086624081        2.0791416226464672        1.9322343414015235     
         292           4  -6.9107628116546138E-002   2.9614745115827761        1.0677672451360425     
         293           5 -0.92970753582809895        2.9593847315050454        1.0671179839091249     
         294           6  -1.0011791808913728        2.0791513215843862        1.0677563218095507     
         295           1  -6.9113016636498714E-002   2.9614677465273789        2.9322438907200126     
         296           2 -0.92970957104155116        2.9593800073304153        2.9328802758472836     
         297           3  -1.0011830086624081        2.0791416226464672        2.9322343414015233     
         298           4  -6.9107628116546138E-002   2.9614745115827761        2.0677672451360425     
         299           5 -0.92970753582809895        2.9593847315050454        2.0671179839091249     
         300           6  -1.0011791808913728        2.0791513215843862        2.0677563218095507     
         301           1  0.93088698336350129       -1.0385322534726211       -1.0677561092799874     
         302           2   7.0290428958448795E-002  -1.0406199926695847       -1.0671197241527164     
         303           3  -1.1830086624079999E-003  -1.9208583773535326       -1.0677656585984765     
         304           4  0.93089237188345386       -1.0385254884172239       -1.9322327548639575     
         305           5   7.0292464171901006E-002  -1.0406152684949546       -1.9328820160908751     
         306           6  -1.1791808913727000E-003  -1.9208486784156140       -1.9322436781904493     
         307           1  0.93088698336350129       -1.0385322534726211       -6.7756109279987431E-002
         308           2   7.0290428958448795E-002  -1.0406199926695847       -6.7119724152716276E-002
         309           3  -1.1830086624079999E-003  -1.9208583773535326       -6.7765658598476497E-002
         310           4  0.93089237188345386       -1.0385254884172239      -0.93223275486395751     
         311           5   7.0292464171901006E-002  -1.0406152684949546      -0.93288201609087507     
         312           6  -1.1791808913727000E-003  -1.9208486784156140      -0.93224367819044918     
         313           1  0.93088698336350129       -1.0385322534726211       0.93224389072001257     
         314           2   7.0290428958448795E-002  -1.0406199926695847       0.93288027584728372     
         315           3  -1.1830086624079999E-003  -1.9208583773535326       0.93223434140152350     
         316           4  0.93089237188345386       -1.0385254884172239        6.7767245136042500E-002
         317           5   7.0292464171901006E-002  -1.0406152684949546        6.7117983909124906E-002
         318           6  -1.1791808913727000E-003  -1.9208486784156140        6.7756321809550796E-002
         319           1  0.93088698336350129       -1.0385322534726211        1.9322438907200126     
         320           2   7.0290428958448795E-002  -1.0406199926695847        1.9328802758472836     
         321           3  -1.1830086624079999E-003  -1.9208583773535326        1.9322343414015235     
         322           4  0.93089237188345386       -1.0385254884172239        1.0677672451360425     
         323           5   7.0292464171901006E-002  -1.0406152684949546        1.0671179839091249     
         324           6  -1.1791808913727000E-003  -1.9208486784156140        1.0677563218095507     
         325           1  0.93088698336350129       -1.0385322534726211        2.9322438907200126     
         326           2   7.0290428958448795E-002  -1.0406199926695847        2.9328802758472836     
         327           3  -1.1830086624079999E-003  -1.9208583773535326        2.9322343414015233     
         328           4  0.93089237188345386       -1.0385254884172239        2.0677672451360425     
         329           5   7.0292464171901006E-002  -1.0406152684949546        2.0671179839091249     
         330           6  -1.1791808913727000E-003  -1.9208486784156140        2.0677563218095507     
         331           1  0.93088698336350129       -3.8532253472621014E-002  -1.0677561092799874     
         332           2   7.0290428958448795E-002  -4.0619992669584604E-002  -1.0671197241527164     
         333           3  -1.1830086624079999E-003 -0.92085837735353271       -1.0677656585984765     
         334           4  0.93089237188345386       -3.8525488417223808E-002  -1.9322327548639575     
         335           5   7.0292464171901006E-002  -4.0615268494954559E-002  -1.9328820160908751     
         336           6  -1.1791808913727000E-003 -0.92084867841561402       -1.9322436781904493     
         337           1  0.93088698336350129       -3.8532253472621014E-002  -6.7756109279987431E-002
         338           2   7.0290428958448795E-002  -4.0619992669584604E-002  -6.7119724152716276E-002
         339           3  -1.1830086624079999E-003 -0.92085837735353271       -6.7765658598476497E-002
         340           4  0.93089237188345386       -3.8525488417223808E-002 -0.93223275486395751     
         341           5   7.0292464171901006E-002  -4.0615268494954559E-002 -0.93288201609087507     
         342           6  -1.1791808913727000E-003 -0.92084867841561402      -0.93224367819044918     
         343           1  0.93088698336350129       -3.8532253472621014E-002  0.93224389072001257     
         344           2   7.0290428958448795E-002  -4.0619992669584604E-002  0.93288027584728372     
         345           3  -1.1830086624079999E-003 -0.92085837735353271       0.93223434140152350     
         346           4  0.93089237188345386       -3.8525488417223808E-002   6.7767245136042500E-002
         347           5   7.0292464171901006E-002  -4.0615268494954559E-002   6.7117983909124906E-002
         348           6  -1.1791808913727000E-003 -0.92084867841561402        6.7756321809550796E-002
         349           1  0.93088698336350129       -3.8532253472621014E-002   1.9322438907200126     
         350           2   7.0290428958448795E-002  -4.0619992669584604E-002   1.9328802758472836     
         351           3  -1.1830086624079999E-003 -0.92085837735353271        1.9322343414015235     
         352           4  0.93089237188345386       -3.8525488417223808E-002   1.0677672451360425     
         353           5   7.0292464171901006E-002  -4.0615268494954559E-002   1.0671179839091249     
         354           6  -1.1791808913727000E-003 -0.92084867841561402        1.0677563218095507     
         355           1  0.93088698336350129       -3.8532253472621014E-002   2.9322438907200126     
         356           2   7.0290428958448795E-002  -4.0619992669584604E-002   2.9328802758472836     
         357           3  -1.1830086624079999E-003 -0.92085837735353271        2.9322343414015233     
         358           4  0.93089237188345386       -3.8525488417223808E-002   2.0677672451360425     
         359           5   7.0292464171901006E-002  -4.0615268494954559E-002   2.0671179839091249     
         360           6  -1.1791808913727000E-003 -0.92084867841561402        2.0677563218095507     
         361           1  0.93088698336350129       0.96146774652737899       -1.0677561092799874     
         362           2   7.0290428958448795E-002  0.95938000733041540       -1.0671197241527164     
         363           3  -1.1830086624079999E-003   7.9141622646467305E-002  -1.0677656585984765     
         364           4  0.93089237188345386       0.96147451158277619       -1.9322327548639575     
         365           5   7.0292464171901006E-002  0.95938473150504544       -1.9328820160908751     
         366           6  -1.1791808913727000E-003   7.9151321584385995E-002  -1.9322436781904493     
         367           1  0.93088698336350129       0.96146774652737899       -6.7756109279987431E-002
         368           2   7.0290428958448795E-002  0.95938000733041540       -6.7119724152716276E-002
         369           3  -1.1830086624079999E-003   7.9141622646467305E-002  -6.7765658598476497E-002
         370           4  0.93089237188345386       0.96147451158277619      -0.93223275486395751     
         371           5   7.0292464171901006E-002  0.95938473150504544      -0.93288201609087507     
         372           6  -1.1791808913727000E-003   7.9151321584385995E-002 -0.93224367819044918     
         373           1  0.93088698336350129       0.96146774652737899       0.93224389072001257     
         374           2   7.0290428958448795E-002  0.95938000733041540       0.93288027584728372     
         375           3  -1.1830086624079999E-003   7.9141622646467305E-002  0.93223434140152350     
         376           4  0.93089237188345386       0.96147451158277619        6.7767245136042500E-002
         377           5   7.0292464171901006E-002  0.95938473150504544        6.7117983909124906E-002
         378           6  -1.1791808913727000E-003   7.9151321584385995E-002   6.7756321809550796E-002
         379           1  0.93088698336350129       0.96146774652737899        1.9322438907200126     
         380           2   7.0290428958448795E-002  0.95938000733041540        1.9328802758472836     
         381           3  -1.1830086624079999E-003   7.9141622646467305E-002   1.9322343414015235     
         382           4  0.93089237188345386       0.96147451158277619        1.0677672451360425     
         383           5   7.0292464171901006E-002  0.95938473150504544        1.0671179839091249     
         384           6  -1.1791808913727000E-003   7.9151321584385995E-002   1.0677563218095507     
         385           1  0.93088698336350129       0.96146774652737899        2.9322438907200126     
         386           2   7.0290428958448795E-002  0.95938000733041540        2.9328802758472836     
         387           3  -1.1830086624079999E-003   7.9141622646467305E-002   2.9322343414015233     
         388           4  0.93089237188345386       0.96147451158277619        2.0677672451360425     
         389           5   7.0292464171901006E-002  0.95938473150504544        2.0671179839091249     
         390           6  -1.1791808913727000E-003   7.9151321584385995E-002   2.0677563218095507     
         391           1  0.93088698336350129        1.9614677465273789       -1.0677561092799874     
         392           2   7.0290428958448795E-002   1.9593800073304153       -1.0671197241527164     
         393           3  -1.1830086624079999E-003   1.0791416226464674       -1.0677656585984765     
         394           4  0.93089237188345386        1.9614745115827761       -1.9322327548639575     
         395           5   7.0292464171901006E-002   1.9593847315050454       -1.9328820160908751     
         396           6  -1.1791808913727000E-003   1.0791513215843860       -1.9322436781904493     
         397           1  0.93088698336350129        1.9614677465273789       -6.7756109279987431E-002
         398           2   7.0290428958448795E-002   1.9593800073304153       -6.7119724152716276E-002
         399           3  -1.1830086624079999E-003   1.0791416226464674       -6.7765658598476497E-002
         400           4  0.93089237188345386        1.9614745115827761      -0.93223275486395751     
         401           5   7.0292464171901006E-002   1.9593847315050454      -0.93288201609087507     
         402           6  -1.1791808913727000E-003   1.0791513215843860      -0.93224367819044918     
         403           1  0.93088698336350129        1.9614677465273789       0.93224389072001257     
         404           2   7.0290428958448795E-002   1.9593800073304153       0.93288027584728372     
         405           3  -1.1830086624079999E-003   1.0791416226464674       0.93223434140152350     
         406           4  0.93089237188345386        1.9614745115827761        6.7767245136042500E-002
         407           5   7.0292464171901006E-002   1.9593847315050454        6.7117983909124906E-002
         408           6  -1.1791808913727000E-003   1.0791513215843860        6.7756321809550796E-002
         409           1  0.93088698336350129        1.9614677465273789        1.9322438907200126     
         410           2   7.0290428958448795E-002   1.9593800073304153        1.9328802758472836     
         411           3  -1.1830086624079999E-003   1.0791416226464674        1.9322343414015235     
         412           4  0.93089237188345386        1.9614745115827761        1.0677672451360425     
         413           5   7.0292464171901006E-002   1.9593847315050454        1.0671179839091249     
         414           6  -1.1791808913727000E-003   1.0791513215843860        1.0677563218095507     
         415           1  0.93088698336350129        1.9614677465273789        2.9322438907200126     
         416           2   7.0290428958448795E-002   1.9593800073304153        2.9328802758472836     
         417           3  -1.1830086624079999E-003   1.0791416226464674        2.9322343414015233     
         418           4  0.93089237188345386        1.9614745115827761        2.0677672451360425     
         419           5   7.0292464171901006E-002   1.9593847315050454        2.0671179839091249     
         420           6  -1.1791808913727000E-003   1.0791513215843860        2.0677563218095507     
         421           1  0.93088698336350129        2.9614677465273789       -1.0677561092799874     
         422           2   7.0290428958448795E-002   2.9593800073304153       -1.0671197241527164     
         423           3  -1.1830086624079999E-003   2.0791416226464672       -1.0677656585984765     
         424           4  0.93089237188345386        2.9614745115827761       -1.9322327548639575     
         425           5   7.0292464171901006E-002   2.9593847315050454       -1.9328820160908751     
         426           6  -1.1791808913727000E-003   2.0791513215843862       -1.9322436781904493     
         427           1  0.93088698336350129        2.9614677465273789       -6.7756109279987431E-002
         428           2   7.0290428958448795E-002   2.9593800073304153       -6.7119724152716276E-002
         429           3  -1.1830086624079999E-003   2.0791416226464672       -6.7765658598476497E-002
         430           4  0.93089237188345386        2.9614745115827761      -0.93223275486395751     
         431           5   7.0292464171901006E-002   2.9593847315050454      -0.93288201609087507     
         432           6  -1.1791808913727000E-003   2.0791513215843862      -0.93224367819044918     
         433           1  0.93088698336350129        2.9614677465273789       0.93224389072001257     
         434           2   7.0290428958448795E-002   2.9593800073304153       0.93288027584728372     
         435           3  -1.1830086624079999E-003   2.0791416226464672       0.93223434140152350     
         436           4  0.93089237188345386        2.9614745115827761        6.7767245136042500E-002
         437           5   7.0292464171901006E-002   2.9593847315050454        6.7117983909124906E-002
         438           6  -1.1791808913727000E-003   2.0791513215843862        6.7756321809550796E-002
         439           1  0.93088698336350129        2.9614677465273789        1.9322438907200126     
         440           2   7.0290428958448795E-002   2.9593800073304153        1.9328802758472836     
         441           3  -1.1830086624079999E-003   2.0791416226464672        1.9322343414015235     
         442           4  0.93089237188345386        2.9614745115827761        1.0677672451360425     
         443           5   7.0292464171901006E-002   2.9593847315050454        1.0671179839091249     
         444           6  -1.1791808913727000E-003   2.0791513215843862        1.0677563218095507     
         445           1  0.93088698336350129        2.9614677465273789        2.9322438907200126     
         446           2   7.0290428958448795E-002   2.9593800073304153        2.9328802758472836     
         447           3  -1.1830086624079999E-003   2.0791416226464672        2.9322343414015233     
         448           4  0.93089237188345386        2.9614745115827761        2.0677672451360425     
         449           5   7.0292464171901006E-002   2.9593847315050454        2.0671179839091249     
         450           6  -1.1791808913727000E-003   2.0791513215843862        2.0677563218095507     
         451           1   1.9308869833635014       -1.0385322534726211       -1.0677561092799874     
         452           2   1.0702904289584487       -1.0406199926695847       -1.0671197241527164     
         453           3  0.99881699133759205       -1.9208583773535326       -1.0677656585984765     
         454           4   1.9308923718834539       -1.0385254884172239       -1.9322327548639575     
         455           5   1.0702924641719009       -1.0406152684949546       -1.9328820160908751     
         456           6  0.99882081910862730       -1.9208486784156140       -1.9322436781904493     
         457           1   1.9308869833635014       -1.0385322534726211       -6.7756109279987431E-002
         458           2   1.0702904289584487       -1.0406199926695847       -6.7119724152716276E-002
         459           3  0.99881699133759205       -1.9208583773535326       -6.7765658598476497E-002
         460           4   1.9308923718834539       -1.0385254884172239      -0.93223275486395751     
         461           5   1.0702924641719009       -1.0406152684949546      -0.93288201609087507     
         462           6  0.99882081910862730       -1.9208486784156140      -0.93224367819044918     
         463           1   1.9308869833635014       -1.0385322534726211       0.93224389072001257     
         464           2   1.0702904289584487       -1.0406199926695847       0.93288027584728372     
         465           3  0.99881699133759205       -1.9208583773535326       0.93223434140152350     
         466           4   1.9308923718834539       -1.0385254884172239        6.7767245136042500E-002
         467           5   1.0702924641719009       -1.0406152684949546        6.7117983909124906E-002
         468           6  0.99882081910862730       -1.9208486784156140        6.7756321809550796E-002
         469           1   1.9308869833635014       -1.0385322534726211        1.9322438907200126     
         470           2   1.0702904289584487       -1.0406199926695847        1.9328802758472836     
         471           3  0.99881699133759205       -1.9208583773535326        1.9322343414015235     
         472           4   1.9308923718834539       -1.0385254884172239        1.0677672451360425     
         473           5   1.0702924641719009       -1.0406152684949546        1.0671179839091249     
         474           6  0.99882081910862730       -1.9208486784156140        1.0677563218095507     
         475           1   1.9308869833635014       -1.0385322534726211        2.9322438907200126     
         476           2   1.0702904289584487       -1.0406199926695847        2.9328802758472836     
         477           3  0.99881699133759205       -1.9208583773535326        2.9322343414015233     
         478           4   1.9308923718834539       -1.0385254884172239        2.0677672451360425     
         479           5   1.0702924641719009       -1.0406152684949546        2.0671179839091249     
         480           6  0.99882081910862730       -1.9208486784156140        2.0677563218095507     
         481           1   1.9308869833635014       -3.8532253472621014E-002  -1.0677561092799874     
         482           2   1.0702904289584487       -4.0619992669584604E-002  -1.0671197241527164     
         483           3  0.99881699133759205      -0.92085837735353271       -1.0677656585984765     
         484           4   1.9308923718834539       -3.8525488417223808E-002  -1.9322327548639575     
         485           5   1.0702924641719009       -4.0615268494954559E-002  -1.9328820160908751     
         486           6  0.99882081910862730      -0.92084867841561402       -1.9322436781904493     
         487           1   1.9308869833635014       -3.8532253472621014E-002  -6.7756109279987431E-002
         488           2   1.0702904289584487       -4.0619992669584604E-002  -6.7119724152716276E-002
         489           3  0.99881699133759205      -0.92085837735353271       -6.7765658598476497E-002
         490           4   1.9308923718834539       -3.8525488417223808E-002 -0.93223275486395751     
         491           5   1.0702924641719009       -4.0615268494954559E-002 -0.93288201609087507     
         492           6  0.99882081910862730      -0.92084867841561402      -0.93224367819044918     
         493           1   1.9308869833635014       -3.8532253472621014E-002  0.93224389072001257     
         494           2   1.0702904289584487       -4.0619992669584604E-002  0.93288027584728372     
         495           3  0.99881699133759205      -0.92085837735353271       0.93223434140152350     
         496           4   1.9308923718834539       -3.8525488417223808E-002   6.7767245136042500E-002
         497           5   1.0702924641719009       -4.0615268494954559E-002   6.7117983909124906E-002
         498           6  0.99882081910862730      -0.92084867841561402        6.7756321809550796E-002
         499           1   1.9308869833635014       -3.8532253472621014E-002   1.9322438907200126     
         500           2   1.0702904289584487       -4.0619992669584604E-002   1.9328802758472836     
         501           3  0.99881699133759205      -0.92085837735353271        1.9322343414015235     
         502           4   1.9308923718834539       -3.8525488417223808E-002   1.0677672451360425     
         503           5   1.0702924641719009       -4.0615268494954559E-002   1.0671179839091249     
         504           6  0.99882081910862730      -0.92084867841561402        1.0677563218095507     
         505           1   1.9308869833635014       -3.8532253472621014E-002   2.9322438907200126     
         506           2   1.0702904289584487       -4.0619992669584604E-002   2.9328802758472836     
         507           3  0.99881699133759205      -0.92085837735353271        2.9322343414015233     
         508           4   1.9308923718834539       -3.8525488417223808E-002   2.0677672451360425     
         509           5   1.0702924641719009       -4.0615268494954559E-002   2.0671179839091249     
         510           6  0.99882081910862730      -0.92084867841561402        2.0677563218095507     
         511           1   1.9308869833635014       0.96146774652737899       -1.0677561092799874     
         512           2   1.0702904289584487       0.95938000733041540       -1.0671197241527164     
         513           3  0.99881699133759205        7.9141622646467305E-002  -1.0677656585984765     
         514           4   1.9308923718834539       0.96147451158277619       -1.9322327548639575     
         515           5   1.0702924641719009       0.95938473150504544       -1.9328820160908751     
         516           6  0.99882081910862730        7.9151321584385995E-002  -1.9322436781904493     
         517           1   1.9308869833635014       0.96146774652737899       -6.7756109279987431E-002
         518           2   1.0702904289584487       0.95938000733041540       -6.7119724152716276E-002
         519           3  0.99881699133759205        7.9141622646467305E-002  -6.7765658598476497E-002
         520           4   1.9308923718834539       0.96147451158277619      -0.93223275486395751     
         521           5   1.0702924641719009       0.95938473150504544      -0.93288201609087507     
         522           6  0.99882081910862730        7.9151321584385995E-002 -0.93224367819044918     
         523           1   1.9308869833635014       0.96146774652737899       0.93224389072001257     
         524           2   1.0702904289584487       0.95938000733041540       0.93288027584728372     
         525           3  0.99881699133759205        7.9141622646467305E-002  0.93223434140152350     
         526           4   1.9308923718834539       0.96147451158277619        6.7767245136042500E-002
         527           5   1.0702924641719009       0.95938473150504544        6.7117983909124906E-002
         528           6  0.99882081910862730        7.9151321584385995E-002   6.7756321809550796E-002
         529           1   1.9308869833635014       0.96146774652737899        1.9322438907200126     
         530           2   1.0702904289584487       0.95938000733041540        1.9328802758472836     
         531           3  0.99881699133759205        7.9141622646467305E-002   1.9322343414015235     
         532           4   1.9308923718834539       0.96147451158277619        1.0677672451360425     
         533           5   1.0702924641719009       0.95938473150504544        1.0671179839091249     
         534           6  0.99882081910862730        7.9151321584385995E-002   1.0677563218095507     
         535           1   1.9308869833635014       0.96146774652737899        2.9322438907200126     
         536           2   1.0702904289584487       0.95938000733041540        2.9328802758472836     
         537           3  0.99881699133759205        7.9141622646467305E-002   2.9322343414015233     
         538           4   1.9308923718834539       0.96147451158277619        2.0677672451360425     
         539           5   1.0702924641719009       0.95938473150504544        2.0671179839091249     
         540           6  0.99882081910862730        7.9151321584385995E-002   2.0677563218095507     
         541           1   1.9308869833635014        1.9614677465273789       -1.0677561092799874     
         542           2   1.0702904289584487        1.9593800073304153       -1.0671197241527164     
         543           3  0.99881699133759205        1.0791416226464674       -1.0677656585984765     
         544           4   1.9308923718834539        1.9614745115827761       -1.9322327548639575     
         545           5   1.0702924641719009        1.9593847315050454       -1.9328820160908751     
         546           6  0.99882081910862730        1.0791513215843860       -1.9322436781904493     
         547           1   1.9308869833635014        1.9614677465273789       -6.7756109279987431E-002
         548           2   1.0702904289584487        1.9593800073304153       -6.7119724152716276E-002
         549           3  0.99881699133759205        1.0791416226464674       -6.7765658598476497E-002
         550           4   1.9308923718834539        1.9614745115827761      -0.93223275486395751     
         551           5   1.0702924641719009        1.9593847315050454      -0.93288201609087507     
         552           6  0.99882081910862730        1.0791513215843860      -0.93224367819044918     
         553           1   1.9308869833635014        1.9614677465273789       0.93224389072001257     
         554           2   1.0702904289584487        1.9593800073304153       0.93288027584728372     
         555           3  0.99881699133759205        1.0791416226464674       0.93223434140152350     
         556           4   1.9308923718834539        1.9614745115827761        6.7767245136042500E-002
         557           5   1.0702924641719009        1.9593847315050454        6.7117983909124906E-002
         558           6  0.99882081910862730        1.0791513215843860        6.7756321809550796E-002
         559           1   1.9308869833635014        1.9614677465273789        1.9322438907200126     
         560           2   1.0702904289584487        1.9593800073304153        1.9328802758472836     
         561           3  0.99881699133759205        1.0791416226464674        1.9322343414015235     
         562           4   1.9308923718834539        1.9614745115827761        1.0677672451360425     
         563           5   1.0702924641719009        1.9593847315050454        1.0671179839091249     
         564           6  0.99882081910862730        1.0791513215843860        1.0677563218095507     
         565           1   1.9308869833635014        1.9614677465273789        2.9322438907200126     
         566           2   1.0702904289584487        1.9593800073304153        2.9328802758472836     
         567           3  0.99881699133759205        1.0791416226464674        2.9322343414015233     
         568           4   1.9308923718834539        1.9614745115827761        2.0677672451360425     
         569           5   1.0702924641719009        1.9593847315050454        2.0671179839091249     
         570           6  0.99882081910862730        1.0791513215843860        2.0677563218095507     
         571           1   1.9308869833635014        2.9614677465273789       -1.0677561092799874     
         572           2   1.0702904289584487        2.9593800073304153       -1.0671197241527164     
         573           3  0.99881699133759205        2.0791416226464672       -1.0677656585984765     
         574           4   1.9308923718834539        2.9614745115827761       -1.9322327548639575     
         575           5   1.0702924641719009        2.9593847315050454       -1.9328820160908751     
         576           6  0.99882081910862730        2.0791513215843862       -1.9322436781904493     
         577           1   1.9308869833635014        2.9614677465273789       -6.7756109279987431E-002
         578           2   1.0702904289584487        2.9593800073304153       -6.7119724152716276E-002
         579           3  0.99881699133759205        2.0791416226464672       -6.7765658598476497E-002
         580           4   1.9308923718834539        2.9614745115827761      -0.93223275486395751     
         581           5   1.0702924641719009        2.9593847315050454      -0.93288201609087507     
         582           6  0.99882081910862730        2.0791513215843862      -0.93224367819044918     
         583           1   1.9308869833635014        2.9614677465273789       0.93224389072001257     
         584           2   1.0702904289584487        2.9593800073304153       0.93288027584728372     
         585           3  0.99881699133759205        2.0791416226464672       0.93223434140152350     
         586           4   1.9308923718834539        2.9614745115827761        6.7767245136042500E-002
         587           5   1.0702924641719009        2.9593847315050454        6.7117983909124906E-002
         588           6  0.99882081910862730        2.0791513215843862        6.7756321809550796E-002
         589           1   1.9308869833635014        2.9614677465273789        1.9322438907200126     
         590           2   1.0702904289584487        2.9593800073304153        1.9328802758472836     
         591           3  0.99881699133759205        2.0791416226464672        1.9322343414015235     
         592           4   1.9308923718834539        2.9614745115827761        1.0677672451360425     
         593           5   1.0702924641719009        2.9593847315050454        1.0671179839091249     
         594           6  0.99882081910862730        2.0791513215843862        1.0677563218095507     
         595           1   1.9308869833635014        2.9614677465273789        2.9322438907200126     
         596           2   1.0702904289584487        2.9593800073304153        2.9328802758472836     
         597           3  0.99881699133759205        2.0791416226464672        2.9322343414015233     
         598           4   1.9308923718834539        2.9614745115827761        2.0677672451360425     
         599           5   1.0702924641719009        2.9593847315050454        2.0671179839091249     
         600           6  0.99882081910862730        2.0791513215843862        2.0677563218095507     
         601           1   2.9308869833635014       -1.0385322534726211       -1.0677561092799874     
         602           2   2.0702904289584487       -1.0406199926695847       -1.0671197241527164     
         603           3   1.9988169913375919       -1.9208583773535326       -1.0677656585984765     
         604           4   2.9308923718834539       -1.0385254884172239       -1.9322327548639575     
         605           5   2.0702924641719012       -1.0406152684949546       -1.9328820160908751     
         606           6   1.9988208191086272       -1.9208486784156140       -1.9322436781904493     
         607           1   2.9308869833635014       -1.0385322534726211       -6.7756109279987431E-002
         608           2   2.0702904289584487       -1.0406199926695847       -6.7119724152716276E-002
         609           3   1.9988169913375919       -1.9208583773535326       -6.7765658598476497E-002
         610           4   2.9308923718834539       -1.0385254884172239      -0.93223275486395751     
         611           5   2.0702924641719012       -1.0406152684949546      -0.93288201609087507     
         612           6   1.9988208191086272       -1.9208486784156140      -0.93224367819044918     
         613           1   2.9308869833635014       -1.0385322534726211       0.93224389072001257     
         614           2   2.0702904289584487       -1.0406199926695847       0.93288027584728372     
         615           3   1.9988169913375919       -1.9208583773535326       0.93223434140152350     
         616           4   2.9308923718834539       -1.0385254884172239        6.7767245136042500E-002
         617           5   2.0702924641719012       -1.0406152684949546        6.7117983909124906E-002
         618           6   1.9988208191086272       -1.9208486784156140        6.7756321809550796E-002
         619           1   2.9308869833635014       -1.0385322534726211        1.9322438907200126     
         620           2   2.0702904289584487       -1.0406199926695847        1.9328802758472836     
         621           3   1.9988169913375919       -1.9208583773535326        1.9322343414015235     
         622           4   2.9308923718834539       -1.0385254884172239        1.0677672451360425     
         623           5   2.0702924641719012       -1.0406152684949546        1.0671179839091249     
         624           6   1.9988208191086272       -1.9208486784156140        1.0677563218095507     
         625           1   2.9308869833635014       -1.0385322534726211        2.9322438907200126     
         626           2   2.0702904289584487       -1.0406199926695847        2.9328802758472836     
         627           3   1.9988169913375919       -1.9208583773535326        2.9322343414015233     
         628           4   2.9308923718834539       -1.0385254884172239        2.0677672451360425     
         629           5   2.0702924641719012       -1.0406152684949546        2.0671179839091249     
         630           6   1.9988208191086272       -1.9208486784156140        2.0677563218095507     
         631           1   2.9308869833635014       -3.8532253472621014E-002  -1.0677561092799874     
         632           2   2.0702904289584487       -4.0619992669584604E-002  -1.0671197241527164     
         633           3   1.9988169913375919      -0.92085837735353271       -1.0677656585984765     
         634           4   2.9308923718834539       -3.8525488417223808E-002  -1.9322327548639575     
         635           5   2.0702924641719012       -4.0615268494954559E-002  -1.9328820160908751     
         636           6   1.9988208191086272      -0.92084867841561402       -1.9322436781904493     
         637           1   2.9308869833635014       -3.8532253472621014E-002  -6.7756109279987431E-002
         638           2   2.0702904289584487       -4.0619992669584604E-002  -6.7119724152716276E-002
         639           3   1.9988169913375919      -0.92085837735353271       -6.7765658598476497E-002
         640           4   2.9308923718834539       -3.8525488417223808E-002 -0.93223275486395751     
         641           5   2.0702924641719012       -4.0615268494954559E-002 -0.93288201609087507     
         642           6   1.9988208191086272      -0.92084867841561402      -0.93224367819044918     
         643           1   2.9308869833635014       -3.8532253472621014E-002  0.93224389072001257     
         644           2   2.0702904289584487       -4.0619992669584604E-002  0.93288027584728372     
         645           3   1.9988169913375919      -0.92085837735353271       0.93223434140152350     
         646           4   2.9308923718834539       -3.8525488417223808E-002   6.7767245136042500E-002
         647           5   2.0702924641719012       -4.0615268494954559E-002   6.7117983909124906E-002
         648           6   1.9988208191086272      -0.92084867841561402        6.7756321809550796E-002
         649           1   2.9308869833635014       -3.8532253472621014E-002   1.9322438907200126     
         650           2   2.0702904289584487       -4.0619992669584604E-002   1.9328802758472836     
         651           3   1.9988169913375919      -0.92085837735353271        1.9322343414015235     
         652           4   2.9308923718834539       -3.8525488417223808E-002   1.0677672451360425     
         653           5   2.0702924641719012       -4.0615268494954559E-002   1.0671179839091249     
         654           6   1.9988208191086272      -0.92084867841561402        1.0677563218095507     
         655           1   2.9308869833635014       -3.8532253472621014E-002   2.9322438907200126     
         656           2   2.0702904289584487       -4.0619992669584604E-002   2.9328802758472836     
         657           3   1.9988169913375919      -0.92085837735353271        2.9322343414015233     
         658           4   2.9308923718834539       -3.8525488417223808E-002   2.0677672451360425     
         659           5   2.0702924641719012       -4.0615268494954559E-002   2.0671179839091249     
         660           6   1.9988208191086272      -0.92084867841561402        2.0677563218095507     
         661           1   2.9308869833635014       0.96146774652737899       -1.0677561092799874     
         662           2   2.0702904289584487       0.95938000733041540       -1.0671197241527164     
         663           3   1.9988169913375919        7.9141622646467305E-002  -1.0677656585984765     
         664           4   2.9308923718834539       0.96147451158277619       -1.9322327548639575     
         665           5   2.0702924641719012       0.95938473150504544       -1.9328820160908751     
         666           6   1.9988208191086272        7.9151321584385995E-002  -1.9322436781904493     
         667           1   2.9308869833635014       0.96146774652737899       -6.7756109279987431E-002
         668           2   2.0702904289584487       0.95938000733041540       -6.7119724152716276E-002
         669           3   1.9988169913375919        7.9141622646467305E-002  -6.7765658598476497E-002
         670           4   2.9308923718834539       0.96147451158277619      -0.93223275486395751     
         671           5   2.0702924641719012       0.95938473150504544      -0.93288201609087507     
         672           6   1.9988208191086272        7.9151321584385995E-002 -0.93224367819044918     
         673           1   2.9308869833635014       0.96146774652737899       0.93224389072001257     
         674           2   2.0702904289584487       0.95938000733041540       0.93288027584728372     
         675           3   1.9988169913375919        7.9141622646467305E-002  0.93223434140152350     
         676           4   2.9308923718834539       0.96147451158277619        6.7767245136042500E-002
         677           5   2.0702924641719012       0.95938473150504544        6.7117983909124906E-002
         678           6   1.9988208191086272        7.9151321584385995E-002   6.7756321809550796E-002
         679           1   2.9308869833635014       0.96146774652737899        1.9322438907200126     
         680           2   2.0702904289584487       0.95938000733041540        1.9328802758472836     
         681           3   1.9988169913375919        7.9141622646467305E-002   1.9322343414015235     
         682           4   2.9308923718834539       0.96147451158277619        1.0677672451360425     
         683           5   2.0702924641719012       0.95938473150504544        1.0671179839091249     
         684           6   1.9988208191086272        7.9151321584385995E-002   1.0677563218095507     
         685           1   2.9308869833635014       0.96146774652737899        2.9322438907200126     
         686           2   2.0702904289584487       0.95938000733041540        2.9328802758472836     
         687           3   1.9988169913375919        7.9141622646467305E-002   2.9322343414015233     
         688           4   2.9308923718834539       0.96147451158277619        2.0677672451360425     
         689           5   2.0702924641719012       0.95938473150504544        2.0671179839091249     
         690           6   1.9988208191086272        7.9151321584385995E-002   2.0677563218095507     
         691           1   2.9308869833635014        1.9614677465273789       -1.0677561092799874     
         692           2   2.0702904289584487        1.9593800073304153       -1.0671197241527164     
         693           3   1.9988169913375919        1.0791416226464674       -1.0677656585984765     
         694           4   2.9308923718834539        1.9614745115827761       -1.9322327548639575     
         695           5   2.0702924641719012        1.9593847315050454       -1.9328820160908751     
         696           6   1.9988208191086272        1.0791513215843860       -1.9322436781904493     
         697           1   2.9308869833635014        1.9614677465273789       -6.7756109279987431E-002
         698           2   2.0702904289584487        1.9593800073304153       -6.7119724152716276E-002
         699           3   1.9988169913375919        1.0791416226464674       -6.7765658598476497E-002
         700           4   2.9308923718834539        1.9614745115827761      -0.93223275486395751     
         701           5   2.0702924641719012        1.9593847315050454      -0.93288201609087507     
         702           6   1.9988208191086272        1.0791513215843860      -0.93224367819044918     
         703           1   2.9308869833635014        1.9614677465273789       0.93224389072001257     
         704           2   2.0702904289584487        1.9593800073304153       0.93288027584728372     
         705           3   1.9988169913375919        1.0791416226464674       0.93223434140152350     
         706           4   2.9308923718834539        1.9614745115827761        6.7767245136042500E-002
         707           5   2.0702924641719012        1.9593847315050454        6.7117983909124906E-002
         708           6   1.9988208191086272        1.0791513215843860        6.7756321809550796E-002
         709           1   2.9308869833635014        1.9614677465273789        1.9322438907200126     
         710           2   2.0702904289584487        1.9593800073304153        1.9328802758472836     
         711           3   1.9988169913375919        1.0791416226464674        1.9322343414015235     
         712           4   2.9308923718834539        1.9614745115827761        1.0677672451360425     
         713           5   2.0702924641719012        1.9593847315050454        1.0671179839091249     
         714           6   1.9988208191086272        1.0791513215843860        1.0677563218095507     
         715           1   2.9308869833635014        1.9614677465273789        2.9322438907200126     
         716           2   2.0702904289584487        1.9593800073304153        2.9328802758472836     
         717           3   1.9988169913375919        1.0791416226464674        2.9322343414015233     
         718           4   2.9308923718834539        1.9614745115827761        2.0677672451360425     
         719           5   2.0702924641719012        1.9593847315050454        2.0671179839091249     
         720           6   1.9988208191086272        1.0791513215843860        2.0677563218095507     
         721           1   2.9308869833635014        2.9614677465273789       -1.0677561092799874     
         722           2   2.0702904289584487        2.9593800073304153       -1.0671197241527164     
         723           3   1.9988169913375919        2.0791416226464672       -1.0677656585984765     
         724           4   2.9308923718834539        2.9614745115827761       -1.9322327548639575     
         725           5   2.0702924641719012        2.9593847315050454       -1.9328820160908751     
         726           6   1.9988208191086272        2.0791513215843862       -1.9322436781904493     
         727           1   2.9308869833635014        2.9614677465273789       -6.7756109279987431E-002
         728           2   2.0702904289584487        2.9593800073304153       -6.7119724152716276E-002
         729           3   1.9988169913375919        2.0791416226464672       -6.7765658598476497E-002
         730           4   2.9308923718834539        2.9614745115827761      -0.93223275486395751     
         731           5   2.0702924641719012        2.9593847315050454      -0.93288201609087507     
         732           6   1.9988208191086272        2.0791513215843862      -0.93224367819044918     
         733           1   2.9308869833635014        2.9614677465273789       0.93224389072001257     
         734           2   2.0702904289584487        2.9593800073304153       0.93288027584728372     
         735           3   1.9988169913375919        2.0791416226464672       0.93223434140152350     
         736           4   2.9308923718834539        2.9614745115827761        6.7767245136042500E-002
         737           5   2.0702924641719012        2.9593847315050454        6.7117983909124906E-002
         738           6   1.9988208191086272        2.0791513215843862        6.7756321809550796E-002
         739           1   2.9308869833635014        2.9614677465273789        1.9322438907200126     
         740           2   2.0702904289584487        2.9593800073304153        1.9328802758472836     
         741           3   1.9988169913375919        2.0791416226464672        1.9322343414015235     
         742           4   2.9308923718834539        2.9614745115827761        1.0677672451360425     
         743           5   2.0702924641719012        2.9593847315050454        1.0671179839091249     
         744           6   1.9988208191086272        2.0791513215843862        1.0677563218095507     
         745           1   2.9308869833635014        2.9614677465273789        2.9322438907200126     
         746           2   2.0702904289584487        2.9593800073304153        2.9328802758472836     
         747           3   1.9988169913375919        2.0791416226464672        2.9322343414015233     
         748           4   2.9308923718834539        2.9614745115827761        2.0677672451360425     
         749           5   2.0702924641719012        2.9593847315050454        2.0671179839091249     
         750           6   1.9988208191086272        2.0791513215843862        2.0677563218095507     
         750
   15.825078717179522        16.344951690965441        15.848146142240214     
   1.1949372922936294        16.309460124617061        15.858964689403823     
  -2.0111147260935998E-002   1.3454075849899443        15.847983803825899     
   15.825170322018716        16.345066696907196        1.1520431673127225     
   1.1949718909223170        16.309540435585774        1.1410057264551234     
  -2.0046075153335900E-002   1.3455724669345619        1.1518574707623634     
  -18.174921282820478       -17.655048309034559       -18.151853857759786     
  -32.805062707706369       -17.690539875382939       -18.141035310596180     
  -34.020111147260934       -32.654592415010057       -18.152016196174099     
  -18.174829677981286       -17.654933303092808       -32.847956832687281     
  -32.805028109077682       -17.690459564414226       -32.858994273544873     
  -34.020046075153331       -32.654427533065437       -32.848142529237634     
  -18.174921282820478       -17.655048309034559       -1.1518538577597863     
  -32.805062707706369       -17.690539875382939       -1.1410353105961768     
  -34.020111147260934       -32.654592415010057       -1.1520161961741004     
  -18.174829677981286       -17.654933303092808       -15.847956832687277     
  -32.805028109077682       -17.690459564414226       -15.858994273544877     
  -34.020046075153331       -32.654427533065437       -15.848142529237636     
  -18.174921282820478       -17.655048309034559        15.848146142240214     
  -32.805062707706369       -17.690539875382939        15.858964689403823     
  -34.020111147260934       -32.654592415010057        15.847983803825899     
  -18.174829677981286       -17.654933303092808        1.1520431673127225     
  -32.805028109077682       -17.690459564414226        1.1410057264551234     
  -34.020046075153331       -32.654427533065437        1.1518574707623634     
  -18.174921282820478       -17.655048309034559        32.848146142240211     
  -32.805062707706369       -17.690539875382939        32.858964689403820     
  -34.020111147260934       -32.654592415010057        32.847983803825898     
  -18.174829677981286       -17.654933303092808        18.152043167312723     
  -32.805028109077682       -17.690459564414226        18.141005726455123     
  -34.020046075153331       -32.654427533065437        18.151857470762362     
  -18.174921282820478       -17.655048309034559        49.848146142240211     
  -32.805062707706369       -17.690539875382939        49.858964689403820     
  -34.020111147260934       -32.654592415010057        49.847983803825898     
  -18.174829677981286       -17.654933303092808        35.152043167312719     
  -32.805028109077682       -17.690459564414226        35.141005726455127     
  -34.020046075153331       -32.654427533065437        35.151857470762366     
  -18.174921282820478      -0.65504830903455724       -18.151853857759786     
  -32.805062707706369      -0.69053987538293826       -18.141035310596180     
  -34.020111147260934       -15.654592415010056       -18.152016196174099     
  -18.174829677981286      -0.65493330309280473       -32.847956832687281     
  -32.805028109077682      -0.69045956441422751       -32.858994273544873     
  -34.020046075153331       -15.654427533065439       -32.848142529237634     
  -18.174921282820478      -0.65504830903455724       -1.1518538577597863     
  -32.805062707706369      -0.69053987538293826       -1.1410353105961768     
  -34.020111147260934       -15.654592415010056       -1.1520161961741004     
  -18.174829677981286      -0.65493330309280473       -15.847956832687277     
  -32.805028109077682      -0.69045956441422751       -15.858994273544877     
  -34.020046075153331       -15.654427533065439       -15.848142529237636     
  -18.174921282820478      -0.65504830903455724        15.848146142240214     
  -32.805062707706369      -0.69053987538293826        15.858964689403823     
  -34.020111147260934       -15.654592415010056        15.847983803825899     
  -18.174829677981286      -0.65493330309280473        1.1520431673127225     
  -32.805028109077682      -0.69045956441422751        1.1410057264551234     
  -34.020046075153331       -15.654427533065439        1.1518574707623634     
  -18.174921282820478      -0.65504830903455724        32.848146142240211     
  -32.805062707706369      -0.69053987538293826        32.858964689403820     
  -34.020111147260934       -15.654592415010056        32.847983803825898     
  -18.174829677981286      -0.65493330309280473        18.152043167312723     
  -32.805028109077682      -0.69045956441422751        18.141005726455123     
  -34.020046075153331       -15.654427533065439        18.151857470762362     
  -18.174921282820478      -0.65504830903455724        49.848146142240211     
  -32.805062707706369      -0.69053987538293826        49.858964689403820     
  -34.020111147260934       -15.654592415010056        49.847983803825898     
  -18.174829677981286      -0.65493330309280473        35.152043167312719     
  -32.805028109077682      -0.69045956441422751        35.141005726455127     
  -34.020046075153331       -15.654427533065439        35.151857470762366     
  -18.174921282820478        16.344951690965441       -18.151853857759786     
  -32.805062707706369        16.309460124617061       -18.141035310596180     
  -34.020111147260934        1.3454075849899443       -18.152016196174099     
  -18.174829677981286        16.345066696907196       -32.847956832687281     
  -32.805028109077682        16.309540435585774       -32.858994273544873     
  -34.020046075153331        1.3455724669345619       -32.848142529237634     
  -18.174921282820478        16.344951690965441       -1.1518538577597863     
  -32.805062707706369        16.309460124617061       -1.1410353105961768     
  -34.020111147260934        1.3454075849899443       -1.1520161961741004     
  -18.174829677981286        16.345066696907196       -15.847956832687277     
  -32.805028109077682        16.309540435585774       -15.858994273544877     
  -34.020046075153331        1.3455724669345619       -15.848142529237636     
  -18.174921282820478        16.344951690965441        15.848146142240214     
  -32.805062707706369        16.309460124617061        15.858964689403823     
  -34.020111147260934        1.3454075849899443        15.847983803825899     
  -18.174829677981286        16.345066696907196        1.1520431673127225     
  -32.805028109077682        16.309540435585774        1.1410057264551234     
  -34.020046075153331        1.3455724669345619        1.1518574707623634     
  -18.174921282820478        16.344951690965441        32.848146142240211     
  -32.805062707706369        16.309460124617061        32.858964689403820     
  -34.020111147260934        1.3454075849899443        32.847983803825898     
  -18.174829677981286        16.345066696907196        18.152043167312723     
  -32.805028109077682        16.309540435585774        18.141005726455123     
  -34.020046075153331        1.3455724669345619        18.151857470762362     
  -18.174921282820478        16.344951690965441        49.848146142240211     
  -32.805062707706369        16.309460124617061        49.858964689403820     
  -34.020111147260934        1.3454075849899443        49.847983803825898     
  -18.174829677981286        16.345066696907196        35.152043167312719     
  -32.805028109077682        16.309540435585774        35.141005726455127     
  -34.020046075153331        1.3455724669345619        35.151857470762366     
  -18.174921282820478        33.344951690965438       -18.151853857759786     
  -32.805062707706369        33.309460124617061       -18.141035310596180     
  -34.020111147260934        18.345407584989946       -18.152016196174099     
  -18.174829677981286        33.345066696907196       -32.847956832687281     
  -32.805028109077682        33.309540435585774       -32.858994273544873     
  -34.020046075153331        18.345572466934563       -32.848142529237634     
  -18.174921282820478        33.344951690965438       -1.1518538577597863     
  -32.805062707706369        33.309460124617061       -1.1410353105961768     
  -34.020111147260934        18.345407584989946       -1.1520161961741004     
  -18.174829677981286        33.345066696907196       -15.847956832687277     
  -32.805028109077682        33.309540435585774       -15.858994273544877     
  -34.020046075153331        18.345572466934563       -15.848142529237636     
  -18.174921282820478        33.344951690965438        15.848146142240214     
  -32.805062707706369        33.309460124617061        15.858964689403823     
  -34.020111147260934        18.345407584989946        15.847983803825899     
  -18.174829677981286        33.345066696907196        1.1520431673127225     
  -32.805028109077682        33.309540435585774        1.1410057264551234     
  -34.020046075153331        18.345572466934563        1.1518574707623634     
  -18.174921282820478        33.344951690965438        32.848146142240211     
  -32.805062707706369        33.309460124617061        32.858964689403820     
  -34.020111147260934        18.345407584989946        32.847983803825898     
  -18.174829677981286        33.345066696907196        18.152043167312723     
  -32.805028109077682        33.309540435585774        18.141005726455123     
  -34.020046075153331        18.345572466934563        18.151857470762362     
  -18.174921282820478        33.344951690965438        49.848146142240211     
  -32.805062707706369        33.309460124617061        49.858964689403820     
  -34.020111147260934        18.345407584989946        49.847983803825898     
  -18.174829677981286        33.345066696907196        35.152043167312719     
  -32.805028109077682        33.309540435585774        35.141005726455127     
  -34.020046075153331        18.345572466934563        35.151857470762366     
  -18.174921282820478        50.344951690965438       -18.151853857759786     
  -32.805062707706369        50.309460124617061       -18.141035310596180     
  -34.020111147260934        35.345407584989943       -18.152016196174099     
  -18.174829677981286        50.345066696907196       -32.847956832687281     
  -32.805028109077682        50.309540435585774       -32.858994273544873     
  -34.020046075153331        35.345572466934563       -32.848142529237634     
  -18.174921282820478        50.344951690965438       -1.1518538577597863     
  -32.805062707706369        50.309460124617061       -1.1410353105961768     
  -34.020111147260934        35.345407584989943       -1.1520161961741004     
  -18.174829677981286        50.345066696907196       -15.847956832687277     
  -32.805028109077682        50.309540435585774       -15.858994273544877     
  -34.020046075153331        35.345572466934563       -15.848142529237636     
  -18.174921282820478        50.344951690965438        15.848146142240214     
  -32.805062707706369        50.309460124617061        15.858964689403823     
  -34.020111147260934        35.345407584989943        15.847983803825899     
  -18.174829677981286        50.345066696907196        1.1520431673127225     
  -32.805028109077682        50.309540435585774        1.1410057264551234     
  -34.020046075153331        35.345572466934563        1.1518574707623634     
  -18.174921282820478        50.344951690965438        32.848146142240211     
  -32.805062707706369        50.309460124617061        32.858964689403820     
  -34.020111147260934        35.345407584989943        32.847983803825898     
  -18.174829677981286        50.345066696907196        18.152043167312723     
  -32.805028109077682        50.309540435585774        18.141005726455123     
  -34.020046075153331        35.345572466934563        18.151857470762362     
  -18.174921282820478        50.344951690965438        49.848146142240211     
  -32.805062707706369        50.309460124617061        49.858964689403820     
  -34.020111147260934        35.345407584989943        49.847983803825898     
  -18.174829677981286        50.345066696907196        35.152043167312719     
  -32.805028109077682        50.309540435585774        35.141005726455127     
  -34.020046075153331        35.345572466934563        35.151857470762366     
  -1.1749212828204780       -17.655048309034559       -18.151853857759786     
  -15.805062707706369       -17.690539875382939       -18.141035310596180     
  -17.020111147260938       -32.654592415010057       -18.152016196174099     
  -1.1748296779812843       -17.654933303092808       -32.847956832687281     
  -15.805028109077682       -17.690459564414226       -32.858994273544873     
  -17.020046075153338       -32.654427533065437       -32.848142529237634     
  -1.1749212828204780       -17.655048309034559       -1.1518538577597863     
  -15.805062707706369       -17.690539875382939       -1.1410353105961768     
  -17.020111147260938       -32.654592415010057       -1.1520161961741004     
  -1.1748296779812843       -17.654933303092808       -15.847956832687277     
  -15.805028109077682       -17.690459564414226       -15.858994273544877     
  -17.020046075153338       -32.654427533065437       -15.848142529237636     
  -1.1749212828204780       -17.655048309034559        15.848146142240214     
  -15.805062707706369       -17.690539875382939        15.858964689403823     
  -17.020111147260938       -32.654592415010057        15.847983803825899     
  -1.1748296779812843       -17.654933303092808        1.1520431673127225     
  -15.805028109077682       -17.690459564414226        1.1410057264551234     
  -17.020046075153338       -32.654427533065437        1.1518574707623634     
  -1.1749212828204780       -17.655048309034559        32.848146142240211     
  -15.805062707706369       -17.690539875382939        32.858964689403820     
  -17.020111147260938       -32.654592415010057        32.847983803825898     
  -1.1748296779812843       -17.654933303092808        18.152043167312723     
  -15.805028109077682       -17.690459564414226        18.141005726455123     
  -17.020046075153338       -32.654427533065437        18.151857470762362     
  -1.1749212828204780       -17.655048309034559        49.848146142240211     
  -15.805062707706369       -17.690539875382939        49.858964689403820     
  -17.020111147260938       -32.654592415010057        49.847983803825898     
  -1.1748296779812843       -17.654933303092808        35.152043167312719     
  -15.805028109077682       -17.690459564414226        35.141005726455127     
  -17.020046075153338       -32.654427533065437        35.151857470762366     
  -1.1749212828204780      -0.65504830903455724       -18.151853857759786     
  -15.805062707706369      -0.69053987538293826       -18.141035310596180     
  -17.020111147260938       -15.654592415010056       -18.152016196174099     
  -1.1748296779812843      -0.65493330309280473       -32.847956832687281     
  -15.805028109077682      -0.69045956441422751       -32.858994273544873     
  -17.020046075153338       -15.654427533065439       -32.848142529237634     
  -1.1749212828204780      -0.65504830903455724       -1.1518538577597863     
  -15.805062707706369      -0.69053987538293826       -1.1410353105961768     
  -17.020111147260938       -15.654592415010056       -1.1520161961741004     
  -1.1748296779812843      -0.65493330309280473       -15.847956832687277     
  -15.805028109077682      -0.69045956441422751       -15.858994273544877     
  -17.020046075153338       -15.654427533065439       -15.848142529237636     
  -1.1749212828204780      -0.65504830903455724        15.848146142240214     
  -15.805062707706369      -0.69053987538293826        15.858964689403823     
  -17.020111147260938       -15.654592415010056        15.847983803825899     
  -1.1748296779812843      -0.65493330309280473        1.1520431673127225     
  -15.805028109077682      -0.69045956441422751        1.1410057264551234     
  -17.020046075153338       -15.654427533065439        1.1518574707623634     
  -1.1749212828204780      -0.65504830903455724        32.848146142240211     
  -15.805062707706369      -0.69053987538293826        32.858964689403820     
  -17.020111147260938       -15.654592415010056        32.847983803825898     
  -1.1748296779812843      -0.65493330309280473        18.152043167312723     
  -15.805028109077682      -0.69045956441422751        18.141005726455123     
  -17.020046075153338       -15.654427533065439        18.151857470762362     
  -1.1749212828204780      -0.65504830903455724        49.848146142240211     
  -15.805062707706369      -0.69053987538293826        49.858964689403820     
  -17.020111147260938       -15.654592415010056        49.847983803825898     
  -1.1748296779812843      -0.65493330309280473        35.152043167312719     
  -15.805028109077682      -0.69045956441422751        35.141005726455127     
  -17.020046075153338       -15.654427533065439        35.151857470762366     
  -1.1749212828204780        16.344951690965441       -18.151853857759786     
  -15.805062707706369        16.309460124617061       -18.141035310596180     
  -17.020111147260938        1.3454075849899443       -18.152016196174099     
  -1.1748296779812843        16.345066696907196       -32.847956832687281     
  -15.805028109077682        16.309540435585774       -32.858994273544873     
  -17.020046075153338        1.3455724669345619       -32.848142529237634     
  -1.1749212828204780        16.344951690965441       -1.1518538577597863     
  -15.805062707706369        16.309460124617061       -1.1410353105961768     
  -17.020111147260938        1.3454075849899443       -1.1520161961741004     
  -1.1748296779812843        16.345066696907196       -15.847956832687277     
  -15.805028109077682        16.309540435585774       -15.858994273544877     
  -17.020046075153338        1.3455724669345619       -15.848142529237636     
  -1.1749212828204780        16.344951690965441        15.848146142240214     
  -15.805062707706369        16.309460124617061        15.858964689403823     
  -17.020111147260938        1.3454075849899443        15.847983803825899     
  -1.1748296779812843        16.345066696907196        1.1520431673127225     
  -15.805028109077682        16.309540435585774        1.1410057264551234     
  -17.020046075153338        1.3455724669345619        1.1518574707623634     
  -1.1749212828204780        16.344951690965441        32.848146142240211     
  -15.805062707706369        16.309460124617061        32.858964689403820     
  -17.020111147260938        1.3454075849899443        32.847983803825898     
  -1.1748296779812843        16.345066696907196        18.152043167312723     
  -15.805028109077682        16.309540435585774        18.141005726455123     
  -17.020046075153338        1.3455724669345619        18.151857470762362     
  -1.1749212828204780        16.344951690965441        49.848146142240211     
  -15.805062707706369        16.309460124617061        49.858964689403820     
  -17.020111147260938        1.3454075849899443        49.847983803825898     
  -1.1748296779812843        16.345066696907196        35.152043167312719     
  -15.805028109077682        16.309540435585774        35.141005726455127     
  -17.020046075153338        1.3455724669345619        35.151857470762366     
  -1.1749212828204780        33.344951690965438       -18.151853857759786     
  -15.805062707706369        33.309460124617061       -18.141035310596180     
  -17.020111147260938        18.345407584989946       -18.152016196174099     
  -1.1748296779812843        33.345066696907196       -32.847956832687281     
  -15.805028109077682        33.309540435585774       -32.858994273544873     
  -17.020046075153338        18.345572466934563       -32.848142529237634     
  -1.1749212828204780        33.344951690965438       -1.1518538577597863     
  -15.805062707706369        33.309460124617061       -1.1410353105961768     
  -17.020111147260938        18.345407584989946       -1.1520161961741004     
  -1.1748296779812843        33.345066696907196       -15.847956832687277     
  -15.805028109077682        33.309540435585774       -15.858994273544877     
  -17.020046075153338        18.345572466934563       -15.848142529237636     
  -1.1749212828204780        33.344951690965438        15.848146142240214     
  -15.805062707706369        33.309460124617061        15.858964689403823     
  -17.020111147260938        18.345407584989946        15.847983803825899     
  -1.1748296779812843        33.345066696907196        1.1520431673127225     
  -15.805028109077682        33.309540435585774        1.1410057264551234     
  -17.020046075153338        18.345572466934563        1.1518574707623634     
  -1.1749212828204780        33.344951690965438        32.848146142240211     
  -15.805062707706369        33.309460124617061        32.858964689403820     
  -17.020111147260938        18.345407584989946        32.847983803825898     
  -1.1748296779812843        33.345066696907196        18.152043167312723     
  -15.805028109077682        33.309540435585774        18.141005726455123     
  -17.020046075153338        18.345572466934563        18.151857470762362     
  -1.1749212828204780        33.344951690965438        49.848146142240211     
  -15.805062707706369        33.309460124617061        49.858964689403820     
  -17.020111147260938        18.345407584989946        49.847983803825898     
  -1.1748296779812843        33.345066696907196        35.152043167312719     
  -15.805028109077682        33.309540435585774        35.141005726455127     
  -17.020046075153338        18.345572466934563        35.151857470762366     
  -1.1749212828204780        50.344951690965438       -18.151853857759786     
  -15.805062707706369        50.309460124617061       -18.141035310596180     
  -17.020111147260938        35.345407584989943       -18.152016196174099     
  -1.1748296779812843        50.345066696907196       -32.847956832687281     
  -15.805028109077682        50.309540435585774       -32.858994273544873     
  -17.020046075153338        35.345572466934563       -32.848142529237634     
  -1.1749212828204780        50.344951690965438       -1.1518538577597863     
  -15.805062707706369        50.309460124617061       -1.1410353105961768     
  -17.020111147260938        35.345407584989943       -1.1520161961741004     
  -1.1748296779812843        50.345066696907196       -15.847956832687277     
  -15.805028109077682        50.309540435585774       -15.858994273544877     
  -17.020046075153338        35.345572466934563       -15.848142529237636     
  -1.1749212828204780        50.344951690965438        15.848146142240214     
  -15.805062707706369        50.309460124617061        15.858964689403823     
  -17.020111147260938        35.345407584989943        15.847983803825899     
  -1.1748296779812843        50.345066696907196        1.1520431673127225     
  -15.805028109077682        50.309540435585774        1.1410057264551234     
  -17.020046075153338        35.345572466934563        1.1518574707623634     
  -1.1749212828204780        50.344951690965438        32.848146142240211     
  -15.805062707706369        50.309460124617061        32.858964689403820     
  -17.020111147260938        35.345407584989943        32.847983803825898     
  -1.1748296779812843        50.345066696907196        18.152043167312723     
  -15.805028109077682        50.309540435585774        18.141005726455123     
  -17.020046075153338        35.345572466934563        18.151857470762362     
  -1.1749212828204780        50.344951690965438        49.848146142240211     
  -15.805062707706369        50.309460124617061        49.858964689403820     
  -17.020111147260938        35.345407584989943        49.847983803825898     
  -1.1748296779812843        50.345066696907196        35.152043167312719     
  -15.805028109077682        50.309540435585774        35.141005726455127     
  -17.020046075153338        35.345572466934563        35.151857470762366     
   15.825078717179522       -17.655048309034559       -18.151853857759786     
   1.1949372922936294       -17.690539875382939       -18.141035310596180     
  -2.0111147260935998E-002  -32.654592415010057       -18.152016196174099     
   15.825170322018716       -17.654933303092808       -32.847956832687281     
   1.1949718909223170       -17.690459564414226       -32.858994273544873     
  -2.0046075153335900E-002  -32.654427533065437       -32.848142529237634     
   15.825078717179522       -17.655048309034559       -1.1518538577597863     
   1.1949372922936294       -17.690539875382939       -1.1410353105961768     
  -2.0111147260935998E-002  -32.654592415010057       -1.1520161961741004     
   15.825170322018716       -17.654933303092808       -15.847956832687277     
   1.1949718909223170       -17.690459564414226       -15.858994273544877     
  -2.0046075153335900E-002  -32.654427533065437       -15.848142529237636     
   15.825078717179522       -17.655048309034559        15.848146142240214     
   1.1949372922936294       -17.690539875382939        15.858964689403823     
  -2.0111147260935998E-002  -32.654592415010057        15.847983803825899     
   15.825170322018716       -17.654933303092808        1.1520431673127225     
   1.1949718909223170       -17.690459564414226        1.1410057264551234     
  -2.0046075153335900E-002  -32.654427533065437        1.1518574707623634     
   15.825078717179522       -17.655048309034559        32.848146142240211     
   1.1949372922936294       -17.690539875382939        32.858964689403820     
  -2.0111147260935998E-002  -32.654592415010057        32.847983803825898     
   15.825170322018716       -17.654933303092808        18.152043167312723     
   1.1949718909223170       -17.690459564414226        18.141005726455123     
  -2.0046075153335900E-002  -32.654427533065437        18.151857470762362     
   15.825078717179522       -17.655048309034559        49.848146142240211     
   1.1949372922936294       -17.690539875382939        49.858964689403820     
  -2.0111147260935998E-002  -32.654592415010057        49.847983803825898     
   15.825170322018716       -17.654933303092808        35.152043167312719     
   1.1949718909223170       -17.690459564414226        35.141005726455127     
  -2.0046075153335900E-002  -32.654427533065437        35.151857470762366     
   15.825078717179522      -0.65504830903455724       -18.151853857759786     
   1.1949372922936294      -0.69053987538293826       -18.141035310596180     
  -2.0111147260935998E-002  -15.654592415010056       -18.152016196174099     
   15.825170322018716      -0.65493330309280473       -32.847956832687281     
   1.1949718909223170      -0.69045956441422751       -32.858994273544873     
  -2.0046075153335900E-002  -15.654427533065439       -32.848142529237634     
   15.825078717179522      -0.65504830903455724       -1.1518538577597863     
   1.1949372922936294      -0.69053987538293826       -1.1410353105961768     
  -2.0111147260935998E-002  -15.654592415010056       -1.1520161961741004     
   15.825170322018716      -0.65493330309280473       -15.847956832687277     
   1.1949718909223170      -0.69045956441422751       -15.858994273544877     
  -2.0046075153335900E-002  -15.654427533065439       -15.848142529237636     
   15.825078717179522      -0.65504830903455724        15.848146142240214     
   1.1949372922936294      -0.69053987538293826        15.858964689403823     
  -2.0111147260935998E-002  -15.654592415010056        15.847983803825899     
   15.825170322018716      -0.65493330309280473        1.1520431673127225     
   1.1949718909223170      -0.69045956441422751        1.1410057264551234     
  -2.0046075153335900E-002  -15.654427533065439        1.1518574707623634     
   15.825078717179522      -0.65504830903455724        32.848146142240211     
   1.1949372922936294      -0.69053987538293826        32.858964689403820     
  -2.0111147260935998E-002  -15.654592415010056        32.847983803825898     
   15.825170322018716      -0.65493330309280473        18.152043167312723     
   1.1949718909223170      -0.69045956441422751        18.141005726455123     
  -2.0046075153335900E-002  -15.654427533065439        18.151857470762362     
   15.825078717179522      -0.65504830903455724        49.848146142240211     
   1.1949372922936294      -0.69053987538293826        49.858964689403820     
  -2.0111147260935998E-002  -15.654592415010056        49.847983803825898     
   15.825170322018716      -0.65493330309280473        35.152043167312719     
   1.1949718909223170      -0.69045956441422751        35.141005726455127     
  -2.0046075153335900E-002  -15.654427533065439        35.151857470762366     
   15.825078717179522        16.344951690965441       -18.151853857759786     
   1.1949372922936294        16.309460124617061       -18.141035310596180     
  -2.0111147260935998E-002   1.3454075849899443       -18.152016196174099     
   15.825170322018716        16.345066696907196       -32.847956832687281     
   1.1949718909223170        16.309540435585774       -32.858994273544873     
  -2.0046075153335900E-002   1.3455724669345619       -32.848142529237634     
   15.825078717179522        16.344951690965441       -1.1518538577597863     
   1.1949372922936294        16.309460124617061       -1.1410353105961768     
  -2.0111147260935998E-002   1.3454075849899443       -1.1520161961741004     
   15.825170322018716        16.345066696907196       -15.847956832687277     
   1.1949718909223170        16.309540435585774       -15.858994273544877     
  -2.0046075153335900E-002   1.3455724669345619       -15.848142529237636     
   15.825078717179522        16.344951690965441        15.848146142240214     
   1.1949372922936294        16.309460124617061        15.858964689403823     
  -2.0111147260935998E-002   1.3454075849899443        15.847983803825899     
   15.825170322018716        16.345066696907196        1.1520431673127225     
   1.1949718909223170        16.309540435585774        1.1410057264551234     
  -2.0046075153335900E-002   1.3455724669345619        1.1518574707623634     
   15.825078717179522        16.344951690965441        32.848146142240211     
   1.1949372922936294        16.309460124617061        32.858964689403820     
  -2.0111147260935998E-002   1.3454075849899443        32.847983803825898     
   15.825170322018716        16.345066696907196        18.152043167312723     
   1.1949718909223170        16.309540435585774        18.141005726455123     
  -2.0046075153335900E-002   1.3455724669345619        18.151857470762362     
   15.825078717179522        16.344951690965441        49.848146142240211     
   1.1949372922936294        16.309460124617061        49.858964689403820     
  -2.0111147260935998E-002   1.3454075849899443        49.847983803825898     
   15.825170322018716        16.345066696907196        35.152043167312719     
   1.1949718909223170        16.309540435585774        35.141005726455127     
  -2.0046075153335900E-002   1.3455724669345619        35.151857470762366     
   15.825078717179522        33.344951690965438       -18.151853857759786     
   1.1949372922936294        33.309460124617061       -18.141035310596180     
  -2.0111147260935998E-002   18.345407584989946       -18.152016196174099     
   15.825170322018716        33.345066696907196       -32.847956832687281     
   1.1949718909223170        33.309540435585774       -32.858994273544873     
  -2.0046075153335900E-002   18.345572466934563       -32.848142529237634     
   15.825078717179522        33.344951690965438       -1.1518538577597863     
   1.1949372922936294        33.309460124617061       -1.1410353105961768     
  -2.0111147260935998E-002   18.345407584989946       -1.1520161961741004     
   15.825170322018716        33.345066696907196       -15.847956832687277     
   1.1949718909223170        33.309540435585774       -15.858994273544877     
  -2.0046075153335900E-002   18.345572466934563       -15.848142529237636     
   15.825078717179522        33.344951690965438        15.848146142240214     
   1.1949372922936294        33.309460124617061        15.858964689403823     
  -2.0111147260935998E-002   18.345407584989946        15.847983803825899     
   15.825170322018716        33.345066696907196        1.1520431673127225     
   1.1949718909223170        33.309540435585774        1.1410057264551234     
  -2.0046075153335900E-002   18.345572466934563        1.1518574707623634     
   15.825078717179522        33.344951690965438        32.848146142240211     
   1.1949372922936294        33.309460124617061        32.858964689403820     
  -2.0111147260935998E-002   18.345407584989946        32.847983803825898     
   15.825170322018716        33.345066696907196        18.152043167312723     
   1.1949718909223170        33.309540435585774        18.141005726455123     
  -2.0046075153335900E-002   18.345572466934563        18.151857470762362     
   15.825078717179522        33.344951690965438        49.848146142240211     
   1.1949372922936294        33.309460124617061        49.858964689403820     
  -2.0111147260935998E-002   18.345407584989946        49.847983803825898     
   15.825170322018716        33.345066696907196        35.152043167312719     
   1.1949718909223170        33.309540435585774        35.141005726455127     
  -2.0046075153335900E-002   18.345572466934563        35.151857470762366     
   15.825078717179522        50.344951690965438       -18.151853857759786     
   1.1949372922936294        50.309460124617061       -18.141035310596180     
  -2.0111147260935998E-002   35.345407584989943       -18.152016196174099     
   15.825170322018716        50.345066696907196       -32.847956832687281     
   1.1949718909223170        50.309540435585774       -32.858994273544873     
  -2.0046075153335900E-002   35.345572466934563       -32.848142529237634     
   15.825078717179522        50.344951690965438       -1.1518538577597863     
   1.1949372922936294        50.309460124617061       -1.1410353105961768     
  -2.0111147260935998E-002   35.345407584989943       -1.1520161961741004     
   15.825170322018716        50.345066696907196       -15.847956832687277     
   1.1949718909223170        50.309540435585774       -15.858994273544877     
  -2.0046075153335900E-002   35.345572466934563       -15.848142529237636     
   15.825078717179522        50.344951690965438        15.848146142240214     
   1.1949372922936294        50.309460124617061        15.858964689403823     
  -2.0111147260935998E-002   35.345407584989943        15.847983803825899     
   15.825170322018716        50.345066696907196        1.1520431673127225     
   1.1949718909223170        50.309540435585774        1.1410057264551234     
  -2.0046075153335900E-002   35.345572466934563        1.1518574707623634     
   15.825078717179522        50.344951690965438        32.848146142240211     
   1.1949372922936294        50.309460124617061        32.858964689403820     
  -2.0111147260935998E-002   35.345407584989943        32.847983803825898     
   15.825170322018716        50.345066696907196        18.152043167312723     
   1.1949718909223170        50.309540435585774        18.141005726455123     
  -2.0046075153335900E-002   35.345572466934563        18.151857470762362     
   15.825078717179522        50.344951690965438        49.848146142240211     
   1.1949372922936294        50.309460124617061        49.858964689403820     
  -2.0111147260935998E-002   35.345407584989943        49.847983803825898     
   15.825170322018716        50.345066696907196        35.152043167312719     
   1.1949718909223170        50.309540435585774        35.141005726455127     
  -2.0046075153335900E-002   35.345572466934563        35.151857470762366     
   32.825078717179522       -17.655048309034559       -18.151853857759786     
   18.194937292293627       -17.690539875382939       -18.141035310596180     
   16.979888852739066       -32.654592415010057       -18.152016196174099     
   32.825170322018714       -17.654933303092808       -32.847956832687281     
   18.194971890922314       -17.690459564414226       -32.858994273544873     
   16.979953924846665       -32.654427533065437       -32.848142529237634     
   32.825078717179522       -17.655048309034559       -1.1518538577597863     
   18.194937292293627       -17.690539875382939       -1.1410353105961768     
   16.979888852739066       -32.654592415010057       -1.1520161961741004     
   32.825170322018714       -17.654933303092808       -15.847956832687277     
   18.194971890922314       -17.690459564414226       -15.858994273544877     
   16.979953924846665       -32.654427533065437       -15.848142529237636     
   32.825078717179522       -17.655048309034559        15.848146142240214     
   18.194937292293627       -17.690539875382939        15.858964689403823     
   16.979888852739066       -32.654592415010057        15.847983803825899     
   32.825170322018714       -17.654933303092808        1.1520431673127225     
   18.194971890922314       -17.690459564414226        1.1410057264551234     
   16.979953924846665       -32.654427533065437        1.1518574707623634     
   32.825078717179522       -17.655048309034559        32.848146142240211     
   18.194937292293627       -17.690539875382939        32.858964689403820     
   16.979888852739066       -32.654592415010057        32.847983803825898     
   32.825170322018714       -17.654933303092808        18.152043167312723     
   18.194971890922314       -17.690459564414226        18.141005726455123     
   16.979953924846665       -32.654427533065437        18.151857470762362     
   32.825078717179522       -17.655048309034559        49.848146142240211     
   18.194937292293627       -17.690539875382939        49.858964689403820     
   16.979888852739066       -32.654592415010057        49.847983803825898     
   32.825170322018714       -17.654933303092808        35.152043167312719     
   18.194971890922314       -17.690459564414226        35.141005726455127     
   16.979953924846665       -32.654427533065437        35.151857470762366     
   32.825078717179522      -0.65504830903455724       -18.151853857759786     
   18.194937292293627      -0.69053987538293826       -18.141035310596180     
   16.979888852739066       -15.654592415010056       -18.152016196174099     
   32.825170322018714      -0.65493330309280473       -32.847956832687281     
   18.194971890922314      -0.69045956441422751       -32.858994273544873     
   16.979953924846665       -15.654427533065439       -32.848142529237634     
   32.825078717179522      -0.65504830903455724       -1.1518538577597863     
   18.194937292293627      -0.69053987538293826       -1.1410353105961768     
   16.979888852739066       -15.654592415010056       -1.1520161961741004     
   32.825170322018714      -0.65493330309280473       -15.847956832687277     
   18.194971890922314      -0.69045956441422751       -15.858994273544877     
   16.979953924846665       -15.654427533065439       -15.848142529237636     
   32.825078717179522      -0.65504830903455724        15.848146142240214     
   18.194937292293627      -0.69053987538293826        15.858964689403823     
   16.979888852739066       -15.654592415010056        15.847983803825899     
   32.825170322018714      -0.65493330309280473        1.1520431673127225     
   18.194971890922314      -0.69045956441422751        1.1410057264551234     
   16.979953924846665       -15.654427533065439        1.1518574707623634     
   32.825078717179522      -0.65504830903455724        32.848146142240211     
   18.194937292293627      -0.69053987538293826        32.858964689403820     
   16.979888852739066       -15.654592415010056        32.847983803825898     
   32.825170322018714      -0.65493330309280473        18.152043167312723     
   18.194971890922314      -0.69045956441422751        18.141005726455123     
   16.979953924846665       -15.654427533065439        18.151857470762362     
   32.825078717179522      -0.65504830903455724        49.848146142240211     
   18.194937292293627      -0.69053987538293826        49.858964689403820     
   16.979888852739066       -15.654592415010056        49.847983803825898     
   32.825170322018714      -0.65493330309280473        35.152043167312719     
   18.194971890922314      -0.69045956441422751        35.141005726455127     
   16.979953924846665       -15.654427533065439        35.151857470762366     
   32.825078717179522        16.344951690965441       -18.151853857759786     
   18.194937292293627        16.309460124617061       -18.141035310596180     
   16.979888852739066        1.3454075849899443       -18.152016196174099     
   32.825170322018714        16.345066696907196       -32.847956832687281     
   18.194971890922314        16.309540435585774       -32.858994273544873     
   16.979953924846665        1.3455724669345619       -32.848142529237634     
   32.825078717179522        16.344951690965441       -1.1518538577597863     
   18.194937292293627        16.309460124617061       -1.1410353105961768     
   16.979888852739066        1.3454075849899443       -1.1520161961741004     
   32.825170322018714        16.345066696907196       -15.847956832687277     
   18.194971890922314        16.309540435585774       -15.858994273544877     
   16.979953924846665        1.3455724669345619       -15.848142529237636     
   32.825078717179522        16.344951690965441        15.848146142240214     
   18.194937292293627        16.309460124617061        15.858964689403823     
   16.979888852739066        1.3454075849899443        15.847983803825899     
   32.825170322018714        16.345066696907196        1.1520431673127225     
   18.194971890922314        16.309540435585774        1.1410057264551234     
   16.979953924846665        1.3455724669345619        1.1518574707623634     
   32.825078717179522        16.344951690965441        32.848146142240211     
   18.194937292293627        16.309460124617061        32.858964689403820     
   16.979888852739066        1.3454075849899443        32.847983803825898     
   32.825170322018714        16.345066696907196        18.152043167312723     
   18.194971890922314        16.309540435585774        18.141005726455123     
   16.979953924846665        1.3455724669345619        18.151857470762362     
   32.825078717179522        16.344951690965441        49.848146142240211     
   18.194937292293627        16.309460124617061        49.858964689403820     
   16.979888852739066        1.3454075849899443        49.847983803825898     
   32.825170322018714        16.345066696907196        35.152043167312719     
   18.194971890922314        16.309540435585774        35.141005726455127     
   16.979953924846665        1.3455724669345619        35.151857470762366     
   32.825078717179522        33.344951690965438       -18.151853857759786     
   18.194937292293627        33.309460124617061       -18.141035310596180     
   16.979888852739066        18.345407584989946       -18.152016196174099     
   32.825170322018714        33.345066696907196       -32.847956832687281     
   18.194971890922314        33.309540435585774       -32.858994273544873     
   16.979953924846665        18.345572466934563       -32.848142529237634     
   32.825078717179522        33.344951690965438       -1.1518538577597863     
   18.194937292293627        33.309460124617061       -1.1410353105961768     
   16.979888852739066        18.345407584989946       -1.1520161961741004     
   32.825170322018714        33.345066696907196       -15.847956832687277     
   18.194971890922314        33.309540435585774       -15.858994273544877     
   16.979953924846665        18.345572466934563       -15.848142529237636     
   32.825078717179522        33.344951690965438        15.848146142240214     
   18.194937292293627        33.309460124617061        15.858964689403823     
   16.979888852739066        18.345407584989946        15.847983803825899     
   32.825170322018714        33.345066696907196        1.1520431673127225     
   18.194971890922314        33.309540435585774        1.1410057264551234     
   16.979953924846665        18.345572466934563        1.1518574707623634     
   32.825078717179522        33.344951690965438        32.848146142240211     
   18.194937292293627        33.309460124617061        32.858964689403820     
   16.979888852739066        18.345407584989946        32.847983803825898     
   32.825170322018714        33.345066696907196        18.152043167312723     
   18.194971890922314        33.309540435585774        18.141005726455123     
   16.979953924846665        18.345572466934563        18.151857470762362     
   32.825078717179522        33.344951690965438        49.848146142240211     
   18.194937292293627        33.309460124617061        49.858964689403820     
   16.979888852739066        18.345407584989946        49.847983803825898     
   32.825170322018714        33.345066696907196        35.152043167312719     
   18.194971890922314        33.309540435585774        35.141005726455127     
   16.979953924846665        18.345572466934563        35.151857470762366     
   32.825078717179522        50.344951690965438       -18.151853857759786     
   18.194937292293627        50.309460124617061       -18.141035310596180     
   16.979888852739066        35.345407584989943       -18.152016196174099     
   32.825170322018714        50.345066696907196       -32.847956832687281     
   18.194971890922314        50.309540435585774       -32.858994273544873     
   16.979953924846665        35.345572466934563       -32.848142529237634     
   32.825078717179522        50.344951690965438       -1.1518538577597863     
   18.194937292293627        50.309460124617061       -1.1410353105961768     
   16.979888852739066        35.345407584989943       -1.1520161961741004     
   32.825170322018714        50.345066696907196       -15.847956832687277     
   18.194971890922314        50.309540435585774       -15.858994273544877     
   16.979953924846665        35.345572466934563       -15.848142529237636     
   32.825078717179522        50.344951690965438        15.848146142240214     
   18.194937292293627        50.309460124617061        15.858964689403823     
   16.979888852739066        35.345407584989943        15.847983803825899     
   32.825170322018714        50.345066696907196        1.1520431673127225     
   18.194971890922314        50.309540435585774        1.1410057264551234     
   16.979953924846665        35.345572466934563        1.1518574707623634     
   32.825078717179522        50.344951690965438        32.848146142240211     
   18.194937292293627        50.309460124617061        32.858964689403820     
   16.979888852739066        35.345407584989943        32.847983803825898     
   32.825170322018714        50.345066696907196        18.152043167312723     
   18.194971890922314        50.309540435585774        18.141005726455123     
   16.979953924846665        35.345572466934563        18.151857470762362     
   32.825078717179522        50.344951690965438        49.848146142240211     
   18.194937292293627        50.309460124617061        49.858964689403820     
   16.979888852739066        35.345407584989943        49.847983803825898     
   32.825170322018714        50.345066696907196        35.152043167312719     
   18.194971890922314        50.309540435585774        35.141005726455127     
   16.979953924846665        35.345572466934563        35.151857470762366     
   49.825078717179522       -17.655048309034559       -18.151853857759786     
   35.194937292293631       -17.690539875382939       -18.141035310596180     
   33.979888852739066       -32.654592415010057       -18.152016196174099     
   49.825170322018714       -17.654933303092808       -32.847956832687281     
   35.194971890922318       -17.690459564414226       -32.858994273544873     
   33.979953924846662       -32.654427533065437       -32.848142529237634     
   49.825078717179522       -17.655048309034559       -1.1518538577597863     
   35.194937292293631       -17.690539875382939       -1.1410353105961768     
   33.979888852739066       -32.654592415010057       -1.1520161961741004     
   49.825170322018714       -17.654933303092808       -15.847956832687277     
   35.194971890922318       -17.690459564414226       -15.858994273544877     
   33.979953924846662       -32.654427533065437       -15.848142529237636     
   49.825078717179522       -17.655048309034559        15.848146142240214     
   35.194937292293631       -17.690539875382939        15.858964689403823     
   33.979888852739066       -32.654592415010057        15.847983803825899     
   49.825170322018714       -17.654933303092808        1.1520431673127225     
   35.194971890922318       -17.690459564414226        1.1410057264551234     
   33.979953924846662       -32.654427533065437        1.1518574707623634     
   49.825078717179522       -17.655048309034559        32.848146142240211     
   35.194937292293631       -17.690539875382939        32.858964689403820     
   33.979888852739066       -32.654592415010057        32.847983803825898     
   49.825170322018714       -17.654933303092808        18.152043167312723     
   35.194971890922318       -17.690459564414226        18.141005726455123     
   33.979953924846662       -32.654427533065437        18.151857470762362     
   49.825078717179522       -17.655048309034559        49.848146142240211     
   35.194937292293631       -17.690539875382939        49.858964689403820     
   33.979888852739066       -32.654592415010057        49.847983803825898     
   49.825170322018714       -17.654933303092808        35.152043167312719     
   35.194971890922318       -17.690459564414226        35.141005726455127     
   33.979953924846662       -32.654427533065437        35.151857470762366     
   49.825078717179522      -0.65504830903455724       -18.151853857759786     
   35.194937292293631      -0.69053987538293826       -18.141035310596180     
   33.979888852739066       -15.654592415010056       -18.152016196174099     
   49.825170322018714      -0.65493330309280473       -32.847956832687281     
   35.194971890922318      -0.69045956441422751       -32.858994273544873     
   33.979953924846662       -15.654427533065439       -32.848142529237634     
   49.825078717179522      -0.65504830903455724       -1.1518538577597863     
   35.194937292293631      -0.69053987538293826       -1.1410353105961768     
   33.979888852739066       -15.654592415010056       -1.1520161961741004     
   49.825170322018714      -0.65493330309280473       -15.847956832687277     
   35.194971890922318      -0.69045956441422751       -15.858994273544877     
   33.979953924846662       -15.654427533065439       -15.848142529237636     
   49.825078717179522      -0.65504830903455724        15.848146142240214     
   35.194937292293631      -0.69053987538293826        15.858964689403823     
   33.979888852739066       -15.654592415010056        15.847983803825899     
   49.825170322018714      -0.65493330309280473        1.1520431673127225     
   35.194971890922318      -0.69045956441422751        1.1410057264551234     
   33.979953924846662       -15.654427533065439        1.1518574707623634     
   49.825078717179522      -0.65504830903455724        32.848146142240211     
   35.194937292293631      -0.69053987538293826        32.858964689403820     
   33.979888852739066       -15.654592415010056        32.847983803825898     
   49.825170322018714      -0.65493330309280473        18.152043167312723     
   35.194971890922318      -0.69045956441422751        18.141005726455123     
   33.979953924846662       -15.654427533065439        18.151857470762362     
   49.825078717179522      -0.65504830903455724        49.848146142240211     
   35.194937292293631      -0.69053987538293826        49.858964689403820     
   33.979888852739066       -15.654592415010056        49.847983803825898     
   49.825170322018714      -0.65493330309280473        35.152043167312719     
   35.194971890922318      -0.69045956441422751        35.141005726455127     
   33.979953924846662       -15.654427533065439        35.151857470762366     
   49.825078717179522        16.344951690965441       -18.151853857759786     
   35.194937292293631        16.309460124617061       -18.141035310596180     
   33.979888852739066        1.3454075849899443       -18.152016196174099     
   49.825170322018714        16.345066696907196       -32.847956832687281     
   35.194971890922318        16.309540435585774       -32.858994273544873     
   33.979953924846662        1.3455724669345619       -32.848142529237634     
   49.825078717179522        16.344951690965441       -1.1518538577597863     
   35.194937292293631        16.309460124617061       -1.1410353105961768     
   33.979888852739066        1.3454075849899443       -1.1520161961741004     
   49.825170322018714        16.345066696907196       -15.847956832687277     
   35.194971890922318        16.309540435585774       -15.858994273544877     
   33.979953924846662        1.3455724669345619       -15.848142529237636     
   49.825078717179522        16.344951690965441        15.848146142240214     
   35.194937292293631        16.309460124617061        15.858964689403823     
   33.979888852739066        1.3454075849899443        15.847983803825899     
   49.825170322018714        16.345066696907196        1.1520431673127225     
   35.194971890922318        16.309540435585774        1.1410057264551234     
   33.979953924846662        1.3455724669345619        1.1518574707623634     
   49.825078717179522        16.344951690965441        32.848146142240211     
   35.194937292293631        16.309460124617061        32.858964689403820     
   33.979888852739066        1.3454075849899443        32.847983803825898     
   49.825170322018714        16.345066696907196        18.152043167312723     
   35.194971890922318        16.309540435585774        18.141005726455123     
   33.979953924846662        1.3455724669345619        18.151857470762362     
   49.825078717179522        16.344951690965441        49.848146142240211     
   35.194937292293631        16.309460124617061        49.858964689403820     
   33.979888852739066        1.3454075849899443        49.847983803825898     
   49.825170322018714        16.345066696907196        35.152043167312719     
   35.194971890922318        16.309540435585774        35.141005726455127     
   33.979953924846662        1.3455724669345619        35.151857470762366     
   49.825078717179522        33.344951690965438       -18.151853857759786     
   35.194937292293631        33.309460124617061       -18.141035310596180     
   33.979888852739066        18.345407584989946       -18.152016196174099     
   49.825170322018714        33.345066696907196       -32.847956832687281     
   35.194971890922318        33.309540435585774       -32.858994273544873     
   33.979953924846662        18.345572466934563       -32.848142529237634     
   49.825078717179522        33.344951690965438       -1.1518538577597863     
   35.194937292293631        33.309460124617061       -1.1410353105961768     
   33.979888852739066        18.345407584989946       -1.1520161961741004     
   49.825170322018714        33.345066696907196       -15.847956832687277     
   35.194971890922318        33.309540435585774       -15.858994273544877     
   33.979953924846662        18.345572466934563       -15.848142529237636     
   49.825078717179522        33.344951690965438        15.848146142240214     
   35.194937292293631        33.309460124617061        15.858964689403823     
   33.979888852739066        18.345407584989946        15.847983803825899     
   49.825170322018714        33.345066696907196        1.1520431673127225     
   35.194971890922318        33.309540435585774        1.1410057264551234     
   33.979953924846662        18.345572466934563        1.1518574707623634     
   49.825078717179522        33.344951690965438        32.848146142240211     
   35.194937292293631        33.309460124617061        32.858964689403820     
   33.979888852739066        18.345407584989946        32.847983803825898     
   49.825170322018714        33.345066696907196        18.152043167312723     
   35.194971890922318        33.309540435585774        18.141005726455123     
   33.979953924846662        18.345572466934563        18.151857470762362     
   49.825078717179522        33.344951690965438        49.848146142240211     
   35.194937292293631        33.309460124617061        49.858964689403820     
   33.979888852739066        18.345407584989946        49.847983803825898     
   49.825170322018714        33.345066696907196        35.152043167312719     
   35.194971890922318        33.309540435585774        35.141005726455127     
   33.979953924846662        18.345572466934563        35.151857470762366     
   49.825078717179522        50.344951690965438       -18.151853857759786     
   35.194937292293631        50.309460124617061       -18.141035310596180     
   33.979888852739066        35.345407584989943       -18.152016196174099     
   49.825170322018714        50.345066696907196       -32.847956832687281     
   35.194971890922318        50.309540435585774       -32.858994273544873     
   33.979953924846662        35.345572466934563       -32.848142529237634     
   49.825078717179522        50.344951690965438       -1.1518538577597863     
   35.194937292293631        50.309460124617061       -1.1410353105961768     
   33.979888852739066        35.345407584989943       -1.1520161961741004     
   49.825170322018714        50.345066696907196       -15.847956832687277     
   35.194971890922318        50.309540435585774       -15.858994273544877     
   33.979953924846662        35.345572466934563       -15.848142529237636     
   49.825078717179522        50.344951690965438        15.848146142240214     
   35.194937292293631        50.309460124617061        15.858964689403823     
   33.979888852739066        35.345407584989943        15.847983803825899     
   49.825170322018714        50.345066696907196        1.1520431673127225     
   35.194971890922318        50.309540435585774        1.1410057264551234     
   33.979953924846662        35.345572466934563        1.1518574707623634     
   49.825078717179522        50.344951690965438        32.848146142240211     
   35.194937292293631        50.309460124617061        32.858964689403820     
   33.979888852739066        35.345407584989943        32.847983803825898     
   49.825170322018714        50.345066696907196        18.152043167312723     
   35.194971890922318        50.309540435585774        18.141005726455123     
   33.979953924846662        35.345572466934563        18.151857470762362     
   49.825078717179522        50.344951690965438        49.848146142240211     
   35.194937292293631        50.309460124617061        49.858964689403820     
   33.979888852739066        35.345407584989943        49.847983803825898     
   49.825170322018714        50.345066696907196        35.152043167312719     
   35.194971890922318        50.309540435585774        35.141005726455127     
   33.979953924846662        35.345572466934563        35.151857470762366     
           1           1   58.889727457341827     
           1           2   68.400071615468448     
           1           3   77.727146572185987     
           1           4   68.434614015374237     
           1           5   76.783344787388742     
           1           6   85.186877864372548     
           1           1   51.000000000000000     
           1           2   61.740891049650195     
           1           3   71.934023902100719     
           1           4   57.590180537012742     
           1           5   67.295165224571107     
           1           6   76.747184609269411     
           1           1   48.083261120685229     
           1           2   59.357438103478977     
           1           3   69.896339498159051     
           1           4   50.278836433813638     
           1           5   61.152240257129030     
           1           6   71.424481311515535     
           1           1   51.000000000000000     
           1           2   61.746848411978895     
           1           3   71.933947171942563     
           1           4   48.138278864025160     
           1           5   59.401630569614326     
           1           6   69.934131264989517     
           1           1   58.889727457341827     
           1           2   68.410826039563815     
           1           3   77.727004549446889     
           1           4   51.813380422851360     
           1           5   62.414028392599739     
           1           6   72.512818873344997     
           1           1   51.000000000000000     
           1           2   61.728138508668529     
           1           3   68.297326555663332     
           1           4   61.776211486584998     
           1           5   70.904711085061962     
           1           6   76.680018692371718     
           1           1   41.641325627314025     
           1           2   54.256160151165595     
           1           3   61.624015571405508     
           1           4   49.493765309256283     
           1           5   60.501531219626301     
           1           6   67.179992943079640     
           1           1   38.013155617496423     
           1           2   51.527650295278285     
           1           3   59.232708663699846     
           1           4   40.754942072590481     
           1           5   53.585375857436354     
           1           6   61.028498564211645     
           1           1   41.641325627314025     
           1           2   54.262939245456053     
           1           3   61.623926003887938     
           1           4   38.082775662924981     
           1           5   51.578578224356185     
           1           6   59.277346618853777     
           1           1   51.000000000000000     
           1           2   61.740055119505826     
           1           3   68.297164923784138     
           1           4   42.633675668949024     
           1           5   55.020968343980797     
           1           6   62.298715936538287     
           1           1   48.083261120685229     
           1           2   59.330905694161814     
           1           3   62.173469543268610     
           1           4   59.391112263008644     
           1           5   68.827858250661848     
           1           6   71.280055927625554     
           1           1   38.013155617496423     
           1           2   51.512369398942283     
           1           3   54.758878691420101     
           1           4   46.482649609179553     
           1           5   58.053693226499448     
           1           6   60.944011668212156     
           1           1   34.000000000000000     
           1           2   48.630155579605621     
           1           3   52.053138964288948     
           1           4   37.040102774455491     
           1           5   50.805398562552526     
           1           6   54.087879819650283     
           1           1   38.013155617496423     
           1           2   51.519509530858407     
           1           3   54.758777894776735     
           1           4   34.077877169722449     
           1           5   48.684142684894034     
           1           6   52.103981887708784     
           1           1   48.083261120685229     
           1           2   59.343303690507263     
           1           3   62.173291991203122     
           1           4   39.097751997361122     
           1           5   52.317329584244156     
           1           6   55.517124508789529     
           1           1   51.000000000000000     
           1           2   61.708586576210585     
           1           3   60.370156662415432     
           1           4   61.776274782794367     
           1           5   70.887728759569470     
           1           6   69.712749762352487     
           1           1   41.641325627314025     
           1           2   54.233914553877078     
           1           3   52.702469543072603     
           1           4   49.493844313124228     
           1           5   60.481627909255209     
           1           6   59.103245804254520     
           1           1   38.013155617496423     
           1           2   51.504226219222076     
           1           3   49.885316240677568     
           1           4   40.755038016719418     
           1           5   53.562902651153117     
           1           6   52.004998315237764     
           1           1   41.641325627314025     
           1           2   54.240696428460112     
           1           3   52.702364813415365     
           1           4   38.082878339179018     
           1           5   51.555230251451817     
           1           6   49.938422431406813     
           1           1   51.000000000000000     
           1           2   61.720506962013268     
           1           3   60.369973806688336     
           1           4   42.633767385127662     
           1           5   54.999081739093789     
           1           6   53.489926342325326     
           1           1   58.889727457341827     
           1           2   68.364778533816903     
           1           3   63.257974326099124     
           1           4   68.434728290841733     
           1           5   76.751977863813920     
           1           6   72.228031856138287     
           1           1   51.000000000000000     
           1           2   61.701789071155744     
           1           3   55.987193145712610     
           1           4   57.590316330905836     
           1           5   67.259373561390603     
           1           6   62.050098879704294     
           1           1   48.083261120685229     
           1           2   59.316764958862663     
           1           3   53.343793236226112     
           1           4   50.278991974245706     
           1           5   61.112851003156422     
           1           6   55.331193337491221     
           1           1   51.000000000000000     
           1           2   61.707750208450477     
           1           3   55.987094560471306     
           1           4   48.138441320827262     
           1           5   59.361079703769747     
           1           6   53.393512165061644     
           1           1   58.889727457341827     
           1           2   68.375538508973236     
           1           3   63.257799818022988     
           1           4   51.813531356694796     
           1           5   62.375435946056612     
           1           6   56.729122384277538     
           1           1   51.000000000000000     
           1           2   57.568611139709560     
           1           3   68.086510109294835     
           1           4   61.776205046909354     
           1           5   67.314622517297622     
           1           6   76.492286652578315     
           1           1   41.641325627314025     
           1           2   49.472343982862327     
           1           3   61.390287011521792     
           1           4   49.493757271500954     
           1           5   56.251361143616606     
           1           6   66.965633742315646     
           1           1   38.013155617496423     
           1           2   46.463756302759435     
           1           3   58.989506014637342     
           1           4   40.754932311349982     
           1           5   48.735745160743022     
           1           6   60.792452555228564     
           1           1   41.641325627314025     
           1           2   49.479778499562627     
           1           3   61.390197102997220     
           1           4   38.082765216764187     
           1           5   46.520211545479825     
           1           6   59.034299122200721     
           1           1   51.000000000000000     
           1           2   57.581388581462171     
           1           3   68.086347976953220     
           1           4   42.633666337856162     
           1           5   50.309912622658182     
           1           6   62.067500819826975     
           1           1   41.641325627314025     
           1           2   49.456428048325996     
           1           3   57.085798227404510     
           1           4   54.307489540576341     
           1           5   60.523172603254729     
           1           6   66.888646448580189     
           1           1   29.444863728670914     
           1           2   39.740484469905610     
           1           3   48.905856906446829     
           1           4   39.782356881565889     
           1           5   47.916715745412588     
           1           6   55.744212335388802     
           1           1   24.041630560342615     
           1           2   35.925950739074004     
           1           3   45.856049985228417     
           1           4   28.177445198327302     
           1           5   38.819696980913932     
           1           6   48.153332117961121     
           1           1   29.444863728670914     
           1           2   39.749739208074487     
           1           3   48.905744046499080     
           1           4   24.151623480776681     
           1           5   35.998973590274559     
           1           6   45.913718856485794     
           1           1   41.641325627314025     
           1           2   49.471300748145865     
           1           3   57.085604851272208     
           1           4   30.832343660670183     
           1           5   40.778466442677711     
           1           6   49.753349278236257     
           1           1   38.013155617496423     
           1           2   46.429856364664765     
           1           3   49.596409745633537     
           1           4   51.578167187307344     
           1           5   58.076246773362129     
           1           6   60.622703091384082     
           1           1   24.041630560342615     
           1           2   35.904030312027146     
           1           3   39.909877726581506     
           1           4   35.967204913007805     
           1           5   44.786244150897076     
           1           6   48.046210207214713     
           1           1   17.000000000000000     
           1           2   31.630163187225687     
           1           3   36.108071405775746     
           1           4   22.471589354265934     
           1           5   34.882157201169044     
           1           6   38.984157044184194     
           1           1   24.041630560342615     
           1           2   35.914273678498496     
           1           3   39.909739427093648     
           1           4   17.155314831247583     
           1           5   31.713122155826539     
           1           6   36.181358261062691     
           1           1   38.013155617496423     
           1           2   46.445698234149226     
           1           3   49.596187168293760     
           1           4   25.722311828676840     
           1           5   37.049687484966498     
           1           6   40.944070031997583     
           1           1   41.641325627314025     
           1           2   49.432022503510382     
           1           3   47.316163834926506     
           1           4   54.307561541684485     
           1           5   60.503276412088184     
           1           6   58.771874536116847     
           1           1   29.444863728670914     
           1           2   39.710108025427473     
           1           3   37.038005353251954     
           1           4   39.782455171297720     
           1           5   47.891582584634364     
           1           6   45.688723134476120     
           1           1   24.041630560342615     
           1           2   35.892346119955469     
           1           3   32.906052954455561     
           1           4   28.177583968622606     
           1           5   38.788669844738948     
           1           6   36.038668216633177     
           1           1   29.444863728670910     
           1           2   39.719369841404145     
           1           3   37.037856330183942     
           1           4   24.151785382477275     
           1           5   35.965513122816247     
           1           6   32.986539557800228     
           1           1   41.641325627314025     
           1           2   49.446902544060407     
           1           3   47.315930531156837     
           1           4   30.832470481842808     
           1           5   40.748930784141741     
           1           6   38.150202845700214     
           1           1   51.000000000000000     
           1           2   57.526673252776497     
           1           3   50.949336212068943     
           1           4   61.776331639276442     
           1           5   67.278841205200891     
           1           6   61.734547401532069     
           1           1   41.641325627314025     
           1           2   49.423536560380562     
           1           3   41.579193606229943     
           1           4   49.493915279136402     
           1           5   56.208537605758302     
           1           6   49.441688159303013     
           1           1   38.013155617496423     
           1           2   46.411785106143427     
           1           3   37.945010494639035     
           1           4   40.755124199427939     
           1           5   48.686311481167394     
           1           6   40.691604947599650     
           1           1   41.641325627314025     
           1           2   49.430978417814060     
           1           3   41.579060859189447     
           1           4   38.082970569051760     
           1           5   46.468421013679375     
           1           6   38.014903635038578     
           1           1   51.000000000000000     
           1           2   57.539460007424140     
           1           3   50.949119545151049     
           1           4   42.633849770056273     
           1           5   50.262027191189432     
           1           6   42.572985372780977     
           1           1   48.083261120685229     
           1           2   50.276437623492889     
           1           3   61.709289442288444     
           1           4   59.391098866432174     
           1           5   61.195055131550689     
           1           6   70.875494173944858     
           1           1   38.013155617496423     
           1           2   40.756447474142476     
           1           3   54.231272195717899     
           1           4   46.482632492306045     
           1           5   48.762608609638953     
           1           6   60.470338675838796     
           1           1   34.000000000000000     
           1           2   37.046671123274990     
           1           3   51.497819026245757     
           1           4   37.040081294015160     
           1           5   39.859117203974080     
           1           6   53.553599736529371     
           1           1   38.013155617496423     
           1           2   40.765471565034787     
           1           3   54.231170418439916     
           1           4   34.077853822089750     
           1           5   37.117468261499852     
           1           6   51.549143832949852     
           1           1   48.083261120685229     
           1           2   50.291067820471085     
           1           3   61.709110554664342     
           1           4   39.097731647401005     
           1           5   41.769171358871318     
           1           6   54.996730949029185     
           1           1   38.013155617496423     
           1           2   40.737126394152135     
           1           3   49.305698492861495     
           1           4   51.578159474377728     
           1           5   53.634231511886313     
           1           6   60.385070843577246     
           1           1   24.041630560342615     
           1           2   28.158147976326301     
           1           3   39.548026301736954     
           1           4   35.967193852409522     
           1           5   38.853417040640402     
           1           6   47.746025656106667     
           1           1   17.000000000000000     
           1           2   22.455492158050149     
           1           3   35.707714360580283     
           1           4   22.471571651072182     
           1           5   26.842973784534998     
           1           6   38.613587648952652     
           1           1   24.041630560342615     
           1           2   28.171207973102863     
           1           3   39.547886736849854     
           1           4   17.155291641990122     
           1           5   22.572161337819207     
           1           6   35.781773800261803     
           1           1   38.013155617496423     
           1           2   40.755181134027325     
           1           3   49.305474603177871     
           1           4   25.722296362770592     
           1           5   29.605061954399744     
           1           6   40.591397136127938     
           1           1   34.000000000000000     
           1           2   37.004145086696454     
           1           3   40.398853996936573     
           1           4   48.696102975149465     
           1           5   50.856924869556458     
           1           6   53.360827272136554     
           1           1   17.000000000000000     
           1           2   22.420405531587608     
           1           3   27.659752073359432     
           1           4   31.696102975268509     
           1           5   34.919679738666240     
           1           6   38.479917779752931     
           1           1   0.0000000000000000     
           1           2   14.630188474671364     
           1           3   21.818715939615345     
           1           4   14.696102975662987     
           1           5   20.744668204488701     
           1           6   26.306467978546621     
           1           1   16.999999999999996     
           1           2   22.436805597231739     
           1           3   27.659552522547035     
           1           4   2.3038970297640842     
           1           5   14.808730019067516     
           1           6   21.939836888091303     
           1           1   34.000000000000000     
           1           2   37.024020257280711     
           1           3   40.398580745385736     
           1           4   19.303897025632441     
           1           5   24.212717952368305     
           1           6   29.132157967541726     
           1           1   38.013155617496423     
           1           2   40.707493663224177     
           1           3   37.564383459104334     
           1           4   51.578235285519220     
           1           5   53.611778785121480     
           1           6   51.248404790293158     
           1           1   24.041630560342615     
           1           2   28.115260463758812     
           1           3   23.325466450996096     
           1           4   35.967302568038718     
           1           5   38.822416853772886     
           1           6   35.492607381249073     
           1           1   16.999999999999996     
           1           2   22.401689702979148     
           1           3   15.970969464952896     
           1           4   22.471745657009162     
           1           5   26.798083443250484     
           1           6   21.703717743493829     
           1           1   24.041630560342611     
           1           2   28.128340373227221     
           1           3   23.325229819754639     
           1           4   17.155519570265877     
           1           5   22.518758893303218     
           1           6   16.136218548935247     
           1           1   38.013155617496423     
           1           2   40.725561540090361     
           1           3   37.564089588838492     
           1           4   25.722448378376438     
           1           5   29.564365847385087     
           1           6   25.054016329298484     
           1           1   48.083261120685229     
           1           2   50.228411552482839     
           1           3   42.048762229814379     
           1           4   59.391230542651662     
           1           5   61.155693453855079     
           1           6   54.620692964596230     
           1           1   38.013155617496423     
           1           2   40.697188572297648     
           1           3   30.018209232953545     
           1           4   46.482800735571693     
           1           5   48.713202190835290     
           1           6   40.208783680962625     
           1           1   34.000000000000000     
           1           2   36.981468173839673     
           1           3   24.740399472265818     
           1           4   37.040292426968364     
           1           5   39.798659444113277     
           1           6   28.776248370352224     
           1           1   38.013155617496423     
           1           2   40.706225800192769     
           1           3   30.018025360459738     
           1           4   34.078083307718394     
           1           5   37.052537287098353     
           1           6   24.847508032838064     
           1           1   48.083261120685229     
           1           2   50.243055734099634     
           1           3   42.048499700169060     
           1           4   39.097931668826931     
           1           5   41.711482175476824     
           1           6   31.380325693206331     
           1           1   51.000000000000000     
           1           2   48.159063234897445     
           1           3   59.651487392027008     
           1           4   61.776255463785226     
           1           5   59.467731926321044     
           1           6   69.091254377537354     
           1           1   41.641325627314025     
           1           2   38.113819045936786     
           1           3   51.877687193774072     
           1           4   49.493820199892824     
           1           5   46.576478681026217     
           1           6   58.368892542443596     
           1           1   38.013155617496423     
           1           2   34.117899010196638     
           1           3   49.013150368742707     
           1           4   40.755008733059846     
           1           5   37.152733307085192     
           1           6   51.168875322808113     
           1           1   41.641325627314025     
           1           2   38.123468670538614     
           1           3   51.877580799059018     
           1           4   38.082847000772531     
           1           5   34.194777642948694     
           1           6   49.067096785634604     
           1           1   51.000000000000000     
           1           2   48.174336467429441     
           1           3   59.651302333283638     
           1           4   42.633739391903156     
           1           5   39.194898187315289     
           1           6   52.677378182105720     
           1           1   41.641325627314025     
           1           2   38.093157632401727     
           1           3   46.704554900758758     
           1           4   54.307546891098603     
           1           5   51.654691536954068     
           1           6   58.280550253446691     
           1           1   29.444863728670914     
           1           2   24.175534927082147     
           1           3   36.253412652768326     
           1           4   39.782435171584687     
           1           5   36.071656236457748     
           1           6   45.054952258484064     
           1           1   24.041630560342615     
           1           2   17.199544168789224     
           1           3   32.020374911387528     
           1           4   28.177555732068093     
           1           5   22.630104054212570     
           1           6   35.231731552451855     
           1           1   29.444863728670914     
           1           2   24.190745135644210     
           1           3   36.253260404544704     
           1           4   24.151752439238621     
           1           5   17.351623421680035     
           1           6   32.102976394000990     
           1           1   41.641325627314025     
           1           2   38.112464900885861     
           1           3   46.704318541796994     
           1           4   30.832444676650827     
           1           5   25.846393582685810     
           1           6   37.388865702552920     
           1           1   38.013155617496423     
           1           2   34.071717672450283     
           1           3   37.179711522210901     
           1           4   51.578227572599786     
           1           5   48.764773916167862     
           1           6   50.967083929017114     
           1           1   24.041630560342615     
           1           2   17.153710262060617     
           1           3   22.700780369157702     
           1           4   35.967291507470478     
           1           5   31.795603484731540     
           1           6   35.085179626121750     
           1           1   17.000000000000000     
           1           2   2.3701490160507728     
           1           3   15.043932659469368     
           1           4   22.471727953938544     
           1           5   14.896899906409370     
           1           6   21.030834851878364     
           1           1   24.041630560342615     
           1           2   17.175140085654295     
           1           3   22.700537226166308     
           1           4   17.155496381285161     
           1           5   3.2977041536327079     
           1           6   15.219139257419739     
           1           1   38.013155617496423     
           1           2   34.093302385738639     
           1           3   37.179414611455030     
           1           4   25.722432912552293     
           1           5   19.437903141753573     
           1           6   24.473422010550298     
           1           1   41.641325627314025     
           1           2   38.061466496908864     
           1           3   34.078533555181856     
           1           4   54.307618892130712     
           1           5   51.631377982889987     
           1           6   48.751048712929503     
           1           1   29.444863728670914     
           1           2   24.125568646124776     
           1           3   17.156367032841448     
           1           4   39.782533461123080     
           1           5   36.038263252761830     
           1           6   31.780354557181685     
           1           1   24.041630560342615     
           1           2   17.129240879339680     
           1           3   2.3098507006908893     
           1           4   28.177694501819033     
           1           5   22.576838665735973     
           1           6   14.876730855599012     
           1           1   29.444863728670910     
           1           2   24.140810336565011     
           1           3   17.156045312174815     
           1           4   24.151914340074740     
           1           5   17.282096805711330     
           1           6   3.2624080247088645     
           1           1   41.641325627314025     
           1           2   38.080789833058439     
           1           3   34.078209625027384     
           1           4   30.832571497407947     
           1           5   25.799769298683366     
           1           6   19.441437480017726     
           1           1   51.000000000000000     
           1           2   48.108923482442123     
           1           3   38.966164164162841     
           1           4   61.776382056048995     
           1           5   59.427226165530797     
           1           6   52.284661775642917     
           1           1   41.641325627314025     
           1           2   38.050444796914441     
           1           3   25.521685488274514     
           1           4   49.493978207327373     
           1           5   46.524750784850582     
           1           6   36.973125945247432     
           1           1   38.013155617496423     
           1           2   34.047087685242573     
           1           3   19.035517084027823     
           1           4   40.755200620777984     
           1           5   37.087864072439679     
           1           6   24.048663732791514     
           1           1   41.641325627314025     
           1           2   38.060110489200618     
           1           3   25.521469220055270     
           1           4   38.083052352619106     
           1           5   34.124285887312993     
           1           6   19.174577244430576     
           1           1   51.000000000000000     
           1           2   48.124212627883288     
           1           3   38.965880865754102     
           1           4   42.633922823788950     
           1           5   39.133414279645670     
           1           6   27.110710017858036     
           1           1   58.889727457341827     
           1           2   51.854320583888963     
           1           3   62.342309009934667     
           1           4   68.434705038389595     
           1           5   62.497900031665367     
           1           6   71.427356023601050     
           1           1   51.000000000000000     
           1           2   42.687684334246725     
           1           3   54.950504758228512     
           1           4   57.590288699952275     
           1           5   50.387942349646956     
           1           6   61.116228398781374     
           1           1   48.083261120685229     
           1           2   39.161284764724670     
           1           3   52.254688341602495     
           1           4   50.278960325332065     
           1           5   41.831829509294145     
           1           6   54.281852942413117     
           1           1   51.000000000000000     
           1           2   42.696300249874326     
           1           3   54.950404313088740     
           1           4   48.138408264594517     
           1           5   39.228295730989373     
           1           6   52.305312770611714     
           1           1   58.889727457341827     
           1           2   51.868505720051175     
           1           3   62.342131938728521     
           1           4   51.813500645114175     
           1           5   43.655657271667167     
           1           6   55.706121110711614     
           1           1   51.000000000000000     
           1           2   42.669237747596164     
           1           3   50.095698349129876     
           1           4   61.776312320285079     
           1           5   55.116091349851082     
           1           6   61.031862948014357     
           1           1   41.641325627314025     
           1           2   30.887403266776058     
           1           3   40.528674707926569     
           1           4   49.493891165939566     
           1           5   40.874695736463117     
           1           6   48.561450555713030     
           1           1   38.013155617496423     
           1           2   25.795338942685188     
           1           3   36.790867808123807     
           1           4   40.755094915830291     
           1           5   29.693399559695809     
           1           6   39.617428806583526     
           1           1   41.641325627314025     
           1           2   30.899309729694181     
           1           3   40.528538520020106     
           1           4   38.082939230721166     
           1           5   25.897011473817788     
           1           6   36.862811211496982     
           1           1   51.000000000000000     
           1           2   42.686475286384756     
           1           3   50.095477990160617     
           1           4   42.633821776885853     
           1           5   32.211992008231299     
           1           6   41.547479292782860     
           1           1   48.083261120685229     
           1           2   39.121057458931766     
           1           3   41.359333813346737     
           1           4   59.391217146101880     
           1           5   52.417359176156715     
           1           6   54.091675896464494     
           1           1   38.013155617496423     
           1           2   25.764800936716032     
           1           3   29.044603181619820     
           1           4   46.482783618753842     
           1           5   37.155575205687875     
           1           6   39.487157234446634     
           1           1   34.000000000000000     
           1           2   19.369894112053533     
           1           3   23.549595632869657     
           1           4   37.040270946638003     
           1           5   24.320649554007282     
           1           6   27.758994427530411     
           1           1   38.013155617496423     
           1           2   25.779073461156990     
           1           3   29.044413145484395     
           1           4   34.078059960226916     
           1           5   19.505158819967129     
           1           6   23.661951669239322     
           1           1   48.083261120685229     
           1           2   39.139857678832861     
           1           3   41.359066907505301     
           1           4   39.097911318960328     
           1           5   27.338771853458386     
           1           6   30.450191164706514     
           1           1   51.000000000000000     
           1           2   42.640947731601791     
           1           3   38.595465975690459     
           1           4   61.776375616391135     
           1           5   55.094242533311160     
           1           6   52.008946419545055     
           1           1   41.641325627314025     
           1           2   30.848310392187745     
           1           3   24.952043490956676     
           1           4   49.493970169606619     
           1           5   40.845229662503051     
           1           6   36.582190924558653     
           1           1   38.013155617496423     
           1           2   25.748516164166070     
           1           3   18.264691480244245     
           1           4   40.755190859599409     
           1           5   29.652824689157793     
           1           6   23.443184041648745     
           1           1   41.641325627314025     
           1           2   30.860231937882187     
           1           3   24.951822285404727     
           1           4   38.083041906534206     
           1           5   25.850478485111893     
           1           6   18.409482968849709     
           1           1   51.000000000000000     
           1           2   42.658196701963931     
           1           3   38.595179956263109     
           1           4   42.633913492750175     
           1           5   32.174593451550244     
           1           6   26.575086986689634     
           1           1   58.889727457341827     
           1           2   51.807757239561631     
           1           3   42.972380598211139     
           1           4   68.434819313705106     
           1           5   62.459359407829368     
           1           6   55.334904120763220     
           1           1   51.000000000000000     
           1           2   42.631110011315840     
           1           3   31.298881366135539     
           1           4   57.590424493590334     
           1           5   50.340131143052361     
           1           6   41.173751337761438     
           1           1   48.083261120685229     
           1           2   39.099608327967637     
           1           3   26.279544426518122     
           1           4   50.279115865380874     
           1           5   41.774226855359238     
           1           6   30.109865233733021     
           1           1   51.000000000000000     
           1           2   42.639737358525544     
           1           3   31.298705017288704     
           1           4   48.138570720959926     
           1           5   39.166864250617813     
           1           6   26.380488425412402     
           1           1   58.889727457341827     
           1           2   51.821955121430932     
           1           3   42.972123711228960     
           1           4   51.813651578607399     
           1           5   43.600464230207812     
           1           6   32.607611913985217     
           2           1   51.821955121430932     
           2           2   58.889727457341827     
           2           3   69.241063672525172     
           2           4   62.459043360862935     
           2           5   68.450213379291796     
           2           6   77.523800485605406     
           2           1   42.639737358525544     
           2           2   51.000000000000000     
           2           3   62.665393546941331     
           2           4   50.339812929758274     
           2           5   57.602266508622051     
           2           6   68.138814168564338     
           2           1   39.099608327967637     
           2           2   48.083261120685229     
           2           3   60.312338690216507     
           2           4   41.773932470524734     
           2           5   50.285291111716411     
           2           6   62.079435813031793     
           2           1   42.631110011315833     
           2           2   51.000000000000000     
           2           3   62.659435428143922     
           2           4   39.166645277593830     
           2           5   48.137302556850962     
           2           6   60.355734652396741     
           2           1   51.807757239561631     
           2           2   58.889727457341827     
           2           3   69.230278766332347     
           2           4   43.600352871849161     
           2           5   51.805301781859690     
           2           6   63.322768890792474     
           2           1   42.658196701963931     
           2           2   51.000000000000000     
           2           3   58.468342820327685     
           2           4   55.093944504019866     
           2           5   61.793482198719900     
           2           6   68.074719693662686     
           2           1   30.860231937882190     
           2           2   41.641325627314025     
           2           3   50.509145330778608     
           2           4   40.844918769180126     
           2           5   49.507815923379795     
           2           6   57.158777243192837     
           2           1   25.748516164166070     
           2           2   38.013155617496423     
           2           3   47.558389501076100     
           2           4   29.652521941815088     
           2           5   40.762890387741173     
           2           6   49.780359284592649     
           2           1   30.848310392187745     
           2           2   41.641325627314025     
           2           3   50.501753056962450     
           2           4   25.850275158278833     
           2           5   38.081526072660822     
           2           6   47.613469996097948     
           2           1   42.640947731601791     
           2           2   51.000000000000000     
           2           3   58.455570407932612     
           2           4   32.174545746717705     
           2           5   42.623843365920095     
           2           6   51.322518251109912     
           2           1   39.139857678832861     
           2           2   48.083261120685229     
           2           3   51.193450028378059     
           2           4   52.417109272353862     
           2           5   59.409066419330728     
           2           6   61.938641258987452     
           2           1   25.779073461156997     
           2           2   38.013155617496423     
           2           3   41.873571327251184     
           2           4   37.155322804664038     
           2           5   46.497597444128168     
           2           6   49.692591355007181     
           2           1   19.369894112053533     
           2           2   34.000000000000000     
           2           3   38.262548602892927     
           2           4   24.320416957110126     
           2           5   37.048832145371847     
           2           6   40.991608777186634     
           2           1   25.764800936716032     
           2           2   38.013155617496423     
           2           3   41.864654250084207     
           2           4   19.505059579929316     
           2           5   34.076463410918720     
           2           6   38.331062399940272     
           2           1   39.121057458931766     
           2           2   48.083261120685229     
           2           3   51.178862095297163     
           2           4   27.338837163740063     
           2           5   39.087015156640277     
           2           6   42.851239180148632     
           2           1   42.686475286384756     
           2           2   51.000000000000000     
           2           3   48.999913667890475     
           2           4   55.115913926267702     
           2           5   61.793526387392603     
           2           6   60.138366295139228     
           2           1   30.899309729694185     
           2           2   41.641325627314025     
           2           3   39.161437529169824     
           2           4   40.874547534824799     
           2           5   49.507871077729952     
           2           6   47.429752847917406     
           2           1   25.795338942685188     
           2           2   38.013155617496423     
           2           3   35.273854896246050     
           2           4   29.693320872303158     
           2           5   40.762957374421134     
           2           6   38.217009430104802     
           2           1   30.887403266776055     
           2           2   41.641325627314025     
           2           3   39.151902752379378     
           2           4   25.897064943241290     
           2           5   38.081597775941837     
           2           6   35.348241319009205     
           2           1   42.669237747596164     
           2           2   51.000000000000000     
           2           3   48.984672490710018     
           2           4   32.212150516899044     
           2           5   42.623907427972426     
           2           6   40.205180249727775     
           2           1   51.868505720051168     
           2           2   58.889727457341827     
           2           3   52.528218636399593     
           2           4   62.497796692248393     
           2           5   68.450293161989620     
           2           6   63.046418774480223     
           2           1   42.696300249874326     
           2           2   51.000000000000000     
           2           3   43.495291733746868     
           2           4   50.387888025144662     
           2           5   57.602361316373710     
           2           6   51.066713961770873     
           2           1   39.161284764724662     
           2           2   48.083261120685229     
           2           3   40.030826282929752     
           2           4   41.831853029520687     
           2           5   50.285399714845767     
           2           6   42.647011963553958     
           2           1   42.687684334246718     
           2           2   51.000000000000000     
           2           3   43.486707196388757     
           2           4   39.228415671963120     
           2           5   48.137416006071149     
           2           6   40.096458496801247     
           2           1   51.854320583888956     
           2           2   58.889727457341827     
           2           3   52.514001491743137     
           2           4   43.655850288148365     
           2           5   51.805407198489412     
           2           6   44.437420475899536     
           2           1   48.124212627883288     
           2           2   51.000000000000000     
           2           3   62.337895790264135     
           2           4   59.426930095410519     
           2           5   61.793469622800373     
           2           6   71.425697107124947     
           2           1   38.060110489200618     
           2           2   41.641325627314025     
           2           3   54.942150498940080     
           2           4   46.524452590156400     
           2           5   49.507800226668287     
           2           6   61.111280151907692     
           2           1   34.047087685242573     
           2           2   38.013155617496423     
           2           3   52.242382711152565     
           2           4   37.087590337774891     
           2           5   40.762871323588591     
           2           6   54.272893016414166     
           2           1   38.050444796914441     
           2           2   41.641325627314025     
           2           3   54.935354747456422     
           2           4   34.124097428525722     
           2           5   38.081505666178501     
           2           6   52.292497271954112     
           2           1   48.108923482442123     
           2           2   51.000000000000000     
           2           3   62.325916368066615     
           2           4   39.133345034131935     
           2           5   42.623825134106973     
           2           6   55.690785822284091     
           2           1   38.080789833058439     
           2           2   41.641325627314025     
           2           3   50.102250101272986     
           2           4   51.631101518587357     
           2           5   54.327116788919412     
           2           6   61.039806903999555     
           2           1   24.140810336565014     
           2           2   29.444863728670914     
           2           3   40.532235505839786     
           2           4   36.037970423867868     
           2           5   39.799811731421961     
           2           6   48.567647476934098     
           2           1   17.129240879339680     
           2           2   24.041630560342615     
           2           3   36.789791586678092     
           2           4   22.576536061151586     
           2           5   28.188905780756677     
           2           6   39.620382835226778     
           2           1   24.125568646124773     
           2           2   29.444863728670914     
           2           3   40.523023269267078     
           2           4   17.281916814097347     
           2           5   24.149612923939824     
           2           6   36.860996874421659     
           2           1   38.061466496908864     
           2           2   41.641325627314025     
           2           3   50.087344357351505     
           2           4   25.799792964639909     
           2           5   30.818715087359916     
           2           6   41.541442501943934     
           2           1   34.093302385738639     
           2           2   38.013155617496423     
           2           3   41.381852047282599     
           2           4   48.764549290242989     
           2           5   51.598821199421074     
           2           6   54.111790272697007     
           2           1   17.175140085654299     
           2           2   24.041630560342615     
           2           3   29.070334169966770     
           2           4   31.795376011763725     
           2           5   35.986493916878999     
           2           6   39.510051899264035     
           2           1   2.3701490160507754     
           2           2   17.000000000000000     
           2           3   23.573522830580249     
           2           4   14.896664189621198     
           2           5   22.485932039595635     
           2           6   27.784933968766744     
           2           1   17.153710262060613     
           2           2   24.041630560342615     
           2           3   29.057488338365356     
           2           4   3.2977677642983281     
           2           5   17.152449823540010     
           2           6   23.684613364269183     
           2           1   34.071717672450283     
           2           2   38.013155617496423     
           2           3   41.363803964633007     
           2           4   19.438105372596056     
           2           5   25.705951260531130     
           2           6   30.461767262933201     
           2           1   38.112464900885861     
           2           2   41.641325627314025     
           2           3   38.635215704275090     
           2           4   51.654543758883428     
           2           5   54.327167050590454     
           2           6   52.041461030174219     
           2           1   24.190745135644210     
           2           2   29.444863728670914     
           2           3   25.006130096562636     
           2           4   36.071547779202717     
           2           5   39.799880339047569     
           2           6   36.623380793167264     
           2           1   17.199544168789220     
           2           2   24.041630560342615     
           2           3   18.328480359717940     
           2           4   22.630095612617442     
           2           5   28.189002647526387     
           2           6   23.499582449216476     
           2           1   24.175534927082140     
           2           2   29.444863728670914     
           2           3   24.991195293281127     
           2           4   17.351826868808651     
           2           5   24.149725992689728     
           2           6   18.471294753040823     
           2           1   38.093157632401727     
           2           2   41.641325627314025     
           2           3   38.615883934946609     
           2           4   25.846674136801667     
           2           5   30.818803688361076     
           2           6   26.611033133268311     
           2           1   48.174336467429434     
           2           2   51.000000000000000     
           2           3   43.022111828320824     
           2           4   59.467659399006678     
           2           5   61.793558000132165     
           2           6   55.376362157457912     
           2           1   38.123468670538607     
           2           2   41.641325627314025     
           2           3   31.361262029116329     
           2           4   46.576465974193120     
           2           5   49.507910535342141     
           2           6   41.224990483444969     
           2           1   34.117899010196631     
           2           2   38.013155617496423     
           2           3   26.346829144116075     
           2           4   37.152817536413998     
           2           5   40.763005296901085     
           2           6   30.173799809210607     
           2           1   38.113819045936779     
           2           2   41.641325627314025     
           2           3   31.349354950933115     
           2           4   34.194977981320214     
           2           5   38.081649072682374     
           2           6   26.446484633926463     
           2           1   48.159063234897445     
           2           2   51.000000000000000     
           2           3   43.004752129618716     
           2           4   39.195167908708811     
           2           5   42.623953258170161     
           2           6   32.655396247154911     
           2           1   50.243055734099634     
           2           2   48.083261120685229     
           2           3   59.629704045995197     
           2           4   61.155440833792227     
           2           5   59.409040258005589     
           2           6   69.074747721186498     
           2           1   40.706225800192769     
           2           2   38.013155617496423     
           2           3   51.849091163715940     
           2           4   48.712961435580610     
           2           5   46.497564018312531     
           2           6   58.346200624477262     
           2           1   36.981468173839673     
           2           2   34.000000000000000     
           2           3   48.979127231849247     
           2           4   39.798458262516483     
           2           5   37.048790194779862     
           2           6   51.139392662388360     
           2           1   40.697188572297641     
           2           2   38.013155617496423     
           2           3   51.841889956713842     
           2           4   37.052421625612659     
           2           5   34.076417801121067     
           2           6   49.032599731649263     
           2           1   50.228411552482839     
           2           2   48.083261120685229     
           2           3   59.617180444687065     
           2           4   41.711468645578414     
           2           5   39.086975393554120     
           2           6   52.641753304865539     
           2           1   40.725561540090361     
           2           2   38.013155617496423     
           2           3   46.689654295846459     
           2           4   53.611552551976395     
           2           5   51.598806138807753     
           2           6   58.271335941304400     
           2           1   28.128340373227221     
           2           2   24.041630560342615     
           2           3   36.229138385504065     
           2           4   38.822200289038598     
           2           5   35.986472322388146     
           2           6   45.038949221207922     
           2           1   22.401689702979148     
           2           2   17.000000000000000     
           2           3   31.987139885371977     
           2           4   26.797908566362619     
           2           5   22.485897479748338     
           2           6   35.206040696402312     
           2           1   28.115260463758805     
           2           2   24.041630560342615     
           2           3   36.218831675479336     
           2           4   22.518716033114178     
           2           5   17.152404517428362     
           2           6   32.069045138309413     
           2           1   40.707493663224177     
           2           2   38.013155617496423     
           2           3   46.673658714815325     
           2           4   29.564459068769310     
           2           5   25.705921029779134     
           2           6   37.354812416195010     
           2           1   37.024020257280711     
           2           2   34.000000000000000     
           2           3   37.177224639802411     
           2           4   50.856751670660124     
           2           5   48.717958963027186     
           2           6   50.968386398071793     
           2           1   22.436805597231739     
           2           2   17.000000000000000     
           2           3   22.688602464865088     
           2           4   34.919534056743842     
           2           5   31.717958963069243     
           2           6   35.081829578705566     
           2           1   14.630188474671364     
           2           2   0.0000000000000000     
           2           3   15.013305155728796     
           2           4   20.744602357938692     
           2           5   14.717958963208481     
           2           6   21.016496405336717     
           2           1   22.420405531587605     
           2           2   16.999999999999996     
           2           3   22.672141089658545     
           2           4   14.808889061570357     
           2           5   2.2820410387267560     
           2           6   15.187214218602485     
           2           1   37.004145086696454     
           2           2   34.000000000000000     
           2           3   37.157134328143961     
           2           4   24.212968911036096     
           2           5   19.282041037249595     
           2           6   24.446059606568742     
           2           1   40.755181134027325     
           2           2   38.013155617496423     
           2           3   34.093522047025438     
           2           4   53.634129189808384     
           2           5   51.598859058085154     
           2           6   48.764784749467978     
           2           1   28.171207973102863     
           2           2   24.041630560342615     
           2           3   17.175415437809946     
           2           4   38.853371567959940     
           2           5   35.986548200068881     
           2           6   31.795637849053065     
           2           1   22.455492158050145     
           2           2   17.000000000000000     
           2           3   2.3709798294609890     
           2           4   26.843046593985193     
           2           5   22.486018914330415     
           2           6   14.897011136275832     
           2           1   28.158147976326298     
           2           2   24.041630560342615     
           2           3   17.153664192879067     
           2           4   22.572412779668962     
           2           5   17.152563711450522     
           2           6   3.2983776861536835     
           2           1   40.737126394152128     
           2           2   38.013155617496423     
           2           3   34.071613480027800     
           2           4   29.605379358229225     
           2           5   25.706027253060977     
           2           6   19.438046453455836     
           2           1   50.291067820471085     
           2           2   48.083261120685229     
           2           3   38.994749123743411     
           2           4   61.195019710814051     
           2           5   59.409132182426909     
           2           6   52.309005451267566     
           2           1   40.765471565034780     
           2           2   38.013155617496423     
           2           3   25.558112393407267     
           2           4   48.762640470505922     
           2           5   46.497681468314283     
           2           6   37.002572962794510     
           2           1   37.046671123274983     
           2           2   34.000000000000000     
           2           3   19.074688962192511     
           2           4   39.859249540159745     
           2           5   37.048937598648649     
           2           6   24.086277429962504     
           2           1   40.756447474142469     
           2           2   38.013155617496423     
           2           3   25.543500325811642     
           2           4   37.117710626513961     
           2           5   34.076578062480181     
           2           6   19.212160602059093     
           2           1   50.276437623492889     
           2           2   48.083261120685229     
           2           3   38.975595682235443     
           2           4   41.769475821495888     
           2           5   39.087115111095756     
           2           6   27.130526525769863     
           2           1   57.539460007424140     
           2           2   51.000000000000000     
           2           3   61.671630087651494     
           2           4   67.278643465709933     
           2           5   61.793488659653320     
           2           6   70.844981037843198     
           2           1   49.430978417814060     
           2           2   41.641325627314025     
           2           3   54.185021985401754     
           2           4   56.208367124788609     
           2           5   49.507823987632975     
           2           6   60.431528963104633     
           2           1   46.411785106143427     
           2           2   38.013155617496423     
           2           3   51.445536807859455     
           2           4   48.686191092381819     
           2           5   40.762900182030613     
           2           6   53.506336516199127     
           2           1   49.423536560380555     
           2           2   41.641325627314025     
           2           3   54.178131264737921     
           2           4   46.468374959028012     
           2           5   38.081536556577333     
           2           6   51.496469800860474     
           2           1   57.526673252776497     
           2           2   51.000000000000000     
           2           3   61.659521221215485     
           2           4   50.262058648464887     
           2           5   42.623852732591878     
           2           6   54.944014746987001     
           2           1   49.446902544060407     
           2           2   41.641325627314025     
           2           3   49.270804451731841     
           2           4   60.503111407959665     
           2           5   54.327138442068154     
           2           6   60.359250806244752     
           2           1   39.719369841404145     
           2           2   29.444863728670914     
           2           3   39.499858496090198     
           2           4   47.891451829036058     
           2           5   39.799841288168267     
           2           6   47.709511760836008     
           2           1   35.892346119955469     
           2           2   24.041630560342615     
           2           3   35.649200146728390     
           2           4   38.788604338668641     
           2           5   28.188947511801995     
           2           6   38.563659927755033     
           2           1   39.710108025427473     
           2           2   29.444863728670910     
           2           3   39.490405429570487     
           2           4   35.965545940395323     
           2           5   24.149661634956132     
           2           6   35.722740958522905     
           2           1   49.432022503510382     
           2           2   41.641325627314025     
           2           3   49.255647096370595     
           2           4   40.749051069191644     
           2           5   30.818753257434288     
           2           6   40.534831640897686     
           2           1   46.445698234149226     
           2           2   38.013155617496423     
           2           3   40.371207375721085     
           2           4   58.076132046666501     
           2           5   51.598843997482888     
           2           6   53.342918719638433     
           2           1   35.914273678498496     
           2           2   24.041630560342615     
           2           3   27.612696986419618     
           2           4   44.786178467812427     
           2           5   35.986526605610607     
           2           6   38.450296905175442     
           2           1   31.630163187225687     
           2           2   16.999999999999996     
           2           3   21.750578952160737     
           2           4   34.882179547723908     
           2           5   22.485984354616637     
           2           6   26.256117128439502     
           2           1   35.904030312027146     
           2           2   24.041630560342611     
           2           3   27.599172716669031     
           2           4   31.713264074335690     
           2           5   17.152518405639690     
           2           6   21.871032011053451     
           2           1   46.429856364664765     
           2           2   38.013155617496423     
           2           3   40.352707276400665     
           2           4   37.049909399315048     
           2           5   25.705997022398346     
           2           6   29.074050213114703     
           2           1   49.471300748145858     
           2           2   41.641325627314025     
           2           3   37.550720347633202     
           2           4   60.523117376418313     
           2           5   54.327188703719173     
           2           6   51.241533907258749     
           2           1   39.749739208074487     
           2           2   29.444863728670914     
           2           3   23.295562850390738     
           2           4   47.916723648519735     
           2           5   39.799909895742935     
           2           6   35.477502050383130     
           2           1   35.925950739074004     
           2           2   24.041630560342615     
           2           3   15.915712312267262     
           2           4   38.819802594262541     
           2           5   28.189044378428303     
           2           6   21.670521597348074     
           2           1   39.740484469905610     
           2           2   29.444863728670910     
           2           3   23.279530671755527     
           2           4   35.999190847940120     
           2           5   24.149774703477970     
           2           6   16.080107613673480     
           2           1   49.456428048325996     
           2           2   41.641325627314025     
           2           3   37.530829969340630     
           2           4   40.778749489842355     
           2           5   30.818841858325712     
           2           6   25.010562077520575     
           2           1   57.581388581462171     
           2           2   51.000000000000000     
           2           3   42.050907389482482     
           2           4   67.314622188775388     
           2           5   61.793577036957878     
           2           6   54.625292830405428     
           2           1   49.479778499562620     
           2           2   41.641325627314025     
           2           3   30.015087242404995     
           2           4   56.251426903381528     
           2           5   49.507934296253893     
           2           6   40.210458482510916     
           2           1   46.463756302759428     
           2           2   38.013155617496423     
           2           3   24.729175321056172     
           2           4   48.735897415717886     
           2           5   40.763034155248263     
           2           6   28.772197099629434     
           2           1   49.472343982862320     
           2           2   41.641325627314025     
           2           3   30.002645915816895     
           2           4   46.520451042141460     
           2           5   38.081679962964877     
           2           6   24.835411824773807     
           2           1   57.568611139709553     
           2           2   51.000000000000000     
           2           3   42.033146585049224     
           2           4   50.310208043827274     
           2           5   42.623980856572103     
           2           6   31.364885382738212     
           2           1   68.375538508973236     
           2           2   58.889727457341827     
           2           3   68.037330273337929     
           2           4   76.751832483640200     
           2           5   68.450247750348410     
           2           6   76.450650119924845     
           2           1   61.707750208450477     
           2           2   51.000000000000000     
           2           3   61.332739712274524     
           2           4   67.259262989165066     
           2           5   57.602307352603702     
           2           6   66.915321551385802     
           2           1   59.316764958862663     
           2           2   48.083261120685229     
           2           3   58.926493281918333     
           2           4   61.112790200534711     
           2           5   50.285337898870353     
           2           6   60.733998821842341     
           2           1   61.701789071155744     
           2           2   51.000000000000000     
           2           3   61.326652121197007     
           2           4   59.361079794285033     
           2           5   48.137351431744882     
           2           6   58.970984114713033     
           2           1   68.364778533816903     
           2           2   58.889727457341827     
           2           3   68.026354527379070     
           2           4   62.375495690153649     
           2           5   51.805347196240810     
           2           6   62.004316962804516     
           2           1   61.720506962013268     
           2           2   51.000000000000000     
           2           3   57.037711423022081     
           2           4   70.887618192845437     
           2           5   61.793520272412181     
           2           6   66.850054026888870     
           2           1   54.240696428460112     
           2           2   41.641325627314025     
           2           3   48.845953509643905     
           2           4   60.481559845158870     
           2           5   49.507863445282702     
           2           6   55.694596488027024     
           2           1   51.504226219222076     
           2           2   38.013155617496423     
           2           3   45.788140649699294     
           2           4   53.562895268575957     
           2           5   40.762948104577802     
           2           6   48.092062053215621     
           2           1   54.233914553877078     
           2           2   41.641325627314025     
           2           3   48.838309492108706     
           2           4   51.555294760105284     
           2           5   38.081587853400329     
           2           6   45.845444562099431     
           2           1   61.708586576210585     
           2           2   51.000000000000000     
           2           3   57.024618577745400     
           2           4   54.999209867508476     
           2           5   42.623898562848424     
           2           6   49.686649531465925     
           2           1   59.343303690507263     
           2           2   48.083261120685229     
           2           3   49.553231358092297     
           2           4   68.827792616881865     
           2           5   59.409106021130725     
           2           6   60.590077925653432     
           2           1   51.519509530858407     
           2           2   38.013155617496423     
           2           3   39.851592037445279     
           2           4   58.053679510961224     
           2           5   46.497648042559049     
           2           6   48.001207251515531     
           2           1   48.630155579605621     
           2           2   34.000000000000000     
           2           3   36.038535455943858     
           2           4   50.805456134260830     
           2           5   37.048895648176071     
           2           6   38.923954734445182     
           2           1   51.512369398942283     
           2           2   38.013155617496423     
           2           3   39.842222424203108     
           2           4   48.684279200366149     
           2           5   34.076532452835977     
           2           6   36.111391647724233     
           2           1   59.330905694161814     
           2           2   48.083261120685229     
           2           3   49.538160417904336     
           2           4   52.317527746522067     
           2           5   39.087075348111277     
           2           6   40.877756314425064     
           2           1   61.740055119505826     
           2           2   51.000000000000000     
           2           3   47.283664744616608     
           2           4   70.904694202643327     
           2           5   61.793564461057649     
           2           6   58.748492428959835     
           2           1   54.262939245456053     
           2           2   41.641325627314025     
           2           3   36.991507154638214     
           2           4   60.501572940042337     
           2           5   49.507918599579924     
           2           6   45.654613318280788     
           2           1   51.527650295278285     
           2           2   38.013155617496423     
           2           3   32.848108795819591     
           2           4   53.585492406696851     
           2           5   40.763015091162920     
           2           6   35.990305247495911     
           2           1   54.256160151165595     
           2           2   41.641325627314025     
           2           3   36.981412917198703     
           2           4   51.578771454127022     
           2           5   38.081659556565022     
           2           6   32.928109972698444     
           2           1   61.728138508668529     
           2           2   51.000000000000000     
           2           3   47.267870178829739     
           2           4   55.021217116363133     
           2           5   42.623962624817793     
           2           6   38.094865545638996     
           2           1   68.410826039563815     
           2           2   58.889727457341827     
           2           3   50.931003969428851     
           2           4   76.783372441097072     
           2           5   68.450327533006174     
           2           6   61.722063982941677     
           2           1   61.746848411978888     
           2           2   51.000000000000000     
           2           3   41.552302165154799     
           2           4   67.295252073806267     
           2           5   57.602402160288143     
           2           6   49.422378907540832     
           2           1   59.357438103478970     
           2           2   48.083261120685229     
           2           3   37.910690644126738     
           2           4   61.152396681782065     
           2           5   50.285446501898662     
           2           6   40.663618769690522     
           2           1   61.740891049650187     
           2           2   51.000000000000000     
           2           3   41.543316129132364     
           2           4   59.401854248625376     
           2           5   48.137464880849890     
           2           6   37.980103291235501     
           2           1   68.400071615468448     
           2           2   58.889727457341827     
           2           3   50.916340843538428     
           2           4   62.414300896700233     
           2           5   51.805452612778133     
           2           6   42.537590441621255     
           3           1   42.972123711228960     
           3           2   50.916340843538428     
           3           3   58.889727457341827     
           3           4   55.334450329499489     
           3           5   61.721833509321975     
           3           6   68.434619038915912     
           3           1   31.298705017288704     
           3           2   41.543316129132364     
           3           3   51.000000000000000     
           3           4   41.173285169225906     
           3           5   49.422135497384723     
           3           6   57.590179611435431     
           3           1   26.279544426518122     
           3           2   37.910690644126738     
           3           3   48.083261120685229     
           3           4   30.109424271894497     
           3           5   40.663376919425282     
           3           6   50.278827475919059     
           3           1   31.298881366135536     
           3           2   41.552302165154799     
           3           3   51.000000000000000     
           3           4   26.380209406740907     
           3           5   37.979902157070420     
           3           6   48.138261258889202     
           3           1   42.972380598211139     
           3           2   50.931003969428851     
           3           3   58.889727457341827     
           3           4   32.607567629341098     
           3           5   42.537462468159006     
           3           6   51.813356402619895     
           3           1   38.595179956263102     
           3           2   47.267870178829739     
           3           3   51.000000000000000     
           3           4   52.008555095032513     
           3           5   58.748321241314798     
           3           6   61.776230776793675     
           3           1   24.951822285404724     
           3           2   36.981412917198703     
           3           3   41.641325627314025     
           3           4   36.581796312258696     
           3           5   45.654441120685220     
           3           6   49.493781363556273     
           3           1   18.264691480244238     
           3           2   32.848108795819591     
           3           3   38.013155617496423     
           3           4   23.442820644925298     
           3           5   35.990147810359261     
           3           6   40.754951825997168     
           3           1   24.952043490956669     
           3           2   36.991507154638214     
           3           3   41.641325627314025     
           3           4   18.409341600086837     
           3           5   32.928004567250973     
           3           6   38.082775673724065     
           3           1   38.595465975690459     
           3           2   47.283664744616608     
           3           3   51.000000000000000     
           3           4   26.575211692613848     
           3           5   38.094832066177887     
           3           6   42.633666364635232     
           3           1   41.359066907505301     
           3           2   49.538160417904336     
           3           3   48.083261120685229     
           3           4   54.091387603556804     
           3           5   60.589980736034050     
           3           6   59.391146604302797     
           3           1   29.044413145484395     
           3           2   39.842222424203108     
           3           3   38.013155617496423     
           3           4   39.486912151202333     
           3           5   48.001130309216386     
           3           6   46.482684944499788     
           3           1   23.549595632869650     
           3           2   36.038535455943858     
           3           3   34.000000000000000     
           3           4   27.758858939000401     
           3           5   38.923916251217136     
           3           6   37.040136397230867     
           3           1   29.044603181619816     
           3           2   39.851592037445279     
           3           3   38.013155617496423     
           3           4   23.662042767983376     
           3           5   36.111410962480534     
           3           6   34.077902062792930     
           3           1   41.359333813346737     
           3           2   49.553231358092297     
           3           3   48.083261120685229     
           3           4   30.450456257869540     
           3           5   40.877827083524792     
           3           6   39.097763538048397     
           3           1   50.095477990160617     
           3           2   57.024618577745400     
           3           3   51.000000000000000     
           3           4   61.031685399335032     
           3           5   66.850028291042889     
           3           6   61.776321523379039     
           3           1   40.528538520020106     
           3           2   48.838309492108706     
           3           3   41.641325627314025     
           3           4   48.561349250633029     
           3           5   55.694605015949527     
           3           6   49.493894629901014     
           3           1   36.790867808123799     
           3           2   45.788140649699294     
           3           3   38.013155617496423     
           3           4   39.617453974233491     
           3           5   48.092117579204427     
           3           6   40.755089379261385     
           3           1   40.528674707926569     
           3           2   48.845953509643905     
           3           3   41.641325627314025     
           3           4   36.862998762431971     
           3           5   45.845550696020837     
           3           6   38.082922878731665     
           3           1   50.095698349129869     
           3           2   57.037711423022081     
           3           3   51.000000000000000     
           3           4   41.547788101385287     
           3           5   49.686791645172775     
           3           6   42.633797856433851     
           3           1   62.342131938728514     
           3           2   68.026354527379070     
           3           3   58.889727457341827     
           3           4   71.427270929866779     
           3           5   76.450682138444606     
           3           6   68.434782873521428     
           3           1   54.950404313088725     
           3           2   61.326652121197007     
           3           3   51.000000000000000     
           3           4   61.116225757544484     
           3           5   66.915390941119725     
           3           6   57.590374296594575     
           3           1   52.254688341602488     
           3           2   58.926493281918333     
           3           3   48.083261120685229     
           3           4   54.281958966176745     
           3           5   60.734111421607892     
           3           6   50.279050471321561     
           3           1   54.950504758228504     
           3           2   61.332739712274524     
           3           3   51.000000000000000     
           3           4   52.305535916996853     
           3           5   58.971137309209794     
           3           6   48.138494170191294     
           3           1   62.342309009934660     
           3           2   68.037330273337929     
           3           3   58.889727457341827     
           3           4   55.706436844612490     
           3           5   62.004498069987385     
           3           6   51.813572793712851     
           3           1   38.965880865754109     
           3           2   42.033146585049224     
           3           3   51.000000000000000     
           3           4   52.284232453229663     
           3           5   54.625063432921444     
           3           6   61.776203310443186     
           3           1   25.521469220055273     
           3           2   30.002645915816895     
           3           3   41.641325627314025     
           3           4   36.972678853200584     
           3           5   40.210201447146297     
           3           6   49.493747081111685     
           3           1   19.035517084027827     
           3           2   24.729175321056172     
           3           3   38.013155617496423     
           3           4   24.048222386289961     
           3           5   28.771914183618012     
           3           6   40.754910192575458     
           3           1   25.521685488274514     
           3           2   30.015087242404995     
           3           3   41.641325627314025     
           3           4   19.174332277787656     
           3           5   24.835172460824044     
           3           6   38.082731118982672     
           3           1   38.966164164162848     
           3           2   42.050907389482482     
           3           3   51.000000000000000     
           3           4   27.110754999770137     
           3           5   31.364765845264440     
           3           6   42.633626565852580     
           3           1   34.078209625027384     
           3           2   37.530829969340630     
           3           3   41.641325627314025     
           3           4   48.750685872390967     
           3           5   51.241370707378131     
           3           6   54.307503178099878     
           3           1   17.156045312174818     
           3           2   23.279530671755527     
           3           3   29.444863728670914     
           3           4   31.779984131322220     
           3           5   35.477328215923251     
           3           6   39.782365516836336     
           3           1   2.3098507006908857     
           3           2   15.915712312267258     
           3           3   24.041630560342615     
           3           4   14.876337242266455     
           3           5   21.670338315534845     
           3           6   28.177443297627423     
           3           1   17.156367032841448     
           3           2   23.295562850390734     
           3           3   29.444863728670914     
           3           4   3.2624267201265913     
           3           5   16.079997141763780     
           3           6   24.151604821768021     
           3           1   34.078533555181856     
           3           2   37.550720347633202     
           3           3   41.641325627314025     
           3           4   19.441744943876511     
           3           5   25.010578830737309     
           3           6   30.832316165716261     
           3           1   37.179414611455030     
           3           2   40.352707276400658     
           3           3   38.013155617496423     
           3           4   50.966830221563974     
           3           5   53.342840090223994     
           3           6   51.578197985441932     
           3           1   22.700537226166308     
           3           2   27.599172716669031     
           3           3   24.041630560342615     
           3           4   35.084979709161566     
           3           5   38.450244918083456     
           3           6   35.967238038265961     
           3           1   15.043932659469368     
           3           2   21.750578952160737     
           3           3   17.000000000000000     
           3           4   21.030782666149886     
           3           5   26.256124611792881     
           3           6   22.471624702658360     
           3           1   22.700780369157702     
           3           2   27.612696986419614     
           3           3   24.041630560342615     
           3           4   15.219455900569590     
           3           5   21.871141373951875     
           3           6   17.155337987138736     
           3           1   37.179711522210901     
           3           2   40.371207375721077     
           3           3   38.013155617496423     
           3           4   24.473860673541772     
           3           5   29.074207992115337     
           3           6   25.722311834841076     
           3           1   46.704318541796994     
           3           2   49.255647096370595     
           3           3   41.641325627314025     
           3           4   58.280410024629319     
           3           5   60.359250374830424     
           3           6   54.307606404734528     
           3           1   36.253260404544712     
           3           2   39.490405429570487     
           3           3   29.444863728670914     
           3           4   45.054902186082543     
           3           5   47.709557231029308     
           3           6   39.782506432946164     
           3           1   32.020374911387528     
           3           2   35.649200146728390     
           3           3   24.041630560342615     
           3           4   35.231835452556503     
           3           5   38.563773110916600     
           3           6   28.177642249898103     
           3           1   36.253412652768326     
           3           2   39.499858496090198     
           3           3   29.444863728670914     
           3           4   32.103274719482577     
           3           5   35.722924599193277     
           3           6   24.151836937158265     
           3           1   46.704554900758758     
           3           2   49.270804451731841     
           3           3   41.641325627314025     
           3           4   37.389280095678778     
           3           5   40.535047641381176     
           3           6   30.832497986944269     
           3           1   59.651302333283631     
           3           2   61.659521221215485     
           3           3   51.000000000000000     
           3           4   69.091204957245466     
           3           5   70.845039506882372     
           3           6   61.776384803561299     
           3           1   51.877580799059011     
           3           2   54.178131264737921     
           3           3   41.641325627314025     
           3           4   58.368935409193924     
           3           5   60.431633836105405     
           3           6   49.493973613698870     
           3           1   49.013150368742700     
           3           2   51.445536807859455     
           3           3   38.013155617496423     
           3           4   51.169039849905374     
           3           5   53.506495993201732     
           3           6   40.755185298920672     
           3           1   51.877687193774058     
           3           2   54.185021985401754     
           3           3   41.641325627314025     
           3           4   49.067388941330023     
           3           5   51.496678134030219     
           3           6   38.083025528773305     
           3           1   59.651487392027001     
           3           2   61.671630087651494     
           3           3   51.000000000000000     
           3           4   52.677762631667534     
           3           5   54.944249964935366     
           3           6   42.633889549289769     
           3           1   42.048499700169060     
           3           2   38.975595682235443     
           3           3   48.083261120685229     
           3           4   54.620330767754069     
           3           5   52.308798288136209     
           3           6   59.391089465549207     
           3           1   30.018025360459742     
           3           2   25.543500325811642     
           3           3   38.013155617496423     
           3           4   40.208438809998754     
           3           5   37.002339435748070     
           3           6   46.482611938021620     
           3           1   24.740399472265821     
           3           2   19.074688962192511     
           3           3   34.000000000000000     
           3           4   28.775972092980037     
           3           5   24.086009820800747     
           3           6   37.040044779353998     
           3           1   30.018209232953545     
           3           2   25.558112393407267     
           3           3   38.013155617496423     
           3           4   24.847426189738805     
           3           5   19.211939372616801     
           3           6   34.077802480975642     
           3           1   42.048762229814379     
           3           2   38.994749123743411     
           3           3   48.083261120685229     
           3           4   31.380449432936260     
           3           5   27.130450785537963     
           3           6   39.097676741824820     
           3           1   37.564089588838492     
           3           2   34.071613480027800     
           3           3   38.013155617496423     
           3           4   51.248111604078140     
           3           5   48.764648007231429     
           3           6   51.578165088445978     
           3           1   23.325229819754639     
           3           2   17.153664192879070     
           3           3   24.041630560342615     
           3           4   35.492350744105416     
           3           5   31.795497175521174     
           3           6   35.967190862879839     
           3           1   15.970969464952896     
           3           2   2.3709798294609872     
           3           3   17.000000000000000     
           3           4   21.703570667084993     
           3           5   14.896858259645500     
           3           6   22.471549195430807     
           3           1   23.325466450996096     
           3           2   17.175415437809946     
           3           3   24.041630560342615     
           3           4   16.136387391845304     
           3           5   3.2983528279069745     
           3           6   17.155239080773743     
           3           1   37.564383459104334     
           3           2   34.093522047025438     
           3           3   38.013155617496423     
           3           4   25.054361225508345     
           3           5   19.438155178585127     
           3           6   25.722245869953632     
           3           1   40.398580745385736     
           3           2   37.157134328143961     
           3           3   34.000000000000000     
           3           4   53.360634861189901     
           3           5   50.968337349666790     
           3           6   48.696126333386147     
           3           1   27.659552522547035     
           3           2   22.672141089658549     
           3           3   17.000000000000000     
           3           4   38.479804718160757     
           3           5   35.081820898562732     
           3           6   31.696126333559185     
           3           1   21.818715939615345     
           3           2   15.013305155728796     
           3           3   0.0000000000000000     
           3           4   26.306527507566230     
           3           5   21.016586376674653     
           3           6   14.696126334132538     
           3           1   27.659752073359432     
           3           2   22.688602464865088     
           3           3   17.000000000000000     
           3           4   21.940177936035312     
           3           5   15.187483277278700     
           3           6   2.3038736737555072     
           3           1   40.398853996936573     
           3           2   37.177224639802411     
           3           3   34.000000000000000     
           3           4   29.132617908856776     
           3           5   24.446316566448491     
           3           6   19.303873667750306     
           3           1   49.305474603177871     
           3           2   46.673658714815325     
           3           3   38.013155617496423     
           3           4   60.384979610780874     
           3           5   58.271364572229615     
           3           6   51.578273777465846     
           3           1   39.547886736849854     
           3           2   36.218831675479336     
           3           3   24.041630560342615     
           3           4   47.746034190841165     
           3           5   45.039035008302427     
           3           6   35.967346726427586     
           3           1   35.707714360580283     
           3           2   31.987139885371977     
           3           3   17.000000000000000     
           3           4   38.613751427587623     
           3           5   35.206212801840600     
           3           6   22.471798664434964     
           3           1   39.548026301736954     
           3           2   36.229138385504065     
           3           3   24.041630560342615     
           3           4   35.782115891462837     
           3           5   32.069302537128536     
           3           6   17.155565857491869     
           3           1   49.305698492861495     
           3           2   46.689654295846459     
           3           3   38.013155617496423     
           3           4   40.591844452163407     
           3           5   37.355092164084837     
           3           6   25.722463812134730     
           3           1   61.709110554664335     
           3           2   59.617180444687065     
           3           3   48.083261120685229     
           3           4   70.875483577888971     
           3           5   69.074832218616038     
           3           6   59.391278247309501     
           3           1   54.231170418439909     
           3           2   51.841889956713842     
           3           3   38.013155617496423     
           3           4   60.470424099374071     
           3           5   58.346338286128550     
           3           6   46.482853145274746     
           3           1   51.497819026245743     
           3           2   48.979127231849247     
           3           3   34.000000000000000     
           3           4   53.553806672511264     
           3           5   51.139592653527693     
           3           6   37.040347476785612     
           3           1   54.231272195717892     
           3           2   51.849091163715940     
           3           3   38.013155617496423     
           3           4   51.549473590670779     
           3           5   49.032853089924686     
           3           6   34.078131490398029     
           3           1   61.709289442288437     
           3           2   59.629704045995197     
           3           3   48.083261120685229     
           3           4   54.997147615433803     
           3           5   52.642030997174970     
           3           6   39.097963509020488     
           3           1   50.949119545151056     
           3           2   43.004752129618716     
           3           3   51.000000000000000     
           3           4   61.734270086673654     
           3           5   55.376197067396681     
           3           6   61.776239124411973     
           3           1   41.579060859189447     
           3           2   31.349354950933115     
           3           3   41.641325627314025     
           3           4   49.441461563073979     
           3           5   41.224821976772041     
           3           6   49.493791782731378     
           3           1   37.945010494639035     
           3           2   26.346829144116068     
           3           3   38.013155617496423     
           3           4   40.691475026735930     
           3           5   30.173642345363952     
           3           6   40.754964479290223     
           3           1   41.579193606229943     
           3           2   31.361262029116325     
           3           3   41.641325627314025     
           3           4   38.014920205230283     
           3           5   26.446387990713102     
           3           6   38.082789214867752     
           3           1   50.949336212068943     
           3           2   43.022111828320824     
           3           3   51.000000000000000     
           3           4   42.573139143931797     
           3           5   32.655385208640979     
           3           6   42.633678460342686     
           3           1   47.315930531156837     
           3           2   38.615883934946602     
           3           3   41.641325627314025     
           3           4   58.771664200867718     
           3           5   52.041365456407952     
           3           6   54.307543917421320     
           3           1   37.037856330183942     
           3           2   24.991195293281127     
           3           3   29.444863728670917     
           3           4   45.688582067055968     
           3           5   36.623304929195093     
           3           6   39.782421130676369     
           3           1   32.906052954455561     
           3           2   18.328480359717933     
           3           3   24.041630560342618     
           3           4   36.038653549441328     
           3           5   23.499557640649300     
           3           6   28.177521816056242     
           3           1   37.038005353251954     
           3           2   25.006130096562629     
           3           3   29.444863728670917     
           3           4   32.986702897004001     
           3           5   18.471382045629195     
           3           6   24.151696428411920     
           3           1   47.316163834926506     
           3           2   38.635215704275090     
           3           3   41.641325627314025     
           3           4   38.150499162838798     
           3           5   26.611176224379605     
           3           6   30.832387923188907     
           3           1   49.596187168293760     
           3           2   41.363803964633007     
           3           3   38.013155617496423     
           3           4   60.622577664965249     
           3           5   54.111775386579851     
           3           6   51.578240880518237     
           3           1   39.909739427093655     
           3           2   29.057488338365356     
           3           3   24.041630560342618     
           3           4   48.046175093375481     
           3           5   39.510087077315632     
           3           6   35.967299551184027     
           3           1   36.108071405775746     
           3           2   23.573522830580245     
           3           3   17.000000000000004     
           3           4   38.984265537032329     
           3           5   27.785063005623311     
           3           6   22.471723157791935     
           3           1   39.909877726581506     
           3           2   29.070334169966767     
           3           3   24.041630560342618     
           3           4   36.181638683459305     
           3           5   23.684857432457783     
           3           6   17.155466952440616     
           3           1   49.596409745633537     
           3           2   41.381852047282592     
           3           3   38.013155617496423     
           3           4   40.944462338379175     
           3           5   30.462029101247417     
           3           6   25.722397847637030     
           3           1   57.085604851272208     
           3           2   50.087344357351505     
           3           3   41.641325627314025     
           3           4   66.888603906419888     
           3           5   61.039861995321772     
           3           6   54.307647143978535     
           3           1   48.905744046499080     
           3           2   40.523023269267078     
           3           3   29.444863728670917     
           3           4   55.744267426422255     
           3           5   48.567761918553771     
           3           6   39.782562046589199     
           3           1   45.856049985228417     
           3           2   36.789791586678092     
           3           3   24.041630560342618     
           3           4   48.153518763087639     
           3           5   39.620578531196585     
           3           6   28.177720767772531     
           3           1   48.905856906446829     
           3           2   40.532235505839786     
           3           3   29.444863728670917     
           3           4   45.914043468481246     
           3           5   36.861266778504898     
           3           6   24.151928542921766     
           3           1   57.085798227404510     
           3           2   50.102250101272986     
           3           3   41.641325627314025     
           3           4   49.753767756664793     
           3           5   41.541734844436903     
           3           6   30.832569743993755     
           3           1   68.086347976953206     
           3           2   62.325916368066608     
           3           3   51.000000000000000     
           3           4   76.492311655192623     
           3           5   71.425802545916042     
           3           6   61.776420617424876     
           3           1   61.390197102997213     
           3           2   54.935354747456415     
           3           3   41.641325627314025     
           3           4   66.965750654447731     
           3           5   61.111439311290809     
           3           6   49.494018315113969     
           3           1   58.989506014637335     
           3           2   52.242382711152558     
           3           3   38.013155617496423     
           3           4   60.792678663406669     
           3           5   54.273112680838324     
           3           6   40.755239585268995     
           3           1   61.390287011521785     
           3           2   54.942150498940073     
           3           3   41.641325627314025     
           3           4   59.034632186800081     
           3           5   52.292767238274621     
           3           6   38.083083624209273     
           3           1   68.086510109294835     
           3           2   62.337895790264135     
           3           3   51.000000000000000     
           3           4   62.067912932442987     
           3           5   55.691078736237110     
           3           6   42.633941443459769     
           3           1   63.257799818022988     
           3           2   52.514001491743137     
           3           3   58.889727457341827     
           3           4   72.227831706966512     
           3           5   63.046300644410401     
           3           6   68.434683697728786     
           3           1   55.987094560471306     
           3           2   43.486707196388757     
           3           3   51.000000000000000     
           3           4   62.049961252594109     
           3           5   51.066611110536570     
           3           6   57.590256445722019     
           3           1   53.343793236226112     
           3           2   40.030826282929752     
           3           3   48.083261120685229     
           3           4   55.331145928915859     
           3           5   42.646940285138527     
           3           6   50.278915483131357     
           3           1   55.987193145712610     
           3           2   43.495291733746868     
           3           3   51.000000000000000     
           3           4   53.393573847098246     
           3           5   40.096437011953626     
           3           6   48.138353179514837     
           3           1   63.257974326099124     
           3           2   52.528218636399593     
           3           3   58.889727457341827     
           3           4   56.729284734818272     
           3           5   44.437450494182926     
           3           6   51.813441803373244     
           3           1   60.369973806688336     
           3           2   48.984672490710018     
           3           3   51.000000000000000     
           3           4   69.712610644667905     
           3           5   60.138311764345708     
           3           6   61.776302404678638     
           3           1   52.702364813415365     
           3           2   39.151902752379378     
           3           3   41.641325627314025     
           3           4   59.103181820047695     
           3           5   47.429729993275693     
           3           6   49.493870766693362     
           3           1   49.885316240677568     
           3           2   35.273854896246050     
           3           3   38.013155617496423     
           3           4   52.005039367470616     
           3           5   38.217038511695662     
           3           6   40.755060399243469     
           3           1   52.702469543072603     
           3           2   39.161437529169824     
           3           3   41.641325627314025     
           3           4   49.938583660039058     
           3           5   35.348334868474687     
           3           6   38.082891865269673     
           3           1   60.370156662415432     
           3           2   48.999913667890475     
           3           3   51.000000000000000     
           3           4   53.490187477043605     
           3           5   40.205317102881018     
           3           6   42.633770153455380     
           3           1   62.173291991203122     
           3           2   51.178862095297163     
           3           3   48.083261120685229     
           3           4   71.279986621072339     
           3           5   61.938655610094571     
           3           6   59.391221108682558     
           3           1   54.758777894776735     
           3           2   41.864654250084207     
           3           3   38.013155617496423     
           3           4   60.944027689830307     
           3           5   49.692653422365105     
           3           6   46.482780139060758     
           3           1   52.053138964288948     
           3           2   38.262548602892927     
           3           3   34.000000000000000     
           3           4   54.088007260550420     
           3           5   40.991737576305390     
           3           6   37.040255859430836     
           3           1   54.758878691420101     
           3           2   41.873571327251184     
           3           3   38.013155617496423     
           3           4   52.104227734185898     
           3           5   38.331257413422811     
           3           6   34.078031909251159     
           3           1   62.173469543268610     
           3           2   51.193450028378059     
           3           3   48.083261120685229     
           3           4   55.517461812788760     
           3           5   42.851464855515445     
           3           6   39.097876713240836     
           3           1   68.297164923784138     
           3           2   58.455570407932612     
           3           3   51.000000000000000     
           3           4   76.680016317848015     
           3           5   68.074793982105874     
           3           6   61.776393151158786     
           3           1   61.623926003887938     
           3           2   50.501753056962450     
           3           3   41.641325627314025     
           3           4   67.180078303497012     
           3           5   57.158904127664591     
           3           6   49.493984032833502     
           3           1   59.232708663699846     
           3           2   47.558389501076100     
           3           3   38.013155617496423     
           3           4   61.028689476528506     
           3           5   49.780549077375049     
           3           6   40.755197952141238     
           3           1   61.624015571405508     
           3           2   50.509145330778608     
           3           3   41.641325627314025     
           3           4   59.277642982671750     
           3           5   47.613714534935617     
           3           6   38.083039069828146     
           3           1   68.297326555663332     
           3           2   58.468342820327685     
           3           3   51.000000000000000     
           3           4   62.299092898208762     
           3           5   51.322787893719621     
           3           6   42.633901644933893     
           3           1   77.727004549446875     
           3           2   69.230278766332347     
           3           3   58.889727457341827     
           3           4   85.186931581731628     
           3           5   77.523919486997158     
           3           6   68.434847532179504     
           3           1   71.933947171942549     
           3           2   62.659435428143922     
           3           3   51.000000000000000     
           3           4   76.747321325693036     
           3           5   68.138981779857929     
           3           6   57.590451130621425     
           3           1   69.896339498159051     
           3           2   60.312338690216507     
           3           3   48.083261120685229     
           3           4   71.424711053162326     
           3           5   62.079655148568641     
           3           6   50.279138478143544     
           3           1   71.934023902100705     
           3           2   62.665393546941331     
           3           3   51.000000000000000     
           3           4   69.934450504642413     
           3           5   60.355996626139792     
           3           6   48.138586090372186     
           3           1   77.727146572185987     
           3           2   69.241063672525172     
           3           3   58.889727457341827     
           3           4   72.513208353684320     
           3           5   63.323053259488297     
           3           6   51.813658194109536     
           4           1   51.813651578607399     
           4           2   62.414300896700233     
           4           3   72.513208353684320     
           4           4   58.889727457341827     
           4           5   68.410992648377260     
           4           6   77.727142362716108     
           4           1   48.138570720959926     
           4           2   59.401854248625376     
           4           3   69.934450504642413     
           4           4   51.000000000000000     
           4           5   61.746972736703214     
           4           6   71.934013833451743     
           4           1   50.279115865380874     
           4           2   61.152396681782065     
           4           3   71.424711053162326     
           4           4   48.083261120685229     
           4           5   59.357504741675349     
           4           6   69.896323454875031     
           4           1   57.590424493590334     
           4           2   67.295252073806267     
           4           3   76.747321325693036     
           4           4   51.000000000000000     
           4           5   61.740894844250946     
           4           6   71.933926062921117     
           4           1   68.434819313705091     
           4           2   76.783372441097072     
           4           3   85.186931581731628     
           4           4   58.889727457341827     
           4           5   68.400020637275361     
           4           6   77.726979904940919     
           4           1   42.633913492750182     
           4           2   55.021217116363133     
           4           3   62.299092898208762     
           4           4   51.000000000000000     
           4           5   61.740230176533998     
           4           6   68.297334179709154     
           4           1   38.083041906534206     
           4           2   51.578771454127022     
           4           3   59.277642982671750     
           4           4   41.641325627314025     
           4           5   54.263069847385538     
           4           6   61.624017577338755     
           4           1   40.755190859599409     
           4           2   53.585492406696851     
           4           3   61.028689476528506     
           4           4   38.013155617496423     
           4           5   51.527715612795056     
           4           6   59.232704046746370     
           4           1   49.493970169606612     
           4           2   60.501572940042337     
           4           3   67.180078303497012     
           4           4   41.641325627314025     
           4           5   54.256153598314768     
           4           6   61.623915122351093     
           4           1   61.776375616391128     
           4           2   70.904694202643313     
           4           3   76.680016317848015     
           4           4   51.000000000000000     
           4           5   61.728072465408857     
           4           6   68.297149291343189     
           4           1   39.097911318960328     
           4           2   52.317527746522067     
           4           3   55.517461812788760     
           4           4   48.083261120685229     
           4           5   59.343475878705242     
           4           6   62.173491555773175     
           4           1   34.078059960226916     
           4           2   48.684279200366149     
           4           3   52.104227734185898     
           4           4   38.013155617496423     
           4           5   51.519635639019356     
           4           6   54.758896432936687     
           4           1   37.040270946638003     
           4           2   50.805456134260830     
           4           3   54.088007260550420     
           4           4   34.000000000000000     
           4           5   48.630212660322130     
           4           6   52.053149999499304     
           4           1   46.482783618753842     
           4           2   58.053679510961217     
           4           3   60.944027689830300     
           4           4   38.013155617496423     
           4           5   51.512351047093517     
           4           6   54.758781133144865     
           4           1   59.391217146101873     
           4           2   68.827792616881851     
           4           3   71.279986621072339     
           4           4   48.083261120685229     
           4           5   59.330827041343682     
           4           6   62.173288456578760     
           4           1   42.633821776885853     
           4           2   54.999209867508476     
           4           3   53.490187477043605     
           4           4   51.000000000000000     
           4           5   61.720662962103241     
           4           6   60.370193377334225     
           4           1   38.082939230721166     
           4           2   51.555294760105284     
           4           3   49.938583660039058     
           4           4   41.641325627314025     
           4           5   54.240805335949652     
           4           6   52.702504065120259     
           4           1   40.755094915830284     
           4           2   53.562895268575957     
           4           3   52.005039367470616     
           4           4   38.013155617496423     
           4           5   51.504268662929547     
           4           6   49.885344752254689     
           4           1   49.493891165939566     
           4           2   60.481559845158870     
           4           3   59.103181820047695     
           4           4   41.641325627314025     
           4           5   54.233886247567284     
           4           6   52.702384266450345     
           4           1   61.776312320285065     
           4           2   70.887618192845437     
           4           3   69.712610644667905     
           4           4   51.000000000000000     
           4           5   61.708501395876645     
           4           6   60.369984211409907     
           4           1   51.813500645114175     
           4           2   62.375495690153649     
           4           3   56.729284734818272     
           4           4   58.889727457341827     
           4           5   68.375670699427971     
           4           6   63.258022768639073     
           4           1   48.138408264594517     
           4           2   59.361079794285033     
           4           3   53.393573847098246     
           4           4   51.000000000000000     
           4           5   61.707836379243247     
           4           6   55.987240786762726     
           4           1   50.278960325332065     
           4           2   61.112790200534711     
           4           3   55.331145928915859     
           4           4   48.083261120685229     
           4           5   59.316791868899131     
           4           6   53.343835794140595     
           4           1   57.590288699952275     
           4           2   67.259262989165066     
           4           3   62.049961252594102     
           4           4   51.000000000000000     
           4           5   61.701754631688878     
           4           6   55.987128016621135     
           4           1   68.434705038389595     
           4           2   76.751832483640200     
           4           3   72.227831706966512     
           4           4   58.889727457341827     
           4           5   68.364693019423271     
           4           6   63.257823151502862     
           4           1   42.633922823788957     
           4           2   50.310208043827274     
           4           3   62.067912932442994     
           4           4   51.000000000000000     
           4           5   57.581569694469515     
           4           6   68.086498679033923     
           4           1   38.083052352619106     
           4           2   46.520451042141460     
           4           3   59.034632186800081     
           4           4   41.641325627314025     
           4           5   49.479914061060093     
           4           6   61.390267866229230     
           4           1   40.755200620777984     
           4           2   48.735897415717886     
           4           3   60.792678663406669     
           4           4   38.013155617496423     
           4           5   46.463820575806444     
           4           6   58.989479358650591     
           4           1   49.493978207327373     
           4           2   56.251426903381521     
           4           3   66.965750654447746     
           4           4   41.641325627314025     
           4           5   49.472329129641508     
           4           6   61.390165021133086     
           4           1   61.776382056048988     
           4           2   67.314622188775388     
           4           3   76.492311655192623     
           4           4   51.000000000000000     
           4           5   57.568533736082053     
           4           6   68.086313218144227     
           4           1   30.832571497407955     
           4           2   40.778749489842362     
           4           3   49.753767756664793     
           4           4   41.641325627314025     
           4           5   49.471499629525297     
           4           6   57.085799447419660     
           4           1   24.151914340074747     
           4           2   35.999190847940120     
           4           3   45.914043468481246     
           4           4   29.444863728670914     
           4           5   39.749893114384143     
           4           6   48.905850211077066     
           4           1   28.177694501819037     
           4           2   38.819802594262541     
           4           3   48.153518763087646     
           4           4   24.041630560342615     
           4           5   35.926017447190070     
           4           6   45.856034185105827     
           4           1   39.782533461123080     
           4           2   47.916723648519735     
           4           3   55.744267426422255     
           4           4   29.444863728670914     
           4           5   39.740451137683969     
           4           6   48.905721112185660     
           4           1   54.307618892130712     
           4           2   60.523117376418305     
           4           3   66.888603906419888     
           4           4   41.641325627314025     
           4           5   49.456326022436095     
           4           6   57.085578247226074     
           4           1   25.722432912552296     
           4           2   37.049909399315048     
           4           3   40.944462338379175     
           4           4   38.013155617496423     
           4           5   46.445897372202779     
           4           6   49.596428245710889     
           4           1   17.155496381285165     
           4           2   31.713264074335690     
           4           3   36.181638683459312     
           4           4   24.041630560342615     
           4           5   35.914427598390532     
           4           6   39.909890767192501     
           4           1   22.471727953938547     
           4           2   34.882179547723908     
           4           3   38.984265537032336     
           4           4   17.000000000000000     
           4           5   31.630220307972518     
           4           6   36.108074822212899     
           4           1   35.967291507470478     
           4           2   44.786178467812427     
           4           3   48.046175093375489     
           4           4   24.041630560342615     
           4           5   35.903976990602573     
           4           6   39.909732568432638     
           4           1   51.578227572599779     
           4           2   58.076132046666494     
           4           3   60.622577664965249     
           4           4   38.013155617496423     
           4           5   46.429734984733230     
           4           6   49.596173642742855     
           4           1   30.832444676650827     
           4           2   40.749051069191651     
           4           3   38.150499162838805     
           4           4   41.641325627314025     
           4           5   49.447077667181354     
           4           6   47.316201146255175     
           4           1   24.151752439238621     
           4           2   35.965545940395323     
           4           3   32.986702897004008     
           4           4   29.444863728670914     
           4           5   39.719494166405326     
           4           6   37.038042297483379     
           4           1   28.177555732068090     
           4           2   38.788604338668641     
           4           3   36.038653549441335     
           4           4   24.041630560342615     
           4           5   35.892380024817925     
           4           6   32.906082470380092     
           4           1   39.782435171584680     
           4           2   47.891451829036058     
           4           3   45.688582067055968     
           4           4   29.444863728670914     
           4           5   39.710044961656621     
           4           6   37.037871832284637     
           4           1   54.307546891098596     
           4           2   60.503111407959658     
           4           3   58.771664200867725     
           4           4   41.641325627314025     
           4           5   49.431896563531048     
           4           6   47.315934273583061     
           4           1   42.633739391903148     
           4           2   50.262058648464887     
           4           3   42.573139143931797     
           4           4   51.000000000000000     
           4           5   57.539600250082870     
           4           6   50.949387504599216     
           4           1   38.082847000772524     
           4           2   46.468374959028012     
           4           3   38.014920205230290     
           4           4   41.641325627314025     
           4           5   49.431066384918083     
           4           6   41.579246907695413     
           4           1   40.755008733059839     
           4           2   48.686191092381819     
           4           3   40.691475026735930     
           4           4   38.013155617496423     
           4           5   46.411798618034837     
           4           6   37.945058436223107     
           4           1   49.493820199892816     
           4           2   56.208367124788602     
           4           3   49.441461563073979     
           4           4   41.641325627314025     
           4           5   49.423473956935304     
           4           6   41.579095060446832     
           4           1   61.776255463785219     
           4           2   67.278643465709933     
           4           3   61.734270086673661     
           4           4   51.000000000000000     
           4           5   57.526554781098305     
           4           6   50.949139662637698     
           4           1   39.097931668826938     
           4           2   41.769475821495888     
           4           3   54.997147615433803     
           4           4   48.083261120685229     
           4           5   50.291255918119333     
           4           6   61.709269521411763     
           4           1   34.078083307718394     
           4           2   37.117710626513961     
           4           3   51.549473590670779     
           4           4   38.013155617496423     
           4           5   40.765612332364327     
           4           6   54.231242205794317     
           4           1   37.040292426968364     
           4           2   39.859249540159745     
           4           3   53.553806672511264     
           4           4   34.000000000000000     
           4           5   37.046725575190266     
           4           6   51.497779733701286     
           4           1   46.482800735571693     
           4           2   48.762640470505922     
           4           3   60.470424099374064     
           4           4   38.013155617496423     
           4           5   40.756405666524344     
           4           6   54.231125784166629     
           4           1   59.391230542651655     
           4           2   61.195019710814044     
           4           3   70.875483577888971     
           4           4   48.083261120685229     
           4           5   50.276329717523531     
           4           6   61.709064894352359     
           4           1   25.722448378376441     
           4           2   29.605379358229232     
           4           3   40.591844452163407     
           4           4   38.013155617496423     
           4           5   40.755398770430944     
           4           6   49.305690757225669     
           4           1   17.155519570265877     
           4           2   22.572412779668962     
           4           3   35.782115891462837     
           4           4   24.041630560342615     
           4           5   28.171390735064652     
           4           6   39.548006616825290     
           4           1   22.471745657009162     
           4           2   26.843046593985193     
           4           3   38.613751427587623     
           4           4   17.000000000000000     
           4           5   22.455555725889486     
           4           6   35.707681438056788     
           4           1   35.967302568038718     
           4           2   38.853371567959933     
           4           3   47.746034190841158     
           4           4   24.041630560342615     
           4           5   28.158066516885881     
           4           6   39.547846970461400     
           4           1   51.578235285519213     
           4           2   53.634129189808377     
           4           3   60.384979610780874     
           4           4   38.013155617496423     
           4           5   40.736978741436040     
           4           6   49.305434652949984     
           4           1   19.303897025632445     
           4           2   24.212968911036103     
           4           3   29.132617908856776     
           4           4   34.000000000000000     
           4           5   37.024243895749116     
           4           6   40.398865543825607     
           4           1   2.3038970297640842     
           4           2   14.808889061570357     
           4           3   21.940177936035312     
           4           4   17.000000000000000     
           4           5   22.437008781536768     
           4           6   27.659754582161206     
           4           1   14.696102975662987     
           4           2   20.744602357938692     
           4           3   26.306527507566230     
           4           4   0.0000000000000000     
           4           5   14.630245728407973     
           4           6   21.818700920601930     
           4           1   31.696102975268506     
           4           2   34.919534056743842     
           4           3   38.479804718160750     
           4           4   17.000000000000000     
           4           5   22.420276918103429     
           4           6   27.659526318792292     
           4           1   48.696102975149458     
           4           2   50.856751670660110     
           4           3   53.360634861189901     
           4           4   34.000000000000000     
           4           5   37.003966599477998     
           4           6   40.398552975289249     
           4           1   25.722296362770592     
           4           2   29.564459068769317     
           4           3   25.054361225508345     
           4           4   38.013155617496423     
           4           5   40.725750369600163     
           4           6   37.564418448966173     
           4           1   17.155291641990118     
           4           2   22.518716033114178     
           4           3   16.136387391845304     
           4           4   24.041630560342615     
           4           5   28.128481476571565     
           4           6   23.325505776431047     
           4           1   22.471571651072175     
           4           2   26.797908566362619     
           4           3   21.703570667084993     
           4           4   17.000000000000000     
           4           5   22.401700765537232     
           4           6   15.971002036303359     
           4           1   35.967193852409522     
           4           2   38.822200289038591     
           4           3   35.492350744105408     
           4           4   24.041630560342615     
           4           5   28.115136923008450     
           4           6   23.325235097655366     
           4           1   51.578159474377721     
           4           2   53.611552551976388     
           4           3   51.248111604078140     
           4           4   38.013155617496423     
           4           5   40.707316924729334     
           4           6   37.564082295168369     
           4           1   39.097731647400998     
           4           2   41.711468645578421     
           4           3   31.380449432936256     
           4           4   48.083261120685229     
           4           5   50.243197054746219     
           4           6   42.048813652586688     
           4           1   34.077853822089743     
           4           2   37.052421625612659     
           4           3   24.847426189738798     
           4           4   38.013155617496423     
           4           5   40.706308814395115     
           4           6   30.018268036434893     
           4           1   37.040081294015152     
           4           2   39.798458262516483     
           4           3   28.775972092980030     
           4           4   34.000000000000000     
           4           5   36.981458926112460     
           4           6   24.740454769962025     
           4           1   46.482632492306045     
           4           2   48.712961435580610     
           4           3   40.208438809998746     
           4           4   38.013155617496423     
           4           5   40.697088732667162     
           4           6   30.018057707683624     
           4           1   59.391098866432166     
           4           2   61.155440833792220     
           4           3   54.620330767754069     
           4           4   48.083261120685229     
           4           5   50.228256572624801     
           4           6   42.048513348977181     
           4           1   42.633849770056280     
           4           2   39.195167908708811     
           4           3   52.677762631667534     
           4           4   51.000000000000000     
           4           5   48.174512713306143     
           4           6   59.651459222406196     
           4           1   38.082970569051760     
           4           2   34.194977981320214     
           4           3   49.067388941330023     
           4           4   41.641325627314025     
           4           5   38.123593773086725     
           4           6   51.877647148648492     
           4           1   40.755124199427939     
           4           2   37.152817536413998     
           4           3   51.169039849905374     
           4           4   38.013155617496423     
           4           5   34.117929731831310     
           4           6   49.013099881531311     
           4           1   49.493915279136402     
           4           2   46.576465974193120     
           4           3   58.368935409193924     
           4           4   41.641325627314025     
           4           5   38.113748912918822     
           4           6   51.877525445169923     
           4           1   61.776331639276435     
           4           2   59.467659399006671     
           4           3   69.091204957245466     
           4           4   51.000000000000000     
           4           5   48.158930461627392     
           4           6   59.651247536254772     
           4           1   30.832470481842812     
           4           2   25.846674136801671     
           4           3   37.389280095678778     
           4           4   41.641325627314025     
           4           5   38.112672200720418     
           4           6   46.704537076640840     
           4           1   24.151785382477275     
           4           2   17.351826868808651     
           4           3   32.103274719482577     
           4           4   29.444863728670914     
           4           5   24.190917909215617     
           4           6   36.253378737168866     
           4           1   28.177583968622606     
           4           2   22.630095612617442     
           4           3   35.231835452556503     
           4           4   24.041630560342615     
           4           5   17.199570817356182     
           4           6   32.020324111068824     
           4           1   39.782455171297713     
           4           2   36.071547779202717     
           4           3   45.054902186082543     
           4           4   29.444863728670914     
           4           5   24.175399961781235     
           4           6   36.253204582425305     
           4           1   54.307561541684478     
           4           2   51.654543758883413     
           4           3   58.280410024629319     
           4           4   41.641325627314025     
           4           5   38.092974290844424     
           4           6   46.704266708861525     
           4           1   25.722311828676840     
           4           2   19.438105372596063     
           4           3   24.473860673541772     
           4           4   38.013155617496423     
           4           5   34.093516823505290     
           4           6   37.179711937080008     
           4           1   17.155314831247583     
           4           2   3.2977677642983259     
           4           3   15.219455900569590     
           4           4   24.041630560342615     
           4           5   17.175349091226078     
           4           6   22.700763556355060     
           4           1   22.471589354265934     
           4           2   14.896664189621198     
           4           3   21.030782666149886     
           4           4   17.000000000000000     
           4           5   2.3700935459011152     
           4           6   15.043880894198340     
           4           1   35.967204913007805     
           4           2   31.795376011763718     
           4           3   35.084979709161559     
           4           4   24.041630560342615     
           4           5   17.153485664061510     
           4           6   22.700485428204253     
           4           1   51.578167187307336     
           4           2   48.764549290242982     
           4           3   50.966830221563974     
           4           4   38.013155617496423     
           4           5   34.071495380126855     
           4           6   37.179372304994629     
           4           1   30.832343660670183     
           4           2   25.799792964639916     
           4           3   19.441744943876511     
           4           4   41.641325627314025     
           4           5   38.080966328465330     
           4           6   34.078558888327130     
           4           1   24.151623480776681     
           4           2   17.281916814097347     
           4           3   3.2624267201265922     
           4           4   29.444863728670914     
           4           5   24.140934603294713     
           4           6   17.156394208063315     
           4           1   28.177445198327298     
           4           2   22.576536061151586     
           4           3   14.876337242266457     
           4           4   24.041630560342615     
           4           5   17.129198770853055     
           4           6   2.3098806332268116     
           4           1   39.782356881565889     
           4           2   36.037970423867868     
           4           3   31.779984131322216     
           4           4   29.444863728670914     
           4           5   24.125384505583231     
           4           6   17.156026196559740     
           4           1   54.307489540576327     
           4           2   51.631101518587343     
           4           3   48.750685872390967     
           4           4   41.641325627314025     
           4           5   38.061252009794387     
           4           6   34.078188349358186     
           4           1   42.633666337856155     
           4           2   39.133345034131942     
           4           3   27.110754999770133     
           4           4   51.000000000000000     
           4           5   48.124340033134807     
           4           6   38.966208079387336     
           4           1   38.082765216764180     
           4           2   34.124097428525722     
           4           3   19.174332277787649     
           4           4   41.641325627314025     
           4           5   38.060173812472577     
           4           6   25.521736978571791     
           4           1   40.754932311349975     
           4           2   37.087590337774891     
           4           3   24.048222386289954     
           4           4   38.013155617496423     
           4           5   34.047049176785720     
           4           6   19.035565258764624     
           4           1   49.493757271500947     
           4           2   46.524452590156400     
           4           3   36.972678853200577     
           4           4   41.641325627314025     
           4           5   38.050312543490456     
           4           6   25.521489592850465     
           4           1   61.776205046909347     
           4           2   59.426930095410512     
           4           3   52.284232453229663     
           4           4   51.000000000000000     
           4           5   48.108741530704677     
           4           6   38.965884018654869     
           4           1   51.813531356694796     
           4           2   43.655850288148372     
           4           3   55.706436844612490     
           4           4   58.889727457341827     
           4           5   51.868650729580558     
           4           6   62.342274821011621     
           4           1   48.138441320827262     
           4           2   39.228415671963120     
           4           3   52.305535916996853     
           4           4   51.000000000000000     
           4           5   42.696389256212981     
           4           6   54.950458743998013     
           4           1   50.278991974245706     
           4           2   41.831853029520687     
           4           3   54.281958966176745     
           4           4   48.083261120685229     
           4           5   39.161286783364275     
           4           6   52.254632354396250     
           4           1   57.590316330905836     
           4           2   50.387888025144655     
           4           3   61.116225757544484     
           4           4   51.000000000000000     
           4           5   42.687599013527844     
           4           6   54.950343846152620     
           4           1   68.434728290841733     
           4           2   62.497796692248386     
           4           3   71.427270929866779     
           4           4   58.889727457341827     
           4           5   51.854178583317520     
           4           6   62.342072271682561     
           4           1   42.633767385127669     
           4           2   32.212150516899044     
           4           3   41.547788101385287     
           4           4   51.000000000000000     
           4           5   42.686637670614083     
           4           6   50.095672727686463     
           4           1   38.082878339179018     
           4           2   25.897064943241290     
           4           3   36.862998762431971     
           4           4   41.641325627314025     
           4           5   30.899413629276712     
           4           6   40.528633240670203     
           4           1   40.755038016719418     
           4           2   29.693320872303158     
           4           3   39.617453974233491     
           4           4   38.013155617496423     
           4           5   25.795319142122921     
           4           6   36.790811334816276     
           4           1   49.493844313124228     
           4           2   40.874547534824792     
           4           3   48.561349250633029     
           4           4   41.641325627314025     
           4           5   30.887266254150994     
           4           6   40.528477457108274     
           4           1   61.776274782794360     
           4           2   55.115913926267694     
           4           3   61.031685399335039     
           4           4   51.000000000000000     
           4           5   42.669051356523696     
           4           6   50.095420662058736     
           4           1   39.097751997361129     
           4           2   27.338837163740067     
           4           3   30.450456257869543     
           4           4   48.083261120685229     
           4           5   39.140019707932709     
           4           6   41.359323280493847     
           4           1   34.077877169722449     
           4           2   19.505059579929316     
           4           3   23.662042767983376     
           4           4   38.013155617496423     
           4           5   25.779175117683714     
           4           6   29.044574511217895     
           4           1   37.040102774455491     
           4           2   24.320416957110126     
           4           3   27.758858939000401     
           4           4   34.000000000000000     
           4           5   19.369837293045201     
           4           6   23.549543410753767     
           4           1   46.482649609179553     
           4           2   37.155322804664031     
           4           3   39.486912151202333     
           4           4   38.013155617496423     
           4           5   25.764613790427489     
           4           6   29.044357131330411     
           4           1   59.391112263008637     
           4           2   52.417109272353855     
           4           3   54.091387603556804     
           4           4   48.083261120685229     
           4           5   39.120839085846924     
           4           6   41.359017970565404     
           4           1   42.633675668949024     
           4           2   32.174545746717705     
           4           3   26.575211692613848     
           4           4   51.000000000000000     
           4           5   42.658331540889321     
           4           6   38.595476657262964     
           4           1   38.082775662924973     
           4           2   25.850275158278833     
           4           3   18.409341600086840     
           4           4   41.641325627314025     
           4           5   30.860297744242111     
           4           6   24.952044099003565     
           4           1   40.754942072590481     
           4           2   29.652521941815088     
           4           3   23.442820644925302     
           4           4   38.013155617496423     
           4           5   25.748450514042908     
           4           6   18.264670570144606     
           4           1   49.493765309256275     
           4           2   40.844918769180119     
           4           3   36.581796312258696     
           4           4   41.641325627314025     
           4           5   30.848134966071417     
           4           6   24.951791065035678     
           4           1   61.776211486584984     
           4           2   55.093944504019859     
           4           3   52.008555095032513     
           4           4   51.000000000000000     
           4           5   42.640733552505871     
           4           6   38.595149483717279     
           4           1   51.813380422851360     
           4           2   43.600352871849168     
           4           3   32.607567629341091     
           4           4   58.889727457341827     
           4           5   51.822054735098106     
           4           6   42.972409922905896     
           4           1   48.138278864025160     
           4           2   39.166645277593830     
           4           3   26.380209406740903     
           4           4   51.000000000000000     
           4           5   42.639771152978135     
           4           6   31.298908941040565     
           4           1   50.278836433813638     
           4           2   41.773932470524734     
           4           3   30.109424271894493     
           4           4   48.083261120685229     
           4           5   39.099550010060064     
           4           6   26.279562158012393     
           4           1   57.590180537012742     
           4           2   50.339812929758267     
           4           3   41.173285169225899     
           4           4   51.000000000000000     
           4           5   42.630969235991216     
           4           6   31.298707218256233     
           4           1   68.434614015374237     
           4           2   62.459043360862928     
           4           3   55.334450329499482     
           4           4   58.889727457341827     
           4           5   51.807569572513934     
           4           6   42.972116073698452     
           5           1   43.600464230207812     
           5           2   51.805452612778133     
           5           3   63.323053259488297     
           5           4   51.807569572513934     
           5           5   58.889727457341827     
           5           6   69.230266854415589     
           5           1   39.166864250617813     
           5           2   48.137464880849890     
           5           3   60.355996626139792     
           5           4   42.630969235991216     
           5           5   51.000000000000000     
           5           6   62.659387230007610     
           5           1   41.774226855359238     
           5           2   50.285446501898662     
           5           3   62.079655148568641     
           5           4   39.099550010060064     
           5           5   48.083261120685229     
           5           6   60.312252215834945     
           5           1   50.340131143052353     
           5           2   57.602402160288143     
           5           3   68.138981779857929     
           5           4   42.639771152978135     
           5           5   51.000000000000000     
           5           6   62.665275285862535     
           5           1   62.459359407829368     
           5           2   68.450327533006174     
           5           3   77.523919486997158     
           5           4   51.822054735098106     
           5           5   58.889727457341827     
           5           6   69.240924935758770     
           5           1   32.174593451550244     
           5           2   42.623962624817793     
           5           3   51.322787893719621     
           5           4   42.640733552505871     
           5           5   51.000000000000000     
           5           6   58.455580895235769     
           5           1   25.850478485111893     
           5           2   38.081659556565022     
           5           3   47.613714534935617     
           5           4   30.848134966071417     
           5           5   41.641325627314025     
           5           6   50.501721724173919     
           5           1   29.652824689157793     
           5           2   40.763015091162920     
           5           3   49.780549077375049     
           5           4   25.748450514042908     
           5           5   38.013155617496423     
           5           6   47.558310066825818     
           5           1   40.845229662503044     
           5           2   49.507918599579916     
           5           3   57.158904127664591     
           5           4   30.860297744242111     
           5           5   41.641325627314025     
           5           6   50.509027071591788     
           5           1   55.094242533311160     
           5           2   61.793564461057649     
           5           3   68.074793982105874     
           5           4   42.658331540889321     
           5           5   51.000000000000000     
           5           6   58.468203110966549     
           5           1   27.338771853458386     
           5           2   39.087075348111277     
           5           3   42.851464855515438     
           5           4   39.120839085846924     
           5           5   48.083261120685229     
           5           6   51.178902165495032     
           5           1   19.505158819967129     
           5           2   34.076532452835977     
           5           3   38.331257413422811     
           5           4   25.764613790427489     
           5           5   38.013155617496423     
           5           6   41.864650794814459     
           5           1   24.320649554007282     
           5           2   37.048895648176071     
           5           3   40.991737576305390     
           5           4   19.369837293045201     
           5           5   34.000000000000000     
           5           6   38.262487444992445     
           5           1   37.155575205687875     
           5           2   46.497648042559049     
           5           3   49.692653422365105     
           5           4   25.779175117683714     
           5           5   38.013155617496423     
           5           6   41.873463013997906     
           5           1   52.417359176156715     
           5           2   59.409106021130725     
           5           3   61.938655610094578     
           5           4   39.140019707932709     
           5           5   48.083261120685229     
           5           6   51.193318549309708     
           5           1   32.211992008231299     
           5           2   42.623898562848424     
           5           3   40.205317102881018     
           5           4   42.669051356523696     
           5           5   51.000000000000000     
           5           6   48.984743705884291     
           5           1   25.897011473817788     
           5           2   38.081587853400329     
           5           3   35.348334868474687     
           5           4   30.887266254150994     
           5           5   41.641325627314025     
           5           6   39.151935778932021     
           5           1   29.693399559695809     
           5           2   40.762948104577802     
           5           3   38.217038511695662     
           5           4   25.795319142122921     
           5           5   38.013155617496423     
           5           6   35.273829315004399     
           5           1   40.874695736463117     
           5           2   49.507863445282702     
           5           3   47.429729993275693     
           5           4   30.899413629276712     
           5           5   41.641325627314025     
           5           6   39.161358427032503     
           5           1   55.116091349851082     
           5           2   61.793520272412181     
           5           3   60.138311764345715     
           5           4   42.686637670614083     
           5           5   51.000000000000000     
           5           6   48.999805644073284     
           5           1   43.655657271667160     
           5           2   51.805347196240810     
           5           3   44.437450494182926     
           5           4   51.854178583317520     
           5           5   58.889727457341827     
           5           6   52.514095298281866     
           5           1   39.228295730989366     
           5           2   48.137351431744882     
           5           3   40.096437011953626     
           5           4   42.687599013527844     
           5           5   51.000000000000000     
           5           6   43.486769991613272     
           5           1   41.831829509294138     
           5           2   50.285337898870353     
           5           3   42.646940285138527     
           5           4   39.161286783364275     
           5           5   48.083261120685229     
           5           6   40.030839656568816     
           5           1   50.387942349646949     
           5           2   57.602307352603702     
           5           3   51.066611110536570     
           5           4   42.696389256212981     
           5           5   51.000000000000000     
           5           6   43.495253567675270     
           5           1   62.497900031665367     
           5           2   68.450247750348410     
           5           3   63.046300644410408     
           5           4   51.868650729580558     
           5           5   58.889727457341827     
           5           6   52.528145238746198     
           5           1   39.133414279645670     
           5           2   42.623980856572103     
           5           3   55.691078736237110     
           5           4   48.108741530704677     
           5           5   51.000000000000000     
           5           6   62.325911448506091     
           5           1   34.124285887312993     
           5           2   38.081679962964884     
           5           3   52.292767238274621     
           5           4   38.050312543490456     
           5           5   41.641325627314025     
           5           6   54.935309202674645     
           5           1   37.087864072439679     
           5           2   40.763034155248263     
           5           3   54.273112680838324     
           5           4   34.047049176785720     
           5           5   38.013155617496423     
           5           6   52.242292795204875     
           5           1   46.524750784850575     
           5           2   49.507934296253893     
           5           3   61.111439311290809     
           5           4   38.060173812472577     
           5           5   41.641325627314025     
           5           6   54.942025042824568     
           5           1   59.427226165530797     
           5           2   61.793577036957885     
           5           3   71.425802545916042     
           5           4   48.124340033134807     
           5           5   51.000000000000000     
           5           6   62.337750000403510     
           5           1   25.799769298683362     
           5           2   30.818841858325712     
           5           3   41.541734844436895     
           5           4   38.061252009794387     
           5           5   41.641325627314025     
           5           6   50.087366939707273     
           5           1   17.282096805711330     
           5           2   24.149774703477970     
           5           3   36.861266778504898     
           5           4   24.125384505583231     
           5           5   29.444863728670914     
           5           6   40.522997004902393     
           5           1   22.576838665735973     
           5           2   28.189044378428303     
           5           3   39.620578531196585     
           5           4   17.129198770853055     
           5           5   24.041630560342615     
           5           6   36.789702982842549     
           5           1   36.038263252761830     
           5           2   39.799909895742928     
           5           3   48.567761918553771     
           5           4   24.140934603294713     
           5           5   29.444863728670914     
           5           6   40.532100918558619     
           5           1   51.631377982889987     
           5           2   54.327188703719173     
           5           3   61.039861995321779     
           5           4   38.080966328465330     
           5           5   41.641325627314025     
           5           6   50.102097402989699     
           5           1   19.437903141753573     
           5           2   25.705997022398350     
           5           3   30.462029101247417     
           5           4   34.071495380126862     
           5           5   38.013155617496423     
           5           6   41.363866067121194     
           5           1   3.2977041536327105     
           5           2   17.152518405639693     
           5           3   23.684857432457786     
           5           4   17.153485664061510     
           5           5   24.041630560342615     
           5           6   29.057501188594777     
           5           1   14.896899906409370     
           5           2   22.485984354616637     
           5           3   27.785063005623314     
           5           4   2.3700935459011179     
           5           5   17.000000000000000     
           5           6   23.573445540090930     
           5           1   31.795603484731537     
           5           2   35.986526605610599     
           5           3   39.510087077315632     
           5           4   17.175349091226078     
           5           5   24.041630560342615     
           5           6   29.070195973506596     
           5           1   48.764773916167862     
           5           2   51.598843997482888     
           5           3   54.111775386579865     
           5           4   34.093516823505297     
           5           5   38.013155617496423     
           5           6   41.381701913339981     
           5           1   25.846393582685806     
           5           2   30.818753257434288     
           5           3   26.611176224379602     
           5           4   38.092974290844424     
           5           5   41.641325627314025     
           5           6   38.615987687544639     
           5           1   17.351623421680031     
           5           2   24.149661634956132     
           5           3   18.471382045629198     
           5           4   24.175399961781235     
           5           5   29.444863728670914     
           5           6   24.991267762781575     
           5           1   22.630104054212566     
           5           2   28.188947511801995     
           5           3   23.499557640649300     
           5           4   17.199570817356182     
           5           5   24.041630560342615     
           5           6   18.328459392362788     
           5           1   36.071656236457741     
           5           2   39.799841288168267     
           5           3   36.623304929195093     
           5           4   24.190917909215617     
           5           5   29.444863728670914     
           5           6   25.006026933600186     
           5           1   51.654691536954068     
           5           2   54.327138442068154     
           5           3   52.041365456407966     
           5           4   38.112672200720418     
           5           5   41.641325627314025     
           5           6   38.635092109510808     
           5           1   39.194898187315282     
           5           2   42.623852732591878     
           5           3   32.655385208640979     
           5           4   48.158930461627392     
           5           5   51.000000000000000     
           5           6   43.004878724982561     
           5           1   34.194777642948686     
           5           2   38.081536556577333     
           5           3   26.446387990713106     
           5           4   38.113748912918822     
           5           5   41.641325627314025     
           5           6   31.349458583154263     
           5           1   37.152733307085185     
           5           2   40.762900182030620     
           5           3   30.173642345363955     
           5           4   34.117929731831310     
           5           5   38.013155617496423     
           5           6   26.346869126394328     
           5           1   46.576478681026217     
           5           2   49.507823987632975     
           5           3   41.224821976772041     
           5           4   38.123593773086725     
           5           5   41.641325627314025     
           5           6   31.361225614918123     
           5           1   59.467731926321044     
           5           2   61.793488659653320     
           5           3   55.376197067396689     
           5           4   48.174512713306143     
           5           5   51.000000000000000     
           5           6   43.022034254277692     
           5           1   41.711482175476824     
           5           2   39.087115111095756     
           5           3   52.642030997174970     
           5           4   50.228256572624801     
           5           5   48.083261120685229     
           5           6   59.617183991198793     
           5           1   37.052537287098353     
           5           2   34.076578062480181     
           5           3   49.032853089924686     
           5           4   40.697088732667162     
           5           5   38.013155617496423     
           5           6   51.841851687096366     
           5           1   39.798659444113277     
           5           2   37.048937598648649     
           5           3   51.139592653527693     
           5           4   36.981458926112460     
           5           5   34.000000000000000     
           5           6   48.979041902157931     
           5           1   48.713202190835290     
           5           2   46.497681468314276     
           5           3   58.346338286128542     
           5           4   40.706308814395115     
           5           5   38.013155617496423     
           5           6   51.848968214997193     
           5           1   61.155693453855079     
           5           2   59.409132182426909     
           5           3   69.074832218616038     
           5           4   50.243197054746219     
           5           5   48.083261120685229     
           5           6   59.629560322597008     
           5           1   29.564365847385087     
           5           2   25.706027253060977     
           5           3   37.355092164084830     
           5           4   40.707316924729334     
           5           5   38.013155617496423     
           5           6   46.673694048214237     
           5           1   22.518758893303218     
           5           2   17.152563711450522     
           5           3   32.069302537128536     
           5           4   28.115136923008450     
           5           5   24.041630560342615     
           5           6   36.218816593212367     
           5           1   26.798083443250484     
           5           2   22.486018914330415     
           5           3   35.206212801840600     
           5           4   22.401700765537232     
           5           5   17.000000000000000     
           5           6   31.987054173824788     
           5           1   38.822416853772879     
           5           2   35.986548200068874     
           5           3   45.039035008302420     
           5           4   28.128481476571565     
           5           5   24.041630560342615     
           5           6   36.229002111921986     
           5           1   53.611778785121480     
           5           2   51.598859058085154     
           5           3   58.271364572229629     
           5           4   40.725750369600163     
           5           5   38.013155617496423     
           5           6   46.689501532272701     
           5           1   24.212717952368305     
           5           2   19.282041037249595     
           5           3   24.446316566448488     
           5           4   37.003966599477998     
           5           5   34.000000000000000     
           5           6   37.157217403516206     
           5           1   14.808730019067516     
           5           2   2.2820410387267560     
           5           3   15.187483277278700     
           5           4   22.420276918103429     
           5           5   17.000000000000000     
           5           6   22.672180408567115     
           5           1   20.744668204488701     
           5           2   14.717958963208481     
           5           3   21.016586376674653     
           5           4   14.630245728407973     
           5           5   0.0000000000000000     
           5           6   15.013218302051714     
           5           1   34.919679738666233     
           5           2   31.717958963069240     
           5           3   35.081820898562732     
           5           4   22.437008781536768     
           5           5   17.000000000000000     
           5           6   22.688448230134792     
           5           1   50.856924869556458     
           5           2   48.717958963027186     
           5           3   50.968337349666797     
           5           4   37.024243895749116     
           5           5   34.000000000000000     
           5           6   37.177071460753240     
           5           1   29.605061954399741     
           5           2   25.705921029779134     
           5           3   19.438155178585120     
           5           4   40.736978741436040     
           5           5   38.013155617496423     
           5           6   34.071746275147490     
           5           1   22.572161337819203     
           5           2   17.152404517428362     
           5           3   3.2983528279069754     
           5           4   28.158066516885881     
           5           5   24.041630560342615     
           5           6   17.153799973897133     
           5           1   26.842973784534994     
           5           2   22.485897479748338     
           5           3   14.896858259645500     
           5           4   22.455555725889486     
           5           5   17.000000000000000     
           5           6   2.3710362399000573     
           5           1   38.853417040640402     
           5           2   35.986472322388146     
           5           3   31.795497175521170     
           5           4   28.171390735064652     
           5           5   24.041630560342615     
           5           6   17.175295402331965     
           5           1   53.634231511886313     
           5           2   51.598806138807753     
           5           3   48.764648007231443     
           5           4   40.755398770430944     
           5           5   38.013155617496423     
           5           6   34.093397182794973     
           5           1   41.769171358871311     
           5           2   39.086975393554120     
           5           3   27.130450785537960     
           5           4   50.276329717523531     
           5           5   48.083261120685229     
           5           6   38.975748656105189     
           5           1   37.117468261499852     
           5           2   34.076417801121067     
           5           3   19.211939372616801     
           5           4   40.756405666524344     
           5           5   38.013155617496423     
           5           6   25.543647793734007     
           5           1   39.859117203974073     
           5           2   37.048790194779862     
           5           3   24.086009820800747     
           5           4   37.046725575190266     
           5           5   34.000000000000000     
           5           6   19.074771346382587     
           5           1   48.762608609638953     
           5           2   46.497564018312531     
           5           3   37.002339435748063     
           5           4   40.765612332364327     
           5           5   38.013155617496423     
           5           6   25.558087980583061     
           5           1   61.195055131550681     
           5           2   59.409040258005589     
           5           3   52.308798288136224     
           5           4   50.291255918119333     
           5           5   48.083261120685229     
           5           6   38.994676822993050     
           5           1   50.262027191189432     
           5           2   42.623953258170161     
           5           3   54.944249964935366     
           5           4   57.526554781098305     
           5           5   51.000000000000000     
           5           6   61.659533052025928     
           5           1   46.468421013679375     
           5           2   38.081649072682374     
           5           3   51.496678134030219     
           5           4   49.423473956935304     
           5           5   41.641325627314025     
           5           6   54.178104207330144     
           5           1   48.686311481167394     
           5           2   40.763005296901085     
           5           3   53.506495993201732     
           5           4   46.411798618034837     
           5           5   38.013155617496423     
           5           6   51.445465638934309     
           5           1   56.208537605758302     
           5           2   49.507910535342141     
           5           3   60.431633836105398     
           5           4   49.431066384918083     
           5           5   41.641325627314025     
           5           6   54.184913897811228     
           5           1   67.278841205200891     
           5           2   61.793558000132165     
           5           3   70.845039506882387     
           5           4   57.539600250082870     
           5           5   51.000000000000000     
           5           6   61.671499523034655     
           5           1   40.748930784141741     
           5           2   30.818803688361076     
           5           3   40.535047641381176     
           5           4   49.431896563531048     
           5           5   41.641325627314025     
           5           6   49.255691095138815     
           5           1   35.965513122816247     
           5           2   24.149725992689724     
           5           3   35.722924599193277     
           5           4   39.710044961656621     
           5           5   29.444863728670914     
           5           6   39.490404715148003     
           5           1   38.788669844738948     
           5           2   28.189002647526387     
           5           3   38.563773110916600     
           5           4   35.892380024817925     
           5           5   24.041630560342615     
           5           6   35.649137771797925     
           5           1   47.891582584634364     
           5           2   39.799880339047569     
           5           3   47.709557231029301     
           5           4   39.719494166405326     
           5           5   29.444863728670914     
           5           6   39.499746621707281     
           5           1   60.503276412088184     
           5           2   54.327167050590454     
           5           3   60.359250374830431     
           5           4   49.447077667181354     
           5           5   41.641325627314025     
           5           6   49.270670205361753     
           5           1   37.049687484966498     
           5           2   25.705951260531130     
           5           3   29.074207992115333     
           5           4   46.429734984733230     
           5           5   38.013155617496423     
           5           6   40.352796610961121     
           5           1   31.713122155826539     
           5           2   17.152449823540007     
           5           3   21.871141373951875     
           5           4   35.903976990602573     
           5           5   24.041630560342615     
           5           6   27.599223786766942     
           5           1   34.882157201169044     
           5           2   22.485932039595632     
           5           3   26.256124611792885     
           5           4   31.630220307972518     
           5           5   16.999999999999996     
           5           6   21.750542819398518     
           5           1   44.786244150897076     
           5           2   35.986493916878992     
           5           3   38.450244918083449     
           5           4   35.914427598390532     
           5           5   24.041630560342615     
           5           6   27.612589017419836     
           5           1   58.076246773362129     
           5           2   51.598821199421067     
           5           3   53.342840090224001     
           5           4   46.445897372202779     
           5           5   38.013155617496423     
           5           6   40.371079147718866     
           5           1   40.778466442677704     
           5           2   30.818715087359916     
           5           3   25.010578830737302     
           5           4   49.456326022436095     
           5           5   41.641325627314025     
           5           6   37.530964328024595     
           5           1   35.998973590274552     
           5           2   24.149612923939824     
           5           3   16.079997141763780     
           5           4   39.740451137683969     
           5           5   29.444863728670914     
           5           6   23.279652976320353     
           5           1   38.819696980913925     
           5           2   28.188905780756677     
           5           3   21.670338315534849     
           5           4   35.926017447190070     
           5           5   24.041630560342615     
           5           6   15.915753265376640     
           5           1   47.916715745412588     
           5           2   39.799811731421954     
           5           3   35.477328215923251     
           5           4   39.749893114384143     
           5           5   29.444863728670914     
           5           6   23.295496588628311     
           5           1   60.523172603254729     
           5           2   54.327116788919412     
           5           3   51.241370707378138     
           5           4   49.471499629525297     
           5           5   41.641325627314025     
           5           6   37.550620775391188     
           5           1   50.309912622658175     
           5           2   42.623825134106973     
           5           3   31.364765845264436     
           5           4   57.568533736082053     
           5           5   51.000000000000000     
           5           6   42.033300756154198     
           5           1   46.520211545479818     
           5           2   38.081505666178501     
           5           3   24.835172460824044     
           5           4   49.472329129641508     
           5           5   41.641325627314025     
           5           6   30.002788733112126     
           5           1   48.735745160743022     
           5           2   40.762871323588591     
           5           3   28.771914183618016     
           5           4   46.463820575806444     
           5           5   38.013155617496423     
           5           6   24.729259816464506     
           5           1   56.251361143616599     
           5           2   49.507800226668287     
           5           3   40.210201447146297     
           5           4   49.479914061060093     
           5           5   41.641325627314025     
           5           6   30.015083714303582     
           5           1   67.314622517297622     
           5           2   61.793469622800373     
           5           3   54.625063432921451     
           5           4   57.581569694469515     
           5           5   51.000000000000000     
           5           6   42.050852662973419     
           5           1   62.375435946056612     
           5           2   51.805407198489412     
           5           3   62.004498069987385     
           5           4   68.364693019423271     
           5           5   58.889727457341827     
           5           6   68.026372866317843     
           5           1   59.361079703769747     
           5           2   48.137416006071149     
           5           3   58.971137309209794     
           5           4   61.701754631688878     
           5           5   51.000000000000000     
           5           6   61.326636665104601     
           5           1   61.112851003156422     
           5           2   50.285399714845767     
           5           3   60.734111421607892     
           5           4   59.316791868899131     
           5           5   48.083261120685229     
           5           6   58.926439939641682     
           5           1   67.259373561390603     
           5           2   57.602361316373710     
           5           3   66.915390941119725     
           5           4   61.707836379243247     
           5           5   51.000000000000000     
           5           6   61.332652667780842     
           5           1   76.751977863813920     
           5           2   68.450293161989620     
           5           3   76.450682138444620     
           5           4   68.375670699427971     
           5           5   58.889727457341827     
           5           6   68.037219538816331     
           5           1   54.999081739093789     
           5           2   42.623907427972426     
           5           3   49.686791645172775     
           5           4   61.708501395876645     
           5           5   51.000000000000000     
           5           6   57.024665666824951     
           5           1   51.555230251451817     
           5           2   38.081597775941837     
           5           3   45.845550696020837     
           5           4   54.233886247567284     
           5           5   41.641325627314025     
           5           6   48.838319521863269     
           5           1   53.562902651153117     
           5           2   40.762957374421134     
           5           3   48.092117579204427     
           5           4   51.504268662929547     
           5           5   38.013155617496423     
           5           6   45.788103400622056     
           5           1   60.481627909255209     
           5           2   49.507871077729952     
           5           3   55.694605015949520     
           5           4   54.240805335949652     
           5           5   41.641325627314025     
           5           6   48.845873646936681     
           5           1   70.887728759569470     
           5           2   61.793526387392603     
           5           3   66.850028291042904     
           5           4   61.720662962103241     
           5           5   51.000000000000000     
           5           6   57.037604539802949     
           5           1   52.317329584244149     
           5           2   39.087015156640277     
           5           3   40.877827083524785     
           5           4   59.330827041343682     
           5           5   48.083261120685229     
           5           6   49.538243645480847     
           5           1   48.684142684894034     
           5           2   34.076463410918720     
           5           3   36.111410962480534     
           5           4   51.512351047093517     
           5           5   38.013155617496423     
           5           6   39.842270803575815     
           5           1   50.805398562552526     
           5           2   37.048832145371847     
           5           3   38.923916251217136     
           5           4   48.630212660322130     
           5           5   34.000000000000000     
           5           6   36.038528023379591     
           5           1   58.053693226499441     
           5           2   46.497597444128161     
           5           3   48.001130309216386     
           5           4   51.519635639019356     
           5           5   38.013155617496423     
           5           6   39.851530226559206     
           5           1   68.827858250661848     
           5           2   59.409066419330728     
           5           3   60.589980736034057     
           5           4   59.343475878705242     
           5           5   48.083261120685229     
           5           6   49.553137344721257     
           5           1   55.020968343980797     
           5           2   42.623843365920095     
           5           3   38.094832066177879     
           5           4   61.728072465408857     
           5           5   51.000000000000000     
           5           6   47.267987819928216     
           5           1   51.578578224356185     
           5           2   38.081526072660822     
           5           3   32.928004567250973     
           5           4   54.256153598314768     
           5           5   41.641325627314025     
           5           6   36.981503915489007     
           5           1   53.585375857436354     
           5           2   40.762890387741173     
           5           3   35.990147810359261     
           5           4   51.527715612795056     
           5           5   38.013155617496423     
           5           6   32.848144409658438     
           5           1   60.501531219626301     
           5           2   49.507815923379788     
           5           3   45.654441120685220     
           5           4   54.263069847385538     
           5           5   41.641325627314025     
           5           6   36.991479430596186     
           5           1   70.904711085061962     
           5           2   61.793482198719900     
           5           3   58.748321241314805     
           5           4   61.740230176533998     
           5           5   51.000000000000000     
           5           6   47.283596624735175     
           5           1   62.414028392599732     
           5           2   51.805301781859690     
           5           3   42.537462468159006     
           5           4   68.400020637275361     
           5           5   58.889727457341827     
           5           6   50.916478291519148     
           5           1   59.401630569614326     
           5           2   48.137302556850962     
           5           3   37.979902157070420     
           5           4   61.740894844250946     
           5           5   51.000000000000000     
           5           6   41.543431742180225     
           5           1   61.152240257129023     
           5           2   50.285291111716411     
           5           3   40.663376919425282     
           5           4   59.357504741675349     
           5           5   48.083261120685229     
           5           6   37.910759425572493     
           5           1   67.295165224571107     
           5           2   57.602266508622051     
           5           3   49.422135497384723     
           5           4   61.746972736703214     
           5           5   51.000000000000000     
           5           6   41.552312084047500     
           5           1   76.783344787388742     
           5           2   68.450213379291796     
           5           3   61.721833509321982     
           5           4   68.410992648377260     
           5           5   58.889727457341827     
           5           6   50.930968956387687     
           6           1   32.607611913985217     
           6           2   42.537590441621255     
           6           3   51.813658194109529     
           6           4   42.972116073698452     
           6           5   50.930968956387687     
           6           6   58.889727457341827     
           6           1   26.380488425412405     
           6           2   37.980103291235501     
           6           3   48.138586090372186     
           6           4   31.298707218256236     
           6           5   41.552312084047500     
           6           6   50.999999999999993     
           6           1   30.109865233733025     
           6           2   40.663618769690522     
           6           3   50.279138478143544     
           6           4   26.279562158012396     
           6           5   37.910759425572493     
           6           6   48.083261120685229     
           6           1   41.173751337761438     
           6           2   49.422378907540832     
           6           3   57.590451130621425     
           6           4   31.298908941040573     
           6           5   41.543431742180225     
           6           6   50.999999999999993     
           6           1   55.334904120763220     
           6           2   61.722063982941677     
           6           3   68.434847532179504     
           6           4   42.972409922905896     
           6           5   50.916478291519155     
           6           6   58.889727457341827     
           6           1   26.575086986689634     
           6           2   38.094865545638996     
           6           3   42.633901644933893     
           6           4   38.595149483717286     
           6           5   47.283596624735175     
           6           6   50.999999999999993     
           6           1   18.409482968849716     
           6           2   32.928109972698444     
           6           3   38.083039069828146     
           6           4   24.951791065035678     
           6           5   36.991479430596186     
           6           6   41.641325627314025     
           6           1   23.443184041648749     
           6           2   35.990305247495911     
           6           3   40.755197952141238     
           6           4   18.264670570144609     
           6           5   32.848144409658438     
           6           6   38.013155617496416     
           6           1   36.582190924558653     
           6           2   45.654613318280788     
           6           3   49.493984032833495     
           6           4   24.952044099003572     
           6           5   36.981503915489007     
           6           6   41.641325627314025     
           6           1   52.008946419545055     
           6           2   58.748492428959835     
           6           3   61.776393151158778     
           6           4   38.595476657262964     
           6           5   47.267987819928223     
           6           6   50.999999999999993     
           6           1   30.450191164706514     
           6           2   40.877756314425064     
           6           3   39.097876713240836     
           6           4   41.359017970565404     
           6           5   49.553137344721257     
           6           6   48.083261120685229     
           6           1   23.661951669239322     
           6           2   36.111391647724233     
           6           3   34.078031909251159     
           6           4   29.044357131330415     
           6           5   39.851530226559206     
           6           6   38.013155617496416     
           6           1   27.758994427530411     
           6           2   38.923954734445182     
           6           3   37.040255859430836     
           6           4   23.549543410753767     
           6           5   36.038528023379591     
           6           6   33.999999999999993     
           6           1   39.487157234446634     
           6           2   48.001207251515524     
           6           3   46.482780139060758     
           6           4   29.044574511217899     
           6           5   39.842270803575815     
           6           6   38.013155617496416     
           6           1   54.091675896464494     
           6           2   60.590077925653432     
           6           3   59.391221108682558     
           6           4   41.359323280493847     
           6           5   49.538243645480847     
           6           6   48.083261120685229     
           6           1   41.547479292782860     
           6           2   49.686649531465925     
           6           3   42.633770153455380     
           6           4   50.095420662058736     
           6           5   57.037604539802942     
           6           6   50.999999999999993     
           6           1   36.862811211496975     
           6           2   45.845444562099431     
           6           3   38.082891865269673     
           6           4   40.528477457108274     
           6           5   48.845873646936681     
           6           6   41.641325627314025     
           6           1   39.617428806583526     
           6           2   48.092062053215621     
           6           3   40.755060399243469     
           6           4   36.790811334816276     
           6           5   45.788103400622056     
           6           6   38.013155617496416     
           6           1   48.561450555713030     
           6           2   55.694596488027017     
           6           3   49.493870766693362     
           6           4   40.528633240670210     
           6           5   48.838319521863269     
           6           6   41.641325627314025     
           6           1   61.031862948014357     
           6           2   66.850054026888870     
           6           3   61.776302404678638     
           6           4   50.095672727686470     
           6           5   57.024665666824959     
           6           6   50.999999999999993     
           6           1   55.706121110711614     
           6           2   62.004316962804516     
           6           3   51.813441803373237     
           6           4   62.342072271682561     
           6           5   68.037219538816331     
           6           6   58.889727457341827     
           6           1   52.305312770611714     
           6           2   58.970984114713033     
           6           3   48.138353179514837     
           6           4   54.950343846152620     
           6           5   61.332652667780842     
           6           6   50.999999999999993     
           6           1   54.281852942413117     
           6           2   60.733998821842341     
           6           3   50.278915483131357     
           6           4   52.254632354396250     
           6           5   58.926439939641682     
           6           6   48.083261120685229     
           6           1   61.116228398781374     
           6           2   66.915321551385787     
           6           3   57.590256445722019     
           6           4   54.950458743998013     
           6           5   61.326636665104601     
           6           6   50.999999999999993     
           6           1   71.427356023601050     
           6           2   76.450650119924845     
           6           3   68.434683697728786     
           6           4   62.342274821011621     
           6           5   68.026372866317857     
           6           6   58.889727457341827     
           6           1   27.110710017858032     
           6           2   31.364885382738212     
           6           3   42.633941443459769     
           6           4   38.965884018654869     
           6           5   42.050852662973412     
           6           6   51.000000000000000     
           6           1   19.174577244430580     
           6           2   24.835411824773807     
           6           3   38.083083624209273     
           6           4   25.521489592850468     
           6           5   30.015083714303582     
           6           6   41.641325627314025     
           6           1   24.048663732791514     
           6           2   28.772197099629434     
           6           3   40.755239585268995     
           6           4   19.035565258764631     
           6           5   24.729259816464502     
           6           6   38.013155617496423     
           6           1   36.973125945247432     
           6           2   40.210458482510916     
           6           3   49.494018315113969     
           6           4   25.521736978571798     
           6           5   30.002788733112123     
           6           6   41.641325627314025     
           6           1   52.284661775642917     
           6           2   54.625292830405428     
           6           3   61.776420617424876     
           6           4   38.966208079387336     
           6           5   42.033300756154205     
           6           6   51.000000000000000     
           6           1   19.441437480017722     
           6           2   25.010562077520571     
           6           3   30.832569743993751     
           6           4   34.078188349358186     
           6           5   37.550620775391174     
           6           6   41.641325627314025     
           6           1   3.2624080247088645     
           6           2   16.080107613673476     
           6           3   24.151928542921766     
           6           4   17.156026196559740     
           6           5   23.295496588628311     
           6           6   29.444863728670917     
           6           1   14.876730855599011     
           6           2   21.670521597348074     
           6           3   28.177720767772531     
           6           4   2.3098806332268111     
           6           5   15.915753265376638     
           6           6   24.041630560342618     
           6           1   31.780354557181681     
           6           2   35.477502050383123     
           6           3   39.782562046589199     
           6           4   17.156394208063318     
           6           5   23.279652976320353     
           6           6   29.444863728670917     
           6           1   48.751048712929503     
           6           2   51.241533907258749     
           6           3   54.307647143978535     
           6           4   34.078558888327130     
           6           5   37.530964328024595     
           6           6   41.641325627314025     
           6           1   24.473422010550298     
           6           2   29.074050213114703     
           6           3   25.722397847637026     
           6           4   37.179372304994629     
           6           5   40.371079147718859     
           6           6   38.013155617496423     
           6           1   15.219139257419739     
           6           2   21.871032011053448     
           6           3   17.155466952440616     
           6           4   22.700485428204253     
           6           5   27.612589017419833     
           6           6   24.041630560342618     
           6           1   21.030834851878364     
           6           2   26.256117128439502     
           6           3   22.471723157791935     
           6           4   15.043880894198340     
           6           5   21.750542819398515     
           6           6   17.000000000000004     
           6           1   35.085179626121743     
           6           2   38.450296905175435     
           6           3   35.967299551184027     
           6           4   22.700763556355060     
           6           5   27.599223786766942     
           6           6   24.041630560342618     
           6           1   50.967083929017114     
           6           2   53.342918719638433     
           6           3   51.578240880518237     
           6           4   37.179711937080008     
           6           5   40.352796610961128     
           6           6   38.013155617496423     
           6           1   37.388865702552913     
           6           2   40.534831640897686     
           6           3   30.832387923188904     
           6           4   46.704266708861525     
           6           5   49.270670205361746     
           6           6   41.641325627314025     
           6           1   32.102976394000983     
           6           2   35.722740958522898     
           6           3   24.151696428411924     
           6           4   36.253204582425305     
           6           5   39.499746621707281     
           6           6   29.444863728670917     
           6           1   35.231731552451848     
           6           2   38.563659927755026     
           6           3   28.177521816056242     
           6           4   32.020324111068824     
           6           5   35.649137771797925     
           6           6   24.041630560342618     
           6           1   45.054952258484064     
           6           2   47.709511760836001     
           6           3   39.782421130676369     
           6           4   36.253378737168866     
           6           5   39.490404715147996     
           6           6   29.444863728670917     
           6           1   58.280550253446684     
           6           2   60.359250806244752     
           6           3   54.307543917421320     
           6           4   46.704537076640840     
           6           5   49.255691095138815     
           6           6   41.641325627314025     
           6           1   52.677378182105713     
           6           2   54.944014746986994     
           6           3   42.633678460342679     
           6           4   59.651247536254772     
           6           5   61.671499523034647     
           6           6   51.000000000000000     
           6           1   49.067096785634604     
           6           2   51.496469800860467     
           6           3   38.082789214867752     
           6           4   51.877525445169923     
           6           5   54.184913897811228     
           6           6   41.641325627314025     
           6           1   51.168875322808113     
           6           2   53.506336516199127     
           6           3   40.754964479290223     
           6           4   49.013099881531311     
           6           5   51.445465638934309     
           6           6   38.013155617496423     
           6           1   58.368892542443596     
           6           2   60.431528963104626     
           6           3   49.493791782731378     
           6           4   51.877647148648492     
           6           5   54.178104207330144     
           6           6   41.641325627314025     
           6           1   69.091254377537354     
           6           2   70.844981037843198     
           6           3   61.776239124411973     
           6           4   59.651459222406196     
           6           5   61.659533052025928     
           6           6   51.000000000000000     
           6           1   31.380325693206327     
           6           2   27.130526525769863     
           6           3   39.097963509020488     
           6           4   42.048513348977181     
           6           5   38.994676822993043     
           6           6   48.083261120685229     
           6           1   24.847508032838064     
           6           2   19.212160602059093     
           6           3   34.078131490398029     
           6           4   30.018057707683628     
           6           5   25.558087980583061     
           6           6   38.013155617496423     
           6           1   28.776248370352224     
           6           2   24.086277429962504     
           6           3   37.040347476785612     
           6           4   24.740454769962025     
           6           5   19.074771346382587     
           6           6   34.000000000000000     
           6           1   40.208783680962618     
           6           2   37.002572962794503     
           6           3   46.482853145274746     
           6           4   30.018268036434897     
           6           5   25.543647793734007     
           6           6   38.013155617496423     
           6           1   54.620692964596230     
           6           2   52.309005451267566     
           6           3   59.391278247309501     
           6           4   42.048813652586688     
           6           5   38.975748656105196     
           6           6   48.083261120685229     
           6           1   25.054016329298484     
           6           2   19.438046453455836     
           6           3   25.722463812134720     
           6           4   37.564082295168369     
           6           5   34.093397182794966     
           6           6   38.013155617496423     
           6           1   16.136218548935247     
           6           2   3.2983776861536840     
           6           3   17.155565857491865     
           6           4   23.325235097655366     
           6           5   17.175295402331965     
           6           6   24.041630560342615     
           6           1   21.703717743493829     
           6           2   14.897011136275832     
           6           3   22.471798664434960     
           6           4   15.971002036303359     
           6           5   2.3710362399000577     
           6           6   17.000000000000000     
           6           1   35.492607381249066     
           6           2   31.795637849053062     
           6           3   35.967346726427586     
           6           4   23.325505776431051     
           6           5   17.153799973897133     
           6           6   24.041630560342615     
           6           1   51.248404790293158     
           6           2   48.764784749467978     
           6           3   51.578273777465846     
           6           4   37.564418448966173     
           6           5   34.071746275147497     
           6           6   38.013155617496423     
           6           1   29.132157967541726     
           6           2   24.446059606568742     
           6           3   19.303873667750299     
           6           4   40.398552975289249     
           6           5   37.177071460753240     
           6           6   34.000000000000000     
           6           1   21.939836888091303     
           6           2   15.187214218602485     
           6           3   2.3038736737555086     
           6           4   27.659526318792292     
           6           5   22.688448230134792     
           6           6   17.000000000000000     
           6           1   26.306467978546621     
           6           2   21.016496405336717     
           6           3   14.696126334132538     
           6           4   21.818700920601930     
           6           5   15.013218302051714     
           6           6   0.0000000000000000     
           6           1   38.479917779752931     
           6           2   35.081829578705566     
           6           3   31.696126333559185     
           6           4   27.659754582161206     
           6           5   22.672180408567115     
           6           6   17.000000000000000     
           6           1   53.360827272136554     
           6           2   50.968386398071793     
           6           3   48.696126333386147     
           6           4   40.398865543825607     
           6           5   37.157217403516213     
           6           6   34.000000000000000     
           6           1   40.591397136127931     
           6           2   37.354812416195010     
           6           3   25.722245869953625     
           6           4   49.305434652949984     
           6           5   46.689501532272693     
           6           6   38.013155617496423     
           6           1   35.781773800261796     
           6           2   32.069045138309413     
           6           3   17.155239080773743     
           6           4   39.547846970461400     
           6           5   36.229002111921986     
           6           6   24.041630560342615     
           6           1   38.613587648952645     
           6           2   35.206040696402312     
           6           3   22.471549195430807     
           6           4   35.707681438056788     
           6           5   31.987054173824788     
           6           6   17.000000000000000     
           6           1   47.746025656106660     
           6           2   45.038949221207922     
           6           3   35.967190862879839     
           6           4   39.548006616825297     
           6           5   36.218816593212367     
           6           6   24.041630560342615     
           6           1   60.385070843577239     
           6           2   58.271335941304400     
           6           3   51.578165088445978     
           6           4   49.305690757225669     
           6           5   46.673694048214244     
           6           6   38.013155617496423     
           6           1   54.996730949029185     
           6           2   52.641753304865539     
           6           3   39.097676741824813     
           6           4   61.709064894352359     
           6           5   59.629560322597001     
           6           6   48.083261120685229     
           6           1   51.549143832949852     
           6           2   49.032599731649263     
           6           3   34.077802480975642     
           6           4   54.231125784166629     
           6           5   51.848968214997193     
           6           6   38.013155617496423     
           6           1   53.553599736529371     
           6           2   51.139392662388360     
           6           3   37.040044779353998     
           6           4   51.497779733701286     
           6           5   48.979041902157931     
           6           6   34.000000000000000     
           6           1   60.470338675838796     
           6           2   58.346200624477255     
           6           3   46.482611938021620     
           6           4   54.231242205794324     
           6           5   51.841851687096366     
           6           6   38.013155617496423     
           6           1   70.875494173944858     
           6           2   69.074747721186498     
           6           3   59.391089465549207     
           6           4   61.709269521411763     
           6           5   59.617183991198800     
           6           6   48.083261120685229     
           6           1   42.572985372780970     
           6           2   32.655396247154904     
           6           3   42.633889549289769     
           6           4   50.949139662637698     
           6           5   43.022034254277685     
           6           6   51.000000000000000     
           6           1   38.014903635038578     
           6           2   26.446484633926456     
           6           3   38.083025528773305     
           6           4   41.579095060446832     
           6           5   31.361225614918119     
           6           6   41.641325627314025     
           6           1   40.691604947599650     
           6           2   30.173799809210603     
           6           3   40.755185298920672     
           6           4   37.945058436223107     
           6           5   26.346869126394324     
           6           6   38.013155617496423     
           6           1   49.441688159303006     
           6           2   41.224990483444962     
           6           3   49.493973613698870     
           6           4   41.579246907695413     
           6           5   31.349458583154259     
           6           6   41.641325627314025     
           6           1   61.734547401532069     
           6           2   55.376362157457912     
           6           3   61.776384803561299     
           6           4   50.949387504599216     
           6           5   43.004878724982568     
           6           6   51.000000000000000     
           6           1   38.150202845700207     
           6           2   26.611033133268307     
           6           3   30.832497986944261     
           6           4   47.315934273583061     
           6           5   38.635092109510801     
           6           6   41.641325627314025     
           6           1   32.986539557800228     
           6           2   18.471294753040819     
           6           3   24.151836937158265     
           6           4   37.037871832284637     
           6           5   25.006026933600179     
           6           6   29.444863728670914     
           6           1   36.038668216633177     
           6           2   23.499582449216472     
           6           3   28.177642249898099     
           6           4   32.906082470380092     
           6           5   18.328459392362781     
           6           6   24.041630560342615     
           6           1   45.688723134476113     
           6           2   36.623380793167257     
           6           3   39.782506432946164     
           6           4   37.038042297483386     
           6           5   24.991267762781568     
           6           6   29.444863728670914     
           6           1   58.771874536116847     
           6           2   52.041461030174219     
           6           3   54.307606404734528     
           6           4   47.316201146255175     
           6           5   38.615987687544639     
           6           6   41.641325627314025     
           6           1   40.944070031997576     
           6           2   30.461767262933197     
           6           3   25.722311834841069     
           6           4   49.596173642742855     
           6           5   41.381701913339967     
           6           6   38.013155617496423     
           6           1   36.181358261062691     
           6           2   23.684613364269179     
           6           3   17.155337987138736     
           6           4   39.909732568432638     
           6           5   29.070195973506589     
           6           6   24.041630560342615     
           6           1   38.984157044184194     
           6           2   27.784933968766740     
           6           3   22.471624702658360     
           6           4   36.108074822212899     
           6           5   23.573445540090923     
           6           6   17.000000000000000     
           6           1   48.046210207214706     
           6           2   39.510051899264027     
           6           3   35.967238038265961     
           6           4   39.909890767192508     
           6           5   29.057501188594770     
           6           6   24.041630560342615     
           6           1   60.622703091384082     
           6           2   54.111790272697007     
           6           3   51.578197985441932     
           6           4   49.596428245710889     
           6           5   41.363866067121201     
           6           6   38.013155617496423     
           6           1   49.753349278236257     
           6           2   41.541442501943934     
           6           3   30.832316165716257     
           6           4   57.085578247226074     
           6           5   50.102097402989685     
           6           6   41.641325627314025     
           6           1   45.913718856485787     
           6           2   36.860996874421659     
           6           3   24.151604821768025     
           6           4   48.905721112185660     
           6           5   40.532100918558612     
           6           6   29.444863728670914     
           6           1   48.153332117961114     
           6           2   39.620382835226778     
           6           3   28.177443297627423     
           6           4   45.856034185105827     
           6           5   36.789702982842549     
           6           6   24.041630560342615     
           6           1   55.744212335388795     
           6           2   48.567647476934091     
           6           3   39.782365516836336     
           6           4   48.905850211077066     
           6           5   40.522997004902386     
           6           6   29.444863728670914     
           6           1   66.888646448580189     
           6           2   61.039806903999555     
           6           3   54.307503178099878     
           6           4   57.085799447419660     
           6           5   50.087366939707280     
           6           6   41.641325627314025     
           6           1   62.067500819826975     
           6           2   55.690785822284091     
           6           3   42.633626565852580     
           6           4   68.086313218144227     
           6           5   62.337750000403503     
           6           6   51.000000000000000     
           6           1   59.034299122200721     
           6           2   52.292497271954112     
           6           3   38.082731118982672     
           6           4   61.390165021133086     
           6           5   54.942025042824554     
           6           6   41.641325627314025     
           6           1   60.792452555228564     
           6           2   54.272893016414166     
           6           3   40.754910192575458     
           6           4   58.989479358650591     
           6           5   52.242292795204868     
           6           6   38.013155617496423     
           6           1   66.965633742315632     
           6           2   61.111280151907692     
           6           3   49.493747081111685     
           6           4   61.390267866229230     
           6           5   54.935309202674638     
           6           6   41.641325627314025     
           6           1   76.492286652578315     
           6           2   71.425697107124947     
           6           3   61.776203310443186     
           6           4   68.086498679033923     
           6           5   62.325911448506091     
           6           6   51.000000000000000     
           6           1   56.729122384277552     
           6           2   44.437420475899543     
           6           3   51.813572793712858     
           6           4   63.257823151502869     
           6           5   52.528145238746198     
           6           6   58.889727457341827     
           6           1   53.393512165061651     
           6           2   40.096458496801255     
           6           3   48.138494170191301     
           6           4   55.987128016621142     
           6           5   43.495253567675277     
           6           6   51.000000000000000     
           6           1   55.331193337491229     
           6           2   42.647011963553965     
           6           3   50.279050471321575     
           6           4   53.343835794140603     
           6           5   40.030839656568816     
           6           6   48.083261120685229     
           6           1   62.050098879704301     
           6           2   51.066713961770873     
           6           3   57.590374296594582     
           6           4   55.987240786762733     
           6           5   43.486769991613272     
           6           6   51.000000000000000     
           6           1   72.228031856138287     
           6           2   63.046418774480230     
           6           3   68.434782873521428     
           6           4   63.258022768639080     
           6           5   52.514095298281873     
           6           6   58.889727457341827     
           6           1   53.489926342325333     
           6           2   40.205180249727782     
           6           3   42.633797856433851     
           6           4   60.369984211409914     
           6           5   48.999805644073284     
           6           6   51.000000000000000     
           6           1   49.938422431406828     
           6           2   35.348241319009219     
           6           3   38.082922878731672     
           6           4   52.702384266450352     
           6           5   39.161358427032511     
           6           6   41.641325627314025     
           6           1   52.004998315237771     
           6           2   38.217009430104810     
           6           3   40.755089379261385     
           6           4   49.885344752254703     
           6           5   35.273829315004399     
           6           6   38.013155617496423     
           6           1   59.103245804254527     
           6           2   47.429752847917406     
           6           3   49.493894629901014     
           6           4   52.702504065120266     
           6           5   39.151935778932028     
           6           6   41.641325627314025     
           6           1   69.712749762352487     
           6           2   60.138366295139235     
           6           3   61.776321523379039     
           6           4   60.370193377334232     
           6           5   48.984743705884298     
           6           6   51.000000000000000     
           6           1   55.517124508789536     
           6           2   42.851239180148639     
           6           3   39.097763538048405     
           6           4   62.173288456578767     
           6           5   51.193318549309708     
           6           6   48.083261120685229     
           6           1   52.103981887708798     
           6           2   38.331062399940279     
           6           3   34.077902062792937     
           6           4   54.758781133144872     
           6           5   41.873463013997913     
           6           6   38.013155617496423     
           6           1   54.087879819650290     
           6           2   40.991608777186642     
           6           3   37.040136397230874     
           6           4   52.053149999499311     
           6           5   38.262487444992452     
           6           6   34.000000000000000     
           6           1   60.944011668212163     
           6           2   49.692591355007181     
           6           3   46.482684944499788     
           6           4   54.758896432936702     
           6           5   41.864650794814459     
           6           6   38.013155617496423     
           6           1   71.280055927625554     
           6           2   61.938641258987460     
           6           3   59.391146604302797     
           6           4   62.173491555773182     
           6           5   51.178902165495039     
           6           6   48.083261120685229     
           6           1   62.298715936538287     
           6           2   51.322518251109919     
           6           3   42.633666364635239     
           6           4   68.297149291343203     
           6           5   58.468203110966549     
           6           6   51.000000000000000     
           6           1   59.277346618853784     
           6           2   47.613469996097962     
           6           3   38.082775673724072     
           6           4   61.623915122351100     
           6           5   50.509027071591788     
           6           6   41.641325627314025     
           6           1   61.028498564211645     
           6           2   49.780359284592656     
           6           3   40.754951825997175     
           6           4   59.232704046746377     
           6           5   47.558310066825818     
           6           6   38.013155617496423     
           6           1   67.179992943079640     
           6           2   57.158777243192844     
           6           3   49.493781363556273     
           6           4   61.624017577338762     
           6           5   50.501721724173926     
           6           6   41.641325627314025     
           6           1   76.680018692371718     
           6           2   68.074719693662701     
           6           3   61.776230776793682     
           6           4   68.297334179709154     
           6           5   58.455580895235776     
           6           6   51.000000000000000     
           6           1   72.512818873344997     
           6           2   63.322768890792474     
           6           3   51.813356402619895     
           6           4   77.726979904940933     
           6           5   69.240924935758770     
           6           6   58.889727457341827     
           6           1   69.934131264989531     
           6           2   60.355734652396741     
           6           3   48.138261258889202     
           6           4   71.933926062921117     
           6           5   62.665275285862535     
           6           6   51.000000000000000     
           6           1   71.424481311515549     
           6           2   62.079435813031793     
           6           3   50.278827475919059     
           6           4   69.896323454875045     
           6           5   60.312252215834945     
           6           6   48.083261120685229     
           6           1   76.747184609269411     
           6           2   68.138814168564338     
           6           3   57.590179611435431     
           6           4   71.934013833451743     
           6           5   62.659387230007610     
           6           6   51.000000000000000     
           6           1   85.186877864372562     
           6           2   77.523800485605406     
           6           3   68.434619038915912     
           6           4   77.727142362716108     
           6           5   69.230266854415603     
           6           6   58.889727457341827     
   1   4  2.3039
   2   5  2.2820
   3   6  2.3039
   4   1  2.3039
   5   2  2.2820
   6   3  2.3039
